1945:C 12 Feb 2025 06:23:04.240 # oO0OoO0OoO0Oo Redis is starting oO0OoO0OoO0Oo
1945:C 12 Feb 2025 06:23:04.240 # Redis version=5.0.7, bits=64, commit=00000000, modified=0, pid=1945, just started
1945:C 12 Feb 2025 06:23:04.240 # Configuration loaded
1945:M 12 Feb 2025 06:23:04.243 * Running mode=standalone, port=6379.
1945:M 12 Feb 2025 06:23:04.243 # Server initialized
1945:M 12 Feb 2025 06:23:04.243 # WARNING you have Transparent Huge Pages (THP) support enabled in your kernel. This will create latency and memory usage issues with Redis. To fix this issue run the command 'echo never > /sys/kernel/mm/transparent_hugepage/enabled' as root, and add it to your /etc/rc.local in order to retain the setting after a reboot. Redis must be restarted after THP is disabled.
1945:M 12 Feb 2025 06:23:04.244 * Ready to accept connections
1945:M 12 Feb 2025 06:23:32.776 * 1 changes in 15 seconds. Saving...
1945:M 12 Feb 2025 06:23:32.776 * Background saving started by pid 2856
2856:C 12 Feb 2025 06:23:32.778 * DB saved on disk
2856:C 12 Feb 2025 06:23:32.778 * RDB: 0 MB of memory used by copy-on-write
1945:M 12 Feb 2025 06:23:32.880 * Background saving terminated with success
1945:M 12 Feb 2025 06:23:48.070 * 1 changes in 15 seconds. Saving...
1945:M 12 Feb 2025 06:23:48.070 * Background saving started by pid 2899
2899:C 12 Feb 2025 06:23:48.072 * DB saved on disk
2899:C 12 Feb 2025 06:23:48.072 * RDB: 0 MB of memory used by copy-on-write
1945:M 12 Feb 2025 06:23:48.171 * Background saving terminated with success
1945:M 12 Feb 2025 08:17:42.181 * 1 changes in 15 seconds. Saving...
1945:M 12 Feb 2025 08:17:42.181 * Background saving started by pid 3023
3023:C 12 Feb 2025 08:17:42.185 * DB saved on disk
3023:C 12 Feb 2025 08:17:42.185 * RDB: 0 MB of memory used by copy-on-write
1945:M 12 Feb 2025 08:17:42.285 * Background saving terminated with success
1945:M 12 Feb 2025 08:18:42.160 * 1 changes in 15 seconds. Saving...
1945:M 12 Feb 2025 08:18:42.160 * Background saving started by pid 3067
3067:C 12 Feb 2025 08:18:42.164 * DB saved on disk
3067:C 12 Feb 2025 08:18:42.165 * RDB: 0 MB of memory used by copy-on-write
1945:M 12 Feb 2025 08:18:42.262 * Background saving terminated with success
1945:M 12 Feb 2025 08:45:44.552 * 1 changes in 15 seconds. Saving...
1945:M 12 Feb 2025 08:45:44.553 * Background saving started by pid 4176
4176:C 12 Feb 2025 08:45:44.555 * DB saved on disk
4176:C 12 Feb 2025 08:45:44.555 * RDB: 0 MB of memory used by copy-on-write
1945:M 12 Feb 2025 08:45:44.654 * Background saving terminated with success
1945:M 12 Feb 2025 08:46:00.024 * 1 changes in 15 seconds. Saving...
1945:M 12 Feb 2025 08:46:00.024 * Background saving started by pid 4189
4189:C 12 Feb 2025 08:46:00.026 * DB saved on disk
4189:C 12 Feb 2025 08:46:00.027 * RDB: 0 MB of memory used by copy-on-write
1945:M 12 Feb 2025 08:46:00.127 * Background saving terminated with success
1945:M 12 Feb 2025 09:18:03.402 * 1 changes in 15 seconds. Saving...
1945:M 12 Feb 2025 09:18:03.403 * Background saving started by pid 5487
5487:C 12 Feb 2025 09:18:03.405 * DB saved on disk
5487:C 12 Feb 2025 09:18:03.405 * RDB: 0 MB of memory used by copy-on-write
1945:M 12 Feb 2025 09:18:03.505 * Background saving terminated with success
1945:M 12 Feb 2025 09:18:19.014 * 1 changes in 15 seconds. Saving...
1945:M 12 Feb 2025 09:18:19.014 * Background saving started by pid 5500
5500:C 12 Feb 2025 09:18:19.017 * DB saved on disk
5500:C 12 Feb 2025 09:18:19.017 * RDB: 0 MB of memory used by copy-on-write
1945:M 12 Feb 2025 09:18:19.116 * Background saving terminated with success
1945:M 12 Feb 2025 09:20:53.432 * 1 changes in 15 seconds. Saving...
1945:M 12 Feb 2025 09:20:53.432 * Background saving started by pid 5607
5607:C 12 Feb 2025 09:20:53.434 * DB saved on disk
5607:C 12 Feb 2025 09:20:53.434 * RDB: 0 MB of memory used by copy-on-write
1945:M 12 Feb 2025 09:20:53.533 * Background saving terminated with success
1945:M 12 Feb 2025 09:21:53.415 * 1 changes in 15 seconds. Saving...
1945:M 12 Feb 2025 09:21:53.416 * Background saving started by pid 5653
5653:C 12 Feb 2025 09:21:53.418 * DB saved on disk
5653:C 12 Feb 2025 09:21:53.418 * RDB: 0 MB of memory used by copy-on-write
1945:M 12 Feb 2025 09:21:53.517 * Background saving terminated with success
1945:M 12 Feb 2025 09:56:25.030 * 1 changes in 15 seconds. Saving...
1945:M 12 Feb 2025 09:56:25.031 * Background saving started by pid 6770
6770:C 12 Feb 2025 09:56:25.033 * DB saved on disk
6770:C 12 Feb 2025 09:56:25.033 * RDB: 0 MB of memory used by copy-on-write
1945:M 12 Feb 2025 09:56:25.132 * Background saving terminated with success
1945:M 12 Feb 2025 09:56:41.055 * 1 changes in 15 seconds. Saving...
1945:M 12 Feb 2025 09:56:41.056 * Background saving started by pid 6783
6783:C 12 Feb 2025 09:56:41.070 * DB saved on disk
6783:C 12 Feb 2025 09:56:41.071 * RDB: 0 MB of memory used by copy-on-write
1945:M 12 Feb 2025 09:56:41.157 * Background saving terminated with success
1945:M 12 Feb 2025 14:04:27.242 * 1 changes in 15 seconds. Saving...
1945:M 12 Feb 2025 14:04:27.242 * Background saving started by pid 8088
8088:C 12 Feb 2025 14:04:27.244 * DB saved on disk
8088:C 12 Feb 2025 14:04:27.245 * RDB: 0 MB of memory used by copy-on-write
1945:M 12 Feb 2025 14:04:27.343 * Background saving terminated with success
1945:M 12 Feb 2025 14:04:43.016 * 1 changes in 15 seconds. Saving...
1945:M 12 Feb 2025 14:04:43.017 * Background saving started by pid 8101
8101:C 12 Feb 2025 14:04:43.022 * DB saved on disk
8101:C 12 Feb 2025 14:04:43.023 * RDB: 0 MB of memory used by copy-on-write
1945:M 12 Feb 2025 14:04:43.123 * Background saving terminated with success
1945:M 12 Feb 2025 14:07:17.133 * 1 changes in 15 seconds. Saving...
1945:M 12 Feb 2025 14:07:17.133 * Background saving started by pid 8213
8213:C 12 Feb 2025 14:07:17.135 * DB saved on disk
8213:C 12 Feb 2025 14:07:17.135 * RDB: 0 MB of memory used by copy-on-write
1945:M 12 Feb 2025 14:07:17.235 * Background saving terminated with success
1945:M 12 Feb 2025 14:08:17.208 * 1 changes in 15 seconds. Saving...
1945:M 12 Feb 2025 14:08:17.209 * Background saving started by pid 8257
8257:C 12 Feb 2025 14:08:17.211 * DB saved on disk
8257:C 12 Feb 2025 14:08:17.212 * RDB: 0 MB of memory used by copy-on-write
1945:M 12 Feb 2025 14:08:17.310 * Background saving terminated with success
1945:M 12 Feb 2025 14:34:27.151 * 1 changes in 15 seconds. Saving...
1945:M 12 Feb 2025 14:34:27.152 * Background saving started by pid 9370
9370:C 12 Feb 2025 14:34:27.153 * DB saved on disk
9370:C 12 Feb 2025 14:34:27.153 * RDB: 0 MB of memory used by copy-on-write
1945:M 12 Feb 2025 14:34:27.254 * Background saving terminated with success
1945:M 12 Feb 2025 14:34:43.065 * 1 changes in 15 seconds. Saving...
1945:M 12 Feb 2025 14:34:43.066 * Background saving started by pid 9383
9383:C 12 Feb 2025 14:34:43.073 * DB saved on disk
9383:C 12 Feb 2025 14:34:43.074 * RDB: 0 MB of memory used by copy-on-write
1945:M 12 Feb 2025 14:34:43.168 * Background saving terminated with success
1945:M 13 Feb 2025 02:55:00.935 * 1 changes in 15 seconds. Saving...
1945:M 13 Feb 2025 02:55:00.935 * Background saving started by pid 10676
10676:C 13 Feb 2025 02:55:00.938 * DB saved on disk
10676:C 13 Feb 2025 02:55:00.938 * RDB: 0 MB of memory used by copy-on-write
1945:M 13 Feb 2025 02:55:01.036 * Background saving terminated with success
1945:M 13 Feb 2025 02:55:17.082 * 1 changes in 15 seconds. Saving...
1945:M 13 Feb 2025 02:55:17.084 * Background saving started by pid 10689
10689:C 13 Feb 2025 02:55:17.090 * DB saved on disk
10689:C 13 Feb 2025 02:55:17.090 * RDB: 0 MB of memory used by copy-on-write
1945:M 13 Feb 2025 02:55:17.185 * Background saving terminated with success
1945:M 13 Feb 2025 03:03:12.449 * 1 changes in 15 seconds. Saving...
1945:M 13 Feb 2025 03:03:12.449 * Background saving started by pid 10813
10813:C 13 Feb 2025 03:03:12.451 * DB saved on disk
10813:C 13 Feb 2025 03:03:12.451 * RDB: 0 MB of memory used by copy-on-write
1945:M 13 Feb 2025 03:03:12.550 * Background saving terminated with success
1945:M 13 Feb 2025 04:32:00.095 * 1 changes in 15 seconds. Saving...
1945:M 13 Feb 2025 04:32:00.096 * Background saving started by pid 10859
10859:C 13 Feb 2025 04:32:00.100 * DB saved on disk
10859:C 13 Feb 2025 04:32:00.100 * RDB: 0 MB of memory used by copy-on-write
1945:M 13 Feb 2025 04:32:00.198 * Background saving terminated with success
1945:M 13 Feb 2025 05:24:14.871 * 1 changes in 15 seconds. Saving...
1945:M 13 Feb 2025 05:24:14.872 * Background saving started by pid 11975
11975:C 13 Feb 2025 05:24:14.874 * DB saved on disk
11975:C 13 Feb 2025 05:24:14.875 * RDB: 0 MB of memory used by copy-on-write
1945:M 13 Feb 2025 05:24:14.973 * Background saving terminated with success
1945:M 13 Feb 2025 05:24:30.054 * 1 changes in 15 seconds. Saving...
1945:M 13 Feb 2025 05:24:30.055 * Background saving started by pid 11988
11988:C 13 Feb 2025 05:24:30.059 * DB saved on disk
11988:C 13 Feb 2025 05:24:30.059 * RDB: 0 MB of memory used by copy-on-write
1945:M 13 Feb 2025 05:24:30.156 * Background saving terminated with success
1945:M 13 Feb 2025 06:06:23.356 * 1 changes in 15 seconds. Saving...
1945:M 13 Feb 2025 06:06:23.357 * Background saving started by pid 13272
13272:C 13 Feb 2025 06:06:23.359 * DB saved on disk
13272:C 13 Feb 2025 06:06:23.360 * RDB: 0 MB of memory used by copy-on-write
1945:M 13 Feb 2025 06:06:23.459 * Background saving terminated with success
1945:M 13 Feb 2025 06:06:39.091 * 1 changes in 15 seconds. Saving...
1945:M 13 Feb 2025 06:06:39.092 * Background saving started by pid 13286
13286:C 13 Feb 2025 06:06:39.093 * DB saved on disk
13286:C 13 Feb 2025 06:06:39.094 * RDB: 0 MB of memory used by copy-on-write
1945:M 13 Feb 2025 06:06:39.194 * Background saving terminated with success
1945:M 13 Feb 2025 06:09:13.372 * 1 changes in 15 seconds. Saving...
1945:M 13 Feb 2025 06:09:13.372 * Background saving started by pid 13407
13407:C 13 Feb 2025 06:09:13.375 * DB saved on disk
13407:C 13 Feb 2025 06:09:13.375 * RDB: 0 MB of memory used by copy-on-write
1945:M 13 Feb 2025 06:09:13.473 * Background saving terminated with success
1945:M 13 Feb 2025 06:10:13.284 * 1 changes in 15 seconds. Saving...
1945:M 13 Feb 2025 06:10:13.284 * Background saving started by pid 13451
13451:C 13 Feb 2025 06:10:13.286 * DB saved on disk
13451:C 13 Feb 2025 06:10:13.286 * RDB: 0 MB of memory used by copy-on-write
1945:M 13 Feb 2025 06:10:13.387 * Background saving terminated with success
1945:M 13 Feb 2025 06:37:49.676 * 1 changes in 15 seconds. Saving...
1945:M 13 Feb 2025 06:37:49.676 * Background saving started by pid 14561
14561:C 13 Feb 2025 06:37:49.680 * DB saved on disk
14561:C 13 Feb 2025 06:37:49.681 * RDB: 0 MB of memory used by copy-on-write
1945:M 13 Feb 2025 06:37:49.778 * Background saving terminated with success
1945:M 13 Feb 2025 06:38:05.041 * 1 changes in 15 seconds. Saving...
1945:M 13 Feb 2025 06:38:05.042 * Background saving started by pid 14575
14575:C 13 Feb 2025 06:38:05.049 * DB saved on disk
14575:C 13 Feb 2025 06:38:05.050 * RDB: 0 MB of memory used by copy-on-write
1945:M 13 Feb 2025 06:38:05.144 * Background saving terminated with success
1945:M 13 Feb 2025 07:07:49.639 * 1 changes in 15 seconds. Saving...
1945:M 13 Feb 2025 07:07:49.639 * Background saving started by pid 15865
15865:C 13 Feb 2025 07:07:49.641 * DB saved on disk
15865:C 13 Feb 2025 07:07:49.642 * RDB: 0 MB of memory used by copy-on-write
1945:M 13 Feb 2025 07:07:49.742 * Background saving terminated with success
1945:M 13 Feb 2025 07:08:05.007 * 1 changes in 15 seconds. Saving...
1945:M 13 Feb 2025 07:08:05.008 * Background saving started by pid 15879
15879:C 13 Feb 2025 07:08:05.014 * DB saved on disk
15879:C 13 Feb 2025 07:08:05.015 * RDB: 0 MB of memory used by copy-on-write
1945:M 13 Feb 2025 07:08:05.109 * Background saving terminated with success
1945:M 13 Feb 2025 07:10:39.605 * 1 changes in 15 seconds. Saving...
1945:M 13 Feb 2025 07:10:39.606 * Background saving started by pid 15986
15986:C 13 Feb 2025 07:10:39.608 * DB saved on disk
15986:C 13 Feb 2025 07:10:39.609 * RDB: 0 MB of memory used by copy-on-write
1945:M 13 Feb 2025 07:10:39.706 * Background saving terminated with success
1945:M 13 Feb 2025 07:11:39.657 * 1 changes in 15 seconds. Saving...
1945:M 13 Feb 2025 07:11:39.657 * Background saving started by pid 16032
16032:C 13 Feb 2025 07:11:39.659 * DB saved on disk
16032:C 13 Feb 2025 07:11:39.659 * RDB: 0 MB of memory used by copy-on-write
1945:M 13 Feb 2025 07:11:39.759 * Background saving terminated with success
1945:M 13 Feb 2025 08:44:55.068 * 1 changes in 15 seconds. Saving...
1945:M 13 Feb 2025 08:44:55.069 * Background saving started by pid 17158
17158:C 13 Feb 2025 08:44:55.071 * DB saved on disk
17158:C 13 Feb 2025 08:44:55.071 * RDB: 0 MB of memory used by copy-on-write
1945:M 13 Feb 2025 08:44:55.170 * Background saving terminated with success
1945:M 13 Feb 2025 08:45:11.061 * 1 changes in 15 seconds. Saving...
1945:M 13 Feb 2025 08:45:11.061 * Background saving started by pid 17172
17172:C 13 Feb 2025 08:45:11.065 * DB saved on disk
17172:C 13 Feb 2025 08:45:11.066 * RDB: 0 MB of memory used by copy-on-write
1945:M 13 Feb 2025 08:45:11.166 * Background saving terminated with success
1945:M 13 Feb 2025 09:14:55.121 * 1 changes in 15 seconds. Saving...
1945:M 13 Feb 2025 09:14:55.122 * Background saving started by pid 18453
18453:C 13 Feb 2025 09:14:55.125 * DB saved on disk
18453:C 13 Feb 2025 09:14:55.126 * RDB: 0 MB of memory used by copy-on-write
1945:M 13 Feb 2025 09:14:55.226 * Background saving terminated with success
1945:M 13 Feb 2025 09:15:11.073 * 1 changes in 15 seconds. Saving...
1945:M 13 Feb 2025 09:15:11.074 * Background saving started by pid 18467
18467:C 13 Feb 2025 09:15:11.081 * DB saved on disk
18467:C 13 Feb 2025 09:15:11.082 * RDB: 0 MB of memory used by copy-on-write
1945:M 13 Feb 2025 09:15:11.175 * Background saving terminated with success
1945:M 13 Feb 2025 09:17:45.127 * 1 changes in 15 seconds. Saving...
1945:M 13 Feb 2025 09:17:45.129 * Background saving started by pid 18579
18579:C 13 Feb 2025 09:17:45.133 * DB saved on disk
18579:C 13 Feb 2025 09:17:45.134 * RDB: 0 MB of memory used by copy-on-write
1945:M 13 Feb 2025 09:17:45.231 * Background saving terminated with success
1945:M 13 Feb 2025 09:18:45.138 * 1 changes in 15 seconds. Saving...
1945:M 13 Feb 2025 09:18:45.138 * Background saving started by pid 18623
18623:C 13 Feb 2025 09:18:45.141 * DB saved on disk
18623:C 13 Feb 2025 09:18:45.141 * RDB: 0 MB of memory used by copy-on-write
1945:M 13 Feb 2025 09:18:45.239 * Background saving terminated with success
1945:M 13 Feb 2025 13:35:00.296 * 1 changes in 15 seconds. Saving...
1945:M 13 Feb 2025 13:35:00.296 * Background saving started by pid 19771
19771:C 13 Feb 2025 13:35:00.299 * DB saved on disk
19771:C 13 Feb 2025 13:35:00.299 * RDB: 0 MB of memory used by copy-on-write
1945:M 13 Feb 2025 13:35:00.397 * Background saving terminated with success
1945:M 13 Feb 2025 13:35:16.037 * 1 changes in 15 seconds. Saving...
1945:M 13 Feb 2025 13:35:16.038 * Background saving started by pid 19785
19785:C 13 Feb 2025 13:35:16.046 * DB saved on disk
19785:C 13 Feb 2025 13:35:16.046 * RDB: 0 MB of memory used by copy-on-write
1945:M 13 Feb 2025 13:35:16.141 * Background saving terminated with success
1945:M 13 Feb 2025 14:05:00.354 * 1 changes in 15 seconds. Saving...
1945:M 13 Feb 2025 14:05:00.355 * Background saving started by pid 21056
21056:C 13 Feb 2025 14:05:00.357 * DB saved on disk
21056:C 13 Feb 2025 14:05:00.357 * RDB: 0 MB of memory used by copy-on-write
1945:M 13 Feb 2025 14:05:00.456 * Background saving terminated with success
1945:M 13 Feb 2025 14:05:16.003 * 1 changes in 15 seconds. Saving...
1945:M 13 Feb 2025 14:05:16.003 * Background saving started by pid 21070
21070:C 13 Feb 2025 14:05:16.007 * DB saved on disk
21070:C 13 Feb 2025 14:05:16.007 * RDB: 0 MB of memory used by copy-on-write
1945:M 13 Feb 2025 14:05:16.108 * Background saving terminated with success
1945:M 13 Feb 2025 14:07:50.314 * 1 changes in 15 seconds. Saving...
1945:M 13 Feb 2025 14:07:50.314 * Background saving started by pid 21179
21179:C 13 Feb 2025 14:07:50.317 * DB saved on disk
21179:C 13 Feb 2025 14:07:50.317 * RDB: 0 MB of memory used by copy-on-write
1945:M 13 Feb 2025 14:07:50.418 * Background saving terminated with success
1945:M 13 Feb 2025 14:08:50.300 * 1 changes in 15 seconds. Saving...
1945:M 13 Feb 2025 14:08:50.300 * Background saving started by pid 21224
21224:C 13 Feb 2025 14:08:50.302 * DB saved on disk
21224:C 13 Feb 2025 14:08:50.302 * RDB: 0 MB of memory used by copy-on-write
1945:M 13 Feb 2025 14:08:50.406 * Background saving terminated with success
1945:M 13 Feb 2025 23:07:35.502 * 1 changes in 15 seconds. Saving...
1945:M 13 Feb 2025 23:07:35.502 * Background saving started by pid 22352
22352:C 13 Feb 2025 23:07:35.506 * DB saved on disk
22352:C 13 Feb 2025 23:07:35.507 * RDB: 0 MB of memory used by copy-on-write
1945:M 13 Feb 2025 23:07:35.604 * Background saving terminated with success
1945:M 13 Feb 2025 23:07:51.003 * 1 changes in 15 seconds. Saving...
1945:M 13 Feb 2025 23:07:51.003 * Background saving started by pid 22366
22366:C 13 Feb 2025 23:07:51.007 * DB saved on disk
22366:C 13 Feb 2025 23:07:51.007 * RDB: 0 MB of memory used by copy-on-write
1945:M 13 Feb 2025 23:07:51.105 * Background saving terminated with success
1945:M 13 Feb 2025 23:37:35.526 * 1 changes in 15 seconds. Saving...
1945:M 13 Feb 2025 23:37:35.527 * Background saving started by pid 23637
23637:C 13 Feb 2025 23:37:35.528 * DB saved on disk
23637:C 13 Feb 2025 23:37:35.529 * RDB: 0 MB of memory used by copy-on-write
1945:M 13 Feb 2025 23:37:35.631 * Background saving terminated with success
1945:M 13 Feb 2025 23:37:51.044 * 1 changes in 15 seconds. Saving...
1945:M 13 Feb 2025 23:37:51.045 * Background saving started by pid 23651
23651:C 13 Feb 2025 23:37:51.052 * DB saved on disk
23651:C 13 Feb 2025 23:37:51.054 * RDB: 0 MB of memory used by copy-on-write
1945:M 13 Feb 2025 23:37:51.148 * Background saving terminated with success
1945:M 13 Feb 2025 23:40:25.599 * 1 changes in 15 seconds. Saving...
1945:M 13 Feb 2025 23:40:25.600 * Background saving started by pid 23761
23761:C 13 Feb 2025 23:40:25.602 * DB saved on disk
23761:C 13 Feb 2025 23:40:25.602 * RDB: 0 MB of memory used by copy-on-write
1945:M 13 Feb 2025 23:40:25.702 * Background saving terminated with success
1945:M 13 Feb 2025 23:41:25.511 * 1 changes in 15 seconds. Saving...
1945:M 13 Feb 2025 23:41:25.511 * Background saving started by pid 23805
23805:C 13 Feb 2025 23:41:25.514 * DB saved on disk
23805:C 13 Feb 2025 23:41:25.515 * RDB: 0 MB of memory used by copy-on-write
1945:M 13 Feb 2025 23:41:25.613 * Background saving terminated with success
1945:M 14 Feb 2025 02:43:32.219 * 1 changes in 15 seconds. Saving...
1945:M 14 Feb 2025 02:43:32.221 * Background saving started by pid 24945
24945:C 14 Feb 2025 02:43:32.224 * DB saved on disk
24945:C 14 Feb 2025 02:43:32.225 * RDB: 0 MB of memory used by copy-on-write
1945:M 14 Feb 2025 02:43:32.321 * Background saving terminated with success
1945:M 14 Feb 2025 02:43:48.038 * 1 changes in 15 seconds. Saving...
1945:M 14 Feb 2025 02:43:48.038 * Background saving started by pid 24959
24959:C 14 Feb 2025 02:43:48.042 * DB saved on disk
24959:C 14 Feb 2025 02:43:48.043 * RDB: 0 MB of memory used by copy-on-write
1945:M 14 Feb 2025 02:43:48.140 * Background saving terminated with success
1945:M 14 Feb 2025 08:32:31.637 * 1 changes in 15 seconds. Saving...
1945:M 14 Feb 2025 08:32:31.637 * Background saving started by pid 26235
26235:C 14 Feb 2025 08:32:31.644 * DB saved on disk
26235:C 14 Feb 2025 08:32:31.645 * RDB: 0 MB of memory used by copy-on-write
1945:M 14 Feb 2025 08:32:31.738 * Background saving terminated with success
1945:M 14 Feb 2025 10:05:10.615 * 1 changes in 15 seconds. Saving...
1945:M 14 Feb 2025 10:05:10.616 * Background saving started by pid 26238
26238:C 14 Feb 2025 10:05:10.618 * DB saved on disk
26238:C 14 Feb 2025 10:05:10.619 * RDB: 0 MB of memory used by copy-on-write
1945:M 14 Feb 2025 10:05:10.718 * Background saving terminated with success
1945:M 14 Feb 2025 16:14:08.961 * 1 changes in 15 seconds. Saving...
1945:M 14 Feb 2025 16:14:08.962 * Background saving started by pid 26360
26360:C 14 Feb 2025 16:14:08.963 * DB saved on disk
26360:C 14 Feb 2025 16:14:08.963 * RDB: 0 MB of memory used by copy-on-write
1945:M 14 Feb 2025 16:14:09.062 * Background saving terminated with success
1945:M 14 Feb 2025 17:45:17.431 * 1 changes in 15 seconds. Saving...
1945:M 14 Feb 2025 17:45:17.432 * Background saving started by pid 26409
26409:C 14 Feb 2025 17:45:17.435 * DB saved on disk
26409:C 14 Feb 2025 17:45:17.436 * RDB: 0 MB of memory used by copy-on-write
1945:M 14 Feb 2025 17:45:17.535 * Background saving terminated with success
1945:M 14 Feb 2025 23:55:42.159 * 1 changes in 15 seconds. Saving...
1945:M 14 Feb 2025 23:55:42.161 * Background saving started by pid 27529
27529:C 14 Feb 2025 23:55:42.164 * DB saved on disk
27529:C 14 Feb 2025 23:55:42.165 * RDB: 0 MB of memory used by copy-on-write
1945:M 14 Feb 2025 23:55:42.262 * Background saving terminated with success
1945:M 14 Feb 2025 23:55:58.058 * 1 changes in 15 seconds. Saving...
1945:M 14 Feb 2025 23:55:58.059 * Background saving started by pid 27543
27543:C 14 Feb 2025 23:55:58.062 * DB saved on disk
27543:C 14 Feb 2025 23:55:58.062 * RDB: 0 MB of memory used by copy-on-write
1945:M 14 Feb 2025 23:55:58.160 * Background saving terminated with success
1945:M 15 Feb 2025 00:25:42.131 * 1 changes in 15 seconds. Saving...
1945:M 15 Feb 2025 00:25:42.132 * Background saving started by pid 28831
28831:C 15 Feb 2025 00:25:42.134 * DB saved on disk
28831:C 15 Feb 2025 00:25:42.134 * RDB: 0 MB of memory used by copy-on-write
1945:M 15 Feb 2025 00:25:42.233 * Background saving terminated with success
1945:M 15 Feb 2025 01:12:49.206 * 1 changes in 15 seconds. Saving...
1945:M 15 Feb 2025 01:12:49.206 * Background saving started by pid 28844
28844:C 15 Feb 2025 01:12:49.207 * DB saved on disk
28844:C 15 Feb 2025 01:12:49.208 * RDB: 0 MB of memory used by copy-on-write
1945:M 15 Feb 2025 01:12:49.307 * Background saving terminated with success
1945:M 15 Feb 2025 02:43:45.619 * 1 changes in 15 seconds. Saving...
1945:M 15 Feb 2025 02:43:45.620 * Background saving started by pid 28964
28964:C 15 Feb 2025 02:43:45.623 * DB saved on disk
28964:C 15 Feb 2025 02:43:45.623 * RDB: 0 MB of memory used by copy-on-write
1945:M 15 Feb 2025 02:43:45.723 * Background saving terminated with success
1945:M 15 Feb 2025 02:44:45.621 * 1 changes in 15 seconds. Saving...
1945:M 15 Feb 2025 02:44:45.621 * Background saving started by pid 29007
29007:C 15 Feb 2025 02:44:45.624 * DB saved on disk
29007:C 15 Feb 2025 02:44:45.624 * RDB: 0 MB of memory used by copy-on-write
1945:M 15 Feb 2025 02:44:45.723 * Background saving terminated with success
1945:M 15 Feb 2025 03:10:55.623 * 1 changes in 15 seconds. Saving...
1945:M 15 Feb 2025 03:10:55.623 * Background saving started by pid 30128
30128:C 15 Feb 2025 03:10:55.626 * DB saved on disk
30128:C 15 Feb 2025 03:10:55.627 * RDB: 0 MB of memory used by copy-on-write
1945:M 15 Feb 2025 03:10:55.724 * Background saving terminated with success
1945:M 15 Feb 2025 03:11:11.050 * 1 changes in 15 seconds. Saving...
1945:M 15 Feb 2025 03:11:11.050 * Background saving started by pid 30142
30142:C 15 Feb 2025 03:11:11.053 * DB saved on disk
30142:C 15 Feb 2025 03:11:11.054 * RDB: 0 MB of memory used by copy-on-write
1945:M 15 Feb 2025 03:11:11.153 * Background saving terminated with success
1945:M 15 Feb 2025 03:40:55.688 * 1 changes in 15 seconds. Saving...
1945:M 15 Feb 2025 03:40:55.688 * Background saving started by pid 31409
31409:C 15 Feb 2025 03:40:55.692 * DB saved on disk
31409:C 15 Feb 2025 03:40:55.692 * RDB: 0 MB of memory used by copy-on-write
1945:M 15 Feb 2025 03:40:55.789 * Background saving terminated with success
1945:M 15 Feb 2025 03:41:11.058 * 1 changes in 15 seconds. Saving...
1945:M 15 Feb 2025 03:41:11.058 * Background saving started by pid 31423
31423:C 15 Feb 2025 03:41:11.064 * DB saved on disk
31423:C 15 Feb 2025 03:41:11.064 * RDB: 0 MB of memory used by copy-on-write
1945:M 15 Feb 2025 03:41:11.160 * Background saving terminated with success
1945:M 15 Feb 2025 03:43:45.629 * 1 changes in 15 seconds. Saving...
1945:M 15 Feb 2025 03:43:45.630 * Background saving started by pid 31548
31548:C 15 Feb 2025 03:43:45.633 * DB saved on disk
31548:C 15 Feb 2025 03:43:45.633 * RDB: 0 MB of memory used by copy-on-write
1945:M 15 Feb 2025 03:43:45.731 * Background saving terminated with success
1945:M 15 Feb 2025 03:44:45.540 * 1 changes in 15 seconds. Saving...
1945:M 15 Feb 2025 03:44:45.541 * Background saving started by pid 31584
31584:C 15 Feb 2025 03:44:45.543 * DB saved on disk
31584:C 15 Feb 2025 03:44:45.544 * RDB: 0 MB of memory used by copy-on-write
1945:M 15 Feb 2025 03:44:45.643 * Background saving terminated with success
1945:M 15 Feb 2025 16:05:31.416 * 1 changes in 15 seconds. Saving...
1945:M 15 Feb 2025 16:05:31.417 * Background saving started by pid 32729
32729:C 15 Feb 2025 16:05:31.418 * DB saved on disk
32729:C 15 Feb 2025 16:05:31.419 * RDB: 0 MB of memory used by copy-on-write
1945:M 15 Feb 2025 16:05:31.517 * Background saving terminated with success
1945:M 15 Feb 2025 16:09:14.080 * 1 changes in 15 seconds. Saving...
1945:M 15 Feb 2025 16:09:14.080 * Background saving started by pid 32742
32742:C 15 Feb 2025 16:09:14.082 * DB saved on disk
32742:C 15 Feb 2025 16:09:14.082 * RDB: 0 MB of memory used by copy-on-write
1945:M 15 Feb 2025 16:09:14.190 * Background saving terminated with success
1945:M 16 Feb 2025 07:46:24.887 * 1 changes in 15 seconds. Saving...
1945:M 16 Feb 2025 07:46:24.887 * Background saving started by pid 34000
34000:C 16 Feb 2025 07:46:24.889 * DB saved on disk
34000:C 16 Feb 2025 07:46:24.889 * RDB: 0 MB of memory used by copy-on-write
1945:M 16 Feb 2025 07:46:24.988 * Background saving terminated with success
1945:M 16 Feb 2025 08:04:15.964 * 1 changes in 15 seconds. Saving...
1945:M 16 Feb 2025 08:04:15.964 * Background saving started by pid 34013
34013:C 16 Feb 2025 08:04:15.967 * DB saved on disk
34013:C 16 Feb 2025 08:04:15.967 * RDB: 0 MB of memory used by copy-on-write
1945:M 16 Feb 2025 08:04:16.067 * Background saving terminated with success
1945:M 16 Feb 2025 08:24:44.749 * 1 changes in 15 seconds. Saving...
1945:M 16 Feb 2025 08:24:44.749 * Background saving started by pid 34135
34135:C 16 Feb 2025 08:24:44.751 * DB saved on disk
34135:C 16 Feb 2025 08:24:44.751 * RDB: 0 MB of memory used by copy-on-write
1945:M 16 Feb 2025 08:24:44.850 * Background saving terminated with success
1945:M 16 Feb 2025 08:25:44.799 * 1 changes in 15 seconds. Saving...
1945:M 16 Feb 2025 08:25:44.799 * Background saving started by pid 34180
34180:C 16 Feb 2025 08:25:44.801 * DB saved on disk
34180:C 16 Feb 2025 08:25:44.801 * RDB: 0 MB of memory used by copy-on-write
1945:M 16 Feb 2025 08:25:44.901 * Background saving terminated with success
1945:M 16 Feb 2025 09:24:44.731 * 1 changes in 15 seconds. Saving...
1945:M 16 Feb 2025 09:24:44.732 * Background saving started by pid 36708
36708:C 16 Feb 2025 09:24:44.734 * DB saved on disk
36708:C 16 Feb 2025 09:24:44.735 * RDB: 0 MB of memory used by copy-on-write
1945:M 16 Feb 2025 09:24:44.838 * Background saving terminated with success
1945:M 16 Feb 2025 09:25:44.705 * 1 changes in 15 seconds. Saving...
1945:M 16 Feb 2025 09:25:44.705 * Background saving started by pid 36753
36753:C 16 Feb 2025 09:25:44.707 * DB saved on disk
36753:C 16 Feb 2025 09:25:44.708 * RDB: 0 MB of memory used by copy-on-write
1945:M 16 Feb 2025 09:25:44.807 * Background saving terminated with success
1945:M 16 Feb 2025 12:33:59.826 * 1 changes in 15 seconds. Saving...
1945:M 16 Feb 2025 12:33:59.827 * Background saving started by pid 37896
37896:C 16 Feb 2025 12:33:59.829 * DB saved on disk
37896:C 16 Feb 2025 12:33:59.829 * RDB: 0 MB of memory used by copy-on-write
1945:M 16 Feb 2025 12:33:59.929 * Background saving terminated with success
1945:M 16 Feb 2025 12:34:15.097 * 1 changes in 15 seconds. Saving...
1945:M 16 Feb 2025 12:34:15.097 * Background saving started by pid 37909
37909:C 16 Feb 2025 12:34:15.103 * DB saved on disk
37909:C 16 Feb 2025 12:34:15.103 * RDB: 0 MB of memory used by copy-on-write
1945:M 16 Feb 2025 12:34:15.198 * Background saving terminated with success
1945:M 16 Feb 2025 13:03:59.829 * 1 changes in 15 seconds. Saving...
1945:M 16 Feb 2025 13:03:59.830 * Background saving started by pid 39180
39180:C 16 Feb 2025 13:03:59.834 * DB saved on disk
39180:C 16 Feb 2025 13:03:59.835 * RDB: 0 MB of memory used by copy-on-write
1945:M 16 Feb 2025 13:03:59.932 * Background saving terminated with success
1945:M 16 Feb 2025 13:04:15.050 * 1 changes in 15 seconds. Saving...
1945:M 16 Feb 2025 13:04:15.051 * Background saving started by pid 39193
39193:C 16 Feb 2025 13:04:15.052 * DB saved on disk
39193:C 16 Feb 2025 13:04:15.052 * RDB: 0 MB of memory used by copy-on-write
1945:M 16 Feb 2025 13:04:15.152 * Background saving terminated with success
1945:M 16 Feb 2025 13:06:49.878 * 1 changes in 15 seconds. Saving...
1945:M 16 Feb 2025 13:06:49.879 * Background saving started by pid 39306
39306:C 16 Feb 2025 13:06:49.881 * DB saved on disk
39306:C 16 Feb 2025 13:06:49.882 * RDB: 0 MB of memory used by copy-on-write
1945:M 16 Feb 2025 13:06:49.980 * Background saving terminated with success
1945:M 16 Feb 2025 13:07:49.856 * 1 changes in 15 seconds. Saving...
1945:M 16 Feb 2025 13:07:49.856 * Background saving started by pid 39350
39350:C 16 Feb 2025 13:07:49.859 * DB saved on disk
39350:C 16 Feb 2025 13:07:49.859 * RDB: 0 MB of memory used by copy-on-write
1945:M 16 Feb 2025 13:07:49.957 * Background saving terminated with success
1945:M 16 Feb 2025 16:26:36.402 * 1 changes in 15 seconds. Saving...
1945:M 16 Feb 2025 16:26:36.402 * Background saving started by pid 40475
40475:C 16 Feb 2025 16:26:36.406 * DB saved on disk
40475:C 16 Feb 2025 16:26:36.406 * RDB: 0 MB of memory used by copy-on-write
1945:M 16 Feb 2025 16:26:36.503 * Background saving terminated with success
1945:M 16 Feb 2025 16:39:49.005 * 1 changes in 15 seconds. Saving...
1945:M 16 Feb 2025 16:39:49.005 * Background saving started by pid 40479
40479:C 16 Feb 2025 16:39:49.007 * DB saved on disk
40479:C 16 Feb 2025 16:39:49.007 * RDB: 0 MB of memory used by copy-on-write
1945:M 16 Feb 2025 16:39:49.106 * Background saving terminated with success
1945:M 16 Feb 2025 23:04:24.563 * 1 changes in 15 seconds. Saving...
1945:M 16 Feb 2025 23:04:24.563 * Background saving started by pid 41756
41756:C 16 Feb 2025 23:04:24.565 * DB saved on disk
41756:C 16 Feb 2025 23:04:24.565 * RDB: 0 MB of memory used by copy-on-write
1945:M 16 Feb 2025 23:04:24.671 * Background saving terminated with success
1945:M 16 Feb 2025 23:04:40.081 * 1 changes in 15 seconds. Saving...
1945:M 16 Feb 2025 23:04:40.081 * Background saving started by pid 41770
41770:C 16 Feb 2025 23:04:40.084 * DB saved on disk
41770:C 16 Feb 2025 23:04:40.084 * RDB: 0 MB of memory used by copy-on-write
1945:M 16 Feb 2025 23:04:40.182 * Background saving terminated with success
1945:M 16 Feb 2025 23:07:14.598 * 1 changes in 15 seconds. Saving...
1945:M 16 Feb 2025 23:07:14.598 * Background saving started by pid 41883
41883:C 16 Feb 2025 23:07:14.600 * DB saved on disk
41883:C 16 Feb 2025 23:07:14.600 * RDB: 0 MB of memory used by copy-on-write
1945:M 16 Feb 2025 23:07:14.699 * Background saving terminated with success
1945:M 16 Feb 2025 23:08:14.551 * 1 changes in 15 seconds. Saving...
1945:M 16 Feb 2025 23:08:14.551 * Background saving started by pid 41929
41929:C 16 Feb 2025 23:08:14.553 * DB saved on disk
41929:C 16 Feb 2025 23:08:14.554 * RDB: 0 MB of memory used by copy-on-write
1945:M 16 Feb 2025 23:08:14.652 * Background saving terminated with success
1945:M 16 Feb 2025 23:34:24.610 * 1 changes in 15 seconds. Saving...
1945:M 16 Feb 2025 23:34:24.611 * Background saving started by pid 43048
43048:C 16 Feb 2025 23:34:24.615 * DB saved on disk
43048:C 16 Feb 2025 23:34:24.616 * RDB: 0 MB of memory used by copy-on-write
1945:M 16 Feb 2025 23:34:24.712 * Background saving terminated with success
1945:M 16 Feb 2025 23:34:40.087 * 1 changes in 15 seconds. Saving...
1945:M 16 Feb 2025 23:34:40.088 * Background saving started by pid 43063
43063:C 16 Feb 2025 23:34:40.094 * DB saved on disk
43063:C 16 Feb 2025 23:34:40.094 * RDB: 0 MB of memory used by copy-on-write
1945:M 16 Feb 2025 23:34:40.193 * Background saving terminated with success
1945:M 17 Feb 2025 02:53:33.031 * 1 changes in 15 seconds. Saving...
1945:M 17 Feb 2025 02:53:33.032 * Background saving started by pid 44351
44351:C 17 Feb 2025 02:53:33.034 * DB saved on disk
44351:C 17 Feb 2025 02:53:33.035 * RDB: 0 MB of memory used by copy-on-write
1945:M 17 Feb 2025 02:53:33.133 * Background saving terminated with success
1945:M 17 Feb 2025 02:53:49.042 * 1 changes in 15 seconds. Saving...
1945:M 17 Feb 2025 02:53:49.042 * Background saving started by pid 44365
44365:C 17 Feb 2025 02:53:49.044 * DB saved on disk
44365:C 17 Feb 2025 02:53:49.044 * RDB: 0 MB of memory used by copy-on-write
1945:M 17 Feb 2025 02:53:49.143 * Background saving terminated with success
1945:M 17 Feb 2025 02:56:22.978 * 1 changes in 15 seconds. Saving...
1945:M 17 Feb 2025 02:56:22.979 * Background saving started by pid 44477
44477:C 17 Feb 2025 02:56:22.981 * DB saved on disk
44477:C 17 Feb 2025 02:56:22.981 * RDB: 0 MB of memory used by copy-on-write
1945:M 17 Feb 2025 02:56:23.080 * Background saving terminated with success
1945:M 17 Feb 2025 02:57:23.008 * 1 changes in 15 seconds. Saving...
1945:M 17 Feb 2025 02:57:23.008 * Background saving started by pid 44520
44520:C 17 Feb 2025 02:57:23.011 * DB saved on disk
44520:C 17 Feb 2025 02:57:23.011 * RDB: 0 MB of memory used by copy-on-write
1945:M 17 Feb 2025 02:57:23.109 * Background saving terminated with success
1945:M 17 Feb 2025 03:23:33.042 * 1 changes in 15 seconds. Saving...
1945:M 17 Feb 2025 03:23:33.042 * Background saving started by pid 45644
45644:C 17 Feb 2025 03:23:33.045 * DB saved on disk
45644:C 17 Feb 2025 03:23:33.045 * RDB: 0 MB of memory used by copy-on-write
1945:M 17 Feb 2025 03:23:33.144 * Background saving terminated with success
1945:M 17 Feb 2025 03:23:49.058 * 1 changes in 15 seconds. Saving...
1945:M 17 Feb 2025 03:23:49.059 * Background saving started by pid 45658
45658:C 17 Feb 2025 03:23:49.064 * DB saved on disk
45658:C 17 Feb 2025 03:23:49.064 * RDB: 0 MB of memory used by copy-on-write
1945:M 17 Feb 2025 03:23:49.160 * Background saving terminated with success
1945:M 17 Feb 2025 04:53:45.633 * 1 changes in 15 seconds. Saving...
1945:M 17 Feb 2025 04:53:45.634 * Background saving started by pid 46930
46930:C 17 Feb 2025 04:53:45.636 * DB saved on disk
46930:C 17 Feb 2025 04:53:45.637 * RDB: 0 MB of memory used by copy-on-write
1945:M 17 Feb 2025 04:53:45.735 * Background saving terminated with success
1945:M 17 Feb 2025 04:54:01.035 * 1 changes in 15 seconds. Saving...
1945:M 17 Feb 2025 04:54:01.036 * Background saving started by pid 46943
46943:C 17 Feb 2025 04:54:01.041 * DB saved on disk
46943:C 17 Feb 2025 04:54:01.041 * RDB: 0 MB of memory used by copy-on-write
1945:M 17 Feb 2025 04:54:01.137 * Background saving terminated with success
1945:M 17 Feb 2025 04:56:35.588 * 1 changes in 15 seconds. Saving...
1945:M 17 Feb 2025 04:56:35.588 * Background saving started by pid 47052
47052:C 17 Feb 2025 04:56:35.591 * DB saved on disk
47052:C 17 Feb 2025 04:56:35.592 * RDB: 0 MB of memory used by copy-on-write
1945:M 17 Feb 2025 04:56:35.689 * Background saving terminated with success
1945:M 17 Feb 2025 04:57:35.557 * 1 changes in 15 seconds. Saving...
1945:M 17 Feb 2025 04:57:35.557 * Background saving started by pid 47097
47097:C 17 Feb 2025 04:57:35.560 * DB saved on disk
47097:C 17 Feb 2025 04:57:35.560 * RDB: 0 MB of memory used by copy-on-write
1945:M 17 Feb 2025 04:57:35.657 * Background saving terminated with success
1945:M 17 Feb 2025 05:23:45.523 * 1 changes in 15 seconds. Saving...
1945:M 17 Feb 2025 05:23:45.524 * Background saving started by pid 48215
48215:C 17 Feb 2025 05:23:45.526 * DB saved on disk
48215:C 17 Feb 2025 05:23:45.526 * RDB: 0 MB of memory used by copy-on-write
1945:M 17 Feb 2025 05:23:45.625 * Background saving terminated with success
1945:M 17 Feb 2025 05:24:01.017 * 1 changes in 15 seconds. Saving...
1945:M 17 Feb 2025 05:24:01.018 * Background saving started by pid 48227
48227:C 17 Feb 2025 05:24:01.025 * DB saved on disk
48227:C 17 Feb 2025 05:24:01.026 * RDB: 0 MB of memory used by copy-on-write
1945:M 17 Feb 2025 05:24:01.119 * Background saving terminated with success
1945:M 17 Feb 2025 05:53:45.561 * 1 changes in 15 seconds. Saving...
1945:M 17 Feb 2025 05:53:45.562 * Background saving started by pid 49503
49503:C 17 Feb 2025 05:53:45.564 * DB saved on disk
49503:C 17 Feb 2025 05:53:45.564 * RDB: 0 MB of memory used by copy-on-write
1945:M 17 Feb 2025 05:53:45.664 * Background saving terminated with success
1945:M 17 Feb 2025 05:54:01.094 * 1 changes in 15 seconds. Saving...
1945:M 17 Feb 2025 05:54:01.095 * Background saving started by pid 49516
49516:C 17 Feb 2025 05:54:01.102 * DB saved on disk
49516:C 17 Feb 2025 05:54:01.103 * RDB: 0 MB of memory used by copy-on-write
1945:M 17 Feb 2025 05:54:01.196 * Background saving terminated with success
1945:M 17 Feb 2025 05:56:35.613 * 1 changes in 15 seconds. Saving...
1945:M 17 Feb 2025 05:56:35.614 * Background saving started by pid 49629
49629:C 17 Feb 2025 05:56:35.617 * DB saved on disk
49629:C 17 Feb 2025 05:56:35.618 * RDB: 0 MB of memory used by copy-on-write
1945:M 17 Feb 2025 05:56:35.718 * Background saving terminated with success
1945:M 17 Feb 2025 05:57:35.623 * 1 changes in 15 seconds. Saving...
1945:M 17 Feb 2025 05:57:35.623 * Background saving started by pid 49673
49673:C 17 Feb 2025 05:57:35.625 * DB saved on disk
49673:C 17 Feb 2025 05:57:35.625 * RDB: 0 MB of memory used by copy-on-write
1945:M 17 Feb 2025 05:57:35.724 * Background saving terminated with success
1945:M 17 Feb 2025 06:23:45.577 * 1 changes in 15 seconds. Saving...
1945:M 17 Feb 2025 06:23:45.578 * Background saving started by pid 50793
50793:C 17 Feb 2025 06:23:45.581 * DB saved on disk
50793:C 17 Feb 2025 06:23:45.582 * RDB: 0 MB of memory used by copy-on-write
1945:M 17 Feb 2025 06:23:45.680 * Background saving terminated with success
1945:M 17 Feb 2025 06:24:01.007 * 1 changes in 15 seconds. Saving...
1945:M 17 Feb 2025 06:24:01.008 * Background saving started by pid 50806
50806:C 17 Feb 2025 06:24:01.014 * DB saved on disk
50806:C 17 Feb 2025 06:24:01.015 * RDB: 0 MB of memory used by copy-on-write
1945:M 17 Feb 2025 06:24:01.112 * Background saving terminated with success
1945:M 17 Feb 2025 06:53:45.631 * 1 changes in 15 seconds. Saving...
1945:M 17 Feb 2025 06:53:45.632 * Background saving started by pid 52077
52077:C 17 Feb 2025 06:53:45.634 * DB saved on disk
52077:C 17 Feb 2025 06:53:45.634 * RDB: 0 MB of memory used by copy-on-write
1945:M 17 Feb 2025 06:53:45.733 * Background saving terminated with success
1945:M 17 Feb 2025 06:54:01.080 * 1 changes in 15 seconds. Saving...
1945:M 17 Feb 2025 06:54:01.083 * Background saving started by pid 52090
52090:C 17 Feb 2025 06:54:01.089 * DB saved on disk
52090:C 17 Feb 2025 06:54:01.090 * RDB: 0 MB of memory used by copy-on-write
1945:M 17 Feb 2025 06:54:01.185 * Background saving terminated with success
1945:M 17 Feb 2025 06:56:35.697 * 1 changes in 15 seconds. Saving...
1945:M 17 Feb 2025 06:56:35.697 * Background saving started by pid 52200
52200:C 17 Feb 2025 06:56:35.699 * DB saved on disk
52200:C 17 Feb 2025 06:56:35.699 * RDB: 0 MB of memory used by copy-on-write
1945:M 17 Feb 2025 06:56:35.798 * Background saving terminated with success
1945:M 17 Feb 2025 06:57:35.620 * 1 changes in 15 seconds. Saving...
1945:M 17 Feb 2025 06:57:35.620 * Background saving started by pid 52246
52246:C 17 Feb 2025 06:57:35.622 * DB saved on disk
52246:C 17 Feb 2025 06:57:35.623 * RDB: 0 MB of memory used by copy-on-write
1945:M 17 Feb 2025 06:57:35.723 * Background saving terminated with success
1945:M 17 Feb 2025 07:23:45.710 * 1 changes in 15 seconds. Saving...
1945:M 17 Feb 2025 07:23:45.711 * Background saving started by pid 53367
53367:C 17 Feb 2025 07:23:45.713 * DB saved on disk
53367:C 17 Feb 2025 07:23:45.714 * RDB: 0 MB of memory used by copy-on-write
1945:M 17 Feb 2025 07:23:45.811 * Background saving terminated with success
1945:M 17 Feb 2025 07:24:01.103 * 1 changes in 15 seconds. Saving...
1945:M 17 Feb 2025 07:24:01.104 * Background saving started by pid 53379
53379:C 17 Feb 2025 07:24:01.109 * DB saved on disk
53379:C 17 Feb 2025 07:24:01.110 * RDB: 0 MB of memory used by copy-on-write
1945:M 17 Feb 2025 07:24:01.205 * Background saving terminated with success
1945:M 17 Feb 2025 07:53:45.664 * 1 changes in 15 seconds. Saving...
1945:M 17 Feb 2025 07:53:45.665 * Background saving started by pid 54652
54652:C 17 Feb 2025 07:53:45.667 * DB saved on disk
54652:C 17 Feb 2025 07:53:45.667 * RDB: 0 MB of memory used by copy-on-write
1945:M 17 Feb 2025 07:53:45.767 * Background saving terminated with success
1945:M 17 Feb 2025 07:54:01.037 * 1 changes in 15 seconds. Saving...
1945:M 17 Feb 2025 07:54:01.037 * Background saving started by pid 54666
54666:C 17 Feb 2025 07:54:01.040 * DB saved on disk
54666:C 17 Feb 2025 07:54:01.041 * RDB: 0 MB of memory used by copy-on-write
1945:M 17 Feb 2025 07:54:01.139 * Background saving terminated with success
1945:M 17 Feb 2025 07:56:35.685 * 1 changes in 15 seconds. Saving...
1945:M 17 Feb 2025 07:56:35.686 * Background saving started by pid 54778
54778:C 17 Feb 2025 07:56:35.688 * DB saved on disk
54778:C 17 Feb 2025 07:56:35.688 * RDB: 0 MB of memory used by copy-on-write
1945:M 17 Feb 2025 07:56:35.788 * Background saving terminated with success
1945:M 17 Feb 2025 07:57:35.662 * 1 changes in 15 seconds. Saving...
1945:M 17 Feb 2025 07:57:35.663 * Background saving started by pid 54821
54821:C 17 Feb 2025 07:57:35.665 * DB saved on disk
54821:C 17 Feb 2025 07:57:35.666 * RDB: 0 MB of memory used by copy-on-write
1945:M 17 Feb 2025 07:57:35.764 * Background saving terminated with success
1945:M 17 Feb 2025 08:23:45.699 * 1 changes in 15 seconds. Saving...
1945:M 17 Feb 2025 08:23:45.700 * Background saving started by pid 55944
55944:C 17 Feb 2025 08:23:45.702 * DB saved on disk
55944:C 17 Feb 2025 08:23:45.702 * RDB: 0 MB of memory used by copy-on-write
1945:M 17 Feb 2025 08:23:45.800 * Background saving terminated with success
1945:M 17 Feb 2025 08:24:01.038 * 1 changes in 15 seconds. Saving...
1945:M 17 Feb 2025 08:24:01.039 * Background saving started by pid 55957
55957:C 17 Feb 2025 08:24:01.046 * DB saved on disk
55957:C 17 Feb 2025 08:24:01.047 * RDB: 0 MB of memory used by copy-on-write
1945:M 17 Feb 2025 08:24:01.140 * Background saving terminated with success
1945:M 17 Feb 2025 08:53:45.729 * 1 changes in 15 seconds. Saving...
1945:M 17 Feb 2025 08:53:45.729 * Background saving started by pid 57232
57232:C 17 Feb 2025 08:53:45.731 * DB saved on disk
57232:C 17 Feb 2025 08:53:45.732 * RDB: 0 MB of memory used by copy-on-write
1945:M 17 Feb 2025 08:53:45.832 * Background saving terminated with success
1945:M 17 Feb 2025 08:54:01.091 * 1 changes in 15 seconds. Saving...
1945:M 17 Feb 2025 08:54:01.091 * Background saving started by pid 57245
57245:C 17 Feb 2025 08:54:01.093 * DB saved on disk
57245:C 17 Feb 2025 08:54:01.094 * RDB: 0 MB of memory used by copy-on-write
1945:M 17 Feb 2025 08:54:01.194 * Background saving terminated with success
1945:M 17 Feb 2025 08:56:35.722 * 1 changes in 15 seconds. Saving...
1945:M 17 Feb 2025 08:56:35.723 * Background saving started by pid 57354
57354:C 17 Feb 2025 08:56:35.724 * DB saved on disk
57354:C 17 Feb 2025 08:56:35.725 * RDB: 0 MB of memory used by copy-on-write
1945:M 17 Feb 2025 08:56:35.823 * Background saving terminated with success
1945:M 17 Feb 2025 08:57:35.721 * 1 changes in 15 seconds. Saving...
1945:M 17 Feb 2025 08:57:35.721 * Background saving started by pid 57400
57400:C 17 Feb 2025 08:57:35.723 * DB saved on disk
57400:C 17 Feb 2025 08:57:35.723 * RDB: 0 MB of memory used by copy-on-write
1945:M 17 Feb 2025 08:57:35.823 * Background saving terminated with success
1945:M 17 Feb 2025 09:23:45.720 * 1 changes in 15 seconds. Saving...
1945:M 17 Feb 2025 09:23:45.721 * Background saving started by pid 58524
58524:C 17 Feb 2025 09:23:45.723 * DB saved on disk
58524:C 17 Feb 2025 09:23:45.723 * RDB: 0 MB of memory used by copy-on-write
1945:M 17 Feb 2025 09:23:45.827 * Background saving terminated with success
1945:M 17 Feb 2025 09:24:01.021 * 1 changes in 15 seconds. Saving...
1945:M 17 Feb 2025 09:24:01.022 * Background saving started by pid 58537
58537:C 17 Feb 2025 09:24:01.027 * DB saved on disk
58537:C 17 Feb 2025 09:24:01.028 * RDB: 0 MB of memory used by copy-on-write
1945:M 17 Feb 2025 09:24:01.123 * Background saving terminated with success
1945:M 17 Feb 2025 09:53:45.798 * 1 changes in 15 seconds. Saving...
1945:M 17 Feb 2025 09:53:45.799 * Background saving started by pid 59808
59808:C 17 Feb 2025 09:53:45.801 * DB saved on disk
59808:C 17 Feb 2025 09:53:45.801 * RDB: 0 MB of memory used by copy-on-write
1945:M 17 Feb 2025 09:53:45.901 * Background saving terminated with success
1945:M 17 Feb 2025 09:54:01.098 * 1 changes in 15 seconds. Saving...
1945:M 17 Feb 2025 09:54:01.099 * Background saving started by pid 59821
59821:C 17 Feb 2025 09:54:01.101 * DB saved on disk
59821:C 17 Feb 2025 09:54:01.102 * RDB: 0 MB of memory used by copy-on-write
1945:M 17 Feb 2025 09:54:01.200 * Background saving terminated with success
1945:M 17 Feb 2025 09:56:35.726 * 1 changes in 15 seconds. Saving...
1945:M 17 Feb 2025 09:56:35.729 * Background saving started by pid 59944
59944:C 17 Feb 2025 09:56:35.735 * DB saved on disk
59944:C 17 Feb 2025 09:56:35.736 * RDB: 0 MB of memory used by copy-on-write
1945:M 17 Feb 2025 09:56:35.831 * Background saving terminated with success
1945:M 17 Feb 2025 09:57:35.730 * 1 changes in 15 seconds. Saving...
1945:M 17 Feb 2025 09:57:35.730 * Background saving started by pid 59988
59988:C 17 Feb 2025 09:57:35.732 * DB saved on disk
59988:C 17 Feb 2025 09:57:35.732 * RDB: 0 MB of memory used by copy-on-write
1945:M 17 Feb 2025 09:57:35.830 * Background saving terminated with success
1945:M 17 Feb 2025 10:23:45.748 * 1 changes in 15 seconds. Saving...
1945:M 17 Feb 2025 10:23:45.748 * Background saving started by pid 61100
61100:C 17 Feb 2025 10:23:45.750 * DB saved on disk
61100:C 17 Feb 2025 10:23:45.750 * RDB: 0 MB of memory used by copy-on-write
1945:M 17 Feb 2025 10:23:45.852 * Background saving terminated with success
1945:M 17 Feb 2025 10:24:01.083 * 1 changes in 15 seconds. Saving...
1945:M 17 Feb 2025 10:24:01.085 * Background saving started by pid 61114
61114:C 17 Feb 2025 10:24:01.090 * DB saved on disk
61114:C 17 Feb 2025 10:24:01.091 * RDB: 0 MB of memory used by copy-on-write
1945:M 17 Feb 2025 10:24:01.186 * Background saving terminated with success
1945:M 17 Feb 2025 10:53:45.735 * 1 changes in 15 seconds. Saving...
1945:M 17 Feb 2025 10:53:45.735 * Background saving started by pid 62384
62384:C 17 Feb 2025 10:53:45.738 * DB saved on disk
62384:C 17 Feb 2025 10:53:45.739 * RDB: 0 MB of memory used by copy-on-write
1945:M 17 Feb 2025 10:53:45.838 * Background saving terminated with success
1945:M 17 Feb 2025 10:54:01.000 * 1 changes in 15 seconds. Saving...
1945:M 17 Feb 2025 10:54:01.007 * Background saving started by pid 62397
62397:C 17 Feb 2025 10:54:01.015 * DB saved on disk
62397:C 17 Feb 2025 10:54:01.016 * RDB: 0 MB of memory used by copy-on-write
1945:M 17 Feb 2025 10:54:01.110 * Background saving terminated with success
1945:M 17 Feb 2025 10:56:35.786 * 1 changes in 15 seconds. Saving...
1945:M 17 Feb 2025 10:56:35.786 * Background saving started by pid 62515
62515:C 17 Feb 2025 10:56:35.788 * DB saved on disk
62515:C 17 Feb 2025 10:56:35.788 * RDB: 0 MB of memory used by copy-on-write
1945:M 17 Feb 2025 10:56:35.887 * Background saving terminated with success
1945:M 17 Feb 2025 10:57:35.665 * 1 changes in 15 seconds. Saving...
1945:M 17 Feb 2025 10:57:35.665 * Background saving started by pid 62550
62550:C 17 Feb 2025 10:57:35.668 * DB saved on disk
62550:C 17 Feb 2025 10:57:35.668 * RDB: 0 MB of memory used by copy-on-write
1945:M 17 Feb 2025 10:57:35.766 * Background saving terminated with success
1945:M 17 Feb 2025 11:23:45.780 * 1 changes in 15 seconds. Saving...
1945:M 17 Feb 2025 11:23:45.780 * Background saving started by pid 63671
63671:C 17 Feb 2025 11:23:45.782 * DB saved on disk
63671:C 17 Feb 2025 11:23:45.784 * RDB: 0 MB of memory used by copy-on-write
1945:M 17 Feb 2025 11:23:45.884 * Background saving terminated with success
1945:M 17 Feb 2025 11:24:01.042 * 1 changes in 15 seconds. Saving...
1945:M 17 Feb 2025 11:24:01.045 * Background saving started by pid 63684
63684:C 17 Feb 2025 11:24:01.050 * DB saved on disk
63684:C 17 Feb 2025 11:24:01.051 * RDB: 0 MB of memory used by copy-on-write
1945:M 17 Feb 2025 11:24:01.146 * Background saving terminated with success
1945:M 17 Feb 2025 11:53:45.728 * 1 changes in 15 seconds. Saving...
1945:M 17 Feb 2025 11:53:45.731 * Background saving started by pid 64956
64956:C 17 Feb 2025 11:53:45.736 * DB saved on disk
64956:C 17 Feb 2025 11:53:45.738 * RDB: 0 MB of memory used by copy-on-write
1945:M 17 Feb 2025 11:53:45.833 * Background saving terminated with success
1945:M 17 Feb 2025 11:54:01.081 * 1 changes in 15 seconds. Saving...
1945:M 17 Feb 2025 11:54:01.085 * Background saving started by pid 64970
64970:C 17 Feb 2025 11:54:01.094 * DB saved on disk
64970:C 17 Feb 2025 11:54:01.095 * RDB: 0 MB of memory used by copy-on-write
1945:M 17 Feb 2025 11:54:01.186 * Background saving terminated with success
1945:M 17 Feb 2025 11:56:35.745 * 1 changes in 15 seconds. Saving...
1945:M 17 Feb 2025 11:56:35.746 * Background saving started by pid 65085
65085:C 17 Feb 2025 11:56:35.748 * DB saved on disk
65085:C 17 Feb 2025 11:56:35.749 * RDB: 0 MB of memory used by copy-on-write
1945:M 17 Feb 2025 11:56:35.850 * Background saving terminated with success
1945:M 17 Feb 2025 11:57:35.846 * 1 changes in 15 seconds. Saving...
1945:M 17 Feb 2025 11:57:35.846 * Background saving started by pid 65129
65129:C 17 Feb 2025 11:57:35.850 * DB saved on disk
65129:C 17 Feb 2025 11:57:35.851 * RDB: 0 MB of memory used by copy-on-write
1945:M 17 Feb 2025 11:57:35.948 * Background saving terminated with success
1945:M 17 Feb 2025 12:23:45.846 * 1 changes in 15 seconds. Saving...
1945:M 17 Feb 2025 12:23:45.847 * Background saving started by pid 66269
66269:C 17 Feb 2025 12:23:45.849 * DB saved on disk
66269:C 17 Feb 2025 12:23:45.849 * RDB: 0 MB of memory used by copy-on-write
1945:M 17 Feb 2025 12:23:45.953 * Background saving terminated with success
1945:M 17 Feb 2025 12:24:01.002 * 1 changes in 15 seconds. Saving...
1945:M 17 Feb 2025 12:24:01.005 * Background saving started by pid 66282
66282:C 17 Feb 2025 12:24:01.014 * DB saved on disk
66282:C 17 Feb 2025 12:24:01.014 * RDB: 0 MB of memory used by copy-on-write
1945:M 17 Feb 2025 12:24:01.106 * Background saving terminated with success
1945:M 17 Feb 2025 12:53:45.790 * 1 changes in 15 seconds. Saving...
1945:M 17 Feb 2025 12:53:45.790 * Background saving started by pid 67554
67554:C 17 Feb 2025 12:53:45.792 * DB saved on disk
67554:C 17 Feb 2025 12:53:45.792 * RDB: 0 MB of memory used by copy-on-write
1945:M 17 Feb 2025 12:53:45.894 * Background saving terminated with success
1945:M 17 Feb 2025 12:54:01.036 * 1 changes in 15 seconds. Saving...
1945:M 17 Feb 2025 12:54:01.037 * Background saving started by pid 67567
67567:C 17 Feb 2025 12:54:01.041 * DB saved on disk
67567:C 17 Feb 2025 12:54:01.041 * RDB: 0 MB of memory used by copy-on-write
1945:M 17 Feb 2025 12:54:01.137 * Background saving terminated with success
1945:M 17 Feb 2025 12:56:35.834 * 1 changes in 15 seconds. Saving...
1945:M 17 Feb 2025 12:56:35.834 * Background saving started by pid 67675
67675:C 17 Feb 2025 12:56:35.836 * DB saved on disk
67675:C 17 Feb 2025 12:56:35.836 * RDB: 0 MB of memory used by copy-on-write
1945:M 17 Feb 2025 12:56:35.934 * Background saving terminated with success
1945:M 17 Feb 2025 12:57:35.737 * 1 changes in 15 seconds. Saving...
1945:M 17 Feb 2025 12:57:35.737 * Background saving started by pid 67721
67721:C 17 Feb 2025 12:57:35.739 * DB saved on disk
67721:C 17 Feb 2025 12:57:35.739 * RDB: 0 MB of memory used by copy-on-write
1945:M 17 Feb 2025 12:57:35.838 * Background saving terminated with success
1945:M 17 Feb 2025 13:23:45.789 * 1 changes in 15 seconds. Saving...
1945:M 17 Feb 2025 13:23:45.789 * Background saving started by pid 68843
68843:C 17 Feb 2025 13:23:45.791 * DB saved on disk
68843:C 17 Feb 2025 13:23:45.792 * RDB: 0 MB of memory used by copy-on-write
1945:M 17 Feb 2025 13:23:45.891 * Background saving terminated with success
1945:M 17 Feb 2025 13:24:01.010 * 1 changes in 15 seconds. Saving...
1945:M 17 Feb 2025 13:24:01.011 * Background saving started by pid 68856
68856:C 17 Feb 2025 13:24:01.013 * DB saved on disk
68856:C 17 Feb 2025 13:24:01.014 * RDB: 0 MB of memory used by copy-on-write
1945:M 17 Feb 2025 13:24:01.112 * Background saving terminated with success
1945:M 17 Feb 2025 13:53:45.874 * 1 changes in 15 seconds. Saving...
1945:M 17 Feb 2025 13:53:45.875 * Background saving started by pid 70128
70128:C 17 Feb 2025 13:53:45.877 * DB saved on disk
70128:C 17 Feb 2025 13:53:45.877 * RDB: 0 MB of memory used by copy-on-write
1945:M 17 Feb 2025 13:53:45.976 * Background saving terminated with success
1945:M 17 Feb 2025 13:54:01.073 * 1 changes in 15 seconds. Saving...
1945:M 17 Feb 2025 13:54:01.074 * Background saving started by pid 70141
70141:C 17 Feb 2025 13:54:01.077 * DB saved on disk
70141:C 17 Feb 2025 13:54:01.077 * RDB: 0 MB of memory used by copy-on-write
1945:M 17 Feb 2025 13:54:01.176 * Background saving terminated with success
1945:M 17 Feb 2025 13:56:35.861 * 1 changes in 15 seconds. Saving...
1945:M 17 Feb 2025 13:56:35.861 * Background saving started by pid 70253
70253:C 17 Feb 2025 13:56:35.863 * DB saved on disk
70253:C 17 Feb 2025 13:56:35.863 * RDB: 0 MB of memory used by copy-on-write
1945:M 17 Feb 2025 13:56:35.966 * Background saving terminated with success
1945:M 17 Feb 2025 13:57:35.851 * 1 changes in 15 seconds. Saving...
1945:M 17 Feb 2025 13:57:35.852 * Background saving started by pid 70297
70297:C 17 Feb 2025 13:57:35.855 * DB saved on disk
70297:C 17 Feb 2025 13:57:35.855 * RDB: 0 MB of memory used by copy-on-write
1945:M 17 Feb 2025 13:57:35.952 * Background saving terminated with success
1945:M 17 Feb 2025 14:23:45.899 * 1 changes in 15 seconds. Saving...
1945:M 17 Feb 2025 14:23:45.900 * Background saving started by pid 71420
71420:C 17 Feb 2025 14:23:45.904 * DB saved on disk
71420:C 17 Feb 2025 14:23:45.905 * RDB: 0 MB of memory used by copy-on-write
1945:M 17 Feb 2025 14:23:46.001 * Background saving terminated with success
1945:M 17 Feb 2025 14:24:02.053 * 1 changes in 15 seconds. Saving...
1945:M 17 Feb 2025 14:24:02.056 * Background saving started by pid 71433
71433:C 17 Feb 2025 14:24:02.060 * DB saved on disk
71433:C 17 Feb 2025 14:24:02.061 * RDB: 0 MB of memory used by copy-on-write
1945:M 17 Feb 2025 14:24:02.158 * Background saving terminated with success
1945:M 17 Feb 2025 14:53:45.910 * 1 changes in 15 seconds. Saving...
1945:M 17 Feb 2025 14:53:45.911 * Background saving started by pid 72709
72709:C 17 Feb 2025 14:53:45.913 * DB saved on disk
72709:C 17 Feb 2025 14:53:45.914 * RDB: 0 MB of memory used by copy-on-write
1945:M 17 Feb 2025 14:53:46.011 * Background saving terminated with success
1945:M 17 Feb 2025 14:54:02.043 * 1 changes in 15 seconds. Saving...
1945:M 17 Feb 2025 14:54:02.044 * Background saving started by pid 72722
72722:C 17 Feb 2025 14:54:02.051 * DB saved on disk
72722:C 17 Feb 2025 14:54:02.052 * RDB: 0 MB of memory used by copy-on-write
1945:M 17 Feb 2025 14:54:02.146 * Background saving terminated with success
1945:M 17 Feb 2025 14:56:35.835 * 1 changes in 15 seconds. Saving...
1945:M 17 Feb 2025 14:56:35.835 * Background saving started by pid 72830
72830:C 17 Feb 2025 14:56:35.837 * DB saved on disk
72830:C 17 Feb 2025 14:56:35.837 * RDB: 0 MB of memory used by copy-on-write
1945:M 17 Feb 2025 14:56:35.937 * Background saving terminated with success
1945:M 17 Feb 2025 14:57:35.864 * 1 changes in 15 seconds. Saving...
1945:M 17 Feb 2025 14:57:35.864 * Background saving started by pid 72876
72876:C 17 Feb 2025 14:57:35.867 * DB saved on disk
72876:C 17 Feb 2025 14:57:35.867 * RDB: 0 MB of memory used by copy-on-write
1945:M 17 Feb 2025 14:57:35.965 * Background saving terminated with success
1945:M 17 Feb 2025 20:11:05.579 * 1 changes in 15 seconds. Saving...
1945:M 17 Feb 2025 20:11:05.580 * Background saving started by pid 73997
73997:C 17 Feb 2025 20:11:05.582 * DB saved on disk
73997:C 17 Feb 2025 20:11:05.582 * RDB: 0 MB of memory used by copy-on-write
1945:M 17 Feb 2025 20:11:05.681 * Background saving terminated with success
1945:M 17 Feb 2025 20:11:21.079 * 1 changes in 15 seconds. Saving...
1945:M 17 Feb 2025 20:11:21.080 * Background saving started by pid 74010
74010:C 17 Feb 2025 20:11:21.085 * DB saved on disk
74010:C 17 Feb 2025 20:11:21.086 * RDB: 0 MB of memory used by copy-on-write
1945:M 17 Feb 2025 20:11:21.181 * Background saving terminated with success
1945:M 17 Feb 2025 23:32:14.234 * 1 changes in 15 seconds. Saving...
1945:M 17 Feb 2025 23:32:14.234 * Background saving started by pid 75281
75281:C 17 Feb 2025 23:32:14.237 * DB saved on disk
75281:C 17 Feb 2025 23:32:14.237 * RDB: 0 MB of memory used by copy-on-write
1945:M 17 Feb 2025 23:32:14.338 * Background saving terminated with success
1945:M 17 Feb 2025 23:32:30.092 * 1 changes in 15 seconds. Saving...
1945:M 17 Feb 2025 23:32:30.092 * Background saving started by pid 75294
75294:C 17 Feb 2025 23:32:30.098 * DB saved on disk
75294:C 17 Feb 2025 23:32:30.099 * RDB: 0 MB of memory used by copy-on-write
1945:M 17 Feb 2025 23:32:30.193 * Background saving terminated with success
1945:M 17 Feb 2025 23:35:04.209 * 1 changes in 15 seconds. Saving...
1945:M 17 Feb 2025 23:35:04.210 * Background saving started by pid 75420
75420:C 17 Feb 2025 23:35:04.216 * DB saved on disk
75420:C 17 Feb 2025 23:35:04.217 * RDB: 0 MB of memory used by copy-on-write
1945:M 17 Feb 2025 23:35:04.312 * Background saving terminated with success
1945:M 17 Feb 2025 23:36:04.257 * 1 changes in 15 seconds. Saving...
1945:M 17 Feb 2025 23:36:04.258 * Background saving started by pid 75464
75464:C 17 Feb 2025 23:36:04.262 * DB saved on disk
75464:C 17 Feb 2025 23:36:04.262 * RDB: 0 MB of memory used by copy-on-write
1945:M 17 Feb 2025 23:36:04.358 * Background saving terminated with success
1945:M 18 Feb 2025 04:58:10.371 * 1 changes in 15 seconds. Saving...
1945:M 18 Feb 2025 04:58:10.371 * Background saving started by pid 76593
76593:C 18 Feb 2025 04:58:10.377 * DB saved on disk
76593:C 18 Feb 2025 04:58:10.377 * RDB: 0 MB of memory used by copy-on-write
1945:M 18 Feb 2025 04:58:10.472 * Background saving terminated with success
1945:M 18 Feb 2025 04:58:26.027 * 1 changes in 15 seconds. Saving...
1945:M 18 Feb 2025 04:58:26.028 * Background saving started by pid 76606
76606:C 18 Feb 2025 04:58:26.032 * DB saved on disk
76606:C 18 Feb 2025 04:58:26.033 * RDB: 0 MB of memory used by copy-on-write
1945:M 18 Feb 2025 04:58:26.129 * Background saving terminated with success
1945:M 18 Feb 2025 05:28:10.359 * 1 changes in 15 seconds. Saving...
1945:M 18 Feb 2025 05:28:10.360 * Background saving started by pid 77879
77879:C 18 Feb 2025 05:28:10.363 * DB saved on disk
77879:C 18 Feb 2025 05:28:10.363 * RDB: 0 MB of memory used by copy-on-write
1945:M 18 Feb 2025 05:28:10.461 * Background saving terminated with success
1945:M 18 Feb 2025 05:28:26.046 * 1 changes in 15 seconds. Saving...
1945:M 18 Feb 2025 05:28:26.048 * Background saving started by pid 77893
77893:C 18 Feb 2025 05:28:26.053 * DB saved on disk
77893:C 18 Feb 2025 05:28:26.054 * RDB: 0 MB of memory used by copy-on-write
1945:M 18 Feb 2025 05:28:26.149 * Background saving terminated with success
1945:M 18 Feb 2025 05:31:00.313 * 1 changes in 15 seconds. Saving...
1945:M 18 Feb 2025 05:31:00.314 * Background saving started by pid 78010
78010:C 18 Feb 2025 05:31:00.317 * DB saved on disk
78010:C 18 Feb 2025 05:31:00.317 * RDB: 0 MB of memory used by copy-on-write
1945:M 18 Feb 2025 05:31:00.414 * Background saving terminated with success
1945:M 18 Feb 2025 05:32:00.384 * 1 changes in 15 seconds. Saving...
1945:M 18 Feb 2025 05:32:00.385 * Background saving started by pid 78045
78045:C 18 Feb 2025 05:32:00.388 * DB saved on disk
78045:C 18 Feb 2025 05:32:00.389 * RDB: 0 MB of memory used by copy-on-write
1945:M 18 Feb 2025 05:32:00.487 * Background saving terminated with success
1945:M 18 Feb 2025 06:21:58.439 * 1 changes in 15 seconds. Saving...
1945:M 18 Feb 2025 06:21:58.439 * Background saving started by pid 79161
79161:C 18 Feb 2025 06:21:58.441 * DB saved on disk
79161:C 18 Feb 2025 06:21:58.441 * RDB: 0 MB of memory used by copy-on-write
1945:M 18 Feb 2025 06:21:58.540 * Background saving terminated with success
1945:M 18 Feb 2025 06:22:14.070 * 1 changes in 15 seconds. Saving...
1945:M 18 Feb 2025 06:22:14.070 * Background saving started by pid 79176
79176:C 18 Feb 2025 06:22:14.263 * DB saved on disk
79176:C 18 Feb 2025 06:22:14.266 * RDB: 0 MB of memory used by copy-on-write
1945:M 18 Feb 2025 06:22:14.326 * Background saving terminated with success
1945:M 18 Feb 2025 06:55:32.820 * 1 changes in 15 seconds. Saving...
1945:M 18 Feb 2025 06:55:32.821 * Background saving started by pid 80447
80447:C 18 Feb 2025 06:55:32.825 * DB saved on disk
80447:C 18 Feb 2025 06:55:32.825 * RDB: 0 MB of memory used by copy-on-write
1945:M 18 Feb 2025 06:55:32.922 * Background saving terminated with success
1945:M 18 Feb 2025 06:55:48.036 * 1 changes in 15 seconds. Saving...
1945:M 18 Feb 2025 06:55:48.039 * Background saving started by pid 80461
80461:C 18 Feb 2025 06:55:48.053 * DB saved on disk
80461:C 18 Feb 2025 06:55:48.054 * RDB: 0 MB of memory used by copy-on-write
1945:M 18 Feb 2025 06:55:48.142 * Background saving terminated with success
1945:M 18 Feb 2025 06:58:40.411 * 1 changes in 15 seconds. Saving...
1945:M 18 Feb 2025 06:58:40.411 * Background saving started by pid 80578
80578:C 18 Feb 2025 06:58:40.413 * DB saved on disk
80578:C 18 Feb 2025 06:58:40.413 * RDB: 0 MB of memory used by copy-on-write
1945:M 18 Feb 2025 06:58:40.513 * Background saving terminated with success
1945:M 18 Feb 2025 06:59:40.433 * 1 changes in 15 seconds. Saving...
1945:M 18 Feb 2025 06:59:40.434 * Background saving started by pid 80621
80621:C 18 Feb 2025 06:59:40.438 * DB saved on disk
80621:C 18 Feb 2025 06:59:40.439 * RDB: 0 MB of memory used by copy-on-write
1945:M 18 Feb 2025 06:59:40.537 * Background saving terminated with success
1945:M 18 Feb 2025 08:27:42.219 * 1 changes in 15 seconds. Saving...
1945:M 18 Feb 2025 08:27:42.220 * Background saving started by pid 81743
81743:C 18 Feb 2025 08:27:42.222 * DB saved on disk
81743:C 18 Feb 2025 08:27:42.223 * RDB: 0 MB of memory used by copy-on-write
1945:M 18 Feb 2025 08:27:42.320 * Background saving terminated with success
1945:M 18 Feb 2025 08:27:58.095 * 1 changes in 15 seconds. Saving...
1945:M 18 Feb 2025 08:27:58.096 * Background saving started by pid 81757
81757:C 18 Feb 2025 08:27:58.103 * DB saved on disk
81757:C 18 Feb 2025 08:27:58.104 * RDB: 0 MB of memory used by copy-on-write
1945:M 18 Feb 2025 08:27:58.197 * Background saving terminated with success
1945:M 18 Feb 2025 08:57:42.297 * 1 changes in 15 seconds. Saving...
1945:M 18 Feb 2025 08:57:42.297 * Background saving started by pid 83026
83026:C 18 Feb 2025 08:57:42.299 * DB saved on disk
83026:C 18 Feb 2025 08:57:42.300 * RDB: 0 MB of memory used by copy-on-write
1945:M 18 Feb 2025 08:57:42.400 * Background saving terminated with success
1945:M 18 Feb 2025 08:57:58.083 * 1 changes in 15 seconds. Saving...
1945:M 18 Feb 2025 08:57:58.085 * Background saving started by pid 83040
83040:C 18 Feb 2025 08:57:58.089 * DB saved on disk
83040:C 18 Feb 2025 08:57:58.090 * RDB: 0 MB of memory used by copy-on-write
1945:M 18 Feb 2025 08:57:58.186 * Background saving terminated with success
1945:M 18 Feb 2025 09:00:32.292 * 1 changes in 15 seconds. Saving...
1945:M 18 Feb 2025 09:00:32.293 * Background saving started by pid 83153
83153:C 18 Feb 2025 09:00:32.296 * DB saved on disk
83153:C 18 Feb 2025 09:00:32.296 * RDB: 0 MB of memory used by copy-on-write
1945:M 18 Feb 2025 09:00:32.397 * Background saving terminated with success
1945:M 18 Feb 2025 09:03:09.115 * 1 changes in 15 seconds. Saving...
1945:M 18 Feb 2025 09:03:09.117 * Background saving started by pid 83200
83200:C 18 Feb 2025 09:03:09.119 * DB saved on disk
83200:C 18 Feb 2025 09:03:09.120 * RDB: 0 MB of memory used by copy-on-write
1945:M 18 Feb 2025 09:03:09.218 * Background saving terminated with success
1945:M 18 Feb 2025 09:31:13.960 * 1 changes in 15 seconds. Saving...
1945:M 18 Feb 2025 09:31:13.961 * Background saving started by pid 84319
84319:C 18 Feb 2025 09:31:13.963 * DB saved on disk
84319:C 18 Feb 2025 09:31:13.963 * RDB: 0 MB of memory used by copy-on-write
1945:M 18 Feb 2025 09:31:14.062 * Background saving terminated with success
1945:M 18 Feb 2025 09:31:30.068 * 1 changes in 15 seconds. Saving...
1945:M 18 Feb 2025 09:31:30.068 * Background saving started by pid 84333
84333:C 18 Feb 2025 09:31:30.073 * DB saved on disk
84333:C 18 Feb 2025 09:31:30.074 * RDB: 0 MB of memory used by copy-on-write
1945:M 18 Feb 2025 09:31:30.170 * Background saving terminated with success
1945:M 18 Feb 2025 12:31:14.358 * 1 changes in 15 seconds. Saving...
1945:M 18 Feb 2025 12:31:14.359 * Background saving started by pid 85638
85638:C 18 Feb 2025 12:31:14.361 * DB saved on disk
85638:C 18 Feb 2025 12:31:14.361 * RDB: 0 MB of memory used by copy-on-write
1945:M 18 Feb 2025 12:31:14.460 * Background saving terminated with success
1945:M 18 Feb 2025 12:31:30.018 * 1 changes in 15 seconds. Saving...
1945:M 18 Feb 2025 12:31:30.018 * Background saving started by pid 85652
85652:C 18 Feb 2025 12:31:30.024 * DB saved on disk
85652:C 18 Feb 2025 12:31:30.024 * RDB: 0 MB of memory used by copy-on-write
1945:M 18 Feb 2025 12:31:30.120 * Background saving terminated with success
1945:M 18 Feb 2025 12:34:04.344 * 1 changes in 15 seconds. Saving...
1945:M 18 Feb 2025 12:34:04.344 * Background saving started by pid 85762
85762:C 18 Feb 2025 12:34:04.346 * DB saved on disk
85762:C 18 Feb 2025 12:34:04.346 * RDB: 0 MB of memory used by copy-on-write
1945:M 18 Feb 2025 12:34:04.444 * Background saving terminated with success
1945:M 18 Feb 2025 12:35:04.302 * 1 changes in 15 seconds. Saving...
1945:M 18 Feb 2025 12:35:04.303 * Background saving started by pid 85807
85807:C 18 Feb 2025 12:35:04.305 * DB saved on disk
85807:C 18 Feb 2025 12:35:04.305 * RDB: 0 MB of memory used by copy-on-write
1945:M 18 Feb 2025 12:35:04.404 * Background saving terminated with success
1945:M 18 Feb 2025 13:01:14.347 * 1 changes in 15 seconds. Saving...
1945:M 18 Feb 2025 13:01:14.347 * Background saving started by pid 86928
86928:C 18 Feb 2025 13:01:14.349 * DB saved on disk
86928:C 18 Feb 2025 13:01:14.349 * RDB: 0 MB of memory used by copy-on-write
1945:M 18 Feb 2025 13:01:14.448 * Background saving terminated with success
1945:M 18 Feb 2025 13:01:30.078 * 1 changes in 15 seconds. Saving...
1945:M 18 Feb 2025 13:01:30.080 * Background saving started by pid 86942
86942:C 18 Feb 2025 13:01:30.086 * DB saved on disk
86942:C 18 Feb 2025 13:01:30.087 * RDB: 0 MB of memory used by copy-on-write
1945:M 18 Feb 2025 13:01:30.182 * Background saving terminated with success
1945:M 18 Feb 2025 13:31:14.397 * 1 changes in 15 seconds. Saving...
1945:M 18 Feb 2025 13:31:14.398 * Background saving started by pid 88221
88221:C 18 Feb 2025 13:31:14.400 * DB saved on disk
88221:C 18 Feb 2025 13:31:14.400 * RDB: 0 MB of memory used by copy-on-write
1945:M 18 Feb 2025 13:31:14.499 * Background saving terminated with success
1945:M 18 Feb 2025 13:31:30.059 * 1 changes in 15 seconds. Saving...
1945:M 18 Feb 2025 13:31:30.060 * Background saving started by pid 88236
88236:C 18 Feb 2025 13:31:30.066 * DB saved on disk
88236:C 18 Feb 2025 13:31:30.067 * RDB: 0 MB of memory used by copy-on-write
1945:M 18 Feb 2025 13:31:30.162 * Background saving terminated with success
1945:M 18 Feb 2025 13:34:04.354 * 1 changes in 15 seconds. Saving...
1945:M 18 Feb 2025 13:34:04.354 * Background saving started by pid 88353
88353:C 18 Feb 2025 13:34:04.356 * DB saved on disk
88353:C 18 Feb 2025 13:34:04.357 * RDB: 0 MB of memory used by copy-on-write
1945:M 18 Feb 2025 13:34:04.456 * Background saving terminated with success
1945:M 18 Feb 2025 13:35:04.385 * 1 changes in 15 seconds. Saving...
1945:M 18 Feb 2025 13:35:04.385 * Background saving started by pid 88399
88399:C 18 Feb 2025 13:35:04.388 * DB saved on disk
88399:C 18 Feb 2025 13:35:04.388 * RDB: 0 MB of memory used by copy-on-write
1945:M 18 Feb 2025 13:35:04.486 * Background saving terminated with success
1945:M 18 Feb 2025 14:01:14.301 * 1 changes in 15 seconds. Saving...
1945:M 18 Feb 2025 14:01:14.302 * Background saving started by pid 89509
89509:C 18 Feb 2025 14:01:14.304 * DB saved on disk
89509:C 18 Feb 2025 14:01:14.305 * RDB: 0 MB of memory used by copy-on-write
1945:M 18 Feb 2025 14:01:14.403 * Background saving terminated with success
1945:M 18 Feb 2025 14:01:30.065 * 1 changes in 15 seconds. Saving...
1945:M 18 Feb 2025 14:01:30.066 * Background saving started by pid 89523
89523:C 18 Feb 2025 14:01:30.072 * DB saved on disk
89523:C 18 Feb 2025 14:01:30.073 * RDB: 0 MB of memory used by copy-on-write
1945:M 18 Feb 2025 14:01:30.169 * Background saving terminated with success
1945:M 18 Feb 2025 14:31:14.438 * 1 changes in 15 seconds. Saving...
1945:M 18 Feb 2025 14:31:14.439 * Background saving started by pid 90801
90801:C 18 Feb 2025 14:31:14.442 * DB saved on disk
90801:C 18 Feb 2025 14:31:14.442 * RDB: 0 MB of memory used by copy-on-write
1945:M 18 Feb 2025 14:31:14.540 * Background saving terminated with success
1945:M 18 Feb 2025 14:31:30.076 * 1 changes in 15 seconds. Saving...
1945:M 18 Feb 2025 14:31:30.077 * Background saving started by pid 90816
90816:C 18 Feb 2025 14:31:30.080 * DB saved on disk
90816:C 18 Feb 2025 14:31:30.081 * RDB: 0 MB of memory used by copy-on-write
1945:M 18 Feb 2025 14:31:30.178 * Background saving terminated with success
1945:M 18 Feb 2025 14:34:04.385 * 1 changes in 15 seconds. Saving...
1945:M 18 Feb 2025 14:34:04.385 * Background saving started by pid 90937
90937:C 18 Feb 2025 14:34:04.387 * DB saved on disk
90937:C 18 Feb 2025 14:34:04.388 * RDB: 0 MB of memory used by copy-on-write
1945:M 18 Feb 2025 14:34:04.487 * Background saving terminated with success
1945:M 18 Feb 2025 14:35:04.396 * 1 changes in 15 seconds. Saving...
1945:M 18 Feb 2025 14:35:04.396 * Background saving started by pid 90980
90980:C 18 Feb 2025 14:35:04.398 * DB saved on disk
90980:C 18 Feb 2025 14:35:04.398 * RDB: 0 MB of memory used by copy-on-write
1945:M 18 Feb 2025 14:35:04.499 * Background saving terminated with success
1945:M 19 Feb 2025 04:25:05.601 * 1 changes in 15 seconds. Saving...
1945:M 19 Feb 2025 04:25:05.602 * Background saving started by pid 92105
92105:C 19 Feb 2025 04:25:05.605 * DB saved on disk
92105:C 19 Feb 2025 04:25:05.606 * RDB: 0 MB of memory used by copy-on-write
1945:M 19 Feb 2025 04:25:05.703 * Background saving terminated with success
1945:M 19 Feb 2025 04:25:21.002 * 1 changes in 15 seconds. Saving...
1945:M 19 Feb 2025 04:25:21.002 * Background saving started by pid 92118
92118:C 19 Feb 2025 04:25:21.006 * DB saved on disk
92118:C 19 Feb 2025 04:25:21.007 * RDB: 0 MB of memory used by copy-on-write
1945:M 19 Feb 2025 04:25:21.104 * Background saving terminated with success
1945:M 19 Feb 2025 05:04:48.709 * 1 changes in 15 seconds. Saving...
1945:M 19 Feb 2025 05:04:48.710 * Background saving started by pid 93397
93397:C 19 Feb 2025 05:04:48.711 * DB saved on disk
93397:C 19 Feb 2025 05:04:48.711 * RDB: 0 MB of memory used by copy-on-write
1945:M 19 Feb 2025 05:04:48.814 * Background saving terminated with success
1945:M 19 Feb 2025 05:05:04.024 * 1 changes in 15 seconds. Saving...
1945:M 19 Feb 2025 05:05:04.025 * Background saving started by pid 93410
93410:C 19 Feb 2025 05:05:04.031 * DB saved on disk
93410:C 19 Feb 2025 05:05:04.032 * RDB: 0 MB of memory used by copy-on-write
1945:M 19 Feb 2025 05:05:04.125 * Background saving terminated with success
1945:M 19 Feb 2025 05:09:08.778 * 1 changes in 15 seconds. Saving...
1945:M 19 Feb 2025 05:09:08.779 * Background saving started by pid 93530
93530:C 19 Feb 2025 05:09:08.781 * DB saved on disk
93530:C 19 Feb 2025 05:09:08.781 * RDB: 0 MB of memory used by copy-on-write
1945:M 19 Feb 2025 05:09:08.880 * Background saving terminated with success
1945:M 19 Feb 2025 05:10:08.786 * 1 changes in 15 seconds. Saving...
1945:M 19 Feb 2025 05:10:08.787 * Background saving started by pid 93575
93575:C 19 Feb 2025 05:10:08.789 * DB saved on disk
93575:C 19 Feb 2025 05:10:08.789 * RDB: 0 MB of memory used by copy-on-write
1945:M 19 Feb 2025 05:10:08.887 * Background saving terminated with success
1945:M 19 Feb 2025 05:44:32.430 * 1 changes in 15 seconds. Saving...
1945:M 19 Feb 2025 05:44:32.431 * Background saving started by pid 94687
94687:C 19 Feb 2025 05:44:32.433 * DB saved on disk
94687:C 19 Feb 2025 05:44:32.434 * RDB: 0 MB of memory used by copy-on-write
1945:M 19 Feb 2025 05:44:32.536 * Background saving terminated with success
1945:M 19 Feb 2025 05:44:48.088 * 1 changes in 15 seconds. Saving...
1945:M 19 Feb 2025 05:44:48.088 * Background saving started by pid 94701
94701:C 19 Feb 2025 05:44:48.090 * DB saved on disk
94701:C 19 Feb 2025 05:44:48.091 * RDB: 0 MB of memory used by copy-on-write
1945:M 19 Feb 2025 05:44:48.190 * Background saving terminated with success
1945:M 19 Feb 2025 06:22:44.020 * 1 changes in 15 seconds. Saving...
1945:M 19 Feb 2025 06:22:44.021 * Background saving started by pid 95978
95978:C 19 Feb 2025 06:22:44.023 * DB saved on disk
95978:C 19 Feb 2025 06:22:44.023 * RDB: 0 MB of memory used by copy-on-write
1945:M 19 Feb 2025 06:22:44.124 * Background saving terminated with success
1945:M 19 Feb 2025 06:23:00.096 * 1 changes in 15 seconds. Saving...
1945:M 19 Feb 2025 06:23:00.097 * Background saving started by pid 96000
96000:C 19 Feb 2025 06:23:00.099 * DB saved on disk
96000:C 19 Feb 2025 06:23:00.099 * RDB: 0 MB of memory used by copy-on-write
1945:M 19 Feb 2025 06:23:00.198 * Background saving terminated with success
1945:M 19 Feb 2025 06:25:34.107 * 1 changes in 15 seconds. Saving...
1945:M 19 Feb 2025 06:25:34.108 * Background saving started by pid 96112
96112:C 19 Feb 2025 06:25:34.110 * DB saved on disk
96112:C 19 Feb 2025 06:25:34.110 * RDB: 0 MB of memory used by copy-on-write
1945:M 19 Feb 2025 06:25:34.209 * Background saving terminated with success
1945:M 19 Feb 2025 06:26:34.086 * 1 changes in 15 seconds. Saving...
1945:M 19 Feb 2025 06:26:34.086 * Background saving started by pid 96156
96156:C 19 Feb 2025 06:26:34.089 * DB saved on disk
96156:C 19 Feb 2025 06:26:34.090 * RDB: 0 MB of memory used by copy-on-write
1945:M 19 Feb 2025 06:26:34.186 * Background saving terminated with success
1945:M 19 Feb 2025 06:53:21.642 * 1 changes in 15 seconds. Saving...
1945:M 19 Feb 2025 06:53:21.642 * Background saving started by pid 97268
97268:C 19 Feb 2025 06:53:21.644 * DB saved on disk
97268:C 19 Feb 2025 06:53:21.645 * RDB: 0 MB of memory used by copy-on-write
1945:M 19 Feb 2025 06:53:21.744 * Background saving terminated with success
1945:M 19 Feb 2025 06:53:37.089 * 1 changes in 15 seconds. Saving...
1945:M 19 Feb 2025 06:53:37.090 * Background saving started by pid 97282
97282:C 19 Feb 2025 06:53:37.095 * DB saved on disk
97282:C 19 Feb 2025 06:53:37.096 * RDB: 0 MB of memory used by copy-on-write
1945:M 19 Feb 2025 06:53:37.192 * Background saving terminated with success
1945:M 19 Feb 2025 07:23:21.678 * 1 changes in 15 seconds. Saving...
1945:M 19 Feb 2025 07:23:21.679 * Background saving started by pid 98553
98553:C 19 Feb 2025 07:23:21.682 * DB saved on disk
98553:C 19 Feb 2025 07:23:21.682 * RDB: 0 MB of memory used by copy-on-write
1945:M 19 Feb 2025 07:23:21.780 * Background saving terminated with success
1945:M 19 Feb 2025 07:23:37.063 * 1 changes in 15 seconds. Saving...
1945:M 19 Feb 2025 07:23:37.063 * Background saving started by pid 98566
98566:C 19 Feb 2025 07:23:37.066 * DB saved on disk
98566:C 19 Feb 2025 07:23:37.066 * RDB: 0 MB of memory used by copy-on-write
1945:M 19 Feb 2025 07:23:37.169 * Background saving terminated with success
1945:M 19 Feb 2025 07:26:11.721 * 1 changes in 15 seconds. Saving...
1945:M 19 Feb 2025 07:26:11.722 * Background saving started by pid 98685
98685:C 19 Feb 2025 07:26:11.724 * DB saved on disk
98685:C 19 Feb 2025 07:26:11.724 * RDB: 0 MB of memory used by copy-on-write
1945:M 19 Feb 2025 07:26:11.822 * Background saving terminated with success
1945:M 19 Feb 2025 07:27:11.690 * 1 changes in 15 seconds. Saving...
1945:M 19 Feb 2025 07:27:11.690 * Background saving started by pid 98730
98730:C 19 Feb 2025 07:27:11.693 * DB saved on disk
98730:C 19 Feb 2025 07:27:11.693 * RDB: 0 MB of memory used by copy-on-write
1945:M 19 Feb 2025 07:27:11.791 * Background saving terminated with success
1945:M 19 Feb 2025 08:50:32.215 * 1 changes in 15 seconds. Saving...
1945:M 19 Feb 2025 08:50:32.215 * Background saving started by pid 99840
99840:C 19 Feb 2025 08:50:32.219 * DB saved on disk
99840:C 19 Feb 2025 08:50:32.219 * RDB: 0 MB of memory used by copy-on-write
1945:M 19 Feb 2025 08:50:32.317 * Background saving terminated with success
1945:M 19 Feb 2025 08:50:48.032 * 1 changes in 15 seconds. Saving...
1945:M 19 Feb 2025 08:50:48.034 * Background saving started by pid 99859
99859:C 19 Feb 2025 08:50:48.038 * DB saved on disk
99859:C 19 Feb 2025 08:50:48.039 * RDB: 0 MB of memory used by copy-on-write
1945:M 19 Feb 2025 08:50:48.140 * Background saving terminated with success
1945:M 19 Feb 2025 09:20:32.207 * 1 changes in 15 seconds. Saving...
1945:M 19 Feb 2025 09:20:32.208 * Background saving started by pid 1424
1424:C 19 Feb 2025 09:20:32.210 * DB saved on disk
1424:C 19 Feb 2025 09:20:32.211 * RDB: 0 MB of memory used by copy-on-write
1945:M 19 Feb 2025 09:20:32.309 * Background saving terminated with success
1945:M 19 Feb 2025 09:20:48.094 * 1 changes in 15 seconds. Saving...
1945:M 19 Feb 2025 09:20:48.095 * Background saving started by pid 1437
1437:C 19 Feb 2025 09:20:48.098 * DB saved on disk
1437:C 19 Feb 2025 09:20:48.099 * RDB: 0 MB of memory used by copy-on-write
1945:M 19 Feb 2025 09:20:48.197 * Background saving terminated with success
1945:M 19 Feb 2025 09:23:22.180 * 1 changes in 15 seconds. Saving...
1945:M 19 Feb 2025 09:23:22.181 * Background saving started by pid 1559
1559:C 19 Feb 2025 09:23:22.184 * DB saved on disk
1559:C 19 Feb 2025 09:23:22.184 * RDB: 0 MB of memory used by copy-on-write
1945:M 19 Feb 2025 09:23:22.281 * Background saving terminated with success
1945:M 19 Feb 2025 09:24:22.206 * 1 changes in 15 seconds. Saving...
1945:M 19 Feb 2025 09:24:22.212 * Background saving started by pid 1602
1602:C 19 Feb 2025 09:24:22.216 * DB saved on disk
1602:C 19 Feb 2025 09:24:22.218 * RDB: 0 MB of memory used by copy-on-write
1945:M 19 Feb 2025 09:24:22.313 * Background saving terminated with success
1945:M 19 Feb 2025 09:57:41.745 * 1 changes in 15 seconds. Saving...
1945:M 19 Feb 2025 09:57:41.747 * Background saving started by pid 3049
3049:C 19 Feb 2025 09:57:41.750 * DB saved on disk
3049:C 19 Feb 2025 09:57:41.751 * RDB: 0 MB of memory used by copy-on-write
1945:M 19 Feb 2025 09:57:41.847 * Background saving terminated with success
1945:M 19 Feb 2025 09:57:57.040 * 1 changes in 15 seconds. Saving...
1945:M 19 Feb 2025 09:57:57.041 * Background saving started by pid 3062
3062:C 19 Feb 2025 09:57:57.045 * DB saved on disk
3062:C 19 Feb 2025 09:57:57.046 * RDB: 0 MB of memory used by copy-on-write
1945:M 19 Feb 2025 09:57:57.143 * Background saving terminated with success
1945:M 19 Feb 2025 12:09:29.167 * 1 changes in 15 seconds. Saving...
1945:M 19 Feb 2025 12:09:29.167 * Background saving started by pid 4362
4362:C 19 Feb 2025 12:09:29.169 * DB saved on disk
4362:C 19 Feb 2025 12:09:29.169 * RDB: 0 MB of memory used by copy-on-write
1945:M 19 Feb 2025 12:09:29.267 * Background saving terminated with success
1945:M 19 Feb 2025 12:09:45.081 * 1 changes in 15 seconds. Saving...
1945:M 19 Feb 2025 12:09:45.082 * Background saving started by pid 4375
4375:C 19 Feb 2025 12:09:45.084 * DB saved on disk
4375:C 19 Feb 2025 12:09:45.084 * RDB: 0 MB of memory used by copy-on-write
1945:M 19 Feb 2025 12:09:45.185 * Background saving terminated with success
1945:M 19 Feb 2025 12:12:19.237 * 1 changes in 15 seconds. Saving...
1945:M 19 Feb 2025 12:12:19.238 * Background saving started by pid 4493
4493:C 19 Feb 2025 12:12:19.239 * DB saved on disk
4493:C 19 Feb 2025 12:12:19.240 * RDB: 0 MB of memory used by copy-on-write
1945:M 19 Feb 2025 12:12:19.339 * Background saving terminated with success
1945:M 19 Feb 2025 12:13:19.240 * 1 changes in 15 seconds. Saving...
1945:M 19 Feb 2025 12:13:19.241 * Background saving started by pid 4538
4538:C 19 Feb 2025 12:13:19.243 * DB saved on disk
4538:C 19 Feb 2025 12:13:19.244 * RDB: 0 MB of memory used by copy-on-write
1945:M 19 Feb 2025 12:13:19.343 * Background saving terminated with success
1945:M 19 Feb 2025 12:39:29.254 * 1 changes in 15 seconds. Saving...
1945:M 19 Feb 2025 12:39:29.255 * Background saving started by pid 5648
5648:C 19 Feb 2025 12:39:29.257 * DB saved on disk
5648:C 19 Feb 2025 12:39:29.258 * RDB: 0 MB of memory used by copy-on-write
1945:M 19 Feb 2025 12:39:29.357 * Background saving terminated with success
1945:M 19 Feb 2025 12:39:45.081 * 1 changes in 15 seconds. Saving...
1945:M 19 Feb 2025 12:39:45.082 * Background saving started by pid 5662
5662:C 19 Feb 2025 12:39:45.089 * DB saved on disk
5662:C 19 Feb 2025 12:39:45.090 * RDB: 0 MB of memory used by copy-on-write
1945:M 19 Feb 2025 12:39:45.188 * Background saving terminated with success
1945:M 19 Feb 2025 13:09:29.366 * 1 changes in 15 seconds. Saving...
1945:M 19 Feb 2025 13:09:29.367 * Background saving started by pid 6938
6938:C 19 Feb 2025 13:09:29.370 * DB saved on disk
6938:C 19 Feb 2025 13:09:29.371 * RDB: 0 MB of memory used by copy-on-write
1945:M 19 Feb 2025 13:09:29.469 * Background saving terminated with success
1945:M 19 Feb 2025 13:09:45.096 * 1 changes in 15 seconds. Saving...
1945:M 19 Feb 2025 13:09:45.097 * Background saving started by pid 6951
6951:C 19 Feb 2025 13:09:45.105 * DB saved on disk
6951:C 19 Feb 2025 13:09:45.105 * RDB: 0 MB of memory used by copy-on-write
1945:M 19 Feb 2025 13:09:45.198 * Background saving terminated with success
1945:M 19 Feb 2025 13:12:19.326 * 1 changes in 15 seconds. Saving...
1945:M 19 Feb 2025 13:12:19.327 * Background saving started by pid 7072
7072:C 19 Feb 2025 13:12:19.331 * DB saved on disk
7072:C 19 Feb 2025 13:12:19.332 * RDB: 0 MB of memory used by copy-on-write
1945:M 19 Feb 2025 13:12:19.429 * Background saving terminated with success
1945:M 19 Feb 2025 13:13:19.313 * 1 changes in 15 seconds. Saving...
1945:M 19 Feb 2025 13:13:19.313 * Background saving started by pid 7115
7115:C 19 Feb 2025 13:13:19.316 * DB saved on disk
7115:C 19 Feb 2025 13:13:19.316 * RDB: 0 MB of memory used by copy-on-write
1945:M 19 Feb 2025 13:13:19.419 * Background saving terminated with success
1945:M 19 Feb 2025 13:39:29.331 * 1 changes in 15 seconds. Saving...
1945:M 19 Feb 2025 13:39:29.332 * Background saving started by pid 8230
8230:C 19 Feb 2025 13:39:29.334 * DB saved on disk
8230:C 19 Feb 2025 13:39:29.335 * RDB: 0 MB of memory used by copy-on-write
1945:M 19 Feb 2025 13:39:29.433 * Background saving terminated with success
1945:M 19 Feb 2025 13:39:45.054 * 1 changes in 15 seconds. Saving...
1945:M 19 Feb 2025 13:39:45.054 * Background saving started by pid 8243
8243:C 19 Feb 2025 13:39:45.057 * DB saved on disk
8243:C 19 Feb 2025 13:39:45.058 * RDB: 0 MB of memory used by copy-on-write
1945:M 19 Feb 2025 13:39:45.155 * Background saving terminated with success
1945:M 19 Feb 2025 14:09:29.341 * 1 changes in 15 seconds. Saving...
1945:M 19 Feb 2025 14:09:29.342 * Background saving started by pid 9520
9520:C 19 Feb 2025 14:09:29.343 * DB saved on disk
9520:C 19 Feb 2025 14:09:29.344 * RDB: 0 MB of memory used by copy-on-write
1945:M 19 Feb 2025 14:09:29.443 * Background saving terminated with success
1945:M 19 Feb 2025 14:09:45.055 * 1 changes in 15 seconds. Saving...
1945:M 19 Feb 2025 14:09:45.058 * Background saving started by pid 9533
9533:C 19 Feb 2025 14:09:45.067 * DB saved on disk
9533:C 19 Feb 2025 14:09:45.068 * RDB: 0 MB of memory used by copy-on-write
1945:M 19 Feb 2025 14:09:45.159 * Background saving terminated with success
1945:M 19 Feb 2025 14:12:19.286 * 1 changes in 15 seconds. Saving...
1945:M 19 Feb 2025 14:12:19.288 * Background saving started by pid 9651
9651:C 19 Feb 2025 14:12:19.293 * DB saved on disk
9651:C 19 Feb 2025 14:12:19.294 * RDB: 0 MB of memory used by copy-on-write
1945:M 19 Feb 2025 14:12:19.389 * Background saving terminated with success
1945:M 19 Feb 2025 14:13:19.306 * 1 changes in 15 seconds. Saving...
1945:M 19 Feb 2025 14:13:19.307 * Background saving started by pid 9697
9697:C 19 Feb 2025 14:13:19.310 * DB saved on disk
9697:C 19 Feb 2025 14:13:19.311 * RDB: 0 MB of memory used by copy-on-write
1945:M 19 Feb 2025 14:13:19.410 * Background saving terminated with success
1945:M 19 Feb 2025 14:39:29.300 * 1 changes in 15 seconds. Saving...
1945:M 19 Feb 2025 14:39:29.306 * Background saving started by pid 10816
10816:C 19 Feb 2025 14:39:29.312 * DB saved on disk
10816:C 19 Feb 2025 14:39:29.313 * RDB: 0 MB of memory used by copy-on-write
1945:M 19 Feb 2025 14:39:29.407 * Background saving terminated with success
1945:M 19 Feb 2025 14:39:45.061 * 1 changes in 15 seconds. Saving...
1945:M 19 Feb 2025 14:39:45.061 * Background saving started by pid 10829
10829:C 19 Feb 2025 14:39:45.066 * DB saved on disk
10829:C 19 Feb 2025 14:39:45.066 * RDB: 0 MB of memory used by copy-on-write
1945:M 19 Feb 2025 14:39:45.164 * Background saving terminated with success
1781:C 19 Feb 2025 15:10:18.545 # oO0OoO0OoO0Oo Redis is starting oO0OoO0OoO0Oo
1781:C 19 Feb 2025 15:10:18.545 # Redis version=5.0.7, bits=64, commit=00000000, modified=0, pid=1781, just started
1781:C 19 Feb 2025 15:10:18.545 # Configuration loaded
1781:M 19 Feb 2025 15:10:18.549 * Running mode=standalone, port=6379.
1781:M 19 Feb 2025 15:10:18.549 # Server initialized
1781:M 19 Feb 2025 15:10:18.549 # WARNING you have Transparent Huge Pages (THP) support enabled in your kernel. This will create latency and memory usage issues with Redis. To fix this issue run the command 'echo never > /sys/kernel/mm/transparent_hugepage/enabled' as root, and add it to your /etc/rc.local in order to retain the setting after a reboot. Redis must be restarted after THP is disabled.
1781:M 19 Feb 2025 15:10:18.556 * DB loaded from disk: 0.008 seconds
1781:M 19 Feb 2025 15:10:18.557 * Ready to accept connections
1781:M 19 Feb 2025 15:10:37.678 * 1 changes in 15 seconds. Saving...
1781:M 19 Feb 2025 15:10:37.678 * Background saving started by pid 2503
2503:C 19 Feb 2025 15:10:37.680 * DB saved on disk
2503:C 19 Feb 2025 15:10:37.680 * RDB: 0 MB of memory used by copy-on-write
1781:M 19 Feb 2025 15:10:37.779 * Background saving terminated with success
1781:M 19 Feb 2025 15:10:53.084 * 1 changes in 15 seconds. Saving...
1781:M 19 Feb 2025 15:10:53.085 * Background saving started by pid 2545
2545:C 19 Feb 2025 15:10:53.088 * DB saved on disk
2545:C 19 Feb 2025 15:10:53.088 * RDB: 0 MB of memory used by copy-on-write
1781:M 19 Feb 2025 15:10:53.185 * Background saving terminated with success
1781:M 19 Feb 2025 15:36:31.822 * 1 changes in 15 seconds. Saving...
1781:M 19 Feb 2025 15:36:31.822 * Background saving started by pid 2680
2680:C 19 Feb 2025 15:36:31.825 * DB saved on disk
2680:C 19 Feb 2025 15:36:31.825 * RDB: 0 MB of memory used by copy-on-write
1781:M 19 Feb 2025 15:36:31.925 * Background saving terminated with success
1781:M 19 Feb 2025 15:37:31.804 * 1 changes in 15 seconds. Saving...
1781:M 19 Feb 2025 15:37:31.804 * Background saving started by pid 2723
2723:C 19 Feb 2025 15:37:31.810 * DB saved on disk
2723:C 19 Feb 2025 15:37:31.811 * RDB: 0 MB of memory used by copy-on-write
1781:M 19 Feb 2025 15:37:31.905 * Background saving terminated with success
1781:M 19 Feb 2025 22:56:34.928 * 1 changes in 15 seconds. Saving...
1781:M 19 Feb 2025 22:56:34.929 * Background saving started by pid 5133
5133:C 19 Feb 2025 22:56:34.932 * DB saved on disk
5133:C 19 Feb 2025 22:56:34.933 * RDB: 0 MB of memory used by copy-on-write
1781:M 19 Feb 2025 22:56:35.030 * Background saving terminated with success
1781:M 19 Feb 2025 22:56:51.065 * 1 changes in 15 seconds. Saving...
1781:M 19 Feb 2025 22:56:51.066 * Background saving started by pid 5148
5148:C 19 Feb 2025 22:56:51.071 * DB saved on disk
5148:C 19 Feb 2025 22:56:51.074 * RDB: 0 MB of memory used by copy-on-write
1781:M 19 Feb 2025 22:56:51.167 * Background saving terminated with success
1781:M 19 Feb 2025 22:59:24.877 * 1 changes in 15 seconds. Saving...
1781:M 19 Feb 2025 22:59:24.877 * Background saving started by pid 5257
5257:C 19 Feb 2025 22:59:24.879 * DB saved on disk
5257:C 19 Feb 2025 22:59:24.879 * RDB: 0 MB of memory used by copy-on-write
1781:M 19 Feb 2025 22:59:24.979 * Background saving terminated with success
1781:M 19 Feb 2025 23:00:24.857 * 1 changes in 15 seconds. Saving...
1781:M 19 Feb 2025 23:00:24.857 * Background saving started by pid 5302
5302:C 19 Feb 2025 23:00:24.860 * DB saved on disk
5302:C 19 Feb 2025 23:00:24.860 * RDB: 0 MB of memory used by copy-on-write
1781:M 19 Feb 2025 23:00:24.958 * Background saving terminated with success
1781:M 19 Feb 2025 23:26:34.951 * 1 changes in 15 seconds. Saving...
1781:M 19 Feb 2025 23:26:34.952 * Background saving started by pid 6416
6416:C 19 Feb 2025 23:26:34.955 * DB saved on disk
6416:C 19 Feb 2025 23:26:34.955 * RDB: 0 MB of memory used by copy-on-write
1781:M 19 Feb 2025 23:26:35.052 * Background saving terminated with success
1781:M 19 Feb 2025 23:26:51.042 * 1 changes in 15 seconds. Saving...
1781:M 19 Feb 2025 23:26:51.043 * Background saving started by pid 6431
6431:C 19 Feb 2025 23:26:51.049 * DB saved on disk
6431:C 19 Feb 2025 23:26:51.049 * RDB: 0 MB of memory used by copy-on-write
1781:M 19 Feb 2025 23:26:51.144 * Background saving terminated with success
1781:M 20 Feb 2025 04:38:14.428 * 1 changes in 15 seconds. Saving...
1781:M 20 Feb 2025 04:38:14.429 * Background saving started by pid 7739
7739:C 20 Feb 2025 04:38:14.431 * DB saved on disk
7739:C 20 Feb 2025 04:38:14.431 * RDB: 0 MB of memory used by copy-on-write
1781:M 20 Feb 2025 04:38:14.530 * Background saving terminated with success
1781:M 20 Feb 2025 04:38:30.093 * 1 changes in 15 seconds. Saving...
1781:M 20 Feb 2025 04:38:30.093 * Background saving started by pid 7753
7753:C 20 Feb 2025 04:38:30.095 * DB saved on disk
7753:C 20 Feb 2025 04:38:30.096 * RDB: 0 MB of memory used by copy-on-write
1781:M 20 Feb 2025 04:38:30.194 * Background saving terminated with success
1781:M 20 Feb 2025 04:41:04.448 * 1 changes in 15 seconds. Saving...
1781:M 20 Feb 2025 04:41:04.448 * Background saving started by pid 7865
7865:C 20 Feb 2025 04:41:04.451 * DB saved on disk
7865:C 20 Feb 2025 04:41:04.451 * RDB: 0 MB of memory used by copy-on-write
1781:M 20 Feb 2025 04:41:04.549 * Background saving terminated with success
1781:M 20 Feb 2025 04:42:04.447 * 1 changes in 15 seconds. Saving...
1781:M 20 Feb 2025 04:42:04.447 * Background saving started by pid 7909
7909:C 20 Feb 2025 04:42:04.449 * DB saved on disk
7909:C 20 Feb 2025 04:42:04.450 * RDB: 0 MB of memory used by copy-on-write
1781:M 20 Feb 2025 04:42:04.548 * Background saving terminated with success
1781:M 20 Feb 2025 05:24:30.527 * 1 changes in 15 seconds. Saving...
1781:M 20 Feb 2025 05:24:30.527 * Background saving started by pid 9025
9025:C 20 Feb 2025 05:24:30.529 * DB saved on disk
9025:C 20 Feb 2025 05:24:30.529 * RDB: 0 MB of memory used by copy-on-write
1781:M 20 Feb 2025 05:24:30.629 * Background saving terminated with success
1781:M 20 Feb 2025 05:24:46.100 * 1 changes in 15 seconds. Saving...
1781:M 20 Feb 2025 05:24:46.101 * Background saving started by pid 9039
9039:C 20 Feb 2025 05:24:46.111 * DB saved on disk
9039:C 20 Feb 2025 05:24:46.112 * RDB: 0 MB of memory used by copy-on-write
1781:M 20 Feb 2025 05:24:46.206 * Background saving terminated with success
1781:M 20 Feb 2025 05:54:30.537 * 1 changes in 15 seconds. Saving...
1781:M 20 Feb 2025 05:54:30.539 * Background saving started by pid 10323
10323:C 20 Feb 2025 05:54:30.540 * DB saved on disk
10323:C 20 Feb 2025 05:54:30.541 * RDB: 0 MB of memory used by copy-on-write
1781:M 20 Feb 2025 05:54:30.641 * Background saving terminated with success
1781:M 20 Feb 2025 05:54:46.010 * 1 changes in 15 seconds. Saving...
1781:M 20 Feb 2025 05:54:46.010 * Background saving started by pid 10337
10337:C 20 Feb 2025 05:54:46.013 * DB saved on disk
10337:C 20 Feb 2025 05:54:46.014 * RDB: 0 MB of memory used by copy-on-write
1781:M 20 Feb 2025 05:54:46.112 * Background saving terminated with success
1781:M 20 Feb 2025 05:57:20.557 * 1 changes in 15 seconds. Saving...
1781:M 20 Feb 2025 05:57:20.557 * Background saving started by pid 10444
10444:C 20 Feb 2025 05:57:20.559 * DB saved on disk
10444:C 20 Feb 2025 05:57:20.559 * RDB: 0 MB of memory used by copy-on-write
1781:M 20 Feb 2025 05:57:20.658 * Background saving terminated with success
1781:M 20 Feb 2025 05:58:20.560 * 1 changes in 15 seconds. Saving...
1781:M 20 Feb 2025 05:58:20.560 * Background saving started by pid 10489
10489:C 20 Feb 2025 05:58:20.565 * DB saved on disk
10489:C 20 Feb 2025 05:58:20.565 * RDB: 0 MB of memory used by copy-on-write
1781:M 20 Feb 2025 05:58:20.662 * Background saving terminated with success
1781:M 20 Feb 2025 06:27:07.909 * 1 changes in 15 seconds. Saving...
1781:M 20 Feb 2025 06:27:07.910 * Background saving started by pid 11607
11607:C 20 Feb 2025 06:27:07.913 * DB saved on disk
11607:C 20 Feb 2025 06:27:07.913 * RDB: 0 MB of memory used by copy-on-write
1781:M 20 Feb 2025 06:27:08.011 * Background saving terminated with success
1781:M 20 Feb 2025 06:27:24.036 * 1 changes in 15 seconds. Saving...
1781:M 20 Feb 2025 06:27:24.036 * Background saving started by pid 11622
11622:C 20 Feb 2025 06:27:24.039 * DB saved on disk
11622:C 20 Feb 2025 06:27:24.039 * RDB: 0 MB of memory used by copy-on-write
1781:M 20 Feb 2025 06:27:24.139 * Background saving terminated with success
1781:M 20 Feb 2025 06:57:07.904 * 1 changes in 15 seconds. Saving...
1781:M 20 Feb 2025 06:57:07.904 * Background saving started by pid 12906
12906:C 20 Feb 2025 06:57:07.907 * DB saved on disk
12906:C 20 Feb 2025 06:57:07.908 * RDB: 0 MB of memory used by copy-on-write
1781:M 20 Feb 2025 06:57:08.005 * Background saving terminated with success
1781:M 20 Feb 2025 06:57:24.068 * 1 changes in 15 seconds. Saving...
1781:M 20 Feb 2025 06:57:24.069 * Background saving started by pid 12919
12919:C 20 Feb 2025 06:57:24.075 * DB saved on disk
12919:C 20 Feb 2025 06:57:24.076 * RDB: 0 MB of memory used by copy-on-write
1781:M 20 Feb 2025 06:57:24.170 * Background saving terminated with success
1781:M 20 Feb 2025 06:59:57.855 * 1 changes in 15 seconds. Saving...
1781:M 20 Feb 2025 06:59:57.856 * Background saving started by pid 13031
13031:C 20 Feb 2025 06:59:57.859 * DB saved on disk
13031:C 20 Feb 2025 06:59:57.859 * RDB: 0 MB of memory used by copy-on-write
1781:M 20 Feb 2025 06:59:57.958 * Background saving terminated with success
1781:M 20 Feb 2025 07:00:57.888 * 1 changes in 15 seconds. Saving...
1781:M 20 Feb 2025 07:00:57.888 * Background saving started by pid 13074
13074:C 20 Feb 2025 07:00:57.892 * DB saved on disk
13074:C 20 Feb 2025 07:00:57.892 * RDB: 0 MB of memory used by copy-on-write
1781:M 20 Feb 2025 07:00:57.989 * Background saving terminated with success
1781:M 20 Feb 2025 07:27:07.882 * 1 changes in 15 seconds. Saving...
1781:M 20 Feb 2025 07:27:07.883 * Background saving started by pid 14194
14194:C 20 Feb 2025 07:27:07.886 * DB saved on disk
14194:C 20 Feb 2025 07:27:07.886 * RDB: 0 MB of memory used by copy-on-write
1781:M 20 Feb 2025 07:27:07.984 * Background saving terminated with success
1781:M 20 Feb 2025 07:27:23.025 * 1 changes in 15 seconds. Saving...
1781:M 20 Feb 2025 07:27:23.026 * Background saving started by pid 14207
14207:C 20 Feb 2025 07:27:23.031 * DB saved on disk
14207:C 20 Feb 2025 07:27:23.032 * RDB: 0 MB of memory used by copy-on-write
1781:M 20 Feb 2025 07:27:23.134 * Background saving terminated with success
1781:M 20 Feb 2025 09:10:37.524 * 1 changes in 15 seconds. Saving...
1781:M 20 Feb 2025 09:10:37.525 * Background saving started by pid 15486
15486:C 20 Feb 2025 09:10:37.527 * DB saved on disk
15486:C 20 Feb 2025 09:10:37.527 * RDB: 0 MB of memory used by copy-on-write
1781:M 20 Feb 2025 09:10:37.626 * Background saving terminated with success
1781:M 20 Feb 2025 09:10:53.018 * 1 changes in 15 seconds. Saving...
1781:M 20 Feb 2025 09:10:53.019 * Background saving started by pid 15500
15500:C 20 Feb 2025 09:10:53.023 * DB saved on disk
15500:C 20 Feb 2025 09:10:53.024 * RDB: 0 MB of memory used by copy-on-write
1781:M 20 Feb 2025 09:10:53.125 * Background saving terminated with success
1781:M 20 Feb 2025 09:13:27.554 * 1 changes in 15 seconds. Saving...
1781:M 20 Feb 2025 09:13:27.555 * Background saving started by pid 15617
15617:C 20 Feb 2025 09:13:27.558 * DB saved on disk
15617:C 20 Feb 2025 09:13:27.558 * RDB: 0 MB of memory used by copy-on-write
1781:M 20 Feb 2025 09:13:27.656 * Background saving terminated with success
1781:M 20 Feb 2025 09:14:27.477 * 1 changes in 15 seconds. Saving...
1781:M 20 Feb 2025 09:14:27.477 * Background saving started by pid 15663
15663:C 20 Feb 2025 09:14:27.479 * DB saved on disk
15663:C 20 Feb 2025 09:14:27.479 * RDB: 0 MB of memory used by copy-on-write
1781:M 20 Feb 2025 09:14:27.578 * Background saving terminated with success
1781:M 20 Feb 2025 12:09:54.982 * 1 changes in 15 seconds. Saving...
1781:M 20 Feb 2025 12:09:54.982 * Background saving started by pid 16772
16772:C 20 Feb 2025 12:09:54.985 * DB saved on disk
16772:C 20 Feb 2025 12:09:54.986 * RDB: 0 MB of memory used by copy-on-write
1781:M 20 Feb 2025 12:09:55.088 * Background saving terminated with success
1781:M 20 Feb 2025 12:18:34.422 * 1 changes in 15 seconds. Saving...
1781:M 20 Feb 2025 12:18:34.423 * Background saving started by pid 16807
16807:C 20 Feb 2025 12:18:34.425 * DB saved on disk
16807:C 20 Feb 2025 12:18:34.426 * RDB: 0 MB of memory used by copy-on-write
1781:M 20 Feb 2025 12:18:34.524 * Background saving terminated with success
1781:M 20 Feb 2025 12:48:20.222 * 1 changes in 15 seconds. Saving...
1781:M 20 Feb 2025 12:48:20.222 * Background saving started by pid 18071
18071:C 20 Feb 2025 12:48:20.225 * DB saved on disk
18071:C 20 Feb 2025 12:48:20.226 * RDB: 0 MB of memory used by copy-on-write
1781:M 20 Feb 2025 12:48:20.322 * Background saving terminated with success
1781:M 20 Feb 2025 12:48:36.001 * 1 changes in 15 seconds. Saving...
1781:M 20 Feb 2025 12:48:36.002 * Background saving started by pid 18085
18085:C 20 Feb 2025 12:48:36.008 * DB saved on disk
18085:C 20 Feb 2025 12:48:36.009 * RDB: 0 MB of memory used by copy-on-write
1781:M 20 Feb 2025 12:48:36.102 * Background saving terminated with success
1781:M 20 Feb 2025 12:51:10.268 * 1 changes in 15 seconds. Saving...
1781:M 20 Feb 2025 12:51:10.269 * Background saving started by pid 18205
18205:C 20 Feb 2025 12:51:10.271 * DB saved on disk
18205:C 20 Feb 2025 12:51:10.271 * RDB: 0 MB of memory used by copy-on-write
1781:M 20 Feb 2025 12:51:10.370 * Background saving terminated with success
1781:M 20 Feb 2025 12:52:10.279 * 1 changes in 15 seconds. Saving...
1781:M 20 Feb 2025 12:52:10.280 * Background saving started by pid 18249
18249:C 20 Feb 2025 12:52:10.282 * DB saved on disk
18249:C 20 Feb 2025 12:52:10.283 * RDB: 0 MB of memory used by copy-on-write
1781:M 20 Feb 2025 12:52:10.381 * Background saving terminated with success
1781:M 20 Feb 2025 13:18:20.294 * 1 changes in 15 seconds. Saving...
1781:M 20 Feb 2025 13:18:20.294 * Background saving started by pid 19353
19353:C 20 Feb 2025 13:18:20.298 * DB saved on disk
19353:C 20 Feb 2025 13:18:20.298 * RDB: 0 MB of memory used by copy-on-write
1781:M 20 Feb 2025 13:18:20.395 * Background saving terminated with success
1781:M 20 Feb 2025 13:18:36.072 * 1 changes in 15 seconds. Saving...
1781:M 20 Feb 2025 13:18:36.073 * Background saving started by pid 19368
19368:C 20 Feb 2025 13:18:36.077 * DB saved on disk
19368:C 20 Feb 2025 13:18:36.077 * RDB: 0 MB of memory used by copy-on-write
1781:M 20 Feb 2025 13:18:36.174 * Background saving terminated with success
1781:M 20 Feb 2025 13:48:20.268 * 1 changes in 15 seconds. Saving...
1781:M 20 Feb 2025 13:48:20.269 * Background saving started by pid 20643
20643:C 20 Feb 2025 13:48:20.272 * DB saved on disk
20643:C 20 Feb 2025 13:48:20.272 * RDB: 0 MB of memory used by copy-on-write
1781:M 20 Feb 2025 13:48:20.370 * Background saving terminated with success
1781:M 20 Feb 2025 13:48:36.096 * 1 changes in 15 seconds. Saving...
1781:M 20 Feb 2025 13:48:36.097 * Background saving started by pid 20658
20658:C 20 Feb 2025 13:48:36.104 * DB saved on disk
20658:C 20 Feb 2025 13:48:36.105 * RDB: 0 MB of memory used by copy-on-write
1781:M 20 Feb 2025 13:48:36.199 * Background saving terminated with success
1781:M 20 Feb 2025 13:51:10.365 * 1 changes in 15 seconds. Saving...
1781:M 20 Feb 2025 13:51:10.366 * Background saving started by pid 20774
20774:C 20 Feb 2025 13:51:10.370 * DB saved on disk
20774:C 20 Feb 2025 13:51:10.371 * RDB: 0 MB of memory used by copy-on-write
1781:M 20 Feb 2025 13:51:10.468 * Background saving terminated with success
1781:M 20 Feb 2025 13:52:10.282 * 1 changes in 15 seconds. Saving...
1781:M 20 Feb 2025 13:52:10.282 * Background saving started by pid 20819
20819:C 20 Feb 2025 13:52:10.286 * DB saved on disk
20819:C 20 Feb 2025 13:52:10.287 * RDB: 0 MB of memory used by copy-on-write
1781:M 20 Feb 2025 13:52:10.384 * Background saving terminated with success
1781:M 20 Feb 2025 22:38:15.999 * 1 changes in 15 seconds. Saving...
1781:M 20 Feb 2025 22:38:15.999 * Background saving started by pid 21928
21928:C 20 Feb 2025 22:38:16.001 * DB saved on disk
21928:C 20 Feb 2025 22:38:16.001 * RDB: 0 MB of memory used by copy-on-write
1781:M 20 Feb 2025 22:38:16.103 * Background saving terminated with success
1781:M 20 Feb 2025 22:38:32.075 * 1 changes in 15 seconds. Saving...
1781:M 20 Feb 2025 22:38:32.076 * Background saving started by pid 21942
21942:C 20 Feb 2025 22:38:32.089 * DB saved on disk
21942:C 20 Feb 2025 22:38:32.089 * RDB: 0 MB of memory used by copy-on-write
1781:M 20 Feb 2025 22:38:32.177 * Background saving terminated with success
1781:M 20 Feb 2025 23:08:16.070 * 1 changes in 15 seconds. Saving...
1781:M 20 Feb 2025 23:08:16.070 * Background saving started by pid 23219
23219:C 20 Feb 2025 23:08:16.074 * DB saved on disk
23219:C 20 Feb 2025 23:08:16.074 * RDB: 0 MB of memory used by copy-on-write
1781:M 20 Feb 2025 23:08:16.173 * Background saving terminated with success
1781:M 20 Feb 2025 23:08:32.071 * 1 changes in 15 seconds. Saving...
1781:M 20 Feb 2025 23:08:32.072 * Background saving started by pid 23232
23232:C 20 Feb 2025 23:08:32.076 * DB saved on disk
23232:C 20 Feb 2025 23:08:32.077 * RDB: 0 MB of memory used by copy-on-write
1781:M 20 Feb 2025 23:08:32.172 * Background saving terminated with success
1781:M 20 Feb 2025 23:11:06.025 * 1 changes in 15 seconds. Saving...
1781:M 20 Feb 2025 23:11:06.026 * Background saving started by pid 23351
23351:C 20 Feb 2025 23:11:06.027 * DB saved on disk
23351:C 20 Feb 2025 23:11:06.028 * RDB: 0 MB of memory used by copy-on-write
1781:M 20 Feb 2025 23:11:06.129 * Background saving terminated with success
1781:M 20 Feb 2025 23:12:06.053 * 1 changes in 15 seconds. Saving...
1781:M 20 Feb 2025 23:12:06.053 * Background saving started by pid 23396
23396:C 20 Feb 2025 23:12:06.058 * DB saved on disk
23396:C 20 Feb 2025 23:12:06.058 * RDB: 0 MB of memory used by copy-on-write
1781:M 20 Feb 2025 23:12:06.154 * Background saving terminated with success
1781:M 20 Feb 2025 23:38:16.041 * 1 changes in 15 seconds. Saving...
1781:M 20 Feb 2025 23:38:16.042 * Background saving started by pid 24506
24506:C 20 Feb 2025 23:38:16.044 * DB saved on disk
24506:C 20 Feb 2025 23:38:16.044 * RDB: 0 MB of memory used by copy-on-write
1781:M 20 Feb 2025 23:38:16.143 * Background saving terminated with success
1781:M 20 Feb 2025 23:38:32.067 * 1 changes in 15 seconds. Saving...
1781:M 20 Feb 2025 23:38:32.067 * Background saving started by pid 24530
24530:C 20 Feb 2025 23:38:32.069 * DB saved on disk
24530:C 20 Feb 2025 23:38:32.069 * RDB: 0 MB of memory used by copy-on-write
1781:M 20 Feb 2025 23:38:32.169 * Background saving terminated with success
1781:M 21 Feb 2025 02:52:46.788 * 1 changes in 15 seconds. Saving...
1781:M 21 Feb 2025 02:52:46.788 * Background saving started by pid 25825
25825:C 21 Feb 2025 02:52:46.791 * DB saved on disk
25825:C 21 Feb 2025 02:52:46.791 * RDB: 0 MB of memory used by copy-on-write
1781:M 21 Feb 2025 02:52:46.890 * Background saving terminated with success
1781:M 21 Feb 2025 02:53:02.011 * 1 changes in 15 seconds. Saving...
1781:M 21 Feb 2025 02:53:02.012 * Background saving started by pid 25839
25839:C 21 Feb 2025 02:53:02.017 * DB saved on disk
25839:C 21 Feb 2025 02:53:02.018 * RDB: 0 MB of memory used by copy-on-write
1781:M 21 Feb 2025 02:53:02.114 * Background saving terminated with success
1781:M 21 Feb 2025 02:55:36.707 * 1 changes in 15 seconds. Saving...
1781:M 21 Feb 2025 02:55:36.707 * Background saving started by pid 25948
25948:C 21 Feb 2025 02:55:36.709 * DB saved on disk
25948:C 21 Feb 2025 02:55:36.710 * RDB: 0 MB of memory used by copy-on-write
1781:M 21 Feb 2025 02:55:36.809 * Background saving terminated with success
1781:M 21 Feb 2025 02:56:36.742 * 1 changes in 15 seconds. Saving...
1781:M 21 Feb 2025 02:56:36.743 * Background saving started by pid 25999
25999:C 21 Feb 2025 02:56:36.748 * DB saved on disk
25999:C 21 Feb 2025 02:56:36.748 * RDB: 0 MB of memory used by copy-on-write
1781:M 21 Feb 2025 02:56:36.843 * Background saving terminated with success
1781:M 21 Feb 2025 03:22:46.753 * 1 changes in 15 seconds. Saving...
1781:M 21 Feb 2025 03:22:46.753 * Background saving started by pid 27107
27107:C 21 Feb 2025 03:22:46.757 * DB saved on disk
27107:C 21 Feb 2025 03:22:46.757 * RDB: 0 MB of memory used by copy-on-write
1781:M 21 Feb 2025 03:22:46.853 * Background saving terminated with success
1781:M 21 Feb 2025 03:23:02.099 * 1 changes in 15 seconds. Saving...
1781:M 21 Feb 2025 03:23:02.100 * Background saving started by pid 27121
27121:C 21 Feb 2025 03:23:02.107 * DB saved on disk
27121:C 21 Feb 2025 03:23:02.107 * RDB: 0 MB of memory used by copy-on-write
1781:M 21 Feb 2025 03:23:02.202 * Background saving terminated with success
1781:M 21 Feb 2025 04:59:50.205 * 1 changes in 15 seconds. Saving...
1781:M 21 Feb 2025 04:59:50.206 * Background saving started by pid 28404
28404:C 21 Feb 2025 04:59:50.208 * DB saved on disk
28404:C 21 Feb 2025 04:59:50.208 * RDB: 0 MB of memory used by copy-on-write
1781:M 21 Feb 2025 04:59:50.308 * Background saving terminated with success
1781:M 21 Feb 2025 05:00:06.023 * 1 changes in 15 seconds. Saving...
1781:M 21 Feb 2025 05:00:06.024 * Background saving started by pid 28417
28417:C 21 Feb 2025 05:00:06.027 * DB saved on disk
28417:C 21 Feb 2025 05:00:06.028 * RDB: 0 MB of memory used by copy-on-write
1781:M 21 Feb 2025 05:00:06.145 * Background saving terminated with success
1781:M 21 Feb 2025 05:02:40.164 * 1 changes in 15 seconds. Saving...
1781:M 21 Feb 2025 05:02:40.165 * Background saving started by pid 28528
28528:C 21 Feb 2025 05:02:40.168 * DB saved on disk
28528:C 21 Feb 2025 05:02:40.169 * RDB: 0 MB of memory used by copy-on-write
1781:M 21 Feb 2025 05:02:40.266 * Background saving terminated with success
1781:M 21 Feb 2025 05:03:40.117 * 1 changes in 15 seconds. Saving...
1781:M 21 Feb 2025 05:03:40.117 * Background saving started by pid 28571
28571:C 21 Feb 2025 05:03:40.119 * DB saved on disk
28571:C 21 Feb 2025 05:03:40.119 * RDB: 0 MB of memory used by copy-on-write
1781:M 21 Feb 2025 05:03:40.220 * Background saving terminated with success
1781:M 21 Feb 2025 05:29:50.249 * 1 changes in 15 seconds. Saving...
1781:M 21 Feb 2025 05:29:50.250 * Background saving started by pid 29690
29690:C 21 Feb 2025 05:29:50.253 * DB saved on disk
29690:C 21 Feb 2025 05:29:50.253 * RDB: 0 MB of memory used by copy-on-write
1781:M 21 Feb 2025 05:29:50.351 * Background saving terminated with success
1781:M 21 Feb 2025 05:30:06.062 * 1 changes in 15 seconds. Saving...
1781:M 21 Feb 2025 05:30:06.063 * Background saving started by pid 29703
29703:C 21 Feb 2025 05:30:06.066 * DB saved on disk
29703:C 21 Feb 2025 05:30:06.068 * RDB: 0 MB of memory used by copy-on-write
1781:M 21 Feb 2025 05:30:06.163 * Background saving terminated with success
1781:M 21 Feb 2025 05:59:50.204 * 1 changes in 15 seconds. Saving...
1781:M 21 Feb 2025 05:59:50.204 * Background saving started by pid 30981
30981:C 21 Feb 2025 05:59:50.206 * DB saved on disk
30981:C 21 Feb 2025 05:59:50.206 * RDB: 0 MB of memory used by copy-on-write
1781:M 21 Feb 2025 05:59:50.305 * Background saving terminated with success
1781:M 21 Feb 2025 06:00:06.009 * 1 changes in 15 seconds. Saving...
1781:M 21 Feb 2025 06:00:06.009 * Background saving started by pid 30994
30994:C 21 Feb 2025 06:00:06.011 * DB saved on disk
30994:C 21 Feb 2025 06:00:06.011 * RDB: 0 MB of memory used by copy-on-write
1781:M 21 Feb 2025 06:00:06.110 * Background saving terminated with success
1781:M 21 Feb 2025 06:02:40.223 * 1 changes in 15 seconds. Saving...
1781:M 21 Feb 2025 06:02:40.224 * Background saving started by pid 31102
31102:C 21 Feb 2025 06:02:40.226 * DB saved on disk
31102:C 21 Feb 2025 06:02:40.227 * RDB: 0 MB of memory used by copy-on-write
1781:M 21 Feb 2025 06:02:40.328 * Background saving terminated with success
1781:M 21 Feb 2025 06:03:40.152 * 1 changes in 15 seconds. Saving...
1781:M 21 Feb 2025 06:03:40.152 * Background saving started by pid 31147
31147:C 21 Feb 2025 06:03:40.153 * DB saved on disk
31147:C 21 Feb 2025 06:03:40.154 * RDB: 0 MB of memory used by copy-on-write
1781:M 21 Feb 2025 06:03:40.254 * Background saving terminated with success
1781:M 21 Feb 2025 06:29:50.198 * 1 changes in 15 seconds. Saving...
1781:M 21 Feb 2025 06:29:50.198 * Background saving started by pid 32264
32264:C 21 Feb 2025 06:29:50.202 * DB saved on disk
32264:C 21 Feb 2025 06:29:50.202 * RDB: 0 MB of memory used by copy-on-write
1781:M 21 Feb 2025 06:29:50.301 * Background saving terminated with success
1781:M 21 Feb 2025 06:30:06.059 * 1 changes in 15 seconds. Saving...
1781:M 21 Feb 2025 06:30:06.060 * Background saving started by pid 32277
32277:C 21 Feb 2025 06:30:06.068 * DB saved on disk
32277:C 21 Feb 2025 06:30:06.069 * RDB: 0 MB of memory used by copy-on-write
1781:M 21 Feb 2025 06:30:06.161 * Background saving terminated with success
1781:M 21 Feb 2025 06:59:50.231 * 1 changes in 15 seconds. Saving...
1781:M 21 Feb 2025 06:59:50.232 * Background saving started by pid 33550
33550:C 21 Feb 2025 06:59:50.234 * DB saved on disk
33550:C 21 Feb 2025 06:59:50.234 * RDB: 0 MB of memory used by copy-on-write
1781:M 21 Feb 2025 06:59:50.333 * Background saving terminated with success
1781:M 21 Feb 2025 07:00:06.064 * 1 changes in 15 seconds. Saving...
1781:M 21 Feb 2025 07:00:06.064 * Background saving started by pid 33563
33563:C 21 Feb 2025 07:00:06.066 * DB saved on disk
33563:C 21 Feb 2025 07:00:06.067 * RDB: 0 MB of memory used by copy-on-write
1781:M 21 Feb 2025 07:00:06.165 * Background saving terminated with success
1781:M 21 Feb 2025 07:02:40.219 * 1 changes in 15 seconds. Saving...
1781:M 21 Feb 2025 07:02:40.219 * Background saving started by pid 33675
33675:C 21 Feb 2025 07:02:40.221 * DB saved on disk
33675:C 21 Feb 2025 07:02:40.222 * RDB: 0 MB of memory used by copy-on-write
1781:M 21 Feb 2025 07:02:40.320 * Background saving terminated with success
1781:M 21 Feb 2025 07:03:40.149 * 1 changes in 15 seconds. Saving...
1781:M 21 Feb 2025 07:03:40.149 * Background saving started by pid 33718
33718:C 21 Feb 2025 07:03:40.152 * DB saved on disk
33718:C 21 Feb 2025 07:03:40.152 * RDB: 0 MB of memory used by copy-on-write
1781:M 21 Feb 2025 07:03:40.251 * Background saving terminated with success
1781:M 21 Feb 2025 07:29:50.166 * 1 changes in 15 seconds. Saving...
1781:M 21 Feb 2025 07:29:50.166 * Background saving started by pid 34837
34837:C 21 Feb 2025 07:29:50.169 * DB saved on disk
34837:C 21 Feb 2025 07:29:50.170 * RDB: 0 MB of memory used by copy-on-write
1781:M 21 Feb 2025 07:29:50.267 * Background saving terminated with success
1781:M 21 Feb 2025 07:30:06.091 * 1 changes in 15 seconds. Saving...
1781:M 21 Feb 2025 07:30:06.092 * Background saving started by pid 34850
34850:C 21 Feb 2025 07:30:06.098 * DB saved on disk
34850:C 21 Feb 2025 07:30:06.099 * RDB: 0 MB of memory used by copy-on-write
1781:M 21 Feb 2025 07:30:06.193 * Background saving terminated with success
1781:M 21 Feb 2025 07:59:50.307 * 1 changes in 15 seconds. Saving...
1781:M 21 Feb 2025 07:59:50.309 * Background saving started by pid 36129
36129:C 21 Feb 2025 07:59:50.315 * DB saved on disk
36129:C 21 Feb 2025 07:59:50.315 * RDB: 0 MB of memory used by copy-on-write
1781:M 21 Feb 2025 07:59:50.410 * Background saving terminated with success
1781:M 21 Feb 2025 08:00:06.068 * 1 changes in 15 seconds. Saving...
1781:M 21 Feb 2025 08:00:06.069 * Background saving started by pid 36142
36142:C 21 Feb 2025 08:00:06.077 * DB saved on disk
36142:C 21 Feb 2025 08:00:06.078 * RDB: 0 MB of memory used by copy-on-write
1781:M 21 Feb 2025 08:00:06.174 * Background saving terminated with success
1781:M 21 Feb 2025 08:02:40.215 * 1 changes in 15 seconds. Saving...
1781:M 21 Feb 2025 08:02:40.215 * Background saving started by pid 36250
36250:C 21 Feb 2025 08:02:40.220 * DB saved on disk
36250:C 21 Feb 2025 08:02:40.220 * RDB: 0 MB of memory used by copy-on-write
1781:M 21 Feb 2025 08:02:40.320 * Background saving terminated with success
1781:M 21 Feb 2025 08:03:40.250 * 1 changes in 15 seconds. Saving...
1781:M 21 Feb 2025 08:03:40.250 * Background saving started by pid 36295
36295:C 21 Feb 2025 08:03:40.252 * DB saved on disk
36295:C 21 Feb 2025 08:03:40.252 * RDB: 0 MB of memory used by copy-on-write
1781:M 21 Feb 2025 08:03:40.351 * Background saving terminated with success
1781:M 21 Feb 2025 08:29:58.710 * 1 changes in 15 seconds. Saving...
1781:M 21 Feb 2025 08:29:58.711 * Background saving started by pid 37414
37414:C 21 Feb 2025 08:29:58.713 * DB saved on disk
37414:C 21 Feb 2025 08:29:58.714 * RDB: 0 MB of memory used by copy-on-write
1781:M 21 Feb 2025 08:29:58.813 * Background saving terminated with success
1781:M 21 Feb 2025 08:30:14.037 * 1 changes in 15 seconds. Saving...
1781:M 21 Feb 2025 08:30:14.037 * Background saving started by pid 37427
37427:C 21 Feb 2025 08:30:14.042 * DB saved on disk
37427:C 21 Feb 2025 08:30:14.043 * RDB: 0 MB of memory used by copy-on-write
1781:M 21 Feb 2025 08:30:14.139 * Background saving terminated with success
1781:M 21 Feb 2025 08:59:58.631 * 1 changes in 15 seconds. Saving...
1781:M 21 Feb 2025 08:59:58.632 * Background saving started by pid 38699
38699:C 21 Feb 2025 08:59:58.634 * DB saved on disk
38699:C 21 Feb 2025 08:59:58.635 * RDB: 0 MB of memory used by copy-on-write
1781:M 21 Feb 2025 08:59:58.732 * Background saving terminated with success
1781:M 21 Feb 2025 09:00:14.026 * 1 changes in 15 seconds. Saving...
1781:M 21 Feb 2025 09:00:14.026 * Background saving started by pid 38712
38712:C 21 Feb 2025 09:00:14.028 * DB saved on disk
38712:C 21 Feb 2025 09:00:14.028 * RDB: 0 MB of memory used by copy-on-write
1781:M 21 Feb 2025 09:00:14.127 * Background saving terminated with success
1781:M 21 Feb 2025 09:02:48.637 * 1 changes in 15 seconds. Saving...
1781:M 21 Feb 2025 09:02:48.638 * Background saving started by pid 38823
38823:C 21 Feb 2025 09:02:48.641 * DB saved on disk
38823:C 21 Feb 2025 09:02:48.642 * RDB: 0 MB of memory used by copy-on-write
1781:M 21 Feb 2025 09:02:48.745 * Background saving terminated with success
1781:M 21 Feb 2025 09:03:48.687 * 1 changes in 15 seconds. Saving...
1781:M 21 Feb 2025 09:03:48.687 * Background saving started by pid 38866
38866:C 21 Feb 2025 09:03:48.690 * DB saved on disk
38866:C 21 Feb 2025 09:03:48.690 * RDB: 0 MB of memory used by copy-on-write
1781:M 21 Feb 2025 09:03:48.788 * Background saving terminated with success
1781:M 21 Feb 2025 09:29:58.648 * 1 changes in 15 seconds. Saving...
1781:M 21 Feb 2025 09:29:58.648 * Background saving started by pid 39981
39981:C 21 Feb 2025 09:29:58.652 * DB saved on disk
39981:C 21 Feb 2025 09:29:58.652 * RDB: 0 MB of memory used by copy-on-write
1781:M 21 Feb 2025 09:29:58.750 * Background saving terminated with success
1781:M 21 Feb 2025 09:30:14.080 * 1 changes in 15 seconds. Saving...
1781:M 21 Feb 2025 09:30:14.081 * Background saving started by pid 39995
39995:C 21 Feb 2025 09:30:14.088 * DB saved on disk
39995:C 21 Feb 2025 09:30:14.089 * RDB: 0 MB of memory used by copy-on-write
1781:M 21 Feb 2025 09:30:14.183 * Background saving terminated with success
1781:M 21 Feb 2025 09:59:58.654 * 1 changes in 15 seconds. Saving...
1781:M 21 Feb 2025 09:59:58.654 * Background saving started by pid 41269
41269:C 21 Feb 2025 09:59:58.657 * DB saved on disk
41269:C 21 Feb 2025 09:59:58.657 * RDB: 0 MB of memory used by copy-on-write
1781:M 21 Feb 2025 09:59:58.756 * Background saving terminated with success
1781:M 21 Feb 2025 10:00:14.059 * 1 changes in 15 seconds. Saving...
1781:M 21 Feb 2025 10:00:14.060 * Background saving started by pid 41282
41282:C 21 Feb 2025 10:00:14.067 * DB saved on disk
41282:C 21 Feb 2025 10:00:14.068 * RDB: 0 MB of memory used by copy-on-write
1781:M 21 Feb 2025 10:00:14.162 * Background saving terminated with success
1781:M 21 Feb 2025 10:02:48.643 * 1 changes in 15 seconds. Saving...
1781:M 21 Feb 2025 10:02:48.644 * Background saving started by pid 41401
41401:C 21 Feb 2025 10:02:48.646 * DB saved on disk
41401:C 21 Feb 2025 10:02:48.646 * RDB: 0 MB of memory used by copy-on-write
1781:M 21 Feb 2025 10:02:48.744 * Background saving terminated with success
1781:M 21 Feb 2025 10:03:48.691 * 1 changes in 15 seconds. Saving...
1781:M 21 Feb 2025 10:03:48.691 * Background saving started by pid 41446
41446:C 21 Feb 2025 10:03:48.694 * DB saved on disk
41446:C 21 Feb 2025 10:03:48.695 * RDB: 0 MB of memory used by copy-on-write
1781:M 21 Feb 2025 10:03:48.792 * Background saving terminated with success
1781:M 21 Feb 2025 10:29:58.643 * 1 changes in 15 seconds. Saving...
1781:M 21 Feb 2025 10:29:58.643 * Background saving started by pid 42555
42555:C 21 Feb 2025 10:29:58.645 * DB saved on disk
42555:C 21 Feb 2025 10:29:58.645 * RDB: 0 MB of memory used by copy-on-write
1781:M 21 Feb 2025 10:29:58.744 * Background saving terminated with success
1781:M 21 Feb 2025 10:30:14.065 * 1 changes in 15 seconds. Saving...
1781:M 21 Feb 2025 10:30:14.065 * Background saving started by pid 42568
42568:C 21 Feb 2025 10:30:14.067 * DB saved on disk
42568:C 21 Feb 2025 10:30:14.068 * RDB: 0 MB of memory used by copy-on-write
1781:M 21 Feb 2025 10:30:14.167 * Background saving terminated with success
1781:M 21 Feb 2025 10:59:58.624 * 1 changes in 15 seconds. Saving...
1781:M 21 Feb 2025 10:59:58.625 * Background saving started by pid 43841
43841:C 21 Feb 2025 10:59:58.626 * DB saved on disk
43841:C 21 Feb 2025 10:59:58.626 * RDB: 0 MB of memory used by copy-on-write
1781:M 21 Feb 2025 10:59:58.725 * Background saving terminated with success
1781:M 21 Feb 2025 11:00:14.011 * 1 changes in 15 seconds. Saving...
1781:M 21 Feb 2025 11:00:14.011 * Background saving started by pid 43853
43853:C 21 Feb 2025 11:00:14.016 * DB saved on disk
43853:C 21 Feb 2025 11:00:14.016 * RDB: 0 MB of memory used by copy-on-write
1781:M 21 Feb 2025 11:00:14.113 * Background saving terminated with success
1781:M 21 Feb 2025 11:02:48.690 * 1 changes in 15 seconds. Saving...
1781:M 21 Feb 2025 11:02:48.691 * Background saving started by pid 43974
43974:C 21 Feb 2025 11:02:48.696 * DB saved on disk
43974:C 21 Feb 2025 11:02:48.696 * RDB: 0 MB of memory used by copy-on-write
1781:M 21 Feb 2025 11:02:48.792 * Background saving terminated with success
1781:M 21 Feb 2025 11:03:48.631 * 1 changes in 15 seconds. Saving...
1781:M 21 Feb 2025 11:03:48.631 * Background saving started by pid 44019
44019:C 21 Feb 2025 11:03:48.635 * DB saved on disk
44019:C 21 Feb 2025 11:03:48.636 * RDB: 0 MB of memory used by copy-on-write
1781:M 21 Feb 2025 11:03:48.732 * Background saving terminated with success
1781:M 21 Feb 2025 11:29:58.689 * 1 changes in 15 seconds. Saving...
1781:M 21 Feb 2025 11:29:58.690 * Background saving started by pid 45125
45125:C 21 Feb 2025 11:29:58.692 * DB saved on disk
45125:C 21 Feb 2025 11:29:58.693 * RDB: 0 MB of memory used by copy-on-write
1781:M 21 Feb 2025 11:29:58.793 * Background saving terminated with success
1781:M 21 Feb 2025 11:30:14.069 * 1 changes in 15 seconds. Saving...
1781:M 21 Feb 2025 11:30:14.070 * Background saving started by pid 45138
45138:C 21 Feb 2025 11:30:14.074 * DB saved on disk
45138:C 21 Feb 2025 11:30:14.075 * RDB: 0 MB of memory used by copy-on-write
1781:M 21 Feb 2025 11:30:14.171 * Background saving terminated with success
1781:M 21 Feb 2025 11:59:58.717 * 1 changes in 15 seconds. Saving...
1781:M 21 Feb 2025 11:59:58.718 * Background saving started by pid 46416
46416:C 21 Feb 2025 11:59:58.720 * DB saved on disk
46416:C 21 Feb 2025 11:59:58.721 * RDB: 0 MB of memory used by copy-on-write
1781:M 21 Feb 2025 11:59:58.820 * Background saving terminated with success
1781:M 21 Feb 2025 12:00:14.009 * 1 changes in 15 seconds. Saving...
1781:M 21 Feb 2025 12:00:14.010 * Background saving started by pid 46451
46451:C 21 Feb 2025 12:00:14.012 * DB saved on disk
46451:C 21 Feb 2025 12:00:14.012 * RDB: 0 MB of memory used by copy-on-write
1781:M 21 Feb 2025 12:00:14.115 * Background saving terminated with success
1781:M 21 Feb 2025 12:02:48.736 * 1 changes in 15 seconds. Saving...
1781:M 21 Feb 2025 12:02:48.736 * Background saving started by pid 46559
46559:C 21 Feb 2025 12:02:48.739 * DB saved on disk
46559:C 21 Feb 2025 12:02:48.739 * RDB: 0 MB of memory used by copy-on-write
1781:M 21 Feb 2025 12:02:48.837 * Background saving terminated with success
1781:M 21 Feb 2025 12:03:48.718 * 1 changes in 15 seconds. Saving...
1781:M 21 Feb 2025 12:03:48.719 * Background saving started by pid 46605
46605:C 21 Feb 2025 12:03:48.724 * DB saved on disk
46605:C 21 Feb 2025 12:03:48.725 * RDB: 0 MB of memory used by copy-on-write
1781:M 21 Feb 2025 12:03:48.821 * Background saving terminated with success
1781:M 21 Feb 2025 12:29:58.696 * 1 changes in 15 seconds. Saving...
1781:M 21 Feb 2025 12:29:58.696 * Background saving started by pid 47723
47723:C 21 Feb 2025 12:29:58.698 * DB saved on disk
47723:C 21 Feb 2025 12:29:58.698 * RDB: 0 MB of memory used by copy-on-write
1781:M 21 Feb 2025 12:29:58.797 * Background saving terminated with success
1781:M 21 Feb 2025 12:30:14.082 * 1 changes in 15 seconds. Saving...
1781:M 21 Feb 2025 12:30:14.083 * Background saving started by pid 47735
47735:C 21 Feb 2025 12:30:14.089 * DB saved on disk
47735:C 21 Feb 2025 12:30:14.090 * RDB: 0 MB of memory used by copy-on-write
1781:M 21 Feb 2025 12:30:14.188 * Background saving terminated with success
1781:M 21 Feb 2025 12:59:58.586 * 1 changes in 15 seconds. Saving...
1781:M 21 Feb 2025 12:59:58.586 * Background saving started by pid 49005
49005:C 21 Feb 2025 12:59:58.589 * DB saved on disk
49005:C 21 Feb 2025 12:59:58.589 * RDB: 0 MB of memory used by copy-on-write
1781:M 21 Feb 2025 12:59:58.693 * Background saving terminated with success
1781:M 21 Feb 2025 13:00:14.002 * 1 changes in 15 seconds. Saving...
1781:M 21 Feb 2025 13:00:14.002 * Background saving started by pid 49019
49019:C 21 Feb 2025 13:00:14.005 * DB saved on disk
49019:C 21 Feb 2025 13:00:14.006 * RDB: 0 MB of memory used by copy-on-write
1781:M 21 Feb 2025 13:00:14.105 * Background saving terminated with success
1781:M 21 Feb 2025 13:02:48.580 * 1 changes in 15 seconds. Saving...
1781:M 21 Feb 2025 13:02:48.580 * Background saving started by pid 49130
49130:C 21 Feb 2025 13:02:48.582 * DB saved on disk
49130:C 21 Feb 2025 13:02:48.583 * RDB: 0 MB of memory used by copy-on-write
1781:M 21 Feb 2025 13:02:48.683 * Background saving terminated with success
1781:M 21 Feb 2025 13:03:48.625 * 1 changes in 15 seconds. Saving...
1781:M 21 Feb 2025 13:03:48.625 * Background saving started by pid 49175
49175:C 21 Feb 2025 13:03:48.628 * DB saved on disk
49175:C 21 Feb 2025 13:03:48.628 * RDB: 0 MB of memory used by copy-on-write
1781:M 21 Feb 2025 13:03:48.727 * Background saving terminated with success
1781:M 21 Feb 2025 13:29:58.633 * 1 changes in 15 seconds. Saving...
1781:M 21 Feb 2025 13:29:58.634 * Background saving started by pid 50292
50292:C 21 Feb 2025 13:29:58.636 * DB saved on disk
50292:C 21 Feb 2025 13:29:58.636 * RDB: 0 MB of memory used by copy-on-write
1781:M 21 Feb 2025 13:29:58.744 * Background saving terminated with success
1781:M 21 Feb 2025 13:30:14.107 * 1 changes in 15 seconds. Saving...
1781:M 21 Feb 2025 13:30:14.108 * Background saving started by pid 50305
50305:C 21 Feb 2025 13:30:14.112 * DB saved on disk
50305:C 21 Feb 2025 13:30:14.112 * RDB: 0 MB of memory used by copy-on-write
1781:M 21 Feb 2025 13:30:14.209 * Background saving terminated with success
1781:M 21 Feb 2025 13:59:58.619 * 1 changes in 15 seconds. Saving...
1781:M 21 Feb 2025 13:59:58.620 * Background saving started by pid 51576
51576:C 21 Feb 2025 13:59:58.622 * DB saved on disk
51576:C 21 Feb 2025 13:59:58.623 * RDB: 0 MB of memory used by copy-on-write
1781:M 21 Feb 2025 13:59:58.721 * Background saving terminated with success
1781:M 21 Feb 2025 14:00:14.015 * 1 changes in 15 seconds. Saving...
1781:M 21 Feb 2025 14:00:14.016 * Background saving started by pid 51590
51590:C 21 Feb 2025 14:00:14.022 * DB saved on disk
51590:C 21 Feb 2025 14:00:14.023 * RDB: 0 MB of memory used by copy-on-write
1781:M 21 Feb 2025 14:00:14.119 * Background saving terminated with success
1781:M 21 Feb 2025 14:02:48.572 * 1 changes in 15 seconds. Saving...
1781:M 21 Feb 2025 14:02:48.572 * Background saving started by pid 51698
51698:C 21 Feb 2025 14:02:48.575 * DB saved on disk
51698:C 21 Feb 2025 14:02:48.575 * RDB: 0 MB of memory used by copy-on-write
1781:M 21 Feb 2025 14:02:48.673 * Background saving terminated with success
1781:M 21 Feb 2025 14:03:48.624 * 1 changes in 15 seconds. Saving...
1781:M 21 Feb 2025 14:03:48.624 * Background saving started by pid 51745
51745:C 21 Feb 2025 14:03:48.627 * DB saved on disk
51745:C 21 Feb 2025 14:03:48.628 * RDB: 0 MB of memory used by copy-on-write
1781:M 21 Feb 2025 14:03:48.727 * Background saving terminated with success
1781:M 21 Feb 2025 14:29:58.692 * 1 changes in 15 seconds. Saving...
1781:M 21 Feb 2025 14:29:58.692 * Background saving started by pid 52863
52863:C 21 Feb 2025 14:29:58.695 * DB saved on disk
52863:C 21 Feb 2025 14:29:58.696 * RDB: 0 MB of memory used by copy-on-write
1781:M 21 Feb 2025 14:29:58.794 * Background saving terminated with success
1781:M 21 Feb 2025 14:30:14.060 * 1 changes in 15 seconds. Saving...
1781:M 21 Feb 2025 14:30:14.061 * Background saving started by pid 52876
52876:C 21 Feb 2025 14:30:14.064 * DB saved on disk
52876:C 21 Feb 2025 14:30:14.064 * RDB: 0 MB of memory used by copy-on-write
1781:M 21 Feb 2025 14:30:14.163 * Background saving terminated with success
1781:M 21 Feb 2025 14:59:58.669 * 1 changes in 15 seconds. Saving...
1781:M 21 Feb 2025 14:59:58.669 * Background saving started by pid 54147
54147:C 21 Feb 2025 14:59:58.672 * DB saved on disk
54147:C 21 Feb 2025 14:59:58.673 * RDB: 0 MB of memory used by copy-on-write
1781:M 21 Feb 2025 14:59:58.771 * Background saving terminated with success
1781:M 21 Feb 2025 15:00:14.072 * 1 changes in 15 seconds. Saving...
1781:M 21 Feb 2025 15:00:14.074 * Background saving started by pid 54160
54160:C 21 Feb 2025 15:00:14.080 * DB saved on disk
54160:C 21 Feb 2025 15:00:14.081 * RDB: 0 MB of memory used by copy-on-write
1781:M 21 Feb 2025 15:00:14.175 * Background saving terminated with success
1781:M 21 Feb 2025 15:02:48.695 * 1 changes in 15 seconds. Saving...
1781:M 21 Feb 2025 15:02:48.695 * Background saving started by pid 54271
54271:C 21 Feb 2025 15:02:48.701 * DB saved on disk
54271:C 21 Feb 2025 15:02:48.701 * RDB: 0 MB of memory used by copy-on-write
1781:M 21 Feb 2025 15:02:48.797 * Background saving terminated with success
1781:M 21 Feb 2025 15:03:48.593 * 1 changes in 15 seconds. Saving...
1781:M 21 Feb 2025 15:03:48.593 * Background saving started by pid 54315
54315:C 21 Feb 2025 15:03:48.596 * DB saved on disk
54315:C 21 Feb 2025 15:03:48.596 * RDB: 0 MB of memory used by copy-on-write
1781:M 21 Feb 2025 15:03:48.697 * Background saving terminated with success
1781:M 21 Feb 2025 15:29:58.742 * 1 changes in 15 seconds. Saving...
1781:M 21 Feb 2025 15:29:58.742 * Background saving started by pid 55436
55436:C 21 Feb 2025 15:29:58.745 * DB saved on disk
55436:C 21 Feb 2025 15:29:58.745 * RDB: 0 MB of memory used by copy-on-write
1781:M 21 Feb 2025 15:29:58.843 * Background saving terminated with success
1781:M 21 Feb 2025 15:30:14.098 * 1 changes in 15 seconds. Saving...
1781:M 21 Feb 2025 15:30:14.098 * Background saving started by pid 55450
55450:C 21 Feb 2025 15:30:14.104 * DB saved on disk
55450:C 21 Feb 2025 15:30:14.105 * RDB: 0 MB of memory used by copy-on-write
1781:M 21 Feb 2025 15:30:14.200 * Background saving terminated with success
1781:M 21 Feb 2025 15:59:58.766 * 1 changes in 15 seconds. Saving...
1781:M 21 Feb 2025 15:59:58.767 * Background saving started by pid 56716
56716:C 21 Feb 2025 15:59:58.770 * DB saved on disk
56716:C 21 Feb 2025 15:59:58.770 * RDB: 0 MB of memory used by copy-on-write
1781:M 21 Feb 2025 15:59:58.869 * Background saving terminated with success
1781:M 21 Feb 2025 16:00:14.092 * 1 changes in 15 seconds. Saving...
1781:M 21 Feb 2025 16:00:14.092 * Background saving started by pid 56729
56729:C 21 Feb 2025 16:00:14.094 * DB saved on disk
56729:C 21 Feb 2025 16:00:14.095 * RDB: 0 MB of memory used by copy-on-write
1781:M 21 Feb 2025 16:00:14.193 * Background saving terminated with success
1781:M 21 Feb 2025 16:02:48.707 * 1 changes in 15 seconds. Saving...
1781:M 21 Feb 2025 16:02:48.707 * Background saving started by pid 56836
56836:C 21 Feb 2025 16:02:48.712 * DB saved on disk
56836:C 21 Feb 2025 16:02:48.713 * RDB: 0 MB of memory used by copy-on-write
1781:M 21 Feb 2025 16:02:48.809 * Background saving terminated with success
1781:M 21 Feb 2025 16:03:48.709 * 1 changes in 15 seconds. Saving...
1781:M 21 Feb 2025 16:03:48.709 * Background saving started by pid 56882
56882:C 21 Feb 2025 16:03:48.712 * DB saved on disk
56882:C 21 Feb 2025 16:03:48.712 * RDB: 0 MB of memory used by copy-on-write
1781:M 21 Feb 2025 16:03:48.810 * Background saving terminated with success
1781:M 21 Feb 2025 16:29:58.744 * 1 changes in 15 seconds. Saving...
1781:M 21 Feb 2025 16:29:58.745 * Background saving started by pid 58002
58002:C 21 Feb 2025 16:29:58.748 * DB saved on disk
58002:C 21 Feb 2025 16:29:58.748 * RDB: 0 MB of memory used by copy-on-write
1781:M 21 Feb 2025 16:29:58.847 * Background saving terminated with success
1781:M 21 Feb 2025 16:30:14.062 * 1 changes in 15 seconds. Saving...
1781:M 21 Feb 2025 16:30:14.063 * Background saving started by pid 58015
58015:C 21 Feb 2025 16:30:14.068 * DB saved on disk
58015:C 21 Feb 2025 16:30:14.068 * RDB: 0 MB of memory used by copy-on-write
1781:M 21 Feb 2025 16:30:14.174 * Background saving terminated with success
1781:M 22 Feb 2025 14:49:27.199 * 1 changes in 15 seconds. Saving...
1781:M 22 Feb 2025 14:49:27.200 * Background saving started by pid 59305
59305:C 22 Feb 2025 14:49:27.201 * DB saved on disk
59305:C 22 Feb 2025 14:49:27.202 * RDB: 0 MB of memory used by copy-on-write
1781:M 22 Feb 2025 14:49:27.302 * Background saving terminated with success
1781:M 22 Feb 2025 14:49:43.030 * 1 changes in 15 seconds. Saving...
1781:M 22 Feb 2025 14:49:43.031 * Background saving started by pid 59319
59319:C 22 Feb 2025 14:49:43.038 * DB saved on disk
59319:C 22 Feb 2025 14:49:43.038 * RDB: 0 MB of memory used by copy-on-write
1781:M 22 Feb 2025 14:49:43.135 * Background saving terminated with success
1781:M 22 Feb 2025 14:52:17.183 * 1 changes in 15 seconds. Saving...
1781:M 22 Feb 2025 14:52:17.183 * Background saving started by pid 59431
59431:C 22 Feb 2025 14:52:17.187 * DB saved on disk
59431:C 22 Feb 2025 14:52:17.187 * RDB: 0 MB of memory used by copy-on-write
1781:M 22 Feb 2025 14:52:17.284 * Background saving terminated with success
1781:M 22 Feb 2025 14:53:17.236 * 1 changes in 15 seconds. Saving...
1781:M 22 Feb 2025 14:53:17.237 * Background saving started by pid 59474
59474:C 22 Feb 2025 14:53:17.243 * DB saved on disk
59474:C 22 Feb 2025 14:53:17.244 * RDB: 0 MB of memory used by copy-on-write
1781:M 22 Feb 2025 14:53:17.338 * Background saving terminated with success
1781:M 22 Feb 2025 16:26:48.041 * 1 changes in 15 seconds. Saving...
1781:M 22 Feb 2025 16:26:48.041 * Background saving started by pid 60593
60593:C 22 Feb 2025 16:26:48.044 * DB saved on disk
60593:C 22 Feb 2025 16:26:48.044 * RDB: 0 MB of memory used by copy-on-write
1781:M 22 Feb 2025 16:26:48.142 * Background saving terminated with success
1781:M 22 Feb 2025 16:27:04.085 * 1 changes in 15 seconds. Saving...
1781:M 22 Feb 2025 16:27:04.087 * Background saving started by pid 60607
60607:C 22 Feb 2025 16:27:04.102 * DB saved on disk
60607:C 22 Feb 2025 16:27:04.103 * RDB: 0 MB of memory used by copy-on-write
1781:M 22 Feb 2025 16:27:04.188 * Background saving terminated with success
1781:M 22 Feb 2025 18:35:48.951 * 1 changes in 15 seconds. Saving...
1781:M 22 Feb 2025 18:35:48.952 * Background saving started by pid 61880
61880:C 22 Feb 2025 18:35:48.955 * DB saved on disk
61880:C 22 Feb 2025 18:35:48.955 * RDB: 0 MB of memory used by copy-on-write
1781:M 22 Feb 2025 18:35:49.056 * Background saving terminated with success
1781:M 22 Feb 2025 18:36:05.026 * 1 changes in 15 seconds. Saving...
1781:M 22 Feb 2025 18:36:05.026 * Background saving started by pid 61894
61894:C 22 Feb 2025 18:36:05.028 * DB saved on disk
61894:C 22 Feb 2025 18:36:05.028 * RDB: 0 MB of memory used by copy-on-write
1781:M 22 Feb 2025 18:36:05.127 * Background saving terminated with success
1781:M 22 Feb 2025 19:27:12.885 * 1 changes in 15 seconds. Saving...
1781:M 22 Feb 2025 19:27:12.886 * Background saving started by pid 62003
62003:C 22 Feb 2025 19:27:12.888 * DB saved on disk
62003:C 22 Feb 2025 19:27:12.888 * RDB: 0 MB of memory used by copy-on-write
1781:M 22 Feb 2025 19:27:12.989 * Background saving terminated with success
1781:M 22 Feb 2025 19:45:42.603 * 1 changes in 15 seconds. Saving...
1781:M 22 Feb 2025 19:45:42.603 * Background saving started by pid 62049
62049:C 22 Feb 2025 19:45:42.605 * DB saved on disk
62049:C 22 Feb 2025 19:45:42.606 * RDB: 0 MB of memory used by copy-on-write
1781:M 22 Feb 2025 19:45:42.704 * Background saving terminated with success
1781:M 23 Feb 2025 05:38:39.383 * 1 changes in 15 seconds. Saving...
1781:M 23 Feb 2025 05:38:39.384 * Background saving started by pid 63179
63179:C 23 Feb 2025 05:38:39.386 * DB saved on disk
63179:C 23 Feb 2025 05:38:39.386 * RDB: 0 MB of memory used by copy-on-write
1781:M 23 Feb 2025 05:38:39.486 * Background saving terminated with success
1781:M 23 Feb 2025 05:38:55.051 * 1 changes in 15 seconds. Saving...
1781:M 23 Feb 2025 05:38:55.051 * Background saving started by pid 63193
63193:C 23 Feb 2025 05:38:55.054 * DB saved on disk
63193:C 23 Feb 2025 05:38:55.054 * RDB: 0 MB of memory used by copy-on-write
1781:M 23 Feb 2025 05:38:55.153 * Background saving terminated with success
1781:M 23 Feb 2025 18:24:09.378 * 1 changes in 15 seconds. Saving...
1781:M 23 Feb 2025 18:24:09.378 * Background saving started by pid 64460
64460:C 23 Feb 2025 18:24:09.380 * DB saved on disk
64460:C 23 Feb 2025 18:24:09.380 * RDB: 0 MB of memory used by copy-on-write
1781:M 23 Feb 2025 18:24:09.516 * Background saving terminated with success
1781:M 23 Feb 2025 18:24:25.029 * 1 changes in 15 seconds. Saving...
1781:M 23 Feb 2025 18:24:25.029 * Background saving started by pid 64473
64473:C 23 Feb 2025 18:24:25.032 * DB saved on disk
64473:C 23 Feb 2025 18:24:25.033 * RDB: 0 MB of memory used by copy-on-write
1781:M 23 Feb 2025 18:24:25.130 * Background saving terminated with success
1781:M 23 Feb 2025 20:41:49.151 * 1 changes in 15 seconds. Saving...
1781:M 23 Feb 2025 20:41:49.152 * Background saving started by pid 64587
64587:C 23 Feb 2025 20:41:49.153 * DB saved on disk
64587:C 23 Feb 2025 20:41:49.153 * RDB: 0 MB of memory used by copy-on-write
1781:M 23 Feb 2025 20:41:49.253 * Background saving terminated with success
1781:M 23 Feb 2025 21:04:57.399 * 1 changes in 15 seconds. Saving...
1781:M 23 Feb 2025 21:04:57.399 * Background saving started by pid 64633
64633:C 23 Feb 2025 21:04:57.402 * DB saved on disk
64633:C 23 Feb 2025 21:04:57.402 * RDB: 0 MB of memory used by copy-on-write
1781:M 23 Feb 2025 21:04:57.500 * Background saving terminated with success
1781:M 24 Feb 2025 02:55:01.575 * 1 changes in 15 seconds. Saving...
1781:M 24 Feb 2025 02:55:01.576 * Background saving started by pid 65740
65740:C 24 Feb 2025 02:55:01.579 * DB saved on disk
65740:C 24 Feb 2025 02:55:01.580 * RDB: 0 MB of memory used by copy-on-write
1781:M 24 Feb 2025 02:55:01.677 * Background saving terminated with success
1781:M 24 Feb 2025 02:55:17.031 * 1 changes in 15 seconds. Saving...
1781:M 24 Feb 2025 02:55:17.032 * Background saving started by pid 65753
65753:C 24 Feb 2025 02:55:17.039 * DB saved on disk
65753:C 24 Feb 2025 02:55:17.040 * RDB: 0 MB of memory used by copy-on-write
1781:M 24 Feb 2025 02:55:17.137 * Background saving terminated with success
1781:M 24 Feb 2025 03:25:01.527 * 1 changes in 15 seconds. Saving...
1781:M 24 Feb 2025 03:25:01.528 * Background saving started by pid 67032
67032:C 24 Feb 2025 03:25:01.529 * DB saved on disk
67032:C 24 Feb 2025 03:25:01.530 * RDB: 0 MB of memory used by copy-on-write
1781:M 24 Feb 2025 03:25:01.629 * Background saving terminated with success
1781:M 24 Feb 2025 03:25:17.022 * 1 changes in 15 seconds. Saving...
1781:M 24 Feb 2025 03:25:17.023 * Background saving started by pid 67045
67045:C 24 Feb 2025 03:25:17.025 * DB saved on disk
67045:C 24 Feb 2025 03:25:17.026 * RDB: 0 MB of memory used by copy-on-write
1781:M 24 Feb 2025 03:25:17.124 * Background saving terminated with success
1781:M 24 Feb 2025 03:27:51.481 * 1 changes in 15 seconds. Saving...
1781:M 24 Feb 2025 03:27:51.482 * Background saving started by pid 67169
67169:C 24 Feb 2025 03:27:51.484 * DB saved on disk
67169:C 24 Feb 2025 03:27:51.484 * RDB: 0 MB of memory used by copy-on-write
1781:M 24 Feb 2025 03:27:51.587 * Background saving terminated with success
1781:M 24 Feb 2025 03:28:51.541 * 1 changes in 15 seconds. Saving...
1781:M 24 Feb 2025 03:28:51.541 * Background saving started by pid 67216
67216:C 24 Feb 2025 03:28:51.544 * DB saved on disk
67216:C 24 Feb 2025 03:28:51.544 * RDB: 0 MB of memory used by copy-on-write
1781:M 24 Feb 2025 03:28:51.643 * Background saving terminated with success
1781:M 24 Feb 2025 03:55:01.576 * 1 changes in 15 seconds. Saving...
1781:M 24 Feb 2025 03:55:01.576 * Background saving started by pid 68322
68322:C 24 Feb 2025 03:55:01.578 * DB saved on disk
68322:C 24 Feb 2025 03:55:01.578 * RDB: 0 MB of memory used by copy-on-write
1781:M 24 Feb 2025 03:55:01.680 * Background saving terminated with success
1781:M 24 Feb 2025 03:55:17.018 * 1 changes in 15 seconds. Saving...
1781:M 24 Feb 2025 03:55:17.018 * Background saving started by pid 68345
68345:C 24 Feb 2025 03:55:17.019 * DB saved on disk
68345:C 24 Feb 2025 03:55:17.020 * RDB: 0 MB of memory used by copy-on-write
1781:M 24 Feb 2025 03:55:17.120 * Background saving terminated with success
1781:M 24 Feb 2025 04:25:01.649 * 1 changes in 15 seconds. Saving...
1781:M 24 Feb 2025 04:25:01.650 * Background saving started by pid 69616
69616:C 24 Feb 2025 04:25:01.652 * DB saved on disk
69616:C 24 Feb 2025 04:25:01.653 * RDB: 0 MB of memory used by copy-on-write
1781:M 24 Feb 2025 04:25:01.750 * Background saving terminated with success
1781:M 24 Feb 2025 04:25:17.084 * 1 changes in 15 seconds. Saving...
1781:M 24 Feb 2025 04:25:17.084 * Background saving started by pid 69629
69629:C 24 Feb 2025 04:25:17.086 * DB saved on disk
69629:C 24 Feb 2025 04:25:17.087 * RDB: 0 MB of memory used by copy-on-write
1781:M 24 Feb 2025 04:25:17.186 * Background saving terminated with success
1781:M 24 Feb 2025 04:27:51.660 * 1 changes in 15 seconds. Saving...
1781:M 24 Feb 2025 04:27:51.660 * Background saving started by pid 69745
69745:C 24 Feb 2025 04:27:51.662 * DB saved on disk
69745:C 24 Feb 2025 04:27:51.663 * RDB: 0 MB of memory used by copy-on-write
1781:M 24 Feb 2025 04:27:51.765 * Background saving terminated with success
1781:M 24 Feb 2025 04:28:51.621 * 1 changes in 15 seconds. Saving...
1781:M 24 Feb 2025 04:28:51.622 * Background saving started by pid 69788
69788:C 24 Feb 2025 04:28:51.626 * DB saved on disk
69788:C 24 Feb 2025 04:28:51.626 * RDB: 0 MB of memory used by copy-on-write
1781:M 24 Feb 2025 04:28:51.728 * Background saving terminated with success
1781:M 24 Feb 2025 04:55:01.688 * 1 changes in 15 seconds. Saving...
1781:M 24 Feb 2025 04:55:01.689 * Background saving started by pid 70903
70903:C 24 Feb 2025 04:55:01.692 * DB saved on disk
70903:C 24 Feb 2025 04:55:01.693 * RDB: 0 MB of memory used by copy-on-write
1781:M 24 Feb 2025 04:55:01.790 * Background saving terminated with success
1781:M 24 Feb 2025 04:55:17.067 * 1 changes in 15 seconds. Saving...
1781:M 24 Feb 2025 04:55:17.068 * Background saving started by pid 70916
70916:C 24 Feb 2025 04:55:17.075 * DB saved on disk
70916:C 24 Feb 2025 04:55:17.076 * RDB: 0 MB of memory used by copy-on-write
1781:M 24 Feb 2025 04:55:17.173 * Background saving terminated with success
1781:M 24 Feb 2025 05:25:01.650 * 1 changes in 15 seconds. Saving...
1781:M 24 Feb 2025 05:25:01.651 * Background saving started by pid 72187
72187:C 24 Feb 2025 05:25:01.653 * DB saved on disk
72187:C 24 Feb 2025 05:25:01.654 * RDB: 0 MB of memory used by copy-on-write
1781:M 24 Feb 2025 05:25:01.752 * Background saving terminated with success
1781:M 24 Feb 2025 05:25:17.012 * 1 changes in 15 seconds. Saving...
1781:M 24 Feb 2025 05:25:17.012 * Background saving started by pid 72200
72200:C 24 Feb 2025 05:25:17.015 * DB saved on disk
72200:C 24 Feb 2025 05:25:17.015 * RDB: 0 MB of memory used by copy-on-write
1781:M 24 Feb 2025 05:25:17.118 * Background saving terminated with success
1781:M 24 Feb 2025 05:27:51.641 * 1 changes in 15 seconds. Saving...
1781:M 24 Feb 2025 05:27:51.641 * Background saving started by pid 72314
72314:C 24 Feb 2025 05:27:51.644 * DB saved on disk
72314:C 24 Feb 2025 05:27:51.645 * RDB: 0 MB of memory used by copy-on-write
1781:M 24 Feb 2025 05:27:51.741 * Background saving terminated with success
1781:M 24 Feb 2025 05:28:51.683 * 1 changes in 15 seconds. Saving...
1781:M 24 Feb 2025 05:28:51.684 * Background saving started by pid 72361
72361:C 24 Feb 2025 05:28:51.691 * DB saved on disk
72361:C 24 Feb 2025 05:28:51.692 * RDB: 0 MB of memory used by copy-on-write
1781:M 24 Feb 2025 05:28:51.790 * Background saving terminated with success
1781:M 24 Feb 2025 05:55:01.686 * 1 changes in 15 seconds. Saving...
1781:M 24 Feb 2025 05:55:01.686 * Background saving started by pid 73479
73479:C 24 Feb 2025 05:55:01.689 * DB saved on disk
73479:C 24 Feb 2025 05:55:01.689 * RDB: 0 MB of memory used by copy-on-write
1781:M 24 Feb 2025 05:55:01.787 * Background saving terminated with success
1781:M 24 Feb 2025 05:55:17.101 * 1 changes in 15 seconds. Saving...
1781:M 24 Feb 2025 05:55:17.101 * Background saving started by pid 73492
73492:C 24 Feb 2025 05:55:17.103 * DB saved on disk
73492:C 24 Feb 2025 05:55:17.104 * RDB: 0 MB of memory used by copy-on-write
1781:M 24 Feb 2025 05:55:17.202 * Background saving terminated with success
1781:M 24 Feb 2025 06:25:01.587 * 1 changes in 15 seconds. Saving...
1781:M 24 Feb 2025 06:25:01.588 * Background saving started by pid 74763
74763:C 24 Feb 2025 06:25:01.593 * DB saved on disk
74763:C 24 Feb 2025 06:25:01.593 * RDB: 0 MB of memory used by copy-on-write
1781:M 24 Feb 2025 06:25:01.690 * Background saving terminated with success
1781:M 24 Feb 2025 06:25:17.059 * 1 changes in 15 seconds. Saving...
1781:M 24 Feb 2025 06:25:17.060 * Background saving started by pid 74776
74776:C 24 Feb 2025 06:25:17.066 * DB saved on disk
74776:C 24 Feb 2025 06:25:17.067 * RDB: 0 MB of memory used by copy-on-write
1781:M 24 Feb 2025 06:25:17.162 * Background saving terminated with success
1781:M 24 Feb 2025 06:27:51.637 * 1 changes in 15 seconds. Saving...
1781:M 24 Feb 2025 06:27:51.638 * Background saving started by pid 74895
74895:C 24 Feb 2025 06:27:51.639 * DB saved on disk
74895:C 24 Feb 2025 06:27:51.639 * RDB: 0 MB of memory used by copy-on-write
1781:M 24 Feb 2025 06:27:51.738 * Background saving terminated with success
1781:M 24 Feb 2025 06:28:51.583 * 1 changes in 15 seconds. Saving...
1781:M 24 Feb 2025 06:28:51.583 * Background saving started by pid 74938
74938:C 24 Feb 2025 06:28:51.586 * DB saved on disk
74938:C 24 Feb 2025 06:28:51.586 * RDB: 0 MB of memory used by copy-on-write
1781:M 24 Feb 2025 06:28:51.684 * Background saving terminated with success
1781:M 24 Feb 2025 06:55:01.681 * 1 changes in 15 seconds. Saving...
1781:M 24 Feb 2025 06:55:01.682 * Background saving started by pid 76057
76057:C 24 Feb 2025 06:55:01.687 * DB saved on disk
76057:C 24 Feb 2025 06:55:01.687 * RDB: 0 MB of memory used by copy-on-write
1781:M 24 Feb 2025 06:55:01.783 * Background saving terminated with success
1781:M 24 Feb 2025 06:55:17.003 * 1 changes in 15 seconds. Saving...
1781:M 24 Feb 2025 06:55:17.003 * Background saving started by pid 76071
76071:C 24 Feb 2025 06:55:17.010 * DB saved on disk
76071:C 24 Feb 2025 06:55:17.012 * RDB: 0 MB of memory used by copy-on-write
1781:M 24 Feb 2025 06:55:17.104 * Background saving terminated with success
1781:M 24 Feb 2025 07:48:15.533 * 1 changes in 15 seconds. Saving...
1781:M 24 Feb 2025 07:48:15.533 * Background saving started by pid 77341
77341:C 24 Feb 2025 07:48:15.535 * DB saved on disk
77341:C 24 Feb 2025 07:48:15.535 * RDB: 0 MB of memory used by copy-on-write
1781:M 24 Feb 2025 07:48:15.635 * Background saving terminated with success
1781:M 24 Feb 2025 07:48:31.083 * 1 changes in 15 seconds. Saving...
1781:M 24 Feb 2025 07:48:31.083 * Background saving started by pid 77356
77356:C 24 Feb 2025 07:48:31.085 * DB saved on disk
77356:C 24 Feb 2025 07:48:31.086 * RDB: 0 MB of memory used by copy-on-write
1781:M 24 Feb 2025 07:48:31.186 * Background saving terminated with success
1781:M 24 Feb 2025 07:51:05.549 * 1 changes in 15 seconds. Saving...
1781:M 24 Feb 2025 07:51:05.550 * Background saving started by pid 77464
77464:C 24 Feb 2025 07:51:05.554 * DB saved on disk
77464:C 24 Feb 2025 07:51:05.555 * RDB: 0 MB of memory used by copy-on-write
1781:M 24 Feb 2025 07:51:05.652 * Background saving terminated with success
1781:M 24 Feb 2025 07:52:05.486 * 1 changes in 15 seconds. Saving...
1781:M 24 Feb 2025 07:52:05.486 * Background saving started by pid 77509
77509:C 24 Feb 2025 07:52:05.488 * DB saved on disk
77509:C 24 Feb 2025 07:52:05.489 * RDB: 0 MB of memory used by copy-on-write
1781:M 24 Feb 2025 07:52:05.587 * Background saving terminated with success
1781:M 24 Feb 2025 08:18:15.523 * 1 changes in 15 seconds. Saving...
1781:M 24 Feb 2025 08:18:15.524 * Background saving started by pid 78637
78637:C 24 Feb 2025 08:18:15.526 * DB saved on disk
78637:C 24 Feb 2025 08:18:15.526 * RDB: 0 MB of memory used by copy-on-write
1781:M 24 Feb 2025 08:18:15.627 * Background saving terminated with success
1781:M 24 Feb 2025 08:18:31.021 * 1 changes in 15 seconds. Saving...
1781:M 24 Feb 2025 08:18:31.022 * Background saving started by pid 78651
78651:C 24 Feb 2025 08:18:31.026 * DB saved on disk
78651:C 24 Feb 2025 08:18:31.027 * RDB: 0 MB of memory used by copy-on-write
1781:M 24 Feb 2025 08:18:31.130 * Background saving terminated with success
1781:M 24 Feb 2025 08:48:15.573 * 1 changes in 15 seconds. Saving...
1781:M 24 Feb 2025 08:48:15.574 * Background saving started by pid 79919
79919:C 24 Feb 2025 08:48:15.576 * DB saved on disk
79919:C 24 Feb 2025 08:48:15.576 * RDB: 0 MB of memory used by copy-on-write
1781:M 24 Feb 2025 08:48:15.675 * Background saving terminated with success
1781:M 24 Feb 2025 08:48:31.008 * 1 changes in 15 seconds. Saving...
1781:M 24 Feb 2025 08:48:31.008 * Background saving started by pid 79933
79933:C 24 Feb 2025 08:48:31.014 * DB saved on disk
79933:C 24 Feb 2025 08:48:31.015 * RDB: 0 MB of memory used by copy-on-write
1781:M 24 Feb 2025 08:48:31.111 * Background saving terminated with success
1781:M 24 Feb 2025 08:51:05.552 * 1 changes in 15 seconds. Saving...
1781:M 24 Feb 2025 08:51:05.552 * Background saving started by pid 80044
80044:C 24 Feb 2025 08:51:05.553 * DB saved on disk
80044:C 24 Feb 2025 08:51:05.554 * RDB: 0 MB of memory used by copy-on-write
1781:M 24 Feb 2025 08:51:05.654 * Background saving terminated with success
1781:M 24 Feb 2025 08:52:05.516 * 1 changes in 15 seconds. Saving...
1781:M 24 Feb 2025 08:52:05.517 * Background saving started by pid 80087
80087:C 24 Feb 2025 08:52:05.518 * DB saved on disk
80087:C 24 Feb 2025 08:52:05.519 * RDB: 0 MB of memory used by copy-on-write
1781:M 24 Feb 2025 08:52:05.619 * Background saving terminated with success
1781:M 24 Feb 2025 09:18:15.551 * 1 changes in 15 seconds. Saving...
1781:M 24 Feb 2025 09:18:15.552 * Background saving started by pid 81212
81212:C 24 Feb 2025 09:18:15.554 * DB saved on disk
81212:C 24 Feb 2025 09:18:15.554 * RDB: 0 MB of memory used by copy-on-write
1781:M 24 Feb 2025 09:18:15.652 * Background saving terminated with success
1781:M 24 Feb 2025 09:18:31.018 * 1 changes in 15 seconds. Saving...
1781:M 24 Feb 2025 09:18:31.018 * Background saving started by pid 81226
81226:C 24 Feb 2025 09:18:31.022 * DB saved on disk
81226:C 24 Feb 2025 09:18:31.022 * RDB: 0 MB of memory used by copy-on-write
1781:M 24 Feb 2025 09:18:31.120 * Background saving terminated with success
1781:M 24 Feb 2025 09:48:15.630 * 1 changes in 15 seconds. Saving...
1781:M 24 Feb 2025 09:48:15.630 * Background saving started by pid 82492
82492:C 24 Feb 2025 09:48:15.633 * DB saved on disk
82492:C 24 Feb 2025 09:48:15.634 * RDB: 0 MB of memory used by copy-on-write
1781:M 24 Feb 2025 09:48:15.734 * Background saving terminated with success
1781:M 24 Feb 2025 09:48:31.070 * 1 changes in 15 seconds. Saving...
1781:M 24 Feb 2025 09:48:31.070 * Background saving started by pid 82507
82507:C 24 Feb 2025 09:48:31.076 * DB saved on disk
82507:C 24 Feb 2025 09:48:31.076 * RDB: 0 MB of memory used by copy-on-write
1781:M 24 Feb 2025 09:48:31.174 * Background saving terminated with success
1781:M 24 Feb 2025 09:51:05.622 * 1 changes in 15 seconds. Saving...
1781:M 24 Feb 2025 09:51:05.622 * Background saving started by pid 82614
82614:C 24 Feb 2025 09:51:05.628 * DB saved on disk
82614:C 24 Feb 2025 09:51:05.629 * RDB: 0 MB of memory used by copy-on-write
1781:M 24 Feb 2025 09:51:05.724 * Background saving terminated with success
1781:M 24 Feb 2025 09:52:05.518 * 1 changes in 15 seconds. Saving...
1781:M 24 Feb 2025 09:52:05.519 * Background saving started by pid 82659
82659:C 24 Feb 2025 09:52:05.520 * DB saved on disk
82659:C 24 Feb 2025 09:52:05.520 * RDB: 0 MB of memory used by copy-on-write
1781:M 24 Feb 2025 09:52:05.619 * Background saving terminated with success
1781:M 24 Feb 2025 10:18:15.642 * 1 changes in 15 seconds. Saving...
1781:M 24 Feb 2025 10:18:15.643 * Background saving started by pid 83779
83779:C 24 Feb 2025 10:18:15.645 * DB saved on disk
83779:C 24 Feb 2025 10:18:15.645 * RDB: 0 MB of memory used by copy-on-write
1781:M 24 Feb 2025 10:18:15.744 * Background saving terminated with success
1781:M 24 Feb 2025 10:18:31.052 * 1 changes in 15 seconds. Saving...
1781:M 24 Feb 2025 10:18:31.053 * Background saving started by pid 83793
83793:C 24 Feb 2025 10:18:31.061 * DB saved on disk
83793:C 24 Feb 2025 10:18:31.061 * RDB: 0 MB of memory used by copy-on-write
1781:M 24 Feb 2025 10:18:31.162 * Background saving terminated with success
1781:M 24 Feb 2025 10:48:15.547 * 1 changes in 15 seconds. Saving...
1781:M 24 Feb 2025 10:48:15.548 * Background saving started by pid 85063
85063:C 24 Feb 2025 10:48:15.550 * DB saved on disk
85063:C 24 Feb 2025 10:48:15.550 * RDB: 0 MB of memory used by copy-on-write
1781:M 24 Feb 2025 10:48:15.649 * Background saving terminated with success
1781:M 24 Feb 2025 10:48:31.091 * 1 changes in 15 seconds. Saving...
1781:M 24 Feb 2025 10:48:31.091 * Background saving started by pid 85077
85077:C 24 Feb 2025 10:48:31.097 * DB saved on disk
85077:C 24 Feb 2025 10:48:31.097 * RDB: 0 MB of memory used by copy-on-write
1781:M 24 Feb 2025 10:48:31.194 * Background saving terminated with success
1781:M 24 Feb 2025 10:51:05.596 * 1 changes in 15 seconds. Saving...
1781:M 24 Feb 2025 10:51:05.596 * Background saving started by pid 85190
85190:C 24 Feb 2025 10:51:05.600 * DB saved on disk
85190:C 24 Feb 2025 10:51:05.600 * RDB: 0 MB of memory used by copy-on-write
1781:M 24 Feb 2025 10:51:05.698 * Background saving terminated with success
1781:M 24 Feb 2025 10:52:05.636 * 1 changes in 15 seconds. Saving...
1781:M 24 Feb 2025 10:52:05.637 * Background saving started by pid 85233
85233:C 24 Feb 2025 10:52:05.644 * DB saved on disk
85233:C 24 Feb 2025 10:52:05.644 * RDB: 0 MB of memory used by copy-on-write
1781:M 24 Feb 2025 10:52:05.738 * Background saving terminated with success
1781:M 24 Feb 2025 11:18:15.659 * 1 changes in 15 seconds. Saving...
1781:M 24 Feb 2025 11:18:15.660 * Background saving started by pid 86355
86355:C 24 Feb 2025 11:18:15.663 * DB saved on disk
86355:C 24 Feb 2025 11:18:15.663 * RDB: 0 MB of memory used by copy-on-write
1781:M 24 Feb 2025 11:18:15.763 * Background saving terminated with success
1781:M 24 Feb 2025 11:18:31.018 * 1 changes in 15 seconds. Saving...
1781:M 24 Feb 2025 11:18:31.019 * Background saving started by pid 86369
86369:C 24 Feb 2025 11:18:31.021 * DB saved on disk
86369:C 24 Feb 2025 11:18:31.021 * RDB: 0 MB of memory used by copy-on-write
1781:M 24 Feb 2025 11:18:31.120 * Background saving terminated with success
1781:M 24 Feb 2025 11:48:15.584 * 1 changes in 15 seconds. Saving...
1781:M 24 Feb 2025 11:48:15.585 * Background saving started by pid 87641
87641:C 24 Feb 2025 11:48:15.589 * DB saved on disk
87641:C 24 Feb 2025 11:48:15.589 * RDB: 0 MB of memory used by copy-on-write
1781:M 24 Feb 2025 11:48:15.686 * Background saving terminated with success
1781:M 24 Feb 2025 11:48:31.099 * 1 changes in 15 seconds. Saving...
1781:M 24 Feb 2025 11:48:31.100 * Background saving started by pid 87655
87655:C 24 Feb 2025 11:48:31.108 * DB saved on disk
87655:C 24 Feb 2025 11:48:31.108 * RDB: 0 MB of memory used by copy-on-write
1781:M 24 Feb 2025 11:48:31.201 * Background saving terminated with success
1781:M 24 Feb 2025 11:51:05.650 * 1 changes in 15 seconds. Saving...
1781:M 24 Feb 2025 11:51:05.651 * Background saving started by pid 87764
87764:C 24 Feb 2025 11:51:05.653 * DB saved on disk
87764:C 24 Feb 2025 11:51:05.654 * RDB: 0 MB of memory used by copy-on-write
1781:M 24 Feb 2025 11:51:05.752 * Background saving terminated with success
1781:M 24 Feb 2025 11:52:05.636 * 1 changes in 15 seconds. Saving...
1781:M 24 Feb 2025 11:52:05.637 * Background saving started by pid 87810
87810:C 24 Feb 2025 11:52:05.643 * DB saved on disk
87810:C 24 Feb 2025 11:52:05.644 * RDB: 0 MB of memory used by copy-on-write
1781:M 24 Feb 2025 11:52:05.739 * Background saving terminated with success
1781:M 24 Feb 2025 13:36:00.856 * 1 changes in 15 seconds. Saving...
1781:M 24 Feb 2025 13:36:00.857 * Background saving started by pid 88951
88951:C 24 Feb 2025 13:36:00.859 * DB saved on disk
88951:C 24 Feb 2025 13:36:00.859 * RDB: 0 MB of memory used by copy-on-write
1781:M 24 Feb 2025 13:36:00.962 * Background saving terminated with success
1781:M 24 Feb 2025 13:36:16.001 * 1 changes in 15 seconds. Saving...
1781:M 24 Feb 2025 13:36:16.002 * Background saving started by pid 88965
88965:C 24 Feb 2025 13:36:16.003 * DB saved on disk
88965:C 24 Feb 2025 13:36:16.004 * RDB: 0 MB of memory used by copy-on-write
1781:M 24 Feb 2025 13:36:16.103 * Background saving terminated with success
1781:M 24 Feb 2025 14:06:00.955 * 1 changes in 15 seconds. Saving...
1781:M 24 Feb 2025 14:06:00.956 * Background saving started by pid 90235
90235:C 24 Feb 2025 14:06:00.959 * DB saved on disk
90235:C 24 Feb 2025 14:06:00.959 * RDB: 0 MB of memory used by copy-on-write
1781:M 24 Feb 2025 14:06:01.060 * Background saving terminated with success
1781:M 24 Feb 2025 14:06:17.051 * 1 changes in 15 seconds. Saving...
1781:M 24 Feb 2025 14:06:17.051 * Background saving started by pid 90249
90249:C 24 Feb 2025 14:06:17.057 * DB saved on disk
90249:C 24 Feb 2025 14:06:17.057 * RDB: 0 MB of memory used by copy-on-write
1781:M 24 Feb 2025 14:06:17.153 * Background saving terminated with success
1781:M 24 Feb 2025 14:08:50.948 * 1 changes in 15 seconds. Saving...
1781:M 24 Feb 2025 14:08:50.949 * Background saving started by pid 90369
90369:C 24 Feb 2025 14:08:50.953 * DB saved on disk
90369:C 24 Feb 2025 14:08:50.953 * RDB: 0 MB of memory used by copy-on-write
1781:M 24 Feb 2025 14:08:51.050 * Background saving terminated with success
1781:M 24 Feb 2025 14:09:50.926 * 1 changes in 15 seconds. Saving...
1781:M 24 Feb 2025 14:09:50.926 * Background saving started by pid 90414
90414:C 24 Feb 2025 14:09:50.929 * DB saved on disk
90414:C 24 Feb 2025 14:09:50.930 * RDB: 0 MB of memory used by copy-on-write
1781:M 24 Feb 2025 14:09:51.027 * Background saving terminated with success
1781:M 24 Feb 2025 23:24:01.681 * 1 changes in 15 seconds. Saving...
1781:M 24 Feb 2025 23:24:01.682 * Background saving started by pid 91523
91523:C 24 Feb 2025 23:24:01.683 * DB saved on disk
91523:C 24 Feb 2025 23:24:01.684 * RDB: 0 MB of memory used by copy-on-write
1781:M 24 Feb 2025 23:24:01.784 * Background saving terminated with success
1781:M 24 Feb 2025 23:24:17.068 * 1 changes in 15 seconds. Saving...
1781:M 24 Feb 2025 23:24:17.068 * Background saving started by pid 91537
91537:C 24 Feb 2025 23:24:17.071 * DB saved on disk
91537:C 24 Feb 2025 23:24:17.071 * RDB: 0 MB of memory used by copy-on-write
1781:M 24 Feb 2025 23:24:17.170 * Background saving terminated with success
1781:M 25 Feb 2025 02:15:58.829 * 1 changes in 15 seconds. Saving...
1781:M 25 Feb 2025 02:15:58.830 * Background saving started by pid 92822
92822:C 25 Feb 2025 02:15:58.833 * DB saved on disk
92822:C 25 Feb 2025 02:15:58.834 * RDB: 0 MB of memory used by copy-on-write
1781:M 25 Feb 2025 02:15:58.931 * Background saving terminated with success
1781:M 25 Feb 2025 02:16:14.033 * 1 changes in 15 seconds. Saving...
1781:M 25 Feb 2025 02:16:14.033 * Background saving started by pid 92836
92836:C 25 Feb 2025 02:16:14.035 * DB saved on disk
92836:C 25 Feb 2025 02:16:14.035 * RDB: 0 MB of memory used by copy-on-write
1781:M 25 Feb 2025 02:16:14.134 * Background saving terminated with success
1781:M 25 Feb 2025 02:18:48.771 * 1 changes in 15 seconds. Saving...
1781:M 25 Feb 2025 02:18:48.771 * Background saving started by pid 92955
92955:C 25 Feb 2025 02:18:48.773 * DB saved on disk
92955:C 25 Feb 2025 02:18:48.773 * RDB: 0 MB of memory used by copy-on-write
1781:M 25 Feb 2025 02:18:48.872 * Background saving terminated with success
1781:M 25 Feb 2025 02:19:48.765 * 1 changes in 15 seconds. Saving...
1781:M 25 Feb 2025 02:19:48.765 * Background saving started by pid 93000
93000:C 25 Feb 2025 02:19:48.768 * DB saved on disk
93000:C 25 Feb 2025 02:19:48.768 * RDB: 0 MB of memory used by copy-on-write
1781:M 25 Feb 2025 02:19:48.866 * Background saving terminated with success
1781:M 25 Feb 2025 04:58:18.424 * 1 changes in 15 seconds. Saving...
1781:M 25 Feb 2025 04:58:18.424 * Background saving started by pid 94119
94119:C 25 Feb 2025 04:58:18.426 * DB saved on disk
94119:C 25 Feb 2025 04:58:18.427 * RDB: 0 MB of memory used by copy-on-write
1781:M 25 Feb 2025 04:58:18.525 * Background saving terminated with success
1781:M 25 Feb 2025 04:58:34.072 * 1 changes in 15 seconds. Saving...
1781:M 25 Feb 2025 04:58:34.073 * Background saving started by pid 94132
94132:C 25 Feb 2025 04:58:34.074 * DB saved on disk
94132:C 25 Feb 2025 04:58:34.075 * RDB: 0 MB of memory used by copy-on-write
1781:M 25 Feb 2025 04:58:34.174 * Background saving terminated with success
1781:M 25 Feb 2025 05:50:04.483 * 1 changes in 15 seconds. Saving...
1781:M 25 Feb 2025 05:50:04.483 * Background saving started by pid 95401
95401:C 25 Feb 2025 05:50:04.488 * DB saved on disk
95401:C 25 Feb 2025 05:50:04.489 * RDB: 0 MB of memory used by copy-on-write
1781:M 25 Feb 2025 05:50:04.584 * Background saving terminated with success
1781:M 25 Feb 2025 05:50:20.003 * 1 changes in 15 seconds. Saving...
1781:M 25 Feb 2025 05:50:20.004 * Background saving started by pid 95416
95416:C 25 Feb 2025 05:50:20.011 * DB saved on disk
95416:C 25 Feb 2025 05:50:20.011 * RDB: 0 MB of memory used by copy-on-write
1781:M 25 Feb 2025 05:50:20.106 * Background saving terminated with success
1781:M 25 Feb 2025 05:52:54.365 * 1 changes in 15 seconds. Saving...
1781:M 25 Feb 2025 05:52:54.365 * Background saving started by pid 95527
95527:C 25 Feb 2025 05:52:54.366 * DB saved on disk
95527:C 25 Feb 2025 05:52:54.367 * RDB: 0 MB of memory used by copy-on-write
1781:M 25 Feb 2025 05:52:54.466 * Background saving terminated with success
1781:M 25 Feb 2025 05:53:54.408 * 1 changes in 15 seconds. Saving...
1781:M 25 Feb 2025 05:53:54.409 * Background saving started by pid 95570
95570:C 25 Feb 2025 05:53:54.411 * DB saved on disk
95570:C 25 Feb 2025 05:53:54.411 * RDB: 0 MB of memory used by copy-on-write
1781:M 25 Feb 2025 05:53:54.510 * Background saving terminated with success
1781:M 25 Feb 2025 06:40:27.014 * 1 changes in 15 seconds. Saving...
1781:M 25 Feb 2025 06:40:27.014 * Background saving started by pid 96695
96695:C 25 Feb 2025 06:40:27.016 * DB saved on disk
96695:C 25 Feb 2025 06:40:27.016 * RDB: 0 MB of memory used by copy-on-write
1781:M 25 Feb 2025 06:40:27.116 * Background saving terminated with success
1781:M 25 Feb 2025 06:40:43.008 * 1 changes in 15 seconds. Saving...
1781:M 25 Feb 2025 06:40:43.009 * Background saving started by pid 96709
96709:C 25 Feb 2025 06:40:43.011 * DB saved on disk
96709:C 25 Feb 2025 06:40:43.011 * RDB: 0 MB of memory used by copy-on-write
1781:M 25 Feb 2025 06:40:43.111 * Background saving terminated with success
1781:M 25 Feb 2025 07:25:15.105 * 1 changes in 15 seconds. Saving...
1781:M 25 Feb 2025 07:25:15.106 * Background saving started by pid 97980
97980:C 25 Feb 2025 07:25:15.108 * DB saved on disk
97980:C 25 Feb 2025 07:25:15.108 * RDB: 0 MB of memory used by copy-on-write
1781:M 25 Feb 2025 07:25:15.207 * Background saving terminated with success
1781:M 25 Feb 2025 07:25:31.018 * 1 changes in 15 seconds. Saving...
1781:M 25 Feb 2025 07:25:31.018 * Background saving started by pid 97994
97994:C 25 Feb 2025 07:25:31.021 * DB saved on disk
97994:C 25 Feb 2025 07:25:31.022 * RDB: 0 MB of memory used by copy-on-write
1781:M 25 Feb 2025 07:25:31.122 * Background saving terminated with success
1781:M 25 Feb 2025 07:28:05.080 * 1 changes in 15 seconds. Saving...
1781:M 25 Feb 2025 07:28:05.080 * Background saving started by pid 98102
98102:C 25 Feb 2025 07:28:05.083 * DB saved on disk
98102:C 25 Feb 2025 07:28:05.083 * RDB: 0 MB of memory used by copy-on-write
1781:M 25 Feb 2025 07:28:05.182 * Background saving terminated with success
1781:M 25 Feb 2025 07:29:05.096 * 1 changes in 15 seconds. Saving...
1781:M 25 Feb 2025 07:29:05.096 * Background saving started by pid 98146
98146:C 25 Feb 2025 07:29:05.098 * DB saved on disk
98146:C 25 Feb 2025 07:29:05.099 * RDB: 0 MB of memory used by copy-on-write
1781:M 25 Feb 2025 07:29:05.199 * Background saving terminated with success
1781:M 25 Feb 2025 08:42:58.054 * 1 changes in 15 seconds. Saving...
1781:M 25 Feb 2025 08:42:58.055 * Background saving started by pid 99268
99268:C 25 Feb 2025 08:42:58.057 * DB saved on disk
99268:C 25 Feb 2025 08:42:58.057 * RDB: 0 MB of memory used by copy-on-write
1781:M 25 Feb 2025 08:42:58.155 * Background saving terminated with success
1781:M 25 Feb 2025 08:43:14.007 * 1 changes in 15 seconds. Saving...
1781:M 25 Feb 2025 08:43:14.007 * Background saving started by pid 99282
99282:C 25 Feb 2025 08:43:14.013 * DB saved on disk
99282:C 25 Feb 2025 08:43:14.013 * RDB: 0 MB of memory used by copy-on-write
1781:M 25 Feb 2025 08:43:14.108 * Background saving terminated with success
1781:M 25 Feb 2025 09:12:58.184 * 1 changes in 15 seconds. Saving...
1781:M 25 Feb 2025 09:12:58.185 * Background saving started by pid 856
856:C 25 Feb 2025 09:12:58.187 * DB saved on disk
856:C 25 Feb 2025 09:12:58.187 * RDB: 0 MB of memory used by copy-on-write
1781:M 25 Feb 2025 09:12:58.287 * Background saving terminated with success
1781:M 25 Feb 2025 09:13:14.068 * 1 changes in 15 seconds. Saving...
1781:M 25 Feb 2025 09:13:14.069 * Background saving started by pid 870
870:C 25 Feb 2025 09:13:14.073 * DB saved on disk
870:C 25 Feb 2025 09:13:14.074 * RDB: 0 MB of memory used by copy-on-write
1781:M 25 Feb 2025 09:13:14.171 * Background saving terminated with success
1781:M 25 Feb 2025 09:15:48.152 * 1 changes in 15 seconds. Saving...
1781:M 25 Feb 2025 09:15:48.153 * Background saving started by pid 981
981:C 25 Feb 2025 09:15:48.157 * DB saved on disk
981:C 25 Feb 2025 09:15:48.157 * RDB: 0 MB of memory used by copy-on-write
1781:M 25 Feb 2025 09:15:48.254 * Background saving terminated with success
1781:M 25 Feb 2025 09:16:48.168 * 1 changes in 15 seconds. Saving...
1781:M 25 Feb 2025 09:16:48.169 * Background saving started by pid 1024
1024:C 25 Feb 2025 09:16:48.171 * DB saved on disk
1024:C 25 Feb 2025 09:16:48.172 * RDB: 0 MB of memory used by copy-on-write
1781:M 25 Feb 2025 09:16:48.271 * Background saving terminated with success
1781:M 25 Feb 2025 09:42:58.172 * 1 changes in 15 seconds. Saving...
1781:M 25 Feb 2025 09:42:58.173 * Background saving started by pid 2292
2292:C 25 Feb 2025 09:42:58.176 * DB saved on disk
2292:C 25 Feb 2025 09:42:58.176 * RDB: 0 MB of memory used by copy-on-write
1781:M 25 Feb 2025 09:42:58.280 * Background saving terminated with success
1781:M 25 Feb 2025 09:49:48.509 * 1 changes in 15 seconds. Saving...
1781:M 25 Feb 2025 09:49:48.509 * Background saving started by pid 2295
2295:C 25 Feb 2025 09:49:48.511 * DB saved on disk
2295:C 25 Feb 2025 09:49:48.511 * RDB: 0 MB of memory used by copy-on-write
1781:M 25 Feb 2025 09:49:48.611 * Background saving terminated with success
1781:M 25 Feb 2025 12:12:01.528 * 1 changes in 15 seconds. Saving...
1781:M 25 Feb 2025 12:12:01.529 * Background saving started by pid 3759
3759:C 25 Feb 2025 12:12:01.532 * DB saved on disk
3759:C 25 Feb 2025 12:12:01.532 * RDB: 0 MB of memory used by copy-on-write
1781:M 25 Feb 2025 12:12:01.629 * Background saving terminated with success
1781:M 25 Feb 2025 12:12:17.019 * 1 changes in 15 seconds. Saving...
1781:M 25 Feb 2025 12:12:17.020 * Background saving started by pid 3773
3773:C 25 Feb 2025 12:12:17.025 * DB saved on disk
3773:C 25 Feb 2025 12:12:17.025 * RDB: 0 MB of memory used by copy-on-write
1781:M 25 Feb 2025 12:12:17.121 * Background saving terminated with success
1781:M 25 Feb 2025 12:14:51.487 * 1 changes in 15 seconds. Saving...
1781:M 25 Feb 2025 12:14:51.488 * Background saving started by pid 3888
3888:C 25 Feb 2025 12:14:51.490 * DB saved on disk
3888:C 25 Feb 2025 12:14:51.490 * RDB: 0 MB of memory used by copy-on-write
1781:M 25 Feb 2025 12:14:51.590 * Background saving terminated with success
1781:M 25 Feb 2025 12:15:51.418 * 1 changes in 15 seconds. Saving...
1781:M 25 Feb 2025 12:15:51.418 * Background saving started by pid 3934
3934:C 25 Feb 2025 12:15:51.420 * DB saved on disk
3934:C 25 Feb 2025 12:15:51.421 * RDB: 0 MB of memory used by copy-on-write
1781:M 25 Feb 2025 12:15:51.519 * Background saving terminated with success
1781:M 25 Feb 2025 13:38:59.868 * 1 changes in 15 seconds. Saving...
1781:M 25 Feb 2025 13:38:59.870 * Background saving started by pid 5054
5054:C 25 Feb 2025 13:38:59.873 * DB saved on disk
5054:C 25 Feb 2025 13:38:59.873 * RDB: 0 MB of memory used by copy-on-write
1781:M 25 Feb 2025 13:38:59.971 * Background saving terminated with success
1781:M 25 Feb 2025 13:39:15.025 * 1 changes in 15 seconds. Saving...
1781:M 25 Feb 2025 13:39:15.026 * Background saving started by pid 5069
5069:C 25 Feb 2025 13:39:15.027 * DB saved on disk
5069:C 25 Feb 2025 13:39:15.028 * RDB: 0 MB of memory used by copy-on-write
1781:M 25 Feb 2025 13:39:15.127 * Background saving terminated with success
1781:M 25 Feb 2025 14:08:59.904 * 1 changes in 15 seconds. Saving...
1781:M 25 Feb 2025 14:08:59.904 * Background saving started by pid 6342
6342:C 25 Feb 2025 14:08:59.907 * DB saved on disk
6342:C 25 Feb 2025 14:08:59.907 * RDB: 0 MB of memory used by copy-on-write
1781:M 25 Feb 2025 14:09:00.005 * Background saving terminated with success
1781:M 25 Feb 2025 14:09:16.006 * 1 changes in 15 seconds. Saving...
1781:M 25 Feb 2025 14:09:16.007 * Background saving started by pid 6356
6356:C 25 Feb 2025 14:09:16.013 * DB saved on disk
6356:C 25 Feb 2025 14:09:16.013 * RDB: 0 MB of memory used by copy-on-write
1781:M 25 Feb 2025 14:09:16.108 * Background saving terminated with success
1781:M 25 Feb 2025 14:11:49.870 * 1 changes in 15 seconds. Saving...
1781:M 25 Feb 2025 14:11:49.870 * Background saving started by pid 6468
6468:C 25 Feb 2025 14:11:49.873 * DB saved on disk
6468:C 25 Feb 2025 14:11:49.874 * RDB: 0 MB of memory used by copy-on-write
1781:M 25 Feb 2025 14:11:49.974 * Background saving terminated with success
1781:M 25 Feb 2025 14:12:49.831 * 1 changes in 15 seconds. Saving...
1781:M 25 Feb 2025 14:12:49.832 * Background saving started by pid 6511
6511:C 25 Feb 2025 14:12:49.834 * DB saved on disk
6511:C 25 Feb 2025 14:12:49.835 * RDB: 0 MB of memory used by copy-on-write
1781:M 25 Feb 2025 14:12:49.933 * Background saving terminated with success
1781:M 25 Feb 2025 14:38:59.832 * 1 changes in 15 seconds. Saving...
1781:M 25 Feb 2025 14:38:59.832 * Background saving started by pid 7627
7627:C 25 Feb 2025 14:38:59.834 * DB saved on disk
7627:C 25 Feb 2025 14:38:59.835 * RDB: 0 MB of memory used by copy-on-write
1781:M 25 Feb 2025 14:38:59.935 * Background saving terminated with success
1781:M 25 Feb 2025 14:39:15.009 * 1 changes in 15 seconds. Saving...
1781:M 25 Feb 2025 14:39:15.011 * Background saving started by pid 7641
7641:C 25 Feb 2025 14:39:15.017 * DB saved on disk
7641:C 25 Feb 2025 14:39:15.018 * RDB: 0 MB of memory used by copy-on-write
1781:M 25 Feb 2025 14:39:15.112 * Background saving terminated with success
1781:M 25 Feb 2025 15:08:59.849 * 1 changes in 15 seconds. Saving...
1781:M 25 Feb 2025 15:08:59.849 * Background saving started by pid 8914
8914:C 25 Feb 2025 15:08:59.851 * DB saved on disk
8914:C 25 Feb 2025 15:08:59.851 * RDB: 0 MB of memory used by copy-on-write
1781:M 25 Feb 2025 15:08:59.952 * Background saving terminated with success
1781:M 25 Feb 2025 15:09:15.043 * 1 changes in 15 seconds. Saving...
1781:M 25 Feb 2025 15:09:15.044 * Background saving started by pid 8928
8928:C 25 Feb 2025 15:09:15.050 * DB saved on disk
8928:C 25 Feb 2025 15:09:15.051 * RDB: 0 MB of memory used by copy-on-write
1781:M 25 Feb 2025 15:09:15.146 * Background saving terminated with success
1781:M 25 Feb 2025 15:11:49.926 * 1 changes in 15 seconds. Saving...
1781:M 25 Feb 2025 15:11:49.927 * Background saving started by pid 9036
9036:C 25 Feb 2025 15:11:49.930 * DB saved on disk
9036:C 25 Feb 2025 15:11:49.931 * RDB: 0 MB of memory used by copy-on-write
1781:M 25 Feb 2025 15:11:50.028 * Background saving terminated with success
1781:M 25 Feb 2025 15:12:49.818 * 1 changes in 15 seconds. Saving...
1781:M 25 Feb 2025 15:12:49.818 * Background saving started by pid 9081
9081:C 25 Feb 2025 15:12:49.819 * DB saved on disk
9081:C 25 Feb 2025 15:12:49.820 * RDB: 0 MB of memory used by copy-on-write
1781:M 25 Feb 2025 15:12:49.922 * Background saving terminated with success
1781:M 25 Feb 2025 22:42:51.571 * 1 changes in 15 seconds. Saving...
1781:M 25 Feb 2025 22:42:51.572 * Background saving started by pid 10193
10193:C 25 Feb 2025 22:42:51.682 * DB saved on disk
10193:C 25 Feb 2025 22:42:51.682 * RDB: 0 MB of memory used by copy-on-write
1781:M 25 Feb 2025 22:42:51.775 * Background saving terminated with success
1781:M 25 Feb 2025 23:20:55.449 * 1 changes in 15 seconds. Saving...
1781:M 25 Feb 2025 23:20:55.449 * Background saving started by pid 10197
10197:C 25 Feb 2025 23:20:55.451 * DB saved on disk
10197:C 25 Feb 2025 23:20:55.452 * RDB: 0 MB of memory used by copy-on-write
1781:M 25 Feb 2025 23:20:55.550 * Background saving terminated with success
1781:M 25 Feb 2025 23:21:11.076 * 1 changes in 15 seconds. Saving...
1781:M 25 Feb 2025 23:21:11.076 * Background saving started by pid 10208
10208:C 25 Feb 2025 23:21:11.080 * DB saved on disk
10208:C 25 Feb 2025 23:21:11.081 * RDB: 0 MB of memory used by copy-on-write
1781:M 25 Feb 2025 23:21:11.177 * Background saving terminated with success
1781:M 26 Feb 2025 11:55:47.523 * 1 changes in 15 seconds. Saving...
1781:M 26 Feb 2025 11:55:47.523 * Background saving started by pid 11490
11490:C 26 Feb 2025 11:55:47.525 * DB saved on disk
11490:C 26 Feb 2025 11:55:47.525 * RDB: 0 MB of memory used by copy-on-write
1781:M 26 Feb 2025 11:55:47.624 * Background saving terminated with success
1781:M 26 Feb 2025 11:56:03.019 * 1 changes in 15 seconds. Saving...
1781:M 26 Feb 2025 11:56:03.019 * Background saving started by pid 11504
11504:C 26 Feb 2025 11:56:03.021 * DB saved on disk
11504:C 26 Feb 2025 11:56:03.021 * RDB: 0 MB of memory used by copy-on-write
1781:M 26 Feb 2025 11:56:03.120 * Background saving terminated with success
1781:M 26 Feb 2025 11:58:37.462 * 1 changes in 15 seconds. Saving...
1781:M 26 Feb 2025 11:58:37.463 * Background saving started by pid 11615
11615:C 26 Feb 2025 11:58:37.466 * DB saved on disk
11615:C 26 Feb 2025 11:58:37.466 * RDB: 0 MB of memory used by copy-on-write
1781:M 26 Feb 2025 11:58:37.565 * Background saving terminated with success
1781:M 26 Feb 2025 11:59:37.517 * 1 changes in 15 seconds. Saving...
1781:M 26 Feb 2025 11:59:37.517 * Background saving started by pid 11658
11658:C 26 Feb 2025 11:59:37.523 * DB saved on disk
11658:C 26 Feb 2025 11:59:37.524 * RDB: 0 MB of memory used by copy-on-write
1781:M 26 Feb 2025 11:59:37.619 * Background saving terminated with success
1781:M 26 Feb 2025 12:25:47.449 * 1 changes in 15 seconds. Saving...
1781:M 26 Feb 2025 12:25:47.450 * Background saving started by pid 12776
12776:C 26 Feb 2025 12:25:47.452 * DB saved on disk
12776:C 26 Feb 2025 12:25:47.452 * RDB: 0 MB of memory used by copy-on-write
1781:M 26 Feb 2025 12:25:47.551 * Background saving terminated with success
1781:M 26 Feb 2025 12:26:03.056 * 1 changes in 15 seconds. Saving...
1781:M 26 Feb 2025 12:26:03.057 * Background saving started by pid 12791
12791:C 26 Feb 2025 12:26:03.064 * DB saved on disk
12791:C 26 Feb 2025 12:26:03.065 * RDB: 0 MB of memory used by copy-on-write
1781:M 26 Feb 2025 12:26:03.159 * Background saving terminated with success
1781:M 26 Feb 2025 13:06:40.398 * 1 changes in 15 seconds. Saving...
1781:M 26 Feb 2025 13:06:40.399 * Background saving started by pid 14066
14066:C 26 Feb 2025 13:06:40.402 * DB saved on disk
14066:C 26 Feb 2025 13:06:40.402 * RDB: 0 MB of memory used by copy-on-write
1781:M 26 Feb 2025 13:06:40.499 * Background saving terminated with success
1781:M 26 Feb 2025 13:06:56.080 * 1 changes in 15 seconds. Saving...
1781:M 26 Feb 2025 13:06:56.080 * Background saving started by pid 14086
14086:C 26 Feb 2025 13:06:56.083 * DB saved on disk
14086:C 26 Feb 2025 13:06:56.084 * RDB: 0 MB of memory used by copy-on-write
1781:M 26 Feb 2025 13:06:56.184 * Background saving terminated with success
1781:M 26 Feb 2025 13:09:30.420 * 1 changes in 15 seconds. Saving...
1781:M 26 Feb 2025 13:09:30.421 * Background saving started by pid 14202
14202:C 26 Feb 2025 13:09:30.425 * DB saved on disk
14202:C 26 Feb 2025 13:09:30.426 * RDB: 0 MB of memory used by copy-on-write
1781:M 26 Feb 2025 13:09:30.522 * Background saving terminated with success
1781:M 26 Feb 2025 13:10:30.323 * 1 changes in 15 seconds. Saving...
1781:M 26 Feb 2025 13:10:30.324 * Background saving started by pid 14247
14247:C 26 Feb 2025 13:10:30.325 * DB saved on disk
14247:C 26 Feb 2025 13:10:30.326 * RDB: 0 MB of memory used by copy-on-write
1781:M 26 Feb 2025 13:10:30.427 * Background saving terminated with success
1781:M 26 Feb 2025 15:11:09.166 * 1 changes in 15 seconds. Saving...
1781:M 26 Feb 2025 15:11:09.166 * Background saving started by pid 15354
15354:C 26 Feb 2025 15:11:09.169 * DB saved on disk
15354:C 26 Feb 2025 15:11:09.169 * RDB: 0 MB of memory used by copy-on-write
1781:M 26 Feb 2025 15:11:09.269 * Background saving terminated with success
1781:M 26 Feb 2025 15:11:25.069 * 1 changes in 15 seconds. Saving...
1781:M 26 Feb 2025 15:11:25.070 * Background saving started by pid 15368
15368:C 26 Feb 2025 15:11:25.074 * DB saved on disk
15368:C 26 Feb 2025 15:11:25.074 * RDB: 0 MB of memory used by copy-on-write
1781:M 26 Feb 2025 15:11:25.172 * Background saving terminated with success
1781:M 26 Feb 2025 23:03:56.944 * 1 changes in 15 seconds. Saving...
1781:M 26 Feb 2025 23:03:56.945 * Background saving started by pid 16633
16633:C 26 Feb 2025 23:03:56.949 * DB saved on disk
16633:C 26 Feb 2025 23:03:56.949 * RDB: 0 MB of memory used by copy-on-write
1781:M 26 Feb 2025 23:03:57.047 * Background saving terminated with success
1781:M 26 Feb 2025 23:04:13.040 * 1 changes in 15 seconds. Saving...
1781:M 26 Feb 2025 23:04:13.040 * Background saving started by pid 16647
16647:C 26 Feb 2025 23:04:13.043 * DB saved on disk
16647:C 26 Feb 2025 23:04:13.044 * RDB: 0 MB of memory used by copy-on-write
1781:M 26 Feb 2025 23:04:13.141 * Background saving terminated with success
1781:M 26 Feb 2025 23:06:46.850 * 1 changes in 15 seconds. Saving...
1781:M 26 Feb 2025 23:06:46.851 * Background saving started by pid 16769
16769:C 26 Feb 2025 23:06:46.852 * DB saved on disk
16769:C 26 Feb 2025 23:06:46.853 * RDB: 0 MB of memory used by copy-on-write
1781:M 26 Feb 2025 23:06:46.953 * Background saving terminated with success
1781:M 26 Feb 2025 23:07:46.855 * 1 changes in 15 seconds. Saving...
1781:M 26 Feb 2025 23:07:46.856 * Background saving started by pid 16811
16811:C 26 Feb 2025 23:07:46.859 * DB saved on disk
16811:C 26 Feb 2025 23:07:46.859 * RDB: 0 MB of memory used by copy-on-write
1781:M 26 Feb 2025 23:07:46.958 * Background saving terminated with success
1781:M 26 Feb 2025 23:33:56.899 * 1 changes in 15 seconds. Saving...
1781:M 26 Feb 2025 23:33:56.900 * Background saving started by pid 17916
17916:C 26 Feb 2025 23:33:56.904 * DB saved on disk
17916:C 26 Feb 2025 23:33:56.904 * RDB: 0 MB of memory used by copy-on-write
1781:M 26 Feb 2025 23:33:57.001 * Background saving terminated with success
1781:M 26 Feb 2025 23:34:13.085 * 1 changes in 15 seconds. Saving...
1781:M 26 Feb 2025 23:34:13.087 * Background saving started by pid 17930
17930:C 26 Feb 2025 23:34:13.093 * DB saved on disk
17930:C 26 Feb 2025 23:34:13.094 * RDB: 0 MB of memory used by copy-on-write
1781:M 26 Feb 2025 23:34:13.187 * Background saving terminated with success
1781:M 27 Feb 2025 00:03:56.868 * 1 changes in 15 seconds. Saving...
1781:M 27 Feb 2025 00:03:56.869 * Background saving started by pid 19227
19227:C 27 Feb 2025 00:03:56.872 * DB saved on disk
19227:C 27 Feb 2025 00:03:56.873 * RDB: 0 MB of memory used by copy-on-write
1781:M 27 Feb 2025 00:03:56.971 * Background saving terminated with success
1781:M 27 Feb 2025 00:04:12.056 * 1 changes in 15 seconds. Saving...
1781:M 27 Feb 2025 00:04:12.057 * Background saving started by pid 19241
19241:C 27 Feb 2025 00:04:12.061 * DB saved on disk
19241:C 27 Feb 2025 00:04:12.061 * RDB: 0 MB of memory used by copy-on-write
1781:M 27 Feb 2025 00:04:12.158 * Background saving terminated with success
1781:M 27 Feb 2025 00:06:46.899 * 1 changes in 15 seconds. Saving...
1781:M 27 Feb 2025 00:06:46.899 * Background saving started by pid 19359
19359:C 27 Feb 2025 00:06:46.901 * DB saved on disk
19359:C 27 Feb 2025 00:06:46.901 * RDB: 0 MB of memory used by copy-on-write
1781:M 27 Feb 2025 00:06:47.000 * Background saving terminated with success
1781:M 27 Feb 2025 00:07:46.910 * 1 changes in 15 seconds. Saving...
1781:M 27 Feb 2025 00:07:46.910 * Background saving started by pid 19406
19406:C 27 Feb 2025 00:07:46.914 * DB saved on disk
19406:C 27 Feb 2025 00:07:46.914 * RDB: 0 MB of memory used by copy-on-write
1781:M 27 Feb 2025 00:07:47.011 * Background saving terminated with success
1781:M 27 Feb 2025 00:33:56.959 * 1 changes in 15 seconds. Saving...
1781:M 27 Feb 2025 00:33:56.960 * Background saving started by pid 20522
20522:C 27 Feb 2025 00:33:56.962 * DB saved on disk
20522:C 27 Feb 2025 00:33:56.962 * RDB: 0 MB of memory used by copy-on-write
1781:M 27 Feb 2025 00:33:57.060 * Background saving terminated with success
1781:M 27 Feb 2025 00:34:13.040 * 1 changes in 15 seconds. Saving...
1781:M 27 Feb 2025 00:34:13.041 * Background saving started by pid 20536
20536:C 27 Feb 2025 00:34:13.043 * DB saved on disk
20536:C 27 Feb 2025 00:34:13.043 * RDB: 0 MB of memory used by copy-on-write
1781:M 27 Feb 2025 00:34:13.141 * Background saving terminated with success
1781:M 27 Feb 2025 05:26:14.303 * 1 changes in 15 seconds. Saving...
1781:M 27 Feb 2025 05:26:14.303 * Background saving started by pid 21812
21812:C 27 Feb 2025 05:26:14.306 * DB saved on disk
21812:C 27 Feb 2025 05:26:14.306 * RDB: 0 MB of memory used by copy-on-write
1781:M 27 Feb 2025 05:26:14.409 * Background saving terminated with success
1781:M 27 Feb 2025 05:26:30.099 * 1 changes in 15 seconds. Saving...
1781:M 27 Feb 2025 05:26:30.100 * Background saving started by pid 21826
21826:C 27 Feb 2025 05:26:30.107 * DB saved on disk
21826:C 27 Feb 2025 05:26:30.108 * RDB: 0 MB of memory used by copy-on-write
1781:M 27 Feb 2025 05:26:30.202 * Background saving terminated with success
1781:M 27 Feb 2025 05:29:04.312 * 1 changes in 15 seconds. Saving...
1781:M 27 Feb 2025 05:29:04.312 * Background saving started by pid 21942
21942:C 27 Feb 2025 05:29:04.314 * DB saved on disk
21942:C 27 Feb 2025 05:29:04.314 * RDB: 0 MB of memory used by copy-on-write
1781:M 27 Feb 2025 05:29:04.415 * Background saving terminated with success
1781:M 27 Feb 2025 05:30:04.354 * 1 changes in 15 seconds. Saving...
1781:M 27 Feb 2025 05:30:04.355 * Background saving started by pid 21986
21986:C 27 Feb 2025 05:30:04.361 * DB saved on disk
21986:C 27 Feb 2025 05:30:04.362 * RDB: 0 MB of memory used by copy-on-write
1781:M 27 Feb 2025 05:30:04.457 * Background saving terminated with success
1781:M 27 Feb 2025 05:56:14.316 * 1 changes in 15 seconds. Saving...
1781:M 27 Feb 2025 05:56:14.317 * Background saving started by pid 23099
23099:C 27 Feb 2025 05:56:14.320 * DB saved on disk
23099:C 27 Feb 2025 05:56:14.320 * RDB: 0 MB of memory used by copy-on-write
1781:M 27 Feb 2025 05:56:14.417 * Background saving terminated with success
1781:M 27 Feb 2025 05:56:30.005 * 1 changes in 15 seconds. Saving...
1781:M 27 Feb 2025 05:56:30.005 * Background saving started by pid 23113
23113:C 27 Feb 2025 05:56:30.007 * DB saved on disk
23113:C 27 Feb 2025 05:56:30.007 * RDB: 0 MB of memory used by copy-on-write
1781:M 27 Feb 2025 05:56:30.107 * Background saving terminated with success
1781:M 27 Feb 2025 06:26:14.380 * 1 changes in 15 seconds. Saving...
1781:M 27 Feb 2025 06:26:14.381 * Background saving started by pid 24389
24389:C 27 Feb 2025 06:26:14.384 * DB saved on disk
24389:C 27 Feb 2025 06:26:14.385 * RDB: 0 MB of memory used by copy-on-write
1781:M 27 Feb 2025 06:26:14.486 * Background saving terminated with success
1781:M 27 Feb 2025 06:26:30.058 * 1 changes in 15 seconds. Saving...
1781:M 27 Feb 2025 06:26:30.059 * Background saving started by pid 24404
24404:C 27 Feb 2025 06:26:30.064 * DB saved on disk
24404:C 27 Feb 2025 06:26:30.064 * RDB: 0 MB of memory used by copy-on-write
1781:M 27 Feb 2025 06:26:30.162 * Background saving terminated with success
1781:M 27 Feb 2025 06:29:04.355 * 1 changes in 15 seconds. Saving...
1781:M 27 Feb 2025 06:29:04.356 * Background saving started by pid 24517
24517:C 27 Feb 2025 06:29:04.359 * DB saved on disk
24517:C 27 Feb 2025 06:29:04.359 * RDB: 0 MB of memory used by copy-on-write
1781:M 27 Feb 2025 06:29:04.458 * Background saving terminated with success
1781:M 27 Feb 2025 06:30:04.270 * 1 changes in 15 seconds. Saving...
1781:M 27 Feb 2025 06:30:04.271 * Background saving started by pid 24563
24563:C 27 Feb 2025 06:30:04.273 * DB saved on disk
24563:C 27 Feb 2025 06:30:04.273 * RDB: 0 MB of memory used by copy-on-write
1781:M 27 Feb 2025 06:30:04.374 * Background saving terminated with success
1781:M 27 Feb 2025 06:56:14.273 * 1 changes in 15 seconds. Saving...
1781:M 27 Feb 2025 06:56:14.273 * Background saving started by pid 25677
25677:C 27 Feb 2025 06:56:14.276 * DB saved on disk
25677:C 27 Feb 2025 06:56:14.276 * RDB: 0 MB of memory used by copy-on-write
1781:M 27 Feb 2025 06:56:14.374 * Background saving terminated with success
1781:M 27 Feb 2025 06:56:30.001 * 1 changes in 15 seconds. Saving...
1781:M 27 Feb 2025 06:56:30.001 * Background saving started by pid 25691
25691:C 27 Feb 2025 06:56:30.007 * DB saved on disk
25691:C 27 Feb 2025 06:56:30.008 * RDB: 0 MB of memory used by copy-on-write
1781:M 27 Feb 2025 06:56:30.103 * Background saving terminated with success
1781:M 27 Feb 2025 07:26:14.283 * 1 changes in 15 seconds. Saving...
1781:M 27 Feb 2025 07:26:14.284 * Background saving started by pid 26966
26966:C 27 Feb 2025 07:26:14.285 * DB saved on disk
26966:C 27 Feb 2025 07:26:14.286 * RDB: 0 MB of memory used by copy-on-write
1781:M 27 Feb 2025 07:26:14.385 * Background saving terminated with success
1781:M 27 Feb 2025 07:26:30.077 * 1 changes in 15 seconds. Saving...
1781:M 27 Feb 2025 07:26:30.077 * Background saving started by pid 26980
26980:C 27 Feb 2025 07:26:30.079 * DB saved on disk
26980:C 27 Feb 2025 07:26:30.080 * RDB: 0 MB of memory used by copy-on-write
1781:M 27 Feb 2025 07:26:30.179 * Background saving terminated with success
1781:M 27 Feb 2025 07:29:04.319 * 1 changes in 15 seconds. Saving...
1781:M 27 Feb 2025 07:29:04.319 * Background saving started by pid 27100
27100:C 27 Feb 2025 07:29:04.321 * DB saved on disk
27100:C 27 Feb 2025 07:29:04.321 * RDB: 0 MB of memory used by copy-on-write
1781:M 27 Feb 2025 07:29:04.422 * Background saving terminated with success
1781:M 27 Feb 2025 07:30:04.313 * 1 changes in 15 seconds. Saving...
1781:M 27 Feb 2025 07:30:04.314 * Background saving started by pid 27143
27143:C 27 Feb 2025 07:30:04.318 * DB saved on disk
27143:C 27 Feb 2025 07:30:04.319 * RDB: 0 MB of memory used by copy-on-write
1781:M 27 Feb 2025 07:30:04.414 * Background saving terminated with success
1781:M 27 Feb 2025 07:56:14.320 * 1 changes in 15 seconds. Saving...
1781:M 27 Feb 2025 07:56:14.321 * Background saving started by pid 28256
28256:C 27 Feb 2025 07:56:14.323 * DB saved on disk
28256:C 27 Feb 2025 07:56:14.324 * RDB: 0 MB of memory used by copy-on-write
1781:M 27 Feb 2025 07:56:14.427 * Background saving terminated with success
1781:M 27 Feb 2025 07:56:30.036 * 1 changes in 15 seconds. Saving...
1781:M 27 Feb 2025 07:56:30.036 * Background saving started by pid 28271
28271:C 27 Feb 2025 07:56:30.037 * DB saved on disk
28271:C 27 Feb 2025 07:56:30.038 * RDB: 0 MB of memory used by copy-on-write
1781:M 27 Feb 2025 07:56:30.138 * Background saving terminated with success
1781:M 27 Feb 2025 08:26:14.285 * 1 changes in 15 seconds. Saving...
1781:M 27 Feb 2025 08:26:14.285 * Background saving started by pid 29538
29538:C 27 Feb 2025 08:26:14.289 * DB saved on disk
29538:C 27 Feb 2025 08:26:14.289 * RDB: 0 MB of memory used by copy-on-write
1781:M 27 Feb 2025 08:26:14.386 * Background saving terminated with success
1781:M 27 Feb 2025 08:26:30.093 * 1 changes in 15 seconds. Saving...
1781:M 27 Feb 2025 08:26:30.094 * Background saving started by pid 29552
29552:C 27 Feb 2025 08:26:30.098 * DB saved on disk
29552:C 27 Feb 2025 08:26:30.099 * RDB: 0 MB of memory used by copy-on-write
1781:M 27 Feb 2025 08:26:30.198 * Background saving terminated with success
1781:M 27 Feb 2025 08:29:04.422 * 1 changes in 15 seconds. Saving...
1781:M 27 Feb 2025 08:29:04.423 * Background saving started by pid 29666
29666:C 27 Feb 2025 08:29:04.425 * DB saved on disk
29666:C 27 Feb 2025 08:29:04.425 * RDB: 0 MB of memory used by copy-on-write
1781:M 27 Feb 2025 08:29:04.524 * Background saving terminated with success
1781:M 27 Feb 2025 08:30:04.323 * 1 changes in 15 seconds. Saving...
1781:M 27 Feb 2025 08:30:04.323 * Background saving started by pid 29711
29711:C 27 Feb 2025 08:30:04.326 * DB saved on disk
29711:C 27 Feb 2025 08:30:04.326 * RDB: 0 MB of memory used by copy-on-write
1781:M 27 Feb 2025 08:30:04.424 * Background saving terminated with success
1781:M 27 Feb 2025 08:56:14.374 * 1 changes in 15 seconds. Saving...
1781:M 27 Feb 2025 08:56:14.375 * Background saving started by pid 30825
30825:C 27 Feb 2025 08:56:14.377 * DB saved on disk
30825:C 27 Feb 2025 08:56:14.377 * RDB: 0 MB of memory used by copy-on-write
1781:M 27 Feb 2025 08:56:14.475 * Background saving terminated with success
1781:M 27 Feb 2025 08:56:30.024 * 1 changes in 15 seconds. Saving...
1781:M 27 Feb 2025 08:56:30.024 * Background saving started by pid 30839
30839:C 27 Feb 2025 08:56:30.028 * DB saved on disk
30839:C 27 Feb 2025 08:56:30.028 * RDB: 0 MB of memory used by copy-on-write
1781:M 27 Feb 2025 08:56:30.133 * Background saving terminated with success
1781:M 27 Feb 2025 09:26:14.393 * 1 changes in 15 seconds. Saving...
1781:M 27 Feb 2025 09:26:14.394 * Background saving started by pid 32108
32108:C 27 Feb 2025 09:26:14.396 * DB saved on disk
32108:C 27 Feb 2025 09:26:14.396 * RDB: 0 MB of memory used by copy-on-write
1781:M 27 Feb 2025 09:26:14.501 * Background saving terminated with success
1781:M 27 Feb 2025 09:26:30.063 * 1 changes in 15 seconds. Saving...
1781:M 27 Feb 2025 09:26:30.065 * Background saving started by pid 32122
32122:C 27 Feb 2025 09:26:30.072 * DB saved on disk
32122:C 27 Feb 2025 09:26:30.073 * RDB: 0 MB of memory used by copy-on-write
1781:M 27 Feb 2025 09:26:30.166 * Background saving terminated with success
1781:M 27 Feb 2025 09:29:04.296 * 1 changes in 15 seconds. Saving...
1781:M 27 Feb 2025 09:29:04.296 * Background saving started by pid 32240
32240:C 27 Feb 2025 09:29:04.298 * DB saved on disk
32240:C 27 Feb 2025 09:29:04.298 * RDB: 0 MB of memory used by copy-on-write
1781:M 27 Feb 2025 09:29:04.398 * Background saving terminated with success
1781:M 27 Feb 2025 09:30:04.289 * 1 changes in 15 seconds. Saving...
1781:M 27 Feb 2025 09:30:04.289 * Background saving started by pid 32283
32283:C 27 Feb 2025 09:30:04.291 * DB saved on disk
32283:C 27 Feb 2025 09:30:04.291 * RDB: 0 MB of memory used by copy-on-write
1781:M 27 Feb 2025 09:30:04.389 * Background saving terminated with success
1781:M 27 Feb 2025 09:56:14.348 * 1 changes in 15 seconds. Saving...
1781:M 27 Feb 2025 09:56:14.349 * Background saving started by pid 33399
33399:C 27 Feb 2025 09:56:14.350 * DB saved on disk
33399:C 27 Feb 2025 09:56:14.351 * RDB: 0 MB of memory used by copy-on-write
1781:M 27 Feb 2025 09:56:14.460 * Background saving terminated with success
1781:M 27 Feb 2025 09:56:30.004 * 1 changes in 15 seconds. Saving...
1781:M 27 Feb 2025 09:56:30.004 * Background saving started by pid 33413
33413:C 27 Feb 2025 09:56:30.005 * DB saved on disk
33413:C 27 Feb 2025 09:56:30.006 * RDB: 0 MB of memory used by copy-on-write
1781:M 27 Feb 2025 09:56:30.108 * Background saving terminated with success
1781:M 27 Feb 2025 10:26:14.366 * 1 changes in 15 seconds. Saving...
1781:M 27 Feb 2025 10:26:14.366 * Background saving started by pid 34688
34688:C 27 Feb 2025 10:26:14.369 * DB saved on disk
34688:C 27 Feb 2025 10:26:14.369 * RDB: 0 MB of memory used by copy-on-write
1781:M 27 Feb 2025 10:26:14.467 * Background saving terminated with success
1781:M 27 Feb 2025 10:26:30.021 * 1 changes in 15 seconds. Saving...
1781:M 27 Feb 2025 10:26:30.022 * Background saving started by pid 34702
34702:C 27 Feb 2025 10:26:30.025 * DB saved on disk
34702:C 27 Feb 2025 10:26:30.026 * RDB: 0 MB of memory used by copy-on-write
1781:M 27 Feb 2025 10:26:30.126 * Background saving terminated with success
1781:M 27 Feb 2025 10:29:04.357 * 1 changes in 15 seconds. Saving...
1781:M 27 Feb 2025 10:29:04.358 * Background saving started by pid 34817
34817:C 27 Feb 2025 10:29:04.360 * DB saved on disk
34817:C 27 Feb 2025 10:29:04.360 * RDB: 0 MB of memory used by copy-on-write
1781:M 27 Feb 2025 10:29:04.460 * Background saving terminated with success
1781:M 27 Feb 2025 10:30:04.368 * 1 changes in 15 seconds. Saving...
1781:M 27 Feb 2025 10:30:04.369 * Background saving started by pid 34862
34862:C 27 Feb 2025 10:30:04.371 * DB saved on disk
34862:C 27 Feb 2025 10:30:04.371 * RDB: 0 MB of memory used by copy-on-write
1781:M 27 Feb 2025 10:30:04.471 * Background saving terminated with success
1781:M 27 Feb 2025 10:56:14.292 * 1 changes in 15 seconds. Saving...
1781:M 27 Feb 2025 10:56:14.293 * Background saving started by pid 35976
35976:C 27 Feb 2025 10:56:14.296 * DB saved on disk
35976:C 27 Feb 2025 10:56:14.297 * RDB: 0 MB of memory used by copy-on-write
1781:M 27 Feb 2025 10:56:14.395 * Background saving terminated with success
1781:M 27 Feb 2025 10:56:30.012 * 1 changes in 15 seconds. Saving...
1781:M 27 Feb 2025 10:56:30.013 * Background saving started by pid 35989
35989:C 27 Feb 2025 10:56:30.017 * DB saved on disk
35989:C 27 Feb 2025 10:56:30.017 * RDB: 0 MB of memory used by copy-on-write
1781:M 27 Feb 2025 10:56:30.123 * Background saving terminated with success
1781:M 27 Feb 2025 11:26:14.365 * 1 changes in 15 seconds. Saving...
1781:M 27 Feb 2025 11:26:14.366 * Background saving started by pid 37263
37263:C 27 Feb 2025 11:26:14.368 * DB saved on disk
37263:C 27 Feb 2025 11:26:14.368 * RDB: 0 MB of memory used by copy-on-write
1781:M 27 Feb 2025 11:26:14.468 * Background saving terminated with success
1781:M 27 Feb 2025 11:29:04.349 * 1 changes in 15 seconds. Saving...
1781:M 27 Feb 2025 11:29:04.349 * Background saving started by pid 37392
37392:C 27 Feb 2025 11:29:04.352 * DB saved on disk
37392:C 27 Feb 2025 11:29:04.352 * RDB: 0 MB of memory used by copy-on-write
1781:M 27 Feb 2025 11:29:04.453 * Background saving terminated with success
1781:M 27 Feb 2025 11:30:04.334 * 1 changes in 15 seconds. Saving...
1781:M 27 Feb 2025 11:30:04.334 * Background saving started by pid 37436
37436:C 27 Feb 2025 11:30:04.341 * DB saved on disk
37436:C 27 Feb 2025 11:30:04.342 * RDB: 0 MB of memory used by copy-on-write
1781:M 27 Feb 2025 11:30:04.436 * Background saving terminated with success
1781:M 27 Feb 2025 11:56:14.423 * 1 changes in 15 seconds. Saving...
1781:M 27 Feb 2025 11:56:14.423 * Background saving started by pid 38550
38550:C 27 Feb 2025 11:56:14.425 * DB saved on disk
38550:C 27 Feb 2025 11:56:14.425 * RDB: 0 MB of memory used by copy-on-write
1781:M 27 Feb 2025 11:56:14.524 * Background saving terminated with success
1781:M 27 Feb 2025 11:56:30.062 * 1 changes in 15 seconds. Saving...
1781:M 27 Feb 2025 11:56:30.062 * Background saving started by pid 38563
38563:C 27 Feb 2025 11:56:30.065 * DB saved on disk
38563:C 27 Feb 2025 11:56:30.066 * RDB: 0 MB of memory used by copy-on-write
1781:M 27 Feb 2025 11:56:30.163 * Background saving terminated with success
1781:M 27 Feb 2025 12:26:14.415 * 1 changes in 15 seconds. Saving...
1781:M 27 Feb 2025 12:26:14.415 * Background saving started by pid 39853
39853:C 27 Feb 2025 12:26:14.417 * DB saved on disk
39853:C 27 Feb 2025 12:26:14.417 * RDB: 0 MB of memory used by copy-on-write
1781:M 27 Feb 2025 12:26:14.517 * Background saving terminated with success
1781:M 27 Feb 2025 12:26:30.072 * 1 changes in 15 seconds. Saving...
1781:M 27 Feb 2025 12:26:30.073 * Background saving started by pid 39866
39866:C 27 Feb 2025 12:26:30.077 * DB saved on disk
39866:C 27 Feb 2025 12:26:30.078 * RDB: 0 MB of memory used by copy-on-write
1781:M 27 Feb 2025 12:26:30.174 * Background saving terminated with success
1781:M 27 Feb 2025 12:29:04.482 * 1 changes in 15 seconds. Saving...
1781:M 27 Feb 2025 12:29:04.483 * Background saving started by pid 39981
39981:C 27 Feb 2025 12:29:04.485 * DB saved on disk
39981:C 27 Feb 2025 12:29:04.485 * RDB: 0 MB of memory used by copy-on-write
1781:M 27 Feb 2025 12:29:04.585 * Background saving terminated with success
1781:M 27 Feb 2025 12:30:04.425 * 1 changes in 15 seconds. Saving...
1781:M 27 Feb 2025 12:30:04.425 * Background saving started by pid 40026
40026:C 27 Feb 2025 12:30:04.427 * DB saved on disk
40026:C 27 Feb 2025 12:30:04.427 * RDB: 0 MB of memory used by copy-on-write
1781:M 27 Feb 2025 12:30:04.529 * Background saving terminated with success
1781:M 27 Feb 2025 12:56:14.442 * 1 changes in 15 seconds. Saving...
1781:M 27 Feb 2025 12:56:14.443 * Background saving started by pid 41140
41140:C 27 Feb 2025 12:56:14.445 * DB saved on disk
41140:C 27 Feb 2025 12:56:14.445 * RDB: 0 MB of memory used by copy-on-write
1781:M 27 Feb 2025 12:56:14.547 * Background saving terminated with success
1781:M 27 Feb 2025 12:56:30.040 * 1 changes in 15 seconds. Saving...
1781:M 27 Feb 2025 12:56:30.041 * Background saving started by pid 41153
41153:C 27 Feb 2025 12:56:30.045 * DB saved on disk
41153:C 27 Feb 2025 12:56:30.046 * RDB: 0 MB of memory used by copy-on-write
1781:M 27 Feb 2025 12:56:30.146 * Background saving terminated with success
1781:M 27 Feb 2025 13:26:14.396 * 1 changes in 15 seconds. Saving...
1781:M 27 Feb 2025 13:26:14.398 * Background saving started by pid 42428
42428:C 27 Feb 2025 13:26:14.401 * DB saved on disk
42428:C 27 Feb 2025 13:26:14.401 * RDB: 0 MB of memory used by copy-on-write
1781:M 27 Feb 2025 13:26:14.502 * Background saving terminated with success
1781:M 27 Feb 2025 13:26:30.076 * 1 changes in 15 seconds. Saving...
1781:M 27 Feb 2025 13:26:30.076 * Background saving started by pid 42441
42441:C 27 Feb 2025 13:26:30.077 * DB saved on disk
42441:C 27 Feb 2025 13:26:30.078 * RDB: 0 MB of memory used by copy-on-write
1781:M 27 Feb 2025 13:26:30.177 * Background saving terminated with success
1781:M 27 Feb 2025 13:29:04.456 * 1 changes in 15 seconds. Saving...
1781:M 27 Feb 2025 13:29:04.457 * Background saving started by pid 42558
42558:C 27 Feb 2025 13:29:04.459 * DB saved on disk
42558:C 27 Feb 2025 13:29:04.460 * RDB: 0 MB of memory used by copy-on-write
1781:M 27 Feb 2025 13:29:04.559 * Background saving terminated with success
1781:M 27 Feb 2025 13:30:04.451 * 1 changes in 15 seconds. Saving...
1781:M 27 Feb 2025 13:30:04.451 * Background saving started by pid 42601
42601:C 27 Feb 2025 13:30:04.454 * DB saved on disk
42601:C 27 Feb 2025 13:30:04.454 * RDB: 0 MB of memory used by copy-on-write
1781:M 27 Feb 2025 13:30:04.552 * Background saving terminated with success
1781:M 27 Feb 2025 13:56:14.483 * 1 changes in 15 seconds. Saving...
1781:M 27 Feb 2025 13:56:14.483 * Background saving started by pid 43716
43716:C 27 Feb 2025 13:56:14.486 * DB saved on disk
43716:C 27 Feb 2025 13:56:14.486 * RDB: 0 MB of memory used by copy-on-write
1781:M 27 Feb 2025 13:56:14.585 * Background saving terminated with success
1781:M 27 Feb 2025 13:56:30.063 * 1 changes in 15 seconds. Saving...
1781:M 27 Feb 2025 13:56:30.064 * Background saving started by pid 43729
43729:C 27 Feb 2025 13:56:30.068 * DB saved on disk
43729:C 27 Feb 2025 13:56:30.069 * RDB: 0 MB of memory used by copy-on-write
1781:M 27 Feb 2025 13:56:30.166 * Background saving terminated with success
1781:M 27 Feb 2025 14:26:14.420 * 1 changes in 15 seconds. Saving...
1781:M 27 Feb 2025 14:26:14.420 * Background saving started by pid 45003
45003:C 27 Feb 2025 14:26:14.424 * DB saved on disk
45003:C 27 Feb 2025 14:26:14.424 * RDB: 0 MB of memory used by copy-on-write
1781:M 27 Feb 2025 14:26:14.522 * Background saving terminated with success
1781:M 27 Feb 2025 14:26:30.032 * 1 changes in 15 seconds. Saving...
1781:M 27 Feb 2025 14:26:30.032 * Background saving started by pid 45016
45016:C 27 Feb 2025 14:26:30.036 * DB saved on disk
45016:C 27 Feb 2025 14:26:30.037 * RDB: 0 MB of memory used by copy-on-write
1781:M 27 Feb 2025 14:26:30.137 * Background saving terminated with success
1781:M 27 Feb 2025 14:29:04.489 * 1 changes in 15 seconds. Saving...
1781:M 27 Feb 2025 14:29:04.490 * Background saving started by pid 45131
45131:C 27 Feb 2025 14:29:04.494 * DB saved on disk
45131:C 27 Feb 2025 14:29:04.494 * RDB: 0 MB of memory used by copy-on-write
1781:M 27 Feb 2025 14:29:04.591 * Background saving terminated with success
1781:M 27 Feb 2025 14:30:04.388 * 1 changes in 15 seconds. Saving...
1781:M 27 Feb 2025 14:30:04.388 * Background saving started by pid 45176
45176:C 27 Feb 2025 14:30:04.390 * DB saved on disk
45176:C 27 Feb 2025 14:30:04.390 * RDB: 0 MB of memory used by copy-on-write
1781:M 27 Feb 2025 14:30:04.489 * Background saving terminated with success
1781:M 27 Feb 2025 14:56:14.445 * 1 changes in 15 seconds. Saving...
1781:M 27 Feb 2025 14:56:14.446 * Background saving started by pid 46290
46290:C 27 Feb 2025 14:56:14.448 * DB saved on disk
46290:C 27 Feb 2025 14:56:14.448 * RDB: 0 MB of memory used by copy-on-write
1781:M 27 Feb 2025 14:56:14.548 * Background saving terminated with success
1781:M 27 Feb 2025 14:56:30.030 * 1 changes in 15 seconds. Saving...
1781:M 27 Feb 2025 14:56:30.031 * Background saving started by pid 46303
46303:C 27 Feb 2025 14:56:30.037 * DB saved on disk
46303:C 27 Feb 2025 14:56:30.038 * RDB: 0 MB of memory used by copy-on-write
1781:M 27 Feb 2025 14:56:30.134 * Background saving terminated with success
1781:M 27 Feb 2025 15:26:14.514 * 1 changes in 15 seconds. Saving...
1781:M 27 Feb 2025 15:26:14.515 * Background saving started by pid 47578
47578:C 27 Feb 2025 15:26:14.517 * DB saved on disk
47578:C 27 Feb 2025 15:26:14.517 * RDB: 0 MB of memory used by copy-on-write
1781:M 27 Feb 2025 15:26:14.620 * Background saving terminated with success
1781:M 27 Feb 2025 15:26:30.037 * 1 changes in 15 seconds. Saving...
1781:M 27 Feb 2025 15:26:30.037 * Background saving started by pid 47591
47591:C 27 Feb 2025 15:26:30.039 * DB saved on disk
47591:C 27 Feb 2025 15:26:30.039 * RDB: 0 MB of memory used by copy-on-write
1781:M 27 Feb 2025 15:26:30.139 * Background saving terminated with success
1781:M 27 Feb 2025 15:29:04.526 * 1 changes in 15 seconds. Saving...
1781:M 27 Feb 2025 15:29:04.526 * Background saving started by pid 47718
47718:C 27 Feb 2025 15:29:04.532 * DB saved on disk
47718:C 27 Feb 2025 15:29:04.533 * RDB: 0 MB of memory used by copy-on-write
1781:M 27 Feb 2025 15:29:04.627 * Background saving terminated with success
1781:M 27 Feb 2025 15:30:04.522 * 1 changes in 15 seconds. Saving...
1781:M 27 Feb 2025 15:30:04.522 * Background saving started by pid 47761
47761:C 27 Feb 2025 15:30:04.525 * DB saved on disk
47761:C 27 Feb 2025 15:30:04.525 * RDB: 0 MB of memory used by copy-on-write
1781:M 27 Feb 2025 15:30:04.622 * Background saving terminated with success
1781:M 27 Feb 2025 15:56:14.523 * 1 changes in 15 seconds. Saving...
1781:M 27 Feb 2025 15:56:14.524 * Background saving started by pid 48865
48865:C 27 Feb 2025 15:56:14.527 * DB saved on disk
48865:C 27 Feb 2025 15:56:14.527 * RDB: 0 MB of memory used by copy-on-write
1781:M 27 Feb 2025 15:56:14.625 * Background saving terminated with success
1781:M 27 Feb 2025 15:56:30.035 * 1 changes in 15 seconds. Saving...
1781:M 27 Feb 2025 15:56:30.036 * Background saving started by pid 48878
48878:C 27 Feb 2025 15:56:30.042 * DB saved on disk
48878:C 27 Feb 2025 15:56:30.043 * RDB: 0 MB of memory used by copy-on-write
1781:M 27 Feb 2025 15:56:30.139 * Background saving terminated with success
1781:M 27 Feb 2025 16:26:14.454 * 1 changes in 15 seconds. Saving...
1781:M 27 Feb 2025 16:26:14.455 * Background saving started by pid 50156
50156:C 27 Feb 2025 16:26:14.457 * DB saved on disk
50156:C 27 Feb 2025 16:26:14.457 * RDB: 0 MB of memory used by copy-on-write
1781:M 27 Feb 2025 16:26:14.555 * Background saving terminated with success
1781:M 27 Feb 2025 16:26:30.054 * 1 changes in 15 seconds. Saving...
1781:M 27 Feb 2025 16:26:30.055 * Background saving started by pid 50169
50169:C 27 Feb 2025 16:26:30.057 * DB saved on disk
50169:C 27 Feb 2025 16:26:30.058 * RDB: 0 MB of memory used by copy-on-write
1781:M 27 Feb 2025 16:26:30.164 * Background saving terminated with success
1781:M 27 Feb 2025 16:29:04.489 * 1 changes in 15 seconds. Saving...
1781:M 27 Feb 2025 16:29:04.490 * Background saving started by pid 50293
50293:C 27 Feb 2025 16:29:04.492 * DB saved on disk
50293:C 27 Feb 2025 16:29:04.492 * RDB: 0 MB of memory used by copy-on-write
1781:M 27 Feb 2025 16:29:04.593 * Background saving terminated with success
1781:M 27 Feb 2025 16:30:04.509 * 1 changes in 15 seconds. Saving...
1781:M 27 Feb 2025 16:30:04.510 * Background saving started by pid 50339
50339:C 27 Feb 2025 16:30:04.516 * DB saved on disk
50339:C 27 Feb 2025 16:30:04.517 * RDB: 0 MB of memory used by copy-on-write
1781:M 27 Feb 2025 16:30:04.613 * Background saving terminated with success
1781:M 27 Feb 2025 16:56:14.453 * 1 changes in 15 seconds. Saving...
1781:M 27 Feb 2025 16:56:14.454 * Background saving started by pid 51444
51444:C 27 Feb 2025 16:56:14.456 * DB saved on disk
51444:C 27 Feb 2025 16:56:14.456 * RDB: 0 MB of memory used by copy-on-write
1781:M 27 Feb 2025 16:56:14.555 * Background saving terminated with success
1781:M 27 Feb 2025 16:56:30.061 * 1 changes in 15 seconds. Saving...
1781:M 27 Feb 2025 16:56:30.061 * Background saving started by pid 51467
51467:C 27 Feb 2025 16:56:30.063 * DB saved on disk
51467:C 27 Feb 2025 16:56:30.063 * RDB: 0 MB of memory used by copy-on-write
1781:M 27 Feb 2025 16:56:30.162 * Background saving terminated with success
1781:M 27 Feb 2025 17:26:14.537 * 1 changes in 15 seconds. Saving...
1781:M 27 Feb 2025 17:26:14.539 * Background saving started by pid 52741
52741:C 27 Feb 2025 17:26:14.542 * DB saved on disk
52741:C 27 Feb 2025 17:26:14.543 * RDB: 0 MB of memory used by copy-on-write
1781:M 27 Feb 2025 17:26:14.640 * Background saving terminated with success
1781:M 27 Feb 2025 17:26:30.065 * 1 changes in 15 seconds. Saving...
1781:M 27 Feb 2025 17:26:30.065 * Background saving started by pid 52753
52753:C 27 Feb 2025 17:26:30.074 * DB saved on disk
52753:C 27 Feb 2025 17:26:30.075 * RDB: 0 MB of memory used by copy-on-write
1781:M 27 Feb 2025 17:26:30.166 * Background saving terminated with success
1781:M 27 Feb 2025 17:29:04.520 * 1 changes in 15 seconds. Saving...
1781:M 27 Feb 2025 17:29:04.521 * Background saving started by pid 52870
52870:C 27 Feb 2025 17:29:04.523 * DB saved on disk
52870:C 27 Feb 2025 17:29:04.524 * RDB: 0 MB of memory used by copy-on-write
1781:M 27 Feb 2025 17:29:04.622 * Background saving terminated with success
1781:M 27 Feb 2025 17:30:04.467 * 1 changes in 15 seconds. Saving...
1781:M 27 Feb 2025 17:30:04.467 * Background saving started by pid 52915
52915:C 27 Feb 2025 17:30:04.469 * DB saved on disk
52915:C 27 Feb 2025 17:30:04.470 * RDB: 0 MB of memory used by copy-on-write
1781:M 27 Feb 2025 17:30:04.568 * Background saving terminated with success
1781:M 28 Feb 2025 03:41:42.266 * 1 changes in 15 seconds. Saving...
1781:M 28 Feb 2025 03:41:42.266 * Background saving started by pid 54030
54030:C 28 Feb 2025 03:41:42.268 * DB saved on disk
54030:C 28 Feb 2025 03:41:42.268 * RDB: 0 MB of memory used by copy-on-write
1781:M 28 Feb 2025 03:41:42.369 * Background saving terminated with success
1781:M 28 Feb 2025 03:41:58.077 * 1 changes in 15 seconds. Saving...
1781:M 28 Feb 2025 03:41:58.077 * Background saving started by pid 54065
54065:C 28 Feb 2025 03:41:58.083 * DB saved on disk
54065:C 28 Feb 2025 03:41:58.083 * RDB: 0 MB of memory used by copy-on-write
1781:M 28 Feb 2025 03:41:58.179 * Background saving terminated with success
1781:M 28 Feb 2025 05:16:01.488 * 1 changes in 15 seconds. Saving...
1781:M 28 Feb 2025 05:16:01.489 * Background saving started by pid 55336
55336:C 28 Feb 2025 05:16:01.491 * DB saved on disk
55336:C 28 Feb 2025 05:16:01.492 * RDB: 0 MB of memory used by copy-on-write
1781:M 28 Feb 2025 05:16:01.590 * Background saving terminated with success
1781:M 28 Feb 2025 05:16:17.069 * 1 changes in 15 seconds. Saving...
1781:M 28 Feb 2025 05:16:17.069 * Background saving started by pid 55350
55350:C 28 Feb 2025 05:16:17.070 * DB saved on disk
55350:C 28 Feb 2025 05:16:17.070 * RDB: 0 MB of memory used by copy-on-write
1781:M 28 Feb 2025 05:16:17.171 * Background saving terminated with success
1781:M 28 Feb 2025 05:18:51.474 * 1 changes in 15 seconds. Saving...
1781:M 28 Feb 2025 05:18:51.475 * Background saving started by pid 55457
55457:C 28 Feb 2025 05:18:51.476 * DB saved on disk
55457:C 28 Feb 2025 05:18:51.477 * RDB: 0 MB of memory used by copy-on-write
1781:M 28 Feb 2025 05:18:51.576 * Background saving terminated with success
1781:M 28 Feb 2025 05:19:51.507 * 1 changes in 15 seconds. Saving...
1781:M 28 Feb 2025 05:19:51.508 * Background saving started by pid 55502
55502:C 28 Feb 2025 05:19:51.510 * DB saved on disk
55502:C 28 Feb 2025 05:19:51.510 * RDB: 0 MB of memory used by copy-on-write
1781:M 28 Feb 2025 05:19:51.608 * Background saving terminated with success
1781:M 28 Feb 2025 05:46:01.544 * 1 changes in 15 seconds. Saving...
1781:M 28 Feb 2025 05:46:01.545 * Background saving started by pid 56620
56620:C 28 Feb 2025 05:46:01.547 * DB saved on disk
56620:C 28 Feb 2025 05:46:01.548 * RDB: 0 MB of memory used by copy-on-write
1781:M 28 Feb 2025 05:46:01.647 * Background saving terminated with success
1781:M 28 Feb 2025 05:46:17.024 * 1 changes in 15 seconds. Saving...
1781:M 28 Feb 2025 05:46:17.024 * Background saving started by pid 56635
56635:C 28 Feb 2025 05:46:17.029 * DB saved on disk
56635:C 28 Feb 2025 05:46:17.029 * RDB: 0 MB of memory used by copy-on-write
1781:M 28 Feb 2025 05:46:17.126 * Background saving terminated with success
1781:M 28 Feb 2025 06:16:01.450 * 1 changes in 15 seconds. Saving...
1781:M 28 Feb 2025 06:16:01.450 * Background saving started by pid 57908
57908:C 28 Feb 2025 06:16:01.452 * DB saved on disk
57908:C 28 Feb 2025 06:16:01.452 * RDB: 0 MB of memory used by copy-on-write
1781:M 28 Feb 2025 06:16:01.554 * Background saving terminated with success
1781:M 28 Feb 2025 06:16:17.015 * 1 changes in 15 seconds. Saving...
1781:M 28 Feb 2025 06:16:17.016 * Background saving started by pid 57922
57922:C 28 Feb 2025 06:16:17.022 * DB saved on disk
57922:C 28 Feb 2025 06:16:17.023 * RDB: 0 MB of memory used by copy-on-write
1781:M 28 Feb 2025 06:16:17.117 * Background saving terminated with success
1781:M 28 Feb 2025 06:18:51.439 * 1 changes in 15 seconds. Saving...
1781:M 28 Feb 2025 06:18:51.440 * Background saving started by pid 58033
58033:C 28 Feb 2025 06:18:51.444 * DB saved on disk
58033:C 28 Feb 2025 06:18:51.444 * RDB: 0 MB of memory used by copy-on-write
1781:M 28 Feb 2025 06:18:51.541 * Background saving terminated with success
1781:M 28 Feb 2025 06:19:51.484 * 1 changes in 15 seconds. Saving...
1781:M 28 Feb 2025 06:19:51.485 * Background saving started by pid 58076
58076:C 28 Feb 2025 06:19:51.490 * DB saved on disk
58076:C 28 Feb 2025 06:19:51.491 * RDB: 0 MB of memory used by copy-on-write
1781:M 28 Feb 2025 06:19:51.586 * Background saving terminated with success
1781:M 28 Feb 2025 06:46:01.569 * 1 changes in 15 seconds. Saving...
1781:M 28 Feb 2025 06:46:01.570 * Background saving started by pid 59196
59196:C 28 Feb 2025 06:46:01.572 * DB saved on disk
59196:C 28 Feb 2025 06:46:01.573 * RDB: 0 MB of memory used by copy-on-write
1781:M 28 Feb 2025 06:46:01.674 * Background saving terminated with success
1781:M 28 Feb 2025 06:46:17.053 * 1 changes in 15 seconds. Saving...
1781:M 28 Feb 2025 06:46:17.054 * Background saving started by pid 59210
59210:C 28 Feb 2025 06:46:17.060 * DB saved on disk
59210:C 28 Feb 2025 06:46:17.060 * RDB: 0 MB of memory used by copy-on-write
1781:M 28 Feb 2025 06:46:17.156 * Background saving terminated with success
1781:M 28 Feb 2025 07:16:01.538 * 1 changes in 15 seconds. Saving...
1781:M 28 Feb 2025 07:16:01.539 * Background saving started by pid 60479
60479:C 28 Feb 2025 07:16:01.541 * DB saved on disk
60479:C 28 Feb 2025 07:16:01.541 * RDB: 0 MB of memory used by copy-on-write
1781:M 28 Feb 2025 07:16:01.640 * Background saving terminated with success
1781:M 28 Feb 2025 07:16:17.065 * 1 changes in 15 seconds. Saving...
1781:M 28 Feb 2025 07:16:17.066 * Background saving started by pid 60493
60493:C 28 Feb 2025 07:16:17.071 * DB saved on disk
60493:C 28 Feb 2025 07:16:17.072 * RDB: 0 MB of memory used by copy-on-write
1781:M 28 Feb 2025 07:16:17.167 * Background saving terminated with success
1781:M 28 Feb 2025 07:18:51.456 * 1 changes in 15 seconds. Saving...
1781:M 28 Feb 2025 07:18:51.456 * Background saving started by pid 60599
60599:C 28 Feb 2025 07:18:51.458 * DB saved on disk
60599:C 28 Feb 2025 07:18:51.458 * RDB: 0 MB of memory used by copy-on-write
1781:M 28 Feb 2025 07:18:51.562 * Background saving terminated with success
1781:M 28 Feb 2025 07:19:51.502 * 1 changes in 15 seconds. Saving...
1781:M 28 Feb 2025 07:19:51.503 * Background saving started by pid 60645
60645:C 28 Feb 2025 07:19:51.510 * DB saved on disk
60645:C 28 Feb 2025 07:19:51.511 * RDB: 0 MB of memory used by copy-on-write
1781:M 28 Feb 2025 07:19:51.606 * Background saving terminated with success
1781:M 28 Feb 2025 07:46:01.535 * 1 changes in 15 seconds. Saving...
1781:M 28 Feb 2025 07:46:01.536 * Background saving started by pid 61765
61765:C 28 Feb 2025 07:46:01.539 * DB saved on disk
61765:C 28 Feb 2025 07:46:01.539 * RDB: 0 MB of memory used by copy-on-write
1781:M 28 Feb 2025 07:46:01.638 * Background saving terminated with success
1781:M 28 Feb 2025 07:46:17.028 * 1 changes in 15 seconds. Saving...
1781:M 28 Feb 2025 07:46:17.029 * Background saving started by pid 61779
61779:C 28 Feb 2025 07:46:17.034 * DB saved on disk
61779:C 28 Feb 2025 07:46:17.035 * RDB: 0 MB of memory used by copy-on-write
1781:M 28 Feb 2025 07:46:17.130 * Background saving terminated with success
1781:M 28 Feb 2025 08:16:01.510 * 1 changes in 15 seconds. Saving...
1781:M 28 Feb 2025 08:16:01.511 * Background saving started by pid 63050
63050:C 28 Feb 2025 08:16:01.514 * DB saved on disk
63050:C 28 Feb 2025 08:16:01.515 * RDB: 0 MB of memory used by copy-on-write
1781:M 28 Feb 2025 08:16:01.612 * Background saving terminated with success
1781:M 28 Feb 2025 08:16:17.076 * 1 changes in 15 seconds. Saving...
1781:M 28 Feb 2025 08:16:17.077 * Background saving started by pid 63064
63064:C 28 Feb 2025 08:16:17.083 * DB saved on disk
63064:C 28 Feb 2025 08:16:17.084 * RDB: 0 MB of memory used by copy-on-write
1781:M 28 Feb 2025 08:16:17.181 * Background saving terminated with success
1781:M 28 Feb 2025 08:18:51.526 * 1 changes in 15 seconds. Saving...
1781:M 28 Feb 2025 08:18:51.527 * Background saving started by pid 63175
63175:C 28 Feb 2025 08:18:51.530 * DB saved on disk
63175:C 28 Feb 2025 08:18:51.530 * RDB: 0 MB of memory used by copy-on-write
1781:M 28 Feb 2025 08:18:51.629 * Background saving terminated with success
1781:M 28 Feb 2025 08:19:51.533 * 1 changes in 15 seconds. Saving...
1781:M 28 Feb 2025 08:19:51.534 * Background saving started by pid 63219
63219:C 28 Feb 2025 08:19:51.536 * DB saved on disk
63219:C 28 Feb 2025 08:19:51.537 * RDB: 0 MB of memory used by copy-on-write
1781:M 28 Feb 2025 08:19:51.637 * Background saving terminated with success
1781:M 28 Feb 2025 08:46:01.520 * 1 changes in 15 seconds. Saving...
1781:M 28 Feb 2025 08:46:01.520 * Background saving started by pid 64340
64340:C 28 Feb 2025 08:46:01.522 * DB saved on disk
64340:C 28 Feb 2025 08:46:01.523 * RDB: 0 MB of memory used by copy-on-write
1781:M 28 Feb 2025 08:46:01.621 * Background saving terminated with success
1781:M 28 Feb 2025 08:46:17.019 * 1 changes in 15 seconds. Saving...
1781:M 28 Feb 2025 08:46:17.020 * Background saving started by pid 64355
64355:C 28 Feb 2025 08:46:17.025 * DB saved on disk
64355:C 28 Feb 2025 08:46:17.026 * RDB: 0 MB of memory used by copy-on-write
1781:M 28 Feb 2025 08:46:17.124 * Background saving terminated with success
1781:M 28 Feb 2025 09:16:01.518 * 1 changes in 15 seconds. Saving...
1781:M 28 Feb 2025 09:16:01.518 * Background saving started by pid 65632
65632:C 28 Feb 2025 09:16:01.520 * DB saved on disk
65632:C 28 Feb 2025 09:16:01.520 * RDB: 0 MB of memory used by copy-on-write
1781:M 28 Feb 2025 09:16:01.622 * Background saving terminated with success
1781:M 28 Feb 2025 09:16:17.038 * 1 changes in 15 seconds. Saving...
1781:M 28 Feb 2025 09:16:17.039 * Background saving started by pid 65646
65646:C 28 Feb 2025 09:16:17.045 * DB saved on disk
65646:C 28 Feb 2025 09:16:17.046 * RDB: 0 MB of memory used by copy-on-write
1781:M 28 Feb 2025 09:16:17.140 * Background saving terminated with success
1781:M 28 Feb 2025 09:18:51.627 * 1 changes in 15 seconds. Saving...
1781:M 28 Feb 2025 09:18:51.627 * Background saving started by pid 65755
65755:C 28 Feb 2025 09:18:51.630 * DB saved on disk
65755:C 28 Feb 2025 09:18:51.630 * RDB: 0 MB of memory used by copy-on-write
1781:M 28 Feb 2025 09:18:51.729 * Background saving terminated with success
1781:M 28 Feb 2025 09:19:51.540 * 1 changes in 15 seconds. Saving...
1781:M 28 Feb 2025 09:19:51.541 * Background saving started by pid 65801
65801:C 28 Feb 2025 09:19:51.544 * DB saved on disk
65801:C 28 Feb 2025 09:19:51.545 * RDB: 0 MB of memory used by copy-on-write
1781:M 28 Feb 2025 09:19:51.642 * Background saving terminated with success
1781:M 28 Feb 2025 09:46:01.553 * 1 changes in 15 seconds. Saving...
1781:M 28 Feb 2025 09:46:01.553 * Background saving started by pid 66919
66919:C 28 Feb 2025 09:46:01.560 * DB saved on disk
66919:C 28 Feb 2025 09:46:01.560 * RDB: 0 MB of memory used by copy-on-write
1781:M 28 Feb 2025 09:46:01.654 * Background saving terminated with success
1781:M 28 Feb 2025 09:46:17.015 * 1 changes in 15 seconds. Saving...
1781:M 28 Feb 2025 09:46:17.016 * Background saving started by pid 66933
66933:C 28 Feb 2025 09:46:17.022 * DB saved on disk
66933:C 28 Feb 2025 09:46:17.024 * RDB: 0 MB of memory used by copy-on-write
1781:M 28 Feb 2025 09:46:17.118 * Background saving terminated with success
1781:M 28 Feb 2025 10:16:01.629 * 1 changes in 15 seconds. Saving...
1781:M 28 Feb 2025 10:16:01.630 * Background saving started by pid 68207
68207:C 28 Feb 2025 10:16:01.632 * DB saved on disk
68207:C 28 Feb 2025 10:16:01.633 * RDB: 0 MB of memory used by copy-on-write
1781:M 28 Feb 2025 10:16:01.732 * Background saving terminated with success
1781:M 28 Feb 2025 10:16:17.080 * 1 changes in 15 seconds. Saving...
1781:M 28 Feb 2025 10:16:17.081 * Background saving started by pid 68221
68221:C 28 Feb 2025 10:16:17.083 * DB saved on disk
68221:C 28 Feb 2025 10:16:17.084 * RDB: 0 MB of memory used by copy-on-write
1781:M 28 Feb 2025 10:16:17.183 * Background saving terminated with success
1781:M 28 Feb 2025 10:18:51.548 * 1 changes in 15 seconds. Saving...
1781:M 28 Feb 2025 10:18:51.549 * Background saving started by pid 68332
68332:C 28 Feb 2025 10:18:51.551 * DB saved on disk
68332:C 28 Feb 2025 10:18:51.552 * RDB: 0 MB of memory used by copy-on-write
1781:M 28 Feb 2025 10:18:51.653 * Background saving terminated with success
1781:M 28 Feb 2025 10:19:51.633 * 1 changes in 15 seconds. Saving...
1781:M 28 Feb 2025 10:19:51.634 * Background saving started by pid 68376
68376:C 28 Feb 2025 10:19:51.638 * DB saved on disk
68376:C 28 Feb 2025 10:19:51.638 * RDB: 0 MB of memory used by copy-on-write
1781:M 28 Feb 2025 10:19:51.735 * Background saving terminated with success
1781:M 28 Feb 2025 10:46:01.580 * 1 changes in 15 seconds. Saving...
1781:M 28 Feb 2025 10:46:01.581 * Background saving started by pid 69495
69495:C 28 Feb 2025 10:46:01.583 * DB saved on disk
69495:C 28 Feb 2025 10:46:01.584 * RDB: 0 MB of memory used by copy-on-write
1781:M 28 Feb 2025 10:46:01.682 * Background saving terminated with success
1781:M 28 Feb 2025 10:46:17.064 * 1 changes in 15 seconds. Saving...
1781:M 28 Feb 2025 10:46:17.064 * Background saving started by pid 69509
69509:C 28 Feb 2025 10:46:17.066 * DB saved on disk
69509:C 28 Feb 2025 10:46:17.067 * RDB: 0 MB of memory used by copy-on-write
1781:M 28 Feb 2025 10:46:17.167 * Background saving terminated with success
1781:M 28 Feb 2025 11:16:01.567 * 1 changes in 15 seconds. Saving...
1781:M 28 Feb 2025 11:16:01.568 * Background saving started by pid 70781
70781:C 28 Feb 2025 11:16:01.570 * DB saved on disk
70781:C 28 Feb 2025 11:16:01.571 * RDB: 0 MB of memory used by copy-on-write
1781:M 28 Feb 2025 11:16:01.677 * Background saving terminated with success
1781:M 28 Feb 2025 11:16:17.068 * 1 changes in 15 seconds. Saving...
1781:M 28 Feb 2025 11:16:17.068 * Background saving started by pid 70795
70795:C 28 Feb 2025 11:16:17.071 * DB saved on disk
70795:C 28 Feb 2025 11:16:17.071 * RDB: 0 MB of memory used by copy-on-write
1781:M 28 Feb 2025 11:16:17.176 * Background saving terminated with success
1781:M 28 Feb 2025 11:18:51.590 * 1 changes in 15 seconds. Saving...
1781:M 28 Feb 2025 11:18:51.591 * Background saving started by pid 70904
70904:C 28 Feb 2025 11:18:51.594 * DB saved on disk
70904:C 28 Feb 2025 11:18:51.595 * RDB: 0 MB of memory used by copy-on-write
1781:M 28 Feb 2025 11:18:51.692 * Background saving terminated with success
1781:M 28 Feb 2025 11:19:51.625 * 1 changes in 15 seconds. Saving...
1781:M 28 Feb 2025 11:19:51.625 * Background saving started by pid 70949
70949:C 28 Feb 2025 11:19:51.628 * DB saved on disk
70949:C 28 Feb 2025 11:19:51.629 * RDB: 0 MB of memory used by copy-on-write
1781:M 28 Feb 2025 11:19:51.726 * Background saving terminated with success
1781:M 28 Feb 2025 11:46:01.570 * 1 changes in 15 seconds. Saving...
1781:M 28 Feb 2025 11:46:01.571 * Background saving started by pid 72066
72066:C 28 Feb 2025 11:46:01.573 * DB saved on disk
72066:C 28 Feb 2025 11:46:01.574 * RDB: 0 MB of memory used by copy-on-write
1781:M 28 Feb 2025 11:46:01.672 * Background saving terminated with success
1781:M 28 Feb 2025 11:46:17.057 * 1 changes in 15 seconds. Saving...
1781:M 28 Feb 2025 11:46:17.057 * Background saving started by pid 72080
72080:C 28 Feb 2025 11:46:17.062 * DB saved on disk
72080:C 28 Feb 2025 11:46:17.063 * RDB: 0 MB of memory used by copy-on-write
1781:M 28 Feb 2025 11:46:17.159 * Background saving terminated with success
1781:M 28 Feb 2025 12:16:01.605 * 1 changes in 15 seconds. Saving...
1781:M 28 Feb 2025 12:16:01.605 * Background saving started by pid 73372
73372:C 28 Feb 2025 12:16:01.607 * DB saved on disk
73372:C 28 Feb 2025 12:16:01.607 * RDB: 0 MB of memory used by copy-on-write
1781:M 28 Feb 2025 12:16:01.710 * Background saving terminated with success
1781:M 28 Feb 2025 12:16:17.004 * 1 changes in 15 seconds. Saving...
1781:M 28 Feb 2025 12:16:17.005 * Background saving started by pid 73387
73387:C 28 Feb 2025 12:16:17.011 * DB saved on disk
73387:C 28 Feb 2025 12:16:17.012 * RDB: 0 MB of memory used by copy-on-write
1781:M 28 Feb 2025 12:16:17.106 * Background saving terminated with success
1781:M 28 Feb 2025 12:18:51.588 * 1 changes in 15 seconds. Saving...
1781:M 28 Feb 2025 12:18:51.589 * Background saving started by pid 73508
73508:C 28 Feb 2025 12:18:51.594 * DB saved on disk
73508:C 28 Feb 2025 12:18:51.595 * RDB: 0 MB of memory used by copy-on-write
1781:M 28 Feb 2025 12:18:51.692 * Background saving terminated with success
1781:M 28 Feb 2025 12:19:51.653 * 1 changes in 15 seconds. Saving...
1781:M 28 Feb 2025 12:19:51.654 * Background saving started by pid 73551
73551:C 28 Feb 2025 12:19:51.657 * DB saved on disk
73551:C 28 Feb 2025 12:19:51.657 * RDB: 0 MB of memory used by copy-on-write
1781:M 28 Feb 2025 12:19:51.758 * Background saving terminated with success
1781:M 28 Feb 2025 12:46:01.606 * 1 changes in 15 seconds. Saving...
1781:M 28 Feb 2025 12:46:01.607 * Background saving started by pid 74663
74663:C 28 Feb 2025 12:46:01.609 * DB saved on disk
74663:C 28 Feb 2025 12:46:01.609 * RDB: 0 MB of memory used by copy-on-write
1781:M 28 Feb 2025 12:46:01.709 * Background saving terminated with success
1781:M 28 Feb 2025 12:46:17.019 * 1 changes in 15 seconds. Saving...
1781:M 28 Feb 2025 12:46:17.020 * Background saving started by pid 74677
74677:C 28 Feb 2025 12:46:17.025 * DB saved on disk
74677:C 28 Feb 2025 12:46:17.026 * RDB: 0 MB of memory used by copy-on-write
1781:M 28 Feb 2025 12:46:17.128 * Background saving terminated with success
1781:M 28 Feb 2025 13:16:01.637 * 1 changes in 15 seconds. Saving...
1781:M 28 Feb 2025 13:16:01.637 * Background saving started by pid 75952
75952:C 28 Feb 2025 13:16:01.639 * DB saved on disk
75952:C 28 Feb 2025 13:16:01.640 * RDB: 0 MB of memory used by copy-on-write
1781:M 28 Feb 2025 13:16:01.741 * Background saving terminated with success
1781:M 28 Feb 2025 13:16:17.009 * 1 changes in 15 seconds. Saving...
1781:M 28 Feb 2025 13:16:17.010 * Background saving started by pid 75966
75966:C 28 Feb 2025 13:16:17.016 * DB saved on disk
75966:C 28 Feb 2025 13:16:17.017 * RDB: 0 MB of memory used by copy-on-write
1781:M 28 Feb 2025 13:16:17.111 * Background saving terminated with success
1781:M 28 Feb 2025 13:18:51.668 * 1 changes in 15 seconds. Saving...
1781:M 28 Feb 2025 13:18:51.668 * Background saving started by pid 76084
76084:C 28 Feb 2025 13:18:51.671 * DB saved on disk
76084:C 28 Feb 2025 13:18:51.671 * RDB: 0 MB of memory used by copy-on-write
1781:M 28 Feb 2025 13:18:51.771 * Background saving terminated with success
1781:M 28 Feb 2025 13:19:51.631 * 1 changes in 15 seconds. Saving...
1781:M 28 Feb 2025 13:19:51.631 * Background saving started by pid 76130
76130:C 28 Feb 2025 13:19:51.633 * DB saved on disk
76130:C 28 Feb 2025 13:19:51.634 * RDB: 0 MB of memory used by copy-on-write
1781:M 28 Feb 2025 13:19:51.733 * Background saving terminated with success
1781:M 28 Feb 2025 13:46:01.736 * 1 changes in 15 seconds. Saving...
1781:M 28 Feb 2025 13:46:01.736 * Background saving started by pid 77249
77249:C 28 Feb 2025 13:46:01.738 * DB saved on disk
77249:C 28 Feb 2025 13:46:01.738 * RDB: 0 MB of memory used by copy-on-write
1781:M 28 Feb 2025 13:46:01.837 * Background saving terminated with success
1781:M 28 Feb 2025 13:46:17.091 * 1 changes in 15 seconds. Saving...
1781:M 28 Feb 2025 13:46:17.091 * Background saving started by pid 77263
77263:C 28 Feb 2025 13:46:17.093 * DB saved on disk
77263:C 28 Feb 2025 13:46:17.093 * RDB: 0 MB of memory used by copy-on-write
1781:M 28 Feb 2025 13:46:17.196 * Background saving terminated with success
1781:M 28 Feb 2025 14:16:01.738 * 1 changes in 15 seconds. Saving...
1781:M 28 Feb 2025 14:16:01.738 * Background saving started by pid 78537
78537:C 28 Feb 2025 14:16:01.741 * DB saved on disk
78537:C 28 Feb 2025 14:16:01.741 * RDB: 0 MB of memory used by copy-on-write
1781:M 28 Feb 2025 14:16:01.840 * Background saving terminated with success
1781:M 28 Feb 2025 14:16:17.060 * 1 changes in 15 seconds. Saving...
1781:M 28 Feb 2025 14:16:17.061 * Background saving started by pid 78551
78551:C 28 Feb 2025 14:16:17.068 * DB saved on disk
78551:C 28 Feb 2025 14:16:17.069 * RDB: 0 MB of memory used by copy-on-write
1781:M 28 Feb 2025 14:16:17.164 * Background saving terminated with success
1781:M 28 Feb 2025 14:18:51.692 * 1 changes in 15 seconds. Saving...
1781:M 28 Feb 2025 14:18:51.693 * Background saving started by pid 78663
78663:C 28 Feb 2025 14:18:51.699 * DB saved on disk
78663:C 28 Feb 2025 14:18:51.700 * RDB: 0 MB of memory used by copy-on-write
1781:M 28 Feb 2025 14:18:51.794 * Background saving terminated with success
1781:M 28 Feb 2025 14:19:51.629 * 1 changes in 15 seconds. Saving...
1781:M 28 Feb 2025 14:19:51.630 * Background saving started by pid 78706
78706:C 28 Feb 2025 14:19:51.632 * DB saved on disk
78706:C 28 Feb 2025 14:19:51.632 * RDB: 0 MB of memory used by copy-on-write
1781:M 28 Feb 2025 14:19:51.731 * Background saving terminated with success
1781:M 01 Mar 2025 13:55:15.956 * 1 changes in 15 seconds. Saving...
1781:M 01 Mar 2025 13:55:15.957 * Background saving started by pid 79842
79842:C 01 Mar 2025 13:55:15.958 * DB saved on disk
79842:C 01 Mar 2025 13:55:15.958 * RDB: 0 MB of memory used by copy-on-write
1781:M 01 Mar 2025 13:55:16.059 * Background saving terminated with success
1781:M 01 Mar 2025 13:55:32.007 * 1 changes in 15 seconds. Saving...
1781:M 01 Mar 2025 13:55:32.007 * Background saving started by pid 79856
79856:C 01 Mar 2025 13:55:32.009 * DB saved on disk
79856:C 01 Mar 2025 13:55:32.010 * RDB: 0 MB of memory used by copy-on-write
1781:M 01 Mar 2025 13:55:32.110 * Background saving terminated with success
1781:M 02 Mar 2025 13:23:34.567 * 1 changes in 15 seconds. Saving...
1781:M 02 Mar 2025 13:23:34.567 * Background saving started by pid 81121
81121:C 02 Mar 2025 13:23:34.569 * DB saved on disk
81121:C 02 Mar 2025 13:23:34.569 * RDB: 0 MB of memory used by copy-on-write
1781:M 02 Mar 2025 13:23:34.670 * Background saving terminated with success
1781:M 02 Mar 2025 13:23:50.066 * 1 changes in 15 seconds. Saving...
1781:M 02 Mar 2025 13:23:50.066 * Background saving started by pid 81135
81135:C 02 Mar 2025 13:23:50.067 * DB saved on disk
81135:C 02 Mar 2025 13:23:50.068 * RDB: 0 MB of memory used by copy-on-write
1781:M 02 Mar 2025 13:23:50.167 * Background saving terminated with success
1781:M 02 Mar 2025 14:49:24.378 * 1 changes in 15 seconds. Saving...
1781:M 02 Mar 2025 14:49:24.378 * Background saving started by pid 81244
81244:C 02 Mar 2025 14:49:24.380 * DB saved on disk
81244:C 02 Mar 2025 14:49:24.380 * RDB: 0 MB of memory used by copy-on-write
1781:M 02 Mar 2025 14:49:24.480 * Background saving terminated with success
1781:M 02 Mar 2025 15:26:06.543 * 1 changes in 15 seconds. Saving...
1781:M 02 Mar 2025 15:26:06.543 * Background saving started by pid 81291
81291:C 02 Mar 2025 15:26:06.548 * DB saved on disk
81291:C 02 Mar 2025 15:26:06.549 * RDB: 0 MB of memory used by copy-on-write
1781:M 02 Mar 2025 15:26:06.644 * Background saving terminated with success
1781:M 03 Mar 2025 02:41:36.287 * 1 changes in 15 seconds. Saving...
1781:M 03 Mar 2025 02:41:36.287 * Background saving started by pid 82398
82398:C 03 Mar 2025 02:41:36.290 * DB saved on disk
82398:C 03 Mar 2025 02:41:36.290 * RDB: 0 MB of memory used by copy-on-write
1781:M 03 Mar 2025 02:41:36.389 * Background saving terminated with success
1781:M 03 Mar 2025 02:41:52.051 * 1 changes in 15 seconds. Saving...
1781:M 03 Mar 2025 02:41:52.052 * Background saving started by pid 82411
82411:C 03 Mar 2025 02:41:52.053 * DB saved on disk
82411:C 03 Mar 2025 02:41:52.054 * RDB: 0 MB of memory used by copy-on-write
1781:M 03 Mar 2025 02:41:52.152 * Background saving terminated with success
1781:M 03 Mar 2025 03:11:36.410 * 1 changes in 15 seconds. Saving...
1781:M 03 Mar 2025 03:11:36.410 * Background saving started by pid 83688
83688:C 03 Mar 2025 03:11:36.412 * DB saved on disk
83688:C 03 Mar 2025 03:11:36.413 * RDB: 0 MB of memory used by copy-on-write
1781:M 03 Mar 2025 03:11:36.512 * Background saving terminated with success
1781:M 03 Mar 2025 03:11:52.003 * 1 changes in 15 seconds. Saving...
1781:M 03 Mar 2025 03:11:52.004 * Background saving started by pid 83702
83702:C 03 Mar 2025 03:11:52.007 * DB saved on disk
83702:C 03 Mar 2025 03:11:52.007 * RDB: 0 MB of memory used by copy-on-write
1781:M 03 Mar 2025 03:11:52.106 * Background saving terminated with success
1781:M 03 Mar 2025 03:14:26.406 * 1 changes in 15 seconds. Saving...
1781:M 03 Mar 2025 03:14:26.407 * Background saving started by pid 83819
83819:C 03 Mar 2025 03:14:26.411 * DB saved on disk
83819:C 03 Mar 2025 03:14:26.412 * RDB: 0 MB of memory used by copy-on-write
1781:M 03 Mar 2025 03:14:26.509 * Background saving terminated with success
1781:M 03 Mar 2025 03:15:26.311 * 1 changes in 15 seconds. Saving...
1781:M 03 Mar 2025 03:15:26.312 * Background saving started by pid 83862
83862:C 03 Mar 2025 03:15:26.313 * DB saved on disk
83862:C 03 Mar 2025 03:15:26.313 * RDB: 0 MB of memory used by copy-on-write
1781:M 03 Mar 2025 03:15:26.414 * Background saving terminated with success
1781:M 03 Mar 2025 03:41:36.329 * 1 changes in 15 seconds. Saving...
1781:M 03 Mar 2025 03:41:36.329 * Background saving started by pid 84976
84976:C 03 Mar 2025 03:41:36.331 * DB saved on disk
84976:C 03 Mar 2025 03:41:36.331 * RDB: 0 MB of memory used by copy-on-write
1781:M 03 Mar 2025 03:41:36.430 * Background saving terminated with success
1781:M 03 Mar 2025 03:41:52.080 * 1 changes in 15 seconds. Saving...
1781:M 03 Mar 2025 03:41:52.081 * Background saving started by pid 84990
84990:C 03 Mar 2025 03:41:52.087 * DB saved on disk
84990:C 03 Mar 2025 03:41:52.088 * RDB: 0 MB of memory used by copy-on-write
1781:M 03 Mar 2025 03:41:52.182 * Background saving terminated with success
1781:M 03 Mar 2025 04:11:36.309 * 1 changes in 15 seconds. Saving...
1781:M 03 Mar 2025 04:11:36.310 * Background saving started by pid 86266
86266:C 03 Mar 2025 04:11:36.313 * DB saved on disk
86266:C 03 Mar 2025 04:11:36.313 * RDB: 0 MB of memory used by copy-on-write
1781:M 03 Mar 2025 04:11:36.411 * Background saving terminated with success
1781:M 03 Mar 2025 04:11:52.042 * 1 changes in 15 seconds. Saving...
1781:M 03 Mar 2025 04:11:52.043 * Background saving started by pid 86280
86280:C 03 Mar 2025 04:11:52.046 * DB saved on disk
86280:C 03 Mar 2025 04:11:52.046 * RDB: 0 MB of memory used by copy-on-write
1781:M 03 Mar 2025 04:11:52.145 * Background saving terminated with success
1781:M 03 Mar 2025 04:14:26.362 * 1 changes in 15 seconds. Saving...
1781:M 03 Mar 2025 04:14:26.363 * Background saving started by pid 86394
86394:C 03 Mar 2025 04:14:26.367 * DB saved on disk
86394:C 03 Mar 2025 04:14:26.367 * RDB: 0 MB of memory used by copy-on-write
1781:M 03 Mar 2025 04:14:26.464 * Background saving terminated with success
1781:M 03 Mar 2025 04:15:26.251 * 1 changes in 15 seconds. Saving...
1781:M 03 Mar 2025 04:15:26.251 * Background saving started by pid 86439
86439:C 03 Mar 2025 04:15:26.254 * DB saved on disk
86439:C 03 Mar 2025 04:15:26.255 * RDB: 0 MB of memory used by copy-on-write
1781:M 03 Mar 2025 04:15:26.354 * Background saving terminated with success
1781:M 03 Mar 2025 04:41:36.307 * 1 changes in 15 seconds. Saving...
1781:M 03 Mar 2025 04:41:36.309 * Background saving started by pid 87552
87552:C 03 Mar 2025 04:41:36.312 * DB saved on disk
87552:C 03 Mar 2025 04:41:36.313 * RDB: 0 MB of memory used by copy-on-write
1781:M 03 Mar 2025 04:41:36.410 * Background saving terminated with success
1781:M 03 Mar 2025 04:41:52.019 * 1 changes in 15 seconds. Saving...
1781:M 03 Mar 2025 04:41:52.020 * Background saving started by pid 87566
87566:C 03 Mar 2025 04:41:52.025 * DB saved on disk
87566:C 03 Mar 2025 04:41:52.025 * RDB: 0 MB of memory used by copy-on-write
1781:M 03 Mar 2025 04:41:52.121 * Background saving terminated with success
1781:M 03 Mar 2025 05:11:36.264 * 1 changes in 15 seconds. Saving...
1781:M 03 Mar 2025 05:11:36.264 * Background saving started by pid 88840
88840:C 03 Mar 2025 05:11:36.266 * DB saved on disk
88840:C 03 Mar 2025 05:11:36.267 * RDB: 0 MB of memory used by copy-on-write
1781:M 03 Mar 2025 05:11:36.366 * Background saving terminated with success
1781:M 03 Mar 2025 05:11:52.002 * 1 changes in 15 seconds. Saving...
1781:M 03 Mar 2025 05:11:52.003 * Background saving started by pid 88854
88854:C 03 Mar 2025 05:11:52.009 * DB saved on disk
88854:C 03 Mar 2025 05:11:52.010 * RDB: 0 MB of memory used by copy-on-write
1781:M 03 Mar 2025 05:11:52.105 * Background saving terminated with success
1781:M 03 Mar 2025 05:14:26.344 * 1 changes in 15 seconds. Saving...
1781:M 03 Mar 2025 05:14:26.345 * Background saving started by pid 88972
88972:C 03 Mar 2025 05:14:26.349 * DB saved on disk
88972:C 03 Mar 2025 05:14:26.350 * RDB: 0 MB of memory used by copy-on-write
1781:M 03 Mar 2025 05:14:26.449 * Background saving terminated with success
1781:M 03 Mar 2025 05:15:26.313 * 1 changes in 15 seconds. Saving...
1781:M 03 Mar 2025 05:15:26.314 * Background saving started by pid 89016
89016:C 03 Mar 2025 05:15:26.317 * DB saved on disk
89016:C 03 Mar 2025 05:15:26.317 * RDB: 0 MB of memory used by copy-on-write
1781:M 03 Mar 2025 05:15:26.423 * Background saving terminated with success
1781:M 03 Mar 2025 05:41:36.322 * 1 changes in 15 seconds. Saving...
1781:M 03 Mar 2025 05:41:36.322 * Background saving started by pid 90129
90129:C 03 Mar 2025 05:41:36.324 * DB saved on disk
90129:C 03 Mar 2025 05:41:36.325 * RDB: 0 MB of memory used by copy-on-write
1781:M 03 Mar 2025 05:41:36.423 * Background saving terminated with success
1781:M 03 Mar 2025 05:41:52.019 * 1 changes in 15 seconds. Saving...
1781:M 03 Mar 2025 05:41:52.020 * Background saving started by pid 90143
90143:C 03 Mar 2025 05:41:52.026 * DB saved on disk
90143:C 03 Mar 2025 05:41:52.027 * RDB: 0 MB of memory used by copy-on-write
1781:M 03 Mar 2025 05:41:52.123 * Background saving terminated with success
1781:M 03 Mar 2025 06:16:57.724 * 1 changes in 15 seconds. Saving...
1781:M 03 Mar 2025 06:16:57.725 * Background saving started by pid 91422
91422:C 03 Mar 2025 06:16:57.728 * DB saved on disk
91422:C 03 Mar 2025 06:16:57.728 * RDB: 0 MB of memory used by copy-on-write
1781:M 03 Mar 2025 06:16:57.826 * Background saving terminated with success
1781:M 03 Mar 2025 06:17:13.085 * 1 changes in 15 seconds. Saving...
1781:M 03 Mar 2025 06:17:13.086 * Background saving started by pid 91436
91436:C 03 Mar 2025 06:17:13.093 * DB saved on disk
91436:C 03 Mar 2025 06:17:13.094 * RDB: 0 MB of memory used by copy-on-write
1781:M 03 Mar 2025 06:17:13.190 * Background saving terminated with success
1781:M 03 Mar 2025 06:19:47.644 * 1 changes in 15 seconds. Saving...
1781:M 03 Mar 2025 06:19:47.645 * Background saving started by pid 91544
91544:C 03 Mar 2025 06:19:47.647 * DB saved on disk
91544:C 03 Mar 2025 06:19:47.648 * RDB: 0 MB of memory used by copy-on-write
1781:M 03 Mar 2025 06:19:47.748 * Background saving terminated with success
1781:M 03 Mar 2025 06:20:47.728 * 1 changes in 15 seconds. Saving...
1781:M 03 Mar 2025 06:20:47.728 * Background saving started by pid 91590
91590:C 03 Mar 2025 06:20:47.730 * DB saved on disk
91590:C 03 Mar 2025 06:20:47.730 * RDB: 0 MB of memory used by copy-on-write
1781:M 03 Mar 2025 06:20:47.829 * Background saving terminated with success
1781:M 03 Mar 2025 06:46:57.685 * 1 changes in 15 seconds. Saving...
1781:M 03 Mar 2025 06:46:57.686 * Background saving started by pid 92711
92711:C 03 Mar 2025 06:46:57.688 * DB saved on disk
92711:C 03 Mar 2025 06:46:57.688 * RDB: 0 MB of memory used by copy-on-write
1781:M 03 Mar 2025 06:46:57.787 * Background saving terminated with success
1781:M 03 Mar 2025 06:47:13.005 * 1 changes in 15 seconds. Saving...
1781:M 03 Mar 2025 06:47:13.006 * Background saving started by pid 92725
92725:C 03 Mar 2025 06:47:13.013 * DB saved on disk
92725:C 03 Mar 2025 06:47:13.014 * RDB: 0 MB of memory used by copy-on-write
1781:M 03 Mar 2025 06:47:13.109 * Background saving terminated with success
1781:M 03 Mar 2025 08:53:33.957 * 1 changes in 15 seconds. Saving...
1781:M 03 Mar 2025 08:53:33.958 * Background saving started by pid 93993
93993:C 03 Mar 2025 08:53:33.960 * DB saved on disk
93993:C 03 Mar 2025 08:53:33.961 * RDB: 0 MB of memory used by copy-on-write
1781:M 03 Mar 2025 08:53:34.060 * Background saving terminated with success
1781:M 03 Mar 2025 08:53:50.029 * 1 changes in 15 seconds. Saving...
1781:M 03 Mar 2025 08:53:50.029 * Background saving started by pid 94007
94007:C 03 Mar 2025 08:53:50.031 * DB saved on disk
94007:C 03 Mar 2025 08:53:50.031 * RDB: 0 MB of memory used by copy-on-write
1781:M 03 Mar 2025 08:53:50.129 * Background saving terminated with success
1781:M 03 Mar 2025 08:56:24.019 * 1 changes in 15 seconds. Saving...
1781:M 03 Mar 2025 08:56:24.019 * Background saving started by pid 94127
94127:C 03 Mar 2025 08:56:24.020 * DB saved on disk
94127:C 03 Mar 2025 08:56:24.021 * RDB: 0 MB of memory used by copy-on-write
1781:M 03 Mar 2025 08:56:24.128 * Background saving terminated with success
1781:M 03 Mar 2025 08:57:24.016 * 1 changes in 15 seconds. Saving...
1781:M 03 Mar 2025 08:57:24.017 * Background saving started by pid 94161
94161:C 03 Mar 2025 08:57:24.021 * DB saved on disk
94161:C 03 Mar 2025 08:57:24.022 * RDB: 0 MB of memory used by copy-on-write
1781:M 03 Mar 2025 08:57:24.121 * Background saving terminated with success
1781:M 03 Mar 2025 12:18:13.916 * 1 changes in 15 seconds. Saving...
1781:M 03 Mar 2025 12:18:13.917 * Background saving started by pid 95278
95278:C 03 Mar 2025 12:18:13.919 * DB saved on disk
95278:C 03 Mar 2025 12:18:13.919 * RDB: 0 MB of memory used by copy-on-write
1781:M 03 Mar 2025 12:18:14.017 * Background saving terminated with success
1781:M 03 Mar 2025 12:18:30.044 * 1 changes in 15 seconds. Saving...
1781:M 03 Mar 2025 12:18:30.044 * Background saving started by pid 95293
95293:C 03 Mar 2025 12:18:30.046 * DB saved on disk
95293:C 03 Mar 2025 12:18:30.046 * RDB: 0 MB of memory used by copy-on-write
1781:M 03 Mar 2025 12:18:30.147 * Background saving terminated with success
1781:M 03 Mar 2025 12:48:13.912 * 1 changes in 15 seconds. Saving...
1781:M 03 Mar 2025 12:48:13.913 * Background saving started by pid 96583
96583:C 03 Mar 2025 12:48:13.915 * DB saved on disk
96583:C 03 Mar 2025 12:48:13.915 * RDB: 0 MB of memory used by copy-on-write
1781:M 03 Mar 2025 12:48:14.014 * Background saving terminated with success
1781:M 03 Mar 2025 12:48:30.025 * 1 changes in 15 seconds. Saving...
1781:M 03 Mar 2025 12:48:30.025 * Background saving started by pid 96597
96597:C 03 Mar 2025 12:48:30.026 * DB saved on disk
96597:C 03 Mar 2025 12:48:30.027 * RDB: 0 MB of memory used by copy-on-write
1781:M 03 Mar 2025 12:48:30.126 * Background saving terminated with success
1781:M 03 Mar 2025 12:51:03.959 * 1 changes in 15 seconds. Saving...
1781:M 03 Mar 2025 12:51:03.960 * Background saving started by pid 96715
96715:C 03 Mar 2025 12:51:03.963 * DB saved on disk
96715:C 03 Mar 2025 12:51:03.963 * RDB: 0 MB of memory used by copy-on-write
1781:M 03 Mar 2025 12:51:04.062 * Background saving terminated with success
1781:M 03 Mar 2025 12:52:03.881 * 1 changes in 15 seconds. Saving...
1781:M 03 Mar 2025 12:52:03.881 * Background saving started by pid 96760
96760:C 03 Mar 2025 12:52:03.884 * DB saved on disk
96760:C 03 Mar 2025 12:52:03.884 * RDB: 0 MB of memory used by copy-on-write
1781:M 03 Mar 2025 12:52:03.985 * Background saving terminated with success
1781:M 03 Mar 2025 13:18:13.964 * 1 changes in 15 seconds. Saving...
1781:M 03 Mar 2025 13:18:13.965 * Background saving started by pid 97870
97870:C 03 Mar 2025 13:18:13.968 * DB saved on disk
97870:C 03 Mar 2025 13:18:13.968 * RDB: 0 MB of memory used by copy-on-write
1781:M 03 Mar 2025 13:18:14.067 * Background saving terminated with success
1781:M 03 Mar 2025 13:18:30.100 * 1 changes in 15 seconds. Saving...
1781:M 03 Mar 2025 13:18:30.100 * Background saving started by pid 97886
97886:C 03 Mar 2025 13:18:30.104 * DB saved on disk
97886:C 03 Mar 2025 13:18:30.104 * RDB: 0 MB of memory used by copy-on-write
1781:M 03 Mar 2025 13:18:30.201 * Background saving terminated with success
1781:M 03 Mar 2025 13:48:13.997 * 1 changes in 15 seconds. Saving...
1781:M 03 Mar 2025 13:48:13.998 * Background saving started by pid 99158
99158:C 03 Mar 2025 13:48:14.001 * DB saved on disk
99158:C 03 Mar 2025 13:48:14.002 * RDB: 0 MB of memory used by copy-on-write
1781:M 03 Mar 2025 13:48:14.102 * Background saving terminated with success
1781:M 03 Mar 2025 13:48:30.098 * 1 changes in 15 seconds. Saving...
1781:M 03 Mar 2025 13:48:30.099 * Background saving started by pid 99172
99172:C 03 Mar 2025 13:48:30.104 * DB saved on disk
99172:C 03 Mar 2025 13:48:30.105 * RDB: 0 MB of memory used by copy-on-write
1781:M 03 Mar 2025 13:48:30.200 * Background saving terminated with success
1781:M 03 Mar 2025 13:51:03.938 * 1 changes in 15 seconds. Saving...
1781:M 03 Mar 2025 13:51:03.939 * Background saving started by pid 99292
99292:C 03 Mar 2025 13:51:03.943 * DB saved on disk
99292:C 03 Mar 2025 13:51:03.944 * RDB: 0 MB of memory used by copy-on-write
1781:M 03 Mar 2025 13:51:04.040 * Background saving terminated with success
1781:M 03 Mar 2025 13:52:03.961 * 1 changes in 15 seconds. Saving...
1781:M 03 Mar 2025 13:52:03.962 * Background saving started by pid 99335
99335:C 03 Mar 2025 13:52:03.964 * DB saved on disk
99335:C 03 Mar 2025 13:52:03.964 * RDB: 0 MB of memory used by copy-on-write
1781:M 03 Mar 2025 13:52:04.063 * Background saving terminated with success
1781:M 03 Mar 2025 16:52:54.296 * 1 changes in 15 seconds. Saving...
1781:M 03 Mar 2025 16:52:54.297 * Background saving started by pid 752
752:C 03 Mar 2025 16:52:54.300 * DB saved on disk
752:C 03 Mar 2025 16:52:54.300 * RDB: 0 MB of memory used by copy-on-write
1781:M 03 Mar 2025 16:52:54.398 * Background saving terminated with success
1781:M 03 Mar 2025 16:53:10.048 * 1 changes in 15 seconds. Saving...
1781:M 03 Mar 2025 16:53:10.049 * Background saving started by pid 767
767:C 03 Mar 2025 16:53:10.076 * DB saved on disk
767:C 03 Mar 2025 16:53:10.076 * RDB: 0 MB of memory used by copy-on-write
1781:M 03 Mar 2025 16:53:10.150 * Background saving terminated with success
1781:M 04 Mar 2025 04:50:48.942 * 1 changes in 15 seconds. Saving...
1781:M 04 Mar 2025 04:50:48.943 * Background saving started by pid 2124
2124:C 04 Mar 2025 04:50:48.947 * DB saved on disk
2124:C 04 Mar 2025 04:50:48.947 * RDB: 0 MB of memory used by copy-on-write
1781:M 04 Mar 2025 04:50:49.044 * Background saving terminated with success
1781:M 04 Mar 2025 04:51:05.082 * 1 changes in 15 seconds. Saving...
1781:M 04 Mar 2025 04:51:05.083 * Background saving started by pid 2140
2140:C 04 Mar 2025 04:51:05.089 * DB saved on disk
2140:C 04 Mar 2025 04:51:05.090 * RDB: 0 MB of memory used by copy-on-write
1781:M 04 Mar 2025 04:51:05.184 * Background saving terminated with success
1781:M 04 Mar 2025 04:53:38.880 * 1 changes in 15 seconds. Saving...
1781:M 04 Mar 2025 04:53:38.881 * Background saving started by pid 2451
2451:C 04 Mar 2025 04:53:38.883 * DB saved on disk
2451:C 04 Mar 2025 04:53:38.883 * RDB: 0 MB of memory used by copy-on-write
1781:M 04 Mar 2025 04:53:38.985 * Background saving terminated with success
1781:M 04 Mar 2025 04:54:38.899 * 1 changes in 15 seconds. Saving...
1781:M 04 Mar 2025 04:54:38.900 * Background saving started by pid 2522
2522:C 04 Mar 2025 04:54:38.902 * DB saved on disk
2522:C 04 Mar 2025 04:54:38.902 * RDB: 0 MB of memory used by copy-on-write
1781:M 04 Mar 2025 04:54:39.000 * Background saving terminated with success
1781:M 04 Mar 2025 05:20:48.924 * 1 changes in 15 seconds. Saving...
1781:M 04 Mar 2025 05:20:48.925 * Background saving started by pid 3659
3659:C 04 Mar 2025 05:20:48.928 * DB saved on disk
3659:C 04 Mar 2025 05:20:48.928 * RDB: 0 MB of memory used by copy-on-write
1781:M 04 Mar 2025 05:20:49.026 * Background saving terminated with success
1781:M 04 Mar 2025 05:21:05.027 * 1 changes in 15 seconds. Saving...
1781:M 04 Mar 2025 05:21:05.028 * Background saving started by pid 3674
3674:C 04 Mar 2025 05:21:05.031 * DB saved on disk
3674:C 04 Mar 2025 05:21:05.032 * RDB: 0 MB of memory used by copy-on-write
1781:M 04 Mar 2025 05:21:05.130 * Background saving terminated with success
1781:M 04 Mar 2025 05:52:47.128 * 1 changes in 15 seconds. Saving...
1781:M 04 Mar 2025 05:52:47.129 * Background saving started by pid 4944
4944:C 04 Mar 2025 05:52:47.131 * DB saved on disk
4944:C 04 Mar 2025 05:52:47.131 * RDB: 0 MB of memory used by copy-on-write
1781:M 04 Mar 2025 05:52:47.230 * Background saving terminated with success
1781:M 04 Mar 2025 05:53:03.019 * 1 changes in 15 seconds. Saving...
1781:M 04 Mar 2025 05:53:03.020 * Background saving started by pid 4958
4958:C 04 Mar 2025 05:53:03.024 * DB saved on disk
4958:C 04 Mar 2025 05:53:03.026 * RDB: 0 MB of memory used by copy-on-write
1781:M 04 Mar 2025 05:53:03.122 * Background saving terminated with success
1781:M 04 Mar 2025 05:55:37.130 * 1 changes in 15 seconds. Saving...
1781:M 04 Mar 2025 05:55:37.130 * Background saving started by pid 5069
5069:C 04 Mar 2025 05:55:37.132 * DB saved on disk
5069:C 04 Mar 2025 05:55:37.133 * RDB: 0 MB of memory used by copy-on-write
1781:M 04 Mar 2025 05:55:37.231 * Background saving terminated with success
1781:M 04 Mar 2025 05:56:37.122 * 1 changes in 15 seconds. Saving...
1781:M 04 Mar 2025 05:56:37.122 * Background saving started by pid 5113
5113:C 04 Mar 2025 05:56:37.125 * DB saved on disk
5113:C 04 Mar 2025 05:56:37.125 * RDB: 0 MB of memory used by copy-on-write
1781:M 04 Mar 2025 05:56:37.223 * Background saving terminated with success
1781:M 04 Mar 2025 06:22:47.154 * 1 changes in 15 seconds. Saving...
1781:M 04 Mar 2025 06:22:47.154 * Background saving started by pid 6228
6228:C 04 Mar 2025 06:22:47.158 * DB saved on disk
6228:C 04 Mar 2025 06:22:47.159 * RDB: 0 MB of memory used by copy-on-write
1781:M 04 Mar 2025 06:22:47.256 * Background saving terminated with success
1781:M 04 Mar 2025 06:23:03.062 * 1 changes in 15 seconds. Saving...
1781:M 04 Mar 2025 06:23:03.063 * Background saving started by pid 6242
6242:C 04 Mar 2025 06:23:03.068 * DB saved on disk
6242:C 04 Mar 2025 06:23:03.069 * RDB: 0 MB of memory used by copy-on-write
1781:M 04 Mar 2025 06:23:03.166 * Background saving terminated with success
1781:M 04 Mar 2025 06:52:47.070 * 1 changes in 15 seconds. Saving...
1781:M 04 Mar 2025 06:52:47.072 * Background saving started by pid 7511
7511:C 04 Mar 2025 06:52:47.078 * DB saved on disk
7511:C 04 Mar 2025 06:52:47.078 * RDB: 0 MB of memory used by copy-on-write
1781:M 04 Mar 2025 06:52:47.174 * Background saving terminated with success
1781:M 04 Mar 2025 06:53:03.068 * 1 changes in 15 seconds. Saving...
1781:M 04 Mar 2025 06:53:03.069 * Background saving started by pid 7525
7525:C 04 Mar 2025 06:53:03.075 * DB saved on disk
7525:C 04 Mar 2025 06:53:03.076 * RDB: 0 MB of memory used by copy-on-write
1781:M 04 Mar 2025 06:53:03.171 * Background saving terminated with success
1781:M 04 Mar 2025 06:55:37.156 * 1 changes in 15 seconds. Saving...
1781:M 04 Mar 2025 06:55:37.159 * Background saving started by pid 7630
7630:C 04 Mar 2025 06:55:37.163 * DB saved on disk
7630:C 04 Mar 2025 06:55:37.164 * RDB: 0 MB of memory used by copy-on-write
1781:M 04 Mar 2025 06:55:37.261 * Background saving terminated with success
1781:M 04 Mar 2025 06:56:37.086 * 1 changes in 15 seconds. Saving...
1781:M 04 Mar 2025 06:56:37.087 * Background saving started by pid 7676
7676:C 04 Mar 2025 06:56:37.089 * DB saved on disk
7676:C 04 Mar 2025 06:56:37.089 * RDB: 0 MB of memory used by copy-on-write
1781:M 04 Mar 2025 06:56:37.189 * Background saving terminated with success
1781:M 04 Mar 2025 07:22:47.109 * 1 changes in 15 seconds. Saving...
1781:M 04 Mar 2025 07:22:47.110 * Background saving started by pid 8799
8799:C 04 Mar 2025 07:22:47.112 * DB saved on disk
8799:C 04 Mar 2025 07:22:47.112 * RDB: 0 MB of memory used by copy-on-write
1781:M 04 Mar 2025 07:22:47.212 * Background saving terminated with success
1781:M 04 Mar 2025 07:23:03.092 * 1 changes in 15 seconds. Saving...
1781:M 04 Mar 2025 07:23:03.093 * Background saving started by pid 8813
8813:C 04 Mar 2025 07:23:03.097 * DB saved on disk
8813:C 04 Mar 2025 07:23:03.098 * RDB: 0 MB of memory used by copy-on-write
1781:M 04 Mar 2025 07:23:03.195 * Background saving terminated with success
1781:M 04 Mar 2025 10:44:53.054 * 1 changes in 15 seconds. Saving...
1781:M 04 Mar 2025 10:44:53.055 * Background saving started by pid 10081
10081:C 04 Mar 2025 10:44:53.057 * DB saved on disk
10081:C 04 Mar 2025 10:44:53.057 * RDB: 0 MB of memory used by copy-on-write
1781:M 04 Mar 2025 10:44:53.156 * Background saving terminated with success
1781:M 04 Mar 2025 10:45:09.089 * 1 changes in 15 seconds. Saving...
1781:M 04 Mar 2025 10:45:09.090 * Background saving started by pid 10095
10095:C 04 Mar 2025 10:45:09.096 * DB saved on disk
10095:C 04 Mar 2025 10:45:09.097 * RDB: 0 MB of memory used by copy-on-write
1781:M 04 Mar 2025 10:45:09.192 * Background saving terminated with success
1781:M 04 Mar 2025 10:47:43.076 * 1 changes in 15 seconds. Saving...
1781:M 04 Mar 2025 10:47:43.076 * Background saving started by pid 10207
10207:C 04 Mar 2025 10:47:43.079 * DB saved on disk
10207:C 04 Mar 2025 10:47:43.079 * RDB: 0 MB of memory used by copy-on-write
1781:M 04 Mar 2025 10:47:43.179 * Background saving terminated with success
1781:M 04 Mar 2025 10:48:43.101 * 1 changes in 15 seconds. Saving...
1781:M 04 Mar 2025 10:48:43.102 * Background saving started by pid 10249
10249:C 04 Mar 2025 10:48:43.105 * DB saved on disk
10249:C 04 Mar 2025 10:48:43.105 * RDB: 0 MB of memory used by copy-on-write
1781:M 04 Mar 2025 10:48:43.205 * Background saving terminated with success
1781:M 04 Mar 2025 11:14:53.036 * 1 changes in 15 seconds. Saving...
1781:M 04 Mar 2025 11:14:53.036 * Background saving started by pid 11372
11372:C 04 Mar 2025 11:14:53.038 * DB saved on disk
11372:C 04 Mar 2025 11:14:53.038 * RDB: 0 MB of memory used by copy-on-write
1781:M 04 Mar 2025 11:14:53.138 * Background saving terminated with success
1781:M 04 Mar 2025 11:15:09.042 * 1 changes in 15 seconds. Saving...
1781:M 04 Mar 2025 11:15:09.043 * Background saving started by pid 11386
11386:C 04 Mar 2025 11:15:09.045 * DB saved on disk
11386:C 04 Mar 2025 11:15:09.046 * RDB: 0 MB of memory used by copy-on-write
1781:M 04 Mar 2025 11:15:09.143 * Background saving terminated with success
1781:M 04 Mar 2025 11:44:53.014 * 1 changes in 15 seconds. Saving...
1781:M 04 Mar 2025 11:44:53.015 * Background saving started by pid 12642
12642:C 04 Mar 2025 11:44:53.017 * DB saved on disk
12642:C 04 Mar 2025 11:44:53.017 * RDB: 0 MB of memory used by copy-on-write
1781:M 04 Mar 2025 11:44:53.116 * Background saving terminated with success
1781:M 04 Mar 2025 11:45:09.007 * 1 changes in 15 seconds. Saving...
1781:M 04 Mar 2025 11:45:09.008 * Background saving started by pid 12657
12657:C 04 Mar 2025 11:45:09.011 * DB saved on disk
12657:C 04 Mar 2025 11:45:09.012 * RDB: 0 MB of memory used by copy-on-write
1781:M 04 Mar 2025 11:45:09.110 * Background saving terminated with success
1781:M 04 Mar 2025 11:47:43.002 * 1 changes in 15 seconds. Saving...
1781:M 04 Mar 2025 11:47:43.003 * Background saving started by pid 12777
12777:C 04 Mar 2025 11:47:43.006 * DB saved on disk
12777:C 04 Mar 2025 11:47:43.006 * RDB: 0 MB of memory used by copy-on-write
1781:M 04 Mar 2025 11:47:43.104 * Background saving terminated with success
1781:M 04 Mar 2025 11:48:42.966 * 1 changes in 15 seconds. Saving...
1781:M 04 Mar 2025 11:48:42.967 * Background saving started by pid 12822
12822:C 04 Mar 2025 11:48:42.969 * DB saved on disk
12822:C 04 Mar 2025 11:48:42.970 * RDB: 0 MB of memory used by copy-on-write
1781:M 04 Mar 2025 11:48:43.069 * Background saving terminated with success
1762:C 04 Mar 2025 12:17:10.257 # oO0OoO0OoO0Oo Redis is starting oO0OoO0OoO0Oo
1762:C 04 Mar 2025 12:17:10.257 # Redis version=5.0.7, bits=64, commit=00000000, modified=0, pid=1762, just started
1762:C 04 Mar 2025 12:17:10.257 # Configuration loaded
1762:M 04 Mar 2025 12:17:10.260 * Running mode=standalone, port=6379.
1762:M 04 Mar 2025 12:17:10.260 # Server initialized
1762:M 04 Mar 2025 12:17:10.260 # WARNING you have Transparent Huge Pages (THP) support enabled in your kernel. This will create latency and memory usage issues with Redis. To fix this issue run the command 'echo never > /sys/kernel/mm/transparent_hugepage/enabled' as root, and add it to your /etc/rc.local in order to retain the setting after a reboot. Redis must be restarted after THP is disabled.
1762:M 04 Mar 2025 12:17:10.262 * DB loaded from disk: 0.002 seconds
1762:M 04 Mar 2025 12:17:10.262 * Ready to accept connections
1762:M 04 Mar 2025 12:17:26.075 * 1 changes in 15 seconds. Saving...
1762:M 04 Mar 2025 12:17:26.076 * Background saving started by pid 2448
2448:C 04 Mar 2025 12:17:26.077 * DB saved on disk
2448:C 04 Mar 2025 12:17:26.078 * RDB: 0 MB of memory used by copy-on-write
1762:M 04 Mar 2025 12:17:26.177 * Background saving terminated with success
1762:M 04 Mar 2025 12:17:42.036 * 1 changes in 15 seconds. Saving...
1762:M 04 Mar 2025 12:17:42.037 * Background saving started by pid 2497
2497:C 04 Mar 2025 12:17:42.039 * DB saved on disk
2497:C 04 Mar 2025 12:17:42.039 * RDB: 0 MB of memory used by copy-on-write
1762:M 04 Mar 2025 12:17:42.139 * Background saving terminated with success
1762:M 04 Mar 2025 12:20:21.809 * 1 changes in 15 seconds. Saving...
1762:M 04 Mar 2025 12:20:21.809 * Background saving started by pid 2630
2630:C 04 Mar 2025 12:20:21.814 * DB saved on disk
2630:C 04 Mar 2025 12:20:21.815 * RDB: 0 MB of memory used by copy-on-write
1762:M 04 Mar 2025 12:20:21.912 * Background saving terminated with success
1762:M 04 Mar 2025 12:21:21.738 * 1 changes in 15 seconds. Saving...
1762:M 04 Mar 2025 12:21:21.738 * Background saving started by pid 2673
2673:C 04 Mar 2025 12:21:21.739 * DB saved on disk
2673:C 04 Mar 2025 12:21:21.739 * RDB: 0 MB of memory used by copy-on-write
1762:M 04 Mar 2025 12:21:21.839 * Background saving terminated with success
1762:M 04 Mar 2025 12:47:31.794 * 1 changes in 15 seconds. Saving...
1762:M 04 Mar 2025 12:47:31.795 * Background saving started by pid 3780
3780:C 04 Mar 2025 12:47:31.797 * DB saved on disk
3780:C 04 Mar 2025 12:47:31.797 * RDB: 0 MB of memory used by copy-on-write
1762:M 04 Mar 2025 12:47:31.896 * Background saving terminated with success
1762:M 04 Mar 2025 12:47:47.017 * 1 changes in 15 seconds. Saving...
1762:M 04 Mar 2025 12:47:47.017 * Background saving started by pid 3795
3795:C 04 Mar 2025 12:47:47.021 * DB saved on disk
3795:C 04 Mar 2025 12:47:47.021 * RDB: 0 MB of memory used by copy-on-write
1762:M 04 Mar 2025 12:47:47.120 * Background saving terminated with success
1762:M 04 Mar 2025 13:17:31.874 * 1 changes in 15 seconds. Saving...
1762:M 04 Mar 2025 13:17:31.874 * Background saving started by pid 5098
5098:C 04 Mar 2025 13:17:31.875 * DB saved on disk
5098:C 04 Mar 2025 13:17:31.876 * RDB: 0 MB of memory used by copy-on-write
1762:M 04 Mar 2025 13:17:31.977 * Background saving terminated with success
1762:M 04 Mar 2025 13:17:47.079 * 1 changes in 15 seconds. Saving...
1762:M 04 Mar 2025 13:17:47.079 * Background saving started by pid 5112
5112:C 04 Mar 2025 13:17:47.082 * DB saved on disk
5112:C 04 Mar 2025 13:17:47.082 * RDB: 0 MB of memory used by copy-on-write
1762:M 04 Mar 2025 13:17:47.183 * Background saving terminated with success
1762:M 04 Mar 2025 13:20:21.870 * 1 changes in 15 seconds. Saving...
1762:M 04 Mar 2025 13:20:21.870 * Background saving started by pid 5221
5221:C 04 Mar 2025 13:20:21.874 * DB saved on disk
5221:C 04 Mar 2025 13:20:21.874 * RDB: 0 MB of memory used by copy-on-write
1762:M 04 Mar 2025 13:20:21.973 * Background saving terminated with success
1762:M 04 Mar 2025 13:21:21.867 * 1 changes in 15 seconds. Saving...
1762:M 04 Mar 2025 13:21:21.868 * Background saving started by pid 5266
5266:C 04 Mar 2025 13:21:21.871 * DB saved on disk
5266:C 04 Mar 2025 13:21:21.871 * RDB: 0 MB of memory used by copy-on-write
1762:M 04 Mar 2025 13:21:21.969 * Background saving terminated with success
1762:M 04 Mar 2025 13:47:31.834 * 1 changes in 15 seconds. Saving...
1762:M 04 Mar 2025 13:47:31.834 * Background saving started by pid 6381
6381:C 04 Mar 2025 13:47:31.836 * DB saved on disk
6381:C 04 Mar 2025 13:47:31.837 * RDB: 0 MB of memory used by copy-on-write
1762:M 04 Mar 2025 13:47:31.936 * Background saving terminated with success
1762:M 04 Mar 2025 13:47:47.035 * 1 changes in 15 seconds. Saving...
1762:M 04 Mar 2025 13:47:47.036 * Background saving started by pid 6394
6394:C 04 Mar 2025 13:47:47.038 * DB saved on disk
6394:C 04 Mar 2025 13:47:47.038 * RDB: 0 MB of memory used by copy-on-write
1762:M 04 Mar 2025 13:47:47.137 * Background saving terminated with success
1762:M 04 Mar 2025 14:17:31.916 * 1 changes in 15 seconds. Saving...
1762:M 04 Mar 2025 14:17:31.916 * Background saving started by pid 7680
7680:C 04 Mar 2025 14:17:31.919 * DB saved on disk
7680:C 04 Mar 2025 14:17:31.919 * RDB: 0 MB of memory used by copy-on-write
1762:M 04 Mar 2025 14:17:32.017 * Background saving terminated with success
1762:M 04 Mar 2025 14:17:48.052 * 1 changes in 15 seconds. Saving...
1762:M 04 Mar 2025 14:17:48.052 * Background saving started by pid 7694
7694:C 04 Mar 2025 14:17:48.055 * DB saved on disk
7694:C 04 Mar 2025 14:17:48.055 * RDB: 0 MB of memory used by copy-on-write
1762:M 04 Mar 2025 14:17:48.153 * Background saving terminated with success
1762:M 04 Mar 2025 14:20:21.863 * 1 changes in 15 seconds. Saving...
1762:M 04 Mar 2025 14:20:21.864 * Background saving started by pid 7806
7806:C 04 Mar 2025 14:20:21.867 * DB saved on disk
7806:C 04 Mar 2025 14:20:21.867 * RDB: 0 MB of memory used by copy-on-write
1762:M 04 Mar 2025 14:20:21.966 * Background saving terminated with success
1762:M 04 Mar 2025 14:21:21.905 * 1 changes in 15 seconds. Saving...
1762:M 04 Mar 2025 14:21:21.905 * Background saving started by pid 7851
7851:C 04 Mar 2025 14:21:21.909 * DB saved on disk
7851:C 04 Mar 2025 14:21:21.910 * RDB: 0 MB of memory used by copy-on-write
1762:M 04 Mar 2025 14:21:22.005 * Background saving terminated with success
1762:M 04 Mar 2025 23:43:06.171 * 1 changes in 15 seconds. Saving...
1762:M 04 Mar 2025 23:43:06.171 * Background saving started by pid 8972
8972:C 04 Mar 2025 23:43:06.174 * DB saved on disk
8972:C 04 Mar 2025 23:43:06.174 * RDB: 0 MB of memory used by copy-on-write
1762:M 04 Mar 2025 23:43:06.272 * Background saving terminated with success
1762:M 04 Mar 2025 23:43:22.015 * 1 changes in 15 seconds. Saving...
1762:M 04 Mar 2025 23:43:22.015 * Background saving started by pid 8986
8986:C 04 Mar 2025 23:43:22.020 * DB saved on disk
8986:C 04 Mar 2025 23:43:22.020 * RDB: 0 MB of memory used by copy-on-write
1762:M 04 Mar 2025 23:43:22.117 * Background saving terminated with success
1762:M 05 Mar 2025 04:36:16.838 * 1 changes in 15 seconds. Saving...
1762:M 05 Mar 2025 04:36:16.839 * Background saving started by pid 10287
10287:C 05 Mar 2025 04:36:16.840 * DB saved on disk
10287:C 05 Mar 2025 04:36:16.842 * RDB: 0 MB of memory used by copy-on-write
1762:M 05 Mar 2025 04:36:16.941 * Background saving terminated with success
1762:M 05 Mar 2025 04:36:32.074 * 1 changes in 15 seconds. Saving...
1762:M 05 Mar 2025 04:36:32.074 * Background saving started by pid 10301
10301:C 05 Mar 2025 04:36:32.077 * DB saved on disk
10301:C 05 Mar 2025 04:36:32.078 * RDB: 0 MB of memory used by copy-on-write
1762:M 05 Mar 2025 04:36:32.175 * Background saving terminated with success
1762:M 05 Mar 2025 04:53:17.412 * 1 changes in 15 seconds. Saving...
1762:M 05 Mar 2025 04:53:17.412 * Background saving started by pid 10410
10410:C 05 Mar 2025 04:53:17.414 * DB saved on disk
10410:C 05 Mar 2025 04:53:17.414 * RDB: 0 MB of memory used by copy-on-write
1762:M 05 Mar 2025 04:53:17.518 * Background saving terminated with success
1762:M 05 Mar 2025 04:54:17.396 * 1 changes in 15 seconds. Saving...
1762:M 05 Mar 2025 04:54:17.396 * Background saving started by pid 10456
10456:C 05 Mar 2025 04:54:17.399 * DB saved on disk
10456:C 05 Mar 2025 04:54:17.400 * RDB: 0 MB of memory used by copy-on-write
1762:M 05 Mar 2025 04:54:17.502 * Background saving terminated with success
1762:M 05 Mar 2025 05:20:27.508 * 1 changes in 15 seconds. Saving...
1762:M 05 Mar 2025 05:20:27.508 * Background saving started by pid 11566
11566:C 05 Mar 2025 05:20:27.511 * DB saved on disk
11566:C 05 Mar 2025 05:20:27.512 * RDB: 0 MB of memory used by copy-on-write
1762:M 05 Mar 2025 05:20:27.610 * Background saving terminated with success
1762:M 05 Mar 2025 05:20:43.005 * 1 changes in 15 seconds. Saving...
1762:M 05 Mar 2025 05:20:43.006 * Background saving started by pid 11580
11580:C 05 Mar 2025 05:20:43.015 * DB saved on disk
11580:C 05 Mar 2025 05:20:43.016 * RDB: 0 MB of memory used by copy-on-write
1762:M 05 Mar 2025 05:20:43.108 * Background saving terminated with success
1762:M 05 Mar 2025 05:50:27.476 * 1 changes in 15 seconds. Saving...
1762:M 05 Mar 2025 05:50:27.477 * Background saving started by pid 12859
12859:C 05 Mar 2025 05:50:27.478 * DB saved on disk
12859:C 05 Mar 2025 05:50:27.479 * RDB: 0 MB of memory used by copy-on-write
1762:M 05 Mar 2025 05:50:27.580 * Background saving terminated with success
1762:M 05 Mar 2025 05:50:43.099 * 1 changes in 15 seconds. Saving...
1762:M 05 Mar 2025 05:50:43.100 * Background saving started by pid 12873
12873:C 05 Mar 2025 05:50:43.103 * DB saved on disk
12873:C 05 Mar 2025 05:50:43.104 * RDB: 0 MB of memory used by copy-on-write
1762:M 05 Mar 2025 05:50:43.200 * Background saving terminated with success
1762:M 05 Mar 2025 05:53:17.524 * 1 changes in 15 seconds. Saving...
1762:M 05 Mar 2025 05:53:17.524 * Background saving started by pid 12991
12991:C 05 Mar 2025 05:53:17.527 * DB saved on disk
12991:C 05 Mar 2025 05:53:17.527 * RDB: 0 MB of memory used by copy-on-write
1762:M 05 Mar 2025 05:53:17.626 * Background saving terminated with success
1762:M 05 Mar 2025 05:54:17.472 * 1 changes in 15 seconds. Saving...
1762:M 05 Mar 2025 05:54:17.473 * Background saving started by pid 13034
13034:C 05 Mar 2025 05:54:17.475 * DB saved on disk
13034:C 05 Mar 2025 05:54:17.475 * RDB: 0 MB of memory used by copy-on-write
1762:M 05 Mar 2025 05:54:17.574 * Background saving terminated with success
1762:M 05 Mar 2025 06:20:27.570 * 1 changes in 15 seconds. Saving...
1762:M 05 Mar 2025 06:20:27.571 * Background saving started by pid 14149
14149:C 05 Mar 2025 06:20:27.575 * DB saved on disk
14149:C 05 Mar 2025 06:20:27.575 * RDB: 0 MB of memory used by copy-on-write
1762:M 05 Mar 2025 06:20:27.672 * Background saving terminated with success
1762:M 05 Mar 2025 06:20:43.066 * 1 changes in 15 seconds. Saving...
1762:M 05 Mar 2025 06:20:43.066 * Background saving started by pid 14162
14162:C 05 Mar 2025 06:20:43.067 * DB saved on disk
14162:C 05 Mar 2025 06:20:43.068 * RDB: 0 MB of memory used by copy-on-write
1762:M 05 Mar 2025 06:20:43.167 * Background saving terminated with success
1762:M 05 Mar 2025 07:03:50.305 * 1 changes in 15 seconds. Saving...
1762:M 05 Mar 2025 07:03:50.306 * Background saving started by pid 15447
15447:C 05 Mar 2025 07:03:50.309 * DB saved on disk
15447:C 05 Mar 2025 07:03:50.310 * RDB: 0 MB of memory used by copy-on-write
1762:M 05 Mar 2025 07:03:50.406 * Background saving terminated with success
1762:M 05 Mar 2025 07:04:06.053 * 1 changes in 15 seconds. Saving...
1762:M 05 Mar 2025 07:04:06.054 * Background saving started by pid 15460
15460:C 05 Mar 2025 07:04:06.059 * DB saved on disk
15460:C 05 Mar 2025 07:04:06.060 * RDB: 0 MB of memory used by copy-on-write
1762:M 05 Mar 2025 07:04:06.158 * Background saving terminated with success
1762:M 05 Mar 2025 07:06:40.289 * 1 changes in 15 seconds. Saving...
1762:M 05 Mar 2025 07:06:40.289 * Background saving started by pid 15585
15585:C 05 Mar 2025 07:06:40.291 * DB saved on disk
15585:C 05 Mar 2025 07:06:40.291 * RDB: 0 MB of memory used by copy-on-write
1762:M 05 Mar 2025 07:06:40.391 * Background saving terminated with success
1762:M 05 Mar 2025 07:07:40.378 * 1 changes in 15 seconds. Saving...
1762:M 05 Mar 2025 07:07:40.378 * Background saving started by pid 15630
15630:C 05 Mar 2025 07:07:40.379 * DB saved on disk
15630:C 05 Mar 2025 07:07:40.379 * RDB: 0 MB of memory used by copy-on-write
1762:M 05 Mar 2025 07:07:40.479 * Background saving terminated with success
1762:M 05 Mar 2025 07:33:50.328 * 1 changes in 15 seconds. Saving...
1762:M 05 Mar 2025 07:33:50.329 * Background saving started by pid 16734
16734:C 05 Mar 2025 07:33:50.331 * DB saved on disk
16734:C 05 Mar 2025 07:33:50.331 * RDB: 0 MB of memory used by copy-on-write
1762:M 05 Mar 2025 07:33:50.436 * Background saving terminated with success
1762:M 05 Mar 2025 07:34:06.042 * 1 changes in 15 seconds. Saving...
1762:M 05 Mar 2025 07:34:06.043 * Background saving started by pid 16747
16747:C 05 Mar 2025 07:34:06.049 * DB saved on disk
16747:C 05 Mar 2025 07:34:06.050 * RDB: 0 MB of memory used by copy-on-write
1762:M 05 Mar 2025 07:34:06.146 * Background saving terminated with success
1762:M 05 Mar 2025 08:03:50.308 * 1 changes in 15 seconds. Saving...
1762:M 05 Mar 2025 08:03:50.308 * Background saving started by pid 18030
18030:C 05 Mar 2025 08:03:50.312 * DB saved on disk
18030:C 05 Mar 2025 08:03:50.312 * RDB: 0 MB of memory used by copy-on-write
1762:M 05 Mar 2025 08:03:50.408 * Background saving terminated with success
1762:M 05 Mar 2025 08:04:06.025 * 1 changes in 15 seconds. Saving...
1762:M 05 Mar 2025 08:04:06.026 * Background saving started by pid 18043
18043:C 05 Mar 2025 08:04:06.031 * DB saved on disk
18043:C 05 Mar 2025 08:04:06.032 * RDB: 0 MB of memory used by copy-on-write
1762:M 05 Mar 2025 08:04:06.128 * Background saving terminated with success
1762:M 05 Mar 2025 08:06:40.329 * 1 changes in 15 seconds. Saving...
1762:M 05 Mar 2025 08:06:40.329 * Background saving started by pid 18163
18163:C 05 Mar 2025 08:06:40.332 * DB saved on disk
18163:C 05 Mar 2025 08:06:40.332 * RDB: 0 MB of memory used by copy-on-write
1762:M 05 Mar 2025 08:06:40.432 * Background saving terminated with success
1762:M 05 Mar 2025 08:07:40.354 * 1 changes in 15 seconds. Saving...
1762:M 05 Mar 2025 08:07:40.355 * Background saving started by pid 18206
18206:C 05 Mar 2025 08:07:40.359 * DB saved on disk
18206:C 05 Mar 2025 08:07:40.359 * RDB: 0 MB of memory used by copy-on-write
1762:M 05 Mar 2025 08:07:40.456 * Background saving terminated with success
1762:M 05 Mar 2025 08:49:54.969 * 1 changes in 15 seconds. Saving...
1762:M 05 Mar 2025 08:49:54.970 * Background saving started by pid 19318
19318:C 05 Mar 2025 08:49:54.972 * DB saved on disk
19318:C 05 Mar 2025 08:49:54.973 * RDB: 0 MB of memory used by copy-on-write
1762:M 05 Mar 2025 08:49:55.071 * Background saving terminated with success
1762:M 05 Mar 2025 08:50:11.024 * 1 changes in 15 seconds. Saving...
1762:M 05 Mar 2025 08:50:11.024 * Background saving started by pid 19331
19331:C 05 Mar 2025 08:50:11.026 * DB saved on disk
19331:C 05 Mar 2025 08:50:11.026 * RDB: 0 MB of memory used by copy-on-write
1762:M 05 Mar 2025 08:50:11.127 * Background saving terminated with success
1762:M 05 Mar 2025 09:19:54.965 * 1 changes in 15 seconds. Saving...
1762:M 05 Mar 2025 09:19:54.965 * Background saving started by pid 20605
20605:C 05 Mar 2025 09:19:54.967 * DB saved on disk
20605:C 05 Mar 2025 09:19:54.967 * RDB: 0 MB of memory used by copy-on-write
1762:M 05 Mar 2025 09:19:55.068 * Background saving terminated with success
1762:M 05 Mar 2025 09:20:11.056 * 1 changes in 15 seconds. Saving...
1762:M 05 Mar 2025 09:20:11.056 * Background saving started by pid 20618
20618:C 05 Mar 2025 09:20:11.059 * DB saved on disk
20618:C 05 Mar 2025 09:20:11.060 * RDB: 0 MB of memory used by copy-on-write
1762:M 05 Mar 2025 09:20:11.156 * Background saving terminated with success
1762:M 05 Mar 2025 09:22:44.986 * 1 changes in 15 seconds. Saving...
1762:M 05 Mar 2025 09:22:44.987 * Background saving started by pid 20727
20727:C 05 Mar 2025 09:22:44.989 * DB saved on disk
20727:C 05 Mar 2025 09:22:44.990 * RDB: 0 MB of memory used by copy-on-write
1762:M 05 Mar 2025 09:22:45.087 * Background saving terminated with success
1762:M 05 Mar 2025 09:23:44.943 * 1 changes in 15 seconds. Saving...
1762:M 05 Mar 2025 09:23:44.944 * Background saving started by pid 20772
20772:C 05 Mar 2025 09:23:44.947 * DB saved on disk
20772:C 05 Mar 2025 09:23:44.947 * RDB: 0 MB of memory used by copy-on-write
1762:M 05 Mar 2025 09:23:45.046 * Background saving terminated with success
1762:M 05 Mar 2025 10:19:51.778 * 1 changes in 15 seconds. Saving...
1762:M 05 Mar 2025 10:19:51.778 * Background saving started by pid 21890
21890:C 05 Mar 2025 10:19:51.785 * DB saved on disk
21890:C 05 Mar 2025 10:19:51.786 * RDB: 0 MB of memory used by copy-on-write
1762:M 05 Mar 2025 10:19:51.885 * Background saving terminated with success
1762:M 05 Mar 2025 10:20:07.084 * 1 changes in 15 seconds. Saving...
1762:M 05 Mar 2025 10:20:07.085 * Background saving started by pid 21904
21904:C 05 Mar 2025 10:20:07.091 * DB saved on disk
21904:C 05 Mar 2025 10:20:07.092 * RDB: 0 MB of memory used by copy-on-write
1762:M 05 Mar 2025 10:20:07.186 * Background saving terminated with success
1762:M 05 Mar 2025 11:24:49.243 * 1 changes in 15 seconds. Saving...
1762:M 05 Mar 2025 11:24:49.243 * Background saving started by pid 23184
23184:C 05 Mar 2025 11:24:49.245 * DB saved on disk
23184:C 05 Mar 2025 11:24:49.245 * RDB: 0 MB of memory used by copy-on-write
1762:M 05 Mar 2025 11:24:49.348 * Background saving terminated with success
1762:M 05 Mar 2025 11:25:05.053 * 1 changes in 15 seconds. Saving...
1762:M 05 Mar 2025 11:25:05.053 * Background saving started by pid 23198
23198:C 05 Mar 2025 11:25:05.056 * DB saved on disk
23198:C 05 Mar 2025 11:25:05.056 * RDB: 0 MB of memory used by copy-on-write
1762:M 05 Mar 2025 11:25:05.155 * Background saving terminated with success
1762:M 05 Mar 2025 11:27:39.179 * 1 changes in 15 seconds. Saving...
1762:M 05 Mar 2025 11:27:39.179 * Background saving started by pid 23309
23309:C 05 Mar 2025 11:27:39.181 * DB saved on disk
23309:C 05 Mar 2025 11:27:39.181 * RDB: 0 MB of memory used by copy-on-write
1762:M 05 Mar 2025 11:27:39.280 * Background saving terminated with success
1762:M 05 Mar 2025 11:28:39.206 * 1 changes in 15 seconds. Saving...
1762:M 05 Mar 2025 11:28:39.207 * Background saving started by pid 23352
23352:C 05 Mar 2025 11:28:39.210 * DB saved on disk
23352:C 05 Mar 2025 11:28:39.210 * RDB: 0 MB of memory used by copy-on-write
1762:M 05 Mar 2025 11:28:39.308 * Background saving terminated with success
1762:M 05 Mar 2025 11:54:49.290 * 1 changes in 15 seconds. Saving...
1762:M 05 Mar 2025 11:54:49.290 * Background saving started by pid 24473
24473:C 05 Mar 2025 11:54:49.294 * DB saved on disk
24473:C 05 Mar 2025 11:54:49.294 * RDB: 0 MB of memory used by copy-on-write
1762:M 05 Mar 2025 11:54:49.393 * Background saving terminated with success
1762:M 05 Mar 2025 11:55:05.070 * 1 changes in 15 seconds. Saving...
1762:M 05 Mar 2025 11:55:05.070 * Background saving started by pid 24486
24486:C 05 Mar 2025 11:55:05.073 * DB saved on disk
24486:C 05 Mar 2025 11:55:05.073 * RDB: 0 MB of memory used by copy-on-write
1762:M 05 Mar 2025 11:55:05.176 * Background saving terminated with success
1762:M 05 Mar 2025 12:24:49.294 * 1 changes in 15 seconds. Saving...
1762:M 05 Mar 2025 12:24:49.294 * Background saving started by pid 25785
25785:C 05 Mar 2025 12:24:49.296 * DB saved on disk
25785:C 05 Mar 2025 12:24:49.296 * RDB: 0 MB of memory used by copy-on-write
1762:M 05 Mar 2025 12:24:49.397 * Background saving terminated with success
1762:M 05 Mar 2025 12:25:05.000 * 1 changes in 15 seconds. Saving...
1762:M 05 Mar 2025 12:25:05.001 * Background saving started by pid 25799
25799:C 05 Mar 2025 12:25:05.007 * DB saved on disk
25799:C 05 Mar 2025 12:25:05.008 * RDB: 0 MB of memory used by copy-on-write
1762:M 05 Mar 2025 12:25:05.104 * Background saving terminated with success
1762:M 05 Mar 2025 12:27:39.358 * 1 changes in 15 seconds. Saving...
1762:M 05 Mar 2025 12:27:39.358 * Background saving started by pid 25906
25906:C 05 Mar 2025 12:27:39.361 * DB saved on disk
25906:C 05 Mar 2025 12:27:39.361 * RDB: 0 MB of memory used by copy-on-write
1762:M 05 Mar 2025 12:27:39.459 * Background saving terminated with success
1762:M 05 Mar 2025 12:28:39.339 * 1 changes in 15 seconds. Saving...
1762:M 05 Mar 2025 12:28:39.339 * Background saving started by pid 25952
25952:C 05 Mar 2025 12:28:39.346 * DB saved on disk
25952:C 05 Mar 2025 12:28:39.347 * RDB: 0 MB of memory used by copy-on-write
1762:M 05 Mar 2025 12:28:39.443 * Background saving terminated with success
1762:M 05 Mar 2025 13:18:50.481 * 1 changes in 15 seconds. Saving...
1762:M 05 Mar 2025 13:18:50.482 * Background saving started by pid 27065
27065:C 05 Mar 2025 13:18:50.484 * DB saved on disk
27065:C 05 Mar 2025 13:18:50.484 * RDB: 0 MB of memory used by copy-on-write
1762:M 05 Mar 2025 13:18:50.588 * Background saving terminated with success
1762:M 05 Mar 2025 13:19:06.103 * 1 changes in 15 seconds. Saving...
1762:M 05 Mar 2025 13:19:06.103 * Background saving started by pid 27079
27079:C 05 Mar 2025 13:19:06.120 * DB saved on disk
27079:C 05 Mar 2025 13:19:06.121 * RDB: 0 MB of memory used by copy-on-write
1762:M 05 Mar 2025 13:19:06.206 * Background saving terminated with success
1762:M 06 Mar 2025 01:48:28.450 * 1 changes in 15 seconds. Saving...
1762:M 06 Mar 2025 01:48:28.451 * Background saving started by pid 28363
28363:C 06 Mar 2025 01:48:28.452 * DB saved on disk
28363:C 06 Mar 2025 01:48:28.453 * RDB: 0 MB of memory used by copy-on-write
1762:M 06 Mar 2025 01:48:28.551 * Background saving terminated with success
1762:M 06 Mar 2025 01:48:44.023 * 1 changes in 15 seconds. Saving...
1762:M 06 Mar 2025 01:48:44.023 * Background saving started by pid 28376
28376:C 06 Mar 2025 01:48:44.025 * DB saved on disk
28376:C 06 Mar 2025 01:48:44.025 * RDB: 0 MB of memory used by copy-on-write
1762:M 06 Mar 2025 01:48:44.125 * Background saving terminated with success
1762:M 06 Mar 2025 03:42:33.507 * 1 changes in 15 seconds. Saving...
1762:M 06 Mar 2025 03:42:33.507 * Background saving started by pid 28507
28507:C 06 Mar 2025 03:42:33.509 * DB saved on disk
28507:C 06 Mar 2025 03:42:33.509 * RDB: 0 MB of memory used by copy-on-write
1762:M 06 Mar 2025 03:42:33.608 * Background saving terminated with success
1762:M 06 Mar 2025 03:43:33.469 * 1 changes in 15 seconds. Saving...
1762:M 06 Mar 2025 03:43:33.469 * Background saving started by pid 28552
28552:C 06 Mar 2025 03:43:33.471 * DB saved on disk
28552:C 06 Mar 2025 03:43:33.471 * RDB: 0 MB of memory used by copy-on-write
1762:M 06 Mar 2025 03:43:33.570 * Background saving terminated with success
1762:M 06 Mar 2025 05:09:26.924 * 1 changes in 15 seconds. Saving...
1762:M 06 Mar 2025 05:09:26.925 * Background saving started by pid 29671
29671:C 06 Mar 2025 05:09:26.926 * DB saved on disk
29671:C 06 Mar 2025 05:09:26.926 * RDB: 0 MB of memory used by copy-on-write
1762:M 06 Mar 2025 05:09:27.026 * Background saving terminated with success
1762:M 06 Mar 2025 05:09:43.102 * 1 changes in 15 seconds. Saving...
1762:M 06 Mar 2025 05:09:43.103 * Background saving started by pid 29684
29684:C 06 Mar 2025 05:09:43.109 * DB saved on disk
29684:C 06 Mar 2025 05:09:43.110 * RDB: 0 MB of memory used by copy-on-write
1762:M 06 Mar 2025 05:09:43.210 * Background saving terminated with success
1762:M 06 Mar 2025 05:39:27.025 * 1 changes in 15 seconds. Saving...
1762:M 06 Mar 2025 05:39:27.025 * Background saving started by pid 30955
30955:C 06 Mar 2025 05:39:27.028 * DB saved on disk
30955:C 06 Mar 2025 05:39:27.028 * RDB: 0 MB of memory used by copy-on-write
1762:M 06 Mar 2025 05:39:27.129 * Background saving terminated with success
1762:M 06 Mar 2025 05:39:43.002 * 1 changes in 15 seconds. Saving...
1762:M 06 Mar 2025 05:39:43.003 * Background saving started by pid 30969
30969:C 06 Mar 2025 05:39:43.010 * DB saved on disk
30969:C 06 Mar 2025 05:39:43.011 * RDB: 0 MB of memory used by copy-on-write
1762:M 06 Mar 2025 05:39:43.106 * Background saving terminated with success
1762:M 06 Mar 2025 05:42:16.995 * 1 changes in 15 seconds. Saving...
1762:M 06 Mar 2025 05:42:16.995 * Background saving started by pid 31090
31090:C 06 Mar 2025 05:42:16.998 * DB saved on disk
31090:C 06 Mar 2025 05:42:16.999 * RDB: 0 MB of memory used by copy-on-write
1762:M 06 Mar 2025 05:42:17.097 * Background saving terminated with success
1762:M 06 Mar 2025 05:43:16.958 * 1 changes in 15 seconds. Saving...
1762:M 06 Mar 2025 05:43:16.958 * Background saving started by pid 31135
31135:C 06 Mar 2025 05:43:16.961 * DB saved on disk
31135:C 06 Mar 2025 05:43:16.961 * RDB: 0 MB of memory used by copy-on-write
1762:M 06 Mar 2025 05:43:17.061 * Background saving terminated with success
1762:M 06 Mar 2025 06:09:26.925 * 1 changes in 15 seconds. Saving...
1762:M 06 Mar 2025 06:09:26.925 * Background saving started by pid 32250
32250:C 06 Mar 2025 06:09:26.927 * DB saved on disk
32250:C 06 Mar 2025 06:09:26.928 * RDB: 0 MB of memory used by copy-on-write
1762:M 06 Mar 2025 06:09:27.027 * Background saving terminated with success
1762:M 06 Mar 2025 06:09:43.031 * 1 changes in 15 seconds. Saving...
1762:M 06 Mar 2025 06:09:43.032 * Background saving started by pid 32273
32273:C 06 Mar 2025 06:09:43.040 * DB saved on disk
32273:C 06 Mar 2025 06:09:43.041 * RDB: 0 MB of memory used by copy-on-write
1762:M 06 Mar 2025 06:09:43.135 * Background saving terminated with success
1762:M 06 Mar 2025 06:39:26.936 * 1 changes in 15 seconds. Saving...
1762:M 06 Mar 2025 06:39:26.936 * Background saving started by pid 33540
33540:C 06 Mar 2025 06:39:26.938 * DB saved on disk
33540:C 06 Mar 2025 06:39:26.938 * RDB: 0 MB of memory used by copy-on-write
1762:M 06 Mar 2025 06:39:27.037 * Background saving terminated with success
1762:M 06 Mar 2025 06:39:43.030 * 1 changes in 15 seconds. Saving...
1762:M 06 Mar 2025 06:39:43.030 * Background saving started by pid 33553
33553:C 06 Mar 2025 06:39:43.036 * DB saved on disk
33553:C 06 Mar 2025 06:39:43.037 * RDB: 0 MB of memory used by copy-on-write
1762:M 06 Mar 2025 06:39:43.133 * Background saving terminated with success
1762:M 06 Mar 2025 06:42:16.943 * 1 changes in 15 seconds. Saving...
1762:M 06 Mar 2025 06:42:16.943 * Background saving started by pid 33667
33667:C 06 Mar 2025 06:42:16.945 * DB saved on disk
33667:C 06 Mar 2025 06:42:16.945 * RDB: 0 MB of memory used by copy-on-write
1762:M 06 Mar 2025 06:42:17.044 * Background saving terminated with success
1762:M 06 Mar 2025 06:43:16.913 * 1 changes in 15 seconds. Saving...
1762:M 06 Mar 2025 06:43:16.913 * Background saving started by pid 33711
33711:C 06 Mar 2025 06:43:16.915 * DB saved on disk
33711:C 06 Mar 2025 06:43:16.916 * RDB: 0 MB of memory used by copy-on-write
1762:M 06 Mar 2025 06:43:17.014 * Background saving terminated with success
1762:M 06 Mar 2025 07:09:26.947 * 1 changes in 15 seconds. Saving...
1762:M 06 Mar 2025 07:09:26.947 * Background saving started by pid 34835
34835:C 06 Mar 2025 07:09:26.949 * DB saved on disk
34835:C 06 Mar 2025 07:09:26.950 * RDB: 0 MB of memory used by copy-on-write
1762:M 06 Mar 2025 07:09:27.053 * Background saving terminated with success
1762:M 06 Mar 2025 07:09:43.081 * 1 changes in 15 seconds. Saving...
1762:M 06 Mar 2025 07:09:43.081 * Background saving started by pid 34848
34848:C 06 Mar 2025 07:09:43.084 * DB saved on disk
34848:C 06 Mar 2025 07:09:43.084 * RDB: 0 MB of memory used by copy-on-write
1762:M 06 Mar 2025 07:09:43.182 * Background saving terminated with success
1762:M 06 Mar 2025 07:39:27.022 * 1 changes in 15 seconds. Saving...
1762:M 06 Mar 2025 07:39:27.022 * Background saving started by pid 36112
36112:C 06 Mar 2025 07:39:27.025 * DB saved on disk
36112:C 06 Mar 2025 07:39:27.025 * RDB: 0 MB of memory used by copy-on-write
1762:M 06 Mar 2025 07:39:27.124 * Background saving terminated with success
1762:M 06 Mar 2025 07:39:43.079 * 1 changes in 15 seconds. Saving...
1762:M 06 Mar 2025 07:39:43.080 * Background saving started by pid 36126
36126:C 06 Mar 2025 07:39:43.086 * DB saved on disk
36126:C 06 Mar 2025 07:39:43.087 * RDB: 0 MB of memory used by copy-on-write
1762:M 06 Mar 2025 07:39:43.181 * Background saving terminated with success
1762:M 06 Mar 2025 07:42:16.976 * 1 changes in 15 seconds. Saving...
1762:M 06 Mar 2025 07:42:16.977 * Background saving started by pid 36234
36234:C 06 Mar 2025 07:42:16.978 * DB saved on disk
36234:C 06 Mar 2025 07:42:16.979 * RDB: 0 MB of memory used by copy-on-write
1762:M 06 Mar 2025 07:42:17.079 * Background saving terminated with success
1762:M 06 Mar 2025 07:43:16.941 * 1 changes in 15 seconds. Saving...
1762:M 06 Mar 2025 07:43:16.942 * Background saving started by pid 36278
36278:C 06 Mar 2025 07:43:16.943 * DB saved on disk
36278:C 06 Mar 2025 07:43:16.943 * RDB: 0 MB of memory used by copy-on-write
1762:M 06 Mar 2025 07:43:17.047 * Background saving terminated with success
1762:M 06 Mar 2025 08:09:26.970 * 1 changes in 15 seconds. Saving...
1762:M 06 Mar 2025 08:09:26.971 * Background saving started by pid 37404
37404:C 06 Mar 2025 08:09:26.972 * DB saved on disk
37404:C 06 Mar 2025 08:09:26.973 * RDB: 0 MB of memory used by copy-on-write
1762:M 06 Mar 2025 08:09:27.071 * Background saving terminated with success
1762:M 06 Mar 2025 08:09:43.088 * 1 changes in 15 seconds. Saving...
1762:M 06 Mar 2025 08:09:43.089 * Background saving started by pid 37417
37417:C 06 Mar 2025 08:09:43.095 * DB saved on disk
37417:C 06 Mar 2025 08:09:43.096 * RDB: 0 MB of memory used by copy-on-write
1762:M 06 Mar 2025 08:09:43.191 * Background saving terminated with success
1762:M 06 Mar 2025 08:39:26.995 * 1 changes in 15 seconds. Saving...
1762:M 06 Mar 2025 08:39:26.995 * Background saving started by pid 38685
38685:C 06 Mar 2025 08:39:26.997 * DB saved on disk
38685:C 06 Mar 2025 08:39:26.998 * RDB: 0 MB of memory used by copy-on-write
1762:M 06 Mar 2025 08:39:27.099 * Background saving terminated with success
1762:M 06 Mar 2025 08:39:43.081 * 1 changes in 15 seconds. Saving...
1762:M 06 Mar 2025 08:39:43.082 * Background saving started by pid 38699
38699:C 06 Mar 2025 08:39:43.095 * DB saved on disk
38699:C 06 Mar 2025 08:39:43.096 * RDB: 0 MB of memory used by copy-on-write
1762:M 06 Mar 2025 08:39:43.183 * Background saving terminated with success
1762:M 06 Mar 2025 08:42:17.012 * 1 changes in 15 seconds. Saving...
1762:M 06 Mar 2025 08:42:17.013 * Background saving started by pid 38809
38809:C 06 Mar 2025 08:42:17.018 * DB saved on disk
38809:C 06 Mar 2025 08:42:17.019 * RDB: 0 MB of memory used by copy-on-write
1762:M 06 Mar 2025 08:42:17.115 * Background saving terminated with success
1762:M 06 Mar 2025 08:43:16.962 * 1 changes in 15 seconds. Saving...
1762:M 06 Mar 2025 08:43:16.962 * Background saving started by pid 38852
38852:C 06 Mar 2025 08:43:16.965 * DB saved on disk
38852:C 06 Mar 2025 08:43:16.966 * RDB: 0 MB of memory used by copy-on-write
1762:M 06 Mar 2025 08:43:17.067 * Background saving terminated with success
1762:M 06 Mar 2025 09:09:26.995 * 1 changes in 15 seconds. Saving...
1762:M 06 Mar 2025 09:09:26.995 * Background saving started by pid 39983
39983:C 06 Mar 2025 09:09:26.996 * DB saved on disk
39983:C 06 Mar 2025 09:09:26.997 * RDB: 0 MB of memory used by copy-on-write
1762:M 06 Mar 2025 09:09:27.096 * Background saving terminated with success
1762:M 06 Mar 2025 09:09:43.079 * 1 changes in 15 seconds. Saving...
1762:M 06 Mar 2025 09:09:43.080 * Background saving started by pid 39996
39996:C 06 Mar 2025 09:09:43.084 * DB saved on disk
39996:C 06 Mar 2025 09:09:43.085 * RDB: 0 MB of memory used by copy-on-write
1762:M 06 Mar 2025 09:09:43.185 * Background saving terminated with success
1762:M 06 Mar 2025 10:19:33.928 * 1 changes in 15 seconds. Saving...
1762:M 06 Mar 2025 10:19:33.929 * Background saving started by pid 41265
41265:C 06 Mar 2025 10:19:33.930 * DB saved on disk
41265:C 06 Mar 2025 10:19:33.930 * RDB: 0 MB of memory used by copy-on-write
1762:M 06 Mar 2025 10:19:34.031 * Background saving terminated with success
1762:M 06 Mar 2025 10:19:50.026 * 1 changes in 15 seconds. Saving...
1762:M 06 Mar 2025 10:19:50.027 * Background saving started by pid 41278
41278:C 06 Mar 2025 10:19:50.032 * DB saved on disk
41278:C 06 Mar 2025 10:19:50.034 * RDB: 0 MB of memory used by copy-on-write
1762:M 06 Mar 2025 10:19:50.130 * Background saving terminated with success
1762:M 06 Mar 2025 10:22:23.921 * 1 changes in 15 seconds. Saving...
1762:M 06 Mar 2025 10:22:23.921 * Background saving started by pid 41391
41391:C 06 Mar 2025 10:22:23.924 * DB saved on disk
41391:C 06 Mar 2025 10:22:23.925 * RDB: 0 MB of memory used by copy-on-write
1762:M 06 Mar 2025 10:22:24.025 * Background saving terminated with success
1762:M 06 Mar 2025 10:23:23.935 * 1 changes in 15 seconds. Saving...
1762:M 06 Mar 2025 10:23:23.936 * Background saving started by pid 41436
41436:C 06 Mar 2025 10:23:23.941 * DB saved on disk
41436:C 06 Mar 2025 10:23:23.941 * RDB: 0 MB of memory used by copy-on-write
1762:M 06 Mar 2025 10:23:24.037 * Background saving terminated with success
1762:M 06 Mar 2025 10:49:33.961 * 1 changes in 15 seconds. Saving...
1762:M 06 Mar 2025 10:49:33.961 * Background saving started by pid 42556
42556:C 06 Mar 2025 10:49:33.964 * DB saved on disk
42556:C 06 Mar 2025 10:49:33.964 * RDB: 0 MB of memory used by copy-on-write
1762:M 06 Mar 2025 10:49:34.064 * Background saving terminated with success
1762:M 06 Mar 2025 10:49:50.032 * 1 changes in 15 seconds. Saving...
1762:M 06 Mar 2025 10:49:50.033 * Background saving started by pid 42567
42567:C 06 Mar 2025 10:49:50.037 * DB saved on disk
42567:C 06 Mar 2025 10:49:50.038 * RDB: 0 MB of memory used by copy-on-write
1762:M 06 Mar 2025 10:49:50.134 * Background saving terminated with success
1762:M 06 Mar 2025 11:19:33.951 * 1 changes in 15 seconds. Saving...
1762:M 06 Mar 2025 11:19:33.952 * Background saving started by pid 43833
43833:C 06 Mar 2025 11:19:33.955 * DB saved on disk
43833:C 06 Mar 2025 11:19:33.955 * RDB: 0 MB of memory used by copy-on-write
1762:M 06 Mar 2025 11:19:34.055 * Background saving terminated with success
1762:M 06 Mar 2025 11:19:50.073 * 1 changes in 15 seconds. Saving...
1762:M 06 Mar 2025 11:19:50.074 * Background saving started by pid 43846
43846:C 06 Mar 2025 11:19:50.076 * DB saved on disk
43846:C 06 Mar 2025 11:19:50.076 * RDB: 0 MB of memory used by copy-on-write
1762:M 06 Mar 2025 11:19:50.179 * Background saving terminated with success
1762:M 06 Mar 2025 11:22:23.992 * 1 changes in 15 seconds. Saving...
1762:M 06 Mar 2025 11:22:23.993 * Background saving started by pid 43964
43964:C 06 Mar 2025 11:22:23.995 * DB saved on disk
43964:C 06 Mar 2025 11:22:23.996 * RDB: 0 MB of memory used by copy-on-write
1762:M 06 Mar 2025 11:22:24.099 * Background saving terminated with success
1762:M 06 Mar 2025 11:23:23.981 * 1 changes in 15 seconds. Saving...
1762:M 06 Mar 2025 11:23:23.981 * Background saving started by pid 44007
44007:C 06 Mar 2025 11:23:23.983 * DB saved on disk
44007:C 06 Mar 2025 11:23:23.984 * RDB: 0 MB of memory used by copy-on-write
1762:M 06 Mar 2025 11:23:24.083 * Background saving terminated with success
1762:M 06 Mar 2025 11:49:33.997 * 1 changes in 15 seconds. Saving...
1762:M 06 Mar 2025 11:49:33.998 * Background saving started by pid 45128
45128:C 06 Mar 2025 11:49:34.000 * DB saved on disk
45128:C 06 Mar 2025 11:49:34.000 * RDB: 0 MB of memory used by copy-on-write
1762:M 06 Mar 2025 11:49:34.101 * Background saving terminated with success
1762:M 06 Mar 2025 11:49:50.044 * 1 changes in 15 seconds. Saving...
1762:M 06 Mar 2025 11:49:50.044 * Background saving started by pid 45141
45141:C 06 Mar 2025 11:49:50.046 * DB saved on disk
45141:C 06 Mar 2025 11:49:50.046 * RDB: 0 MB of memory used by copy-on-write
1762:M 06 Mar 2025 11:49:50.145 * Background saving terminated with success
1762:M 06 Mar 2025 14:14:36.470 * 1 changes in 15 seconds. Saving...
1762:M 06 Mar 2025 14:14:36.470 * Background saving started by pid 46437
46437:C 06 Mar 2025 14:14:36.473 * DB saved on disk
46437:C 06 Mar 2025 14:14:36.473 * RDB: 0 MB of memory used by copy-on-write
1762:M 06 Mar 2025 14:14:36.572 * Background saving terminated with success
1762:M 06 Mar 2025 14:19:23.702 * 1 changes in 15 seconds. Saving...
1762:M 06 Mar 2025 14:19:23.703 * Background saving started by pid 46440
46440:C 06 Mar 2025 14:19:23.705 * DB saved on disk
46440:C 06 Mar 2025 14:19:23.706 * RDB: 0 MB of memory used by copy-on-write
1762:M 06 Mar 2025 14:19:23.805 * Background saving terminated with success
1762:M 06 Mar 2025 18:12:08.190 * 1 changes in 15 seconds. Saving...
1762:M 06 Mar 2025 18:12:08.191 * Background saving started by pid 46558
46558:C 06 Mar 2025 18:12:08.192 * DB saved on disk
46558:C 06 Mar 2025 18:12:08.193 * RDB: 0 MB of memory used by copy-on-write
1762:M 06 Mar 2025 18:12:08.291 * Background saving terminated with success
1762:M 06 Mar 2025 20:04:00.937 * 1 changes in 15 seconds. Saving...
1762:M 06 Mar 2025 20:04:00.937 * Background saving started by pid 46605
46605:C 06 Mar 2025 20:04:00.939 * DB saved on disk
46605:C 06 Mar 2025 20:04:00.939 * RDB: 0 MB of memory used by copy-on-write
1762:M 06 Mar 2025 20:04:01.039 * Background saving terminated with success
1762:M 06 Mar 2025 23:01:01.567 * 1 changes in 15 seconds. Saving...
1762:M 06 Mar 2025 23:01:01.568 * Background saving started by pid 47722
47722:C 06 Mar 2025 23:01:01.571 * DB saved on disk
47722:C 06 Mar 2025 23:01:01.572 * RDB: 0 MB of memory used by copy-on-write
1762:M 06 Mar 2025 23:01:01.670 * Background saving terminated with success
1762:M 06 Mar 2025 23:01:17.096 * 1 changes in 15 seconds. Saving...
1762:M 06 Mar 2025 23:01:17.097 * Background saving started by pid 47736
47736:C 06 Mar 2025 23:01:17.102 * DB saved on disk
47736:C 06 Mar 2025 23:01:17.103 * RDB: 0 MB of memory used by copy-on-write
1762:M 06 Mar 2025 23:01:17.200 * Background saving terminated with success
1762:M 06 Mar 2025 23:31:01.517 * 1 changes in 15 seconds. Saving...
1762:M 06 Mar 2025 23:31:01.518 * Background saving started by pid 49010
49010:C 06 Mar 2025 23:31:01.521 * DB saved on disk
49010:C 06 Mar 2025 23:31:01.521 * RDB: 0 MB of memory used by copy-on-write
1762:M 06 Mar 2025 23:31:01.619 * Background saving terminated with success
1762:M 06 Mar 2025 23:31:17.048 * 1 changes in 15 seconds. Saving...
1762:M 06 Mar 2025 23:31:17.049 * Background saving started by pid 49024
49024:C 06 Mar 2025 23:31:17.051 * DB saved on disk
49024:C 06 Mar 2025 23:31:17.052 * RDB: 0 MB of memory used by copy-on-write
1762:M 06 Mar 2025 23:31:17.151 * Background saving terminated with success
1762:M 06 Mar 2025 23:33:51.530 * 1 changes in 15 seconds. Saving...
1762:M 06 Mar 2025 23:33:51.532 * Background saving started by pid 49151
49151:C 06 Mar 2025 23:33:51.535 * DB saved on disk
49151:C 06 Mar 2025 23:33:51.535 * RDB: 0 MB of memory used by copy-on-write
1762:M 06 Mar 2025 23:33:51.636 * Background saving terminated with success
1762:M 06 Mar 2025 23:34:51.519 * 1 changes in 15 seconds. Saving...
1762:M 06 Mar 2025 23:34:51.519 * Background saving started by pid 49195
49195:C 06 Mar 2025 23:34:51.520 * DB saved on disk
49195:C 06 Mar 2025 23:34:51.521 * RDB: 0 MB of memory used by copy-on-write
1762:M 06 Mar 2025 23:34:51.621 * Background saving terminated with success
1762:M 07 Mar 2025 00:01:01.476 * 1 changes in 15 seconds. Saving...
1762:M 07 Mar 2025 00:01:01.477 * Background saving started by pid 50325
50325:C 07 Mar 2025 00:01:01.479 * DB saved on disk
50325:C 07 Mar 2025 00:01:01.479 * RDB: 0 MB of memory used by copy-on-write
1762:M 07 Mar 2025 00:01:01.578 * Background saving terminated with success
1762:M 07 Mar 2025 00:01:17.023 * 1 changes in 15 seconds. Saving...
1762:M 07 Mar 2025 00:01:17.024 * Background saving started by pid 50339
50339:C 07 Mar 2025 00:01:17.030 * DB saved on disk
50339:C 07 Mar 2025 00:01:17.031 * RDB: 0 MB of memory used by copy-on-write
1762:M 07 Mar 2025 00:01:17.125 * Background saving terminated with success
1762:M 07 Mar 2025 00:31:01.529 * 1 changes in 15 seconds. Saving...
1762:M 07 Mar 2025 00:31:01.529 * Background saving started by pid 51615
51615:C 07 Mar 2025 00:31:01.532 * DB saved on disk
51615:C 07 Mar 2025 00:31:01.532 * RDB: 0 MB of memory used by copy-on-write
1762:M 07 Mar 2025 00:31:01.635 * Background saving terminated with success
1762:M 07 Mar 2025 00:31:17.035 * 1 changes in 15 seconds. Saving...
1762:M 07 Mar 2025 00:31:17.035 * Background saving started by pid 51639
51639:C 07 Mar 2025 00:31:17.036 * DB saved on disk
51639:C 07 Mar 2025 00:31:17.036 * RDB: 0 MB of memory used by copy-on-write
1762:M 07 Mar 2025 00:31:17.139 * Background saving terminated with success
1762:M 07 Mar 2025 00:33:51.515 * 1 changes in 15 seconds. Saving...
1762:M 07 Mar 2025 00:33:51.516 * Background saving started by pid 51755
51755:C 07 Mar 2025 00:33:51.518 * DB saved on disk
51755:C 07 Mar 2025 00:33:51.518 * RDB: 0 MB of memory used by copy-on-write
1762:M 07 Mar 2025 00:33:51.617 * Background saving terminated with success
1762:M 07 Mar 2025 00:34:51.494 * 1 changes in 15 seconds. Saving...
1762:M 07 Mar 2025 00:34:51.495 * Background saving started by pid 51800
51800:C 07 Mar 2025 00:34:51.498 * DB saved on disk
51800:C 07 Mar 2025 00:34:51.499 * RDB: 0 MB of memory used by copy-on-write
1762:M 07 Mar 2025 00:34:51.597 * Background saving terminated with success
1762:M 07 Mar 2025 01:01:01.509 * 1 changes in 15 seconds. Saving...
1762:M 07 Mar 2025 01:01:01.510 * Background saving started by pid 52905
52905:C 07 Mar 2025 01:01:01.513 * DB saved on disk
52905:C 07 Mar 2025 01:01:01.514 * RDB: 0 MB of memory used by copy-on-write
1762:M 07 Mar 2025 01:01:01.611 * Background saving terminated with success
1762:M 07 Mar 2025 01:01:17.013 * 1 changes in 15 seconds. Saving...
1762:M 07 Mar 2025 01:01:17.014 * Background saving started by pid 52930
52930:C 07 Mar 2025 01:01:17.017 * DB saved on disk
52930:C 07 Mar 2025 01:01:17.017 * RDB: 0 MB of memory used by copy-on-write
1762:M 07 Mar 2025 01:01:17.115 * Background saving terminated with success
1762:M 07 Mar 2025 01:31:01.486 * 1 changes in 15 seconds. Saving...
1762:M 07 Mar 2025 01:31:01.487 * Background saving started by pid 54200
54200:C 07 Mar 2025 01:31:01.490 * DB saved on disk
54200:C 07 Mar 2025 01:31:01.490 * RDB: 0 MB of memory used by copy-on-write
1762:M 07 Mar 2025 01:31:01.587 * Background saving terminated with success
1762:M 07 Mar 2025 01:31:17.093 * 1 changes in 15 seconds. Saving...
1762:M 07 Mar 2025 01:31:17.093 * Background saving started by pid 54214
54214:C 07 Mar 2025 01:31:17.097 * DB saved on disk
54214:C 07 Mar 2025 01:31:17.097 * RDB: 0 MB of memory used by copy-on-write
1762:M 07 Mar 2025 01:31:17.195 * Background saving terminated with success
1762:M 07 Mar 2025 01:33:51.448 * 1 changes in 15 seconds. Saving...
1762:M 07 Mar 2025 01:33:51.448 * Background saving started by pid 54341
54341:C 07 Mar 2025 01:33:51.450 * DB saved on disk
54341:C 07 Mar 2025 01:33:51.450 * RDB: 0 MB of memory used by copy-on-write
1762:M 07 Mar 2025 01:33:51.551 * Background saving terminated with success
1762:M 07 Mar 2025 01:34:51.515 * 1 changes in 15 seconds. Saving...
1762:M 07 Mar 2025 01:34:51.515 * Background saving started by pid 54384
54384:C 07 Mar 2025 01:34:51.519 * DB saved on disk
54384:C 07 Mar 2025 01:34:51.519 * RDB: 0 MB of memory used by copy-on-write
1762:M 07 Mar 2025 01:34:51.617 * Background saving terminated with success
1762:M 07 Mar 2025 02:01:01.524 * 1 changes in 15 seconds. Saving...
1762:M 07 Mar 2025 02:01:01.525 * Background saving started by pid 55490
55490:C 07 Mar 2025 02:01:01.527 * DB saved on disk
55490:C 07 Mar 2025 02:01:01.527 * RDB: 0 MB of memory used by copy-on-write
1762:M 07 Mar 2025 02:01:01.626 * Background saving terminated with success
1762:M 07 Mar 2025 02:01:17.028 * 1 changes in 15 seconds. Saving...
1762:M 07 Mar 2025 02:01:17.028 * Background saving started by pid 55504
55504:C 07 Mar 2025 02:01:17.030 * DB saved on disk
55504:C 07 Mar 2025 02:01:17.031 * RDB: 0 MB of memory used by copy-on-write
1762:M 07 Mar 2025 02:01:17.134 * Background saving terminated with success
1762:M 07 Mar 2025 02:31:01.467 * 1 changes in 15 seconds. Saving...
1762:M 07 Mar 2025 02:31:01.467 * Background saving started by pid 56785
56785:C 07 Mar 2025 02:31:01.470 * DB saved on disk
56785:C 07 Mar 2025 02:31:01.470 * RDB: 0 MB of memory used by copy-on-write
1762:M 07 Mar 2025 02:31:01.569 * Background saving terminated with success
1762:M 07 Mar 2025 02:31:17.022 * 1 changes in 15 seconds. Saving...
1762:M 07 Mar 2025 02:31:17.023 * Background saving started by pid 56799
56799:C 07 Mar 2025 02:31:17.026 * DB saved on disk
56799:C 07 Mar 2025 02:31:17.026 * RDB: 0 MB of memory used by copy-on-write
1762:M 07 Mar 2025 02:31:17.125 * Background saving terminated with success
1762:M 07 Mar 2025 02:52:26.667 * 1 changes in 15 seconds. Saving...
1762:M 07 Mar 2025 02:52:26.668 * Background saving started by pid 56923
56923:C 07 Mar 2025 02:52:26.670 * DB saved on disk
56923:C 07 Mar 2025 02:52:26.670 * RDB: 0 MB of memory used by copy-on-write
1762:M 07 Mar 2025 02:52:26.770 * Background saving terminated with success
1762:M 07 Mar 2025 02:53:26.664 * 1 changes in 15 seconds. Saving...
1762:M 07 Mar 2025 02:53:26.665 * Background saving started by pid 56968
56968:C 07 Mar 2025 02:53:26.670 * DB saved on disk
56968:C 07 Mar 2025 02:53:26.671 * RDB: 0 MB of memory used by copy-on-write
1762:M 07 Mar 2025 02:53:26.766 * Background saving terminated with success
1762:M 07 Mar 2025 03:59:44.249 * 1 changes in 15 seconds. Saving...
1762:M 07 Mar 2025 03:59:44.250 * Background saving started by pid 58083
58083:C 07 Mar 2025 03:59:44.252 * DB saved on disk
58083:C 07 Mar 2025 03:59:44.252 * RDB: 0 MB of memory used by copy-on-write
1762:M 07 Mar 2025 03:59:44.352 * Background saving terminated with success
1762:M 07 Mar 2025 04:00:00.045 * 1 changes in 15 seconds. Saving...
1762:M 07 Mar 2025 04:00:00.045 * Background saving started by pid 58107
58107:C 07 Mar 2025 04:00:00.051 * DB saved on disk
58107:C 07 Mar 2025 04:00:00.052 * RDB: 0 MB of memory used by copy-on-write
1762:M 07 Mar 2025 04:00:00.146 * Background saving terminated with success
1762:M 07 Mar 2025 04:29:44.221 * 1 changes in 15 seconds. Saving...
1762:M 07 Mar 2025 04:29:44.221 * Background saving started by pid 59383
59383:C 07 Mar 2025 04:29:44.223 * DB saved on disk
59383:C 07 Mar 2025 04:29:44.224 * RDB: 0 MB of memory used by copy-on-write
1762:M 07 Mar 2025 04:29:44.325 * Background saving terminated with success
1762:M 07 Mar 2025 04:30:00.008 * 1 changes in 15 seconds. Saving...
1762:M 07 Mar 2025 04:30:00.009 * Background saving started by pid 59396
59396:C 07 Mar 2025 04:30:00.013 * DB saved on disk
59396:C 07 Mar 2025 04:30:00.014 * RDB: 0 MB of memory used by copy-on-write
1762:M 07 Mar 2025 04:30:00.110 * Background saving terminated with success
1762:M 07 Mar 2025 04:32:34.368 * 1 changes in 15 seconds. Saving...
1762:M 07 Mar 2025 04:32:34.368 * Background saving started by pid 59508
59508:C 07 Mar 2025 04:32:34.371 * DB saved on disk
59508:C 07 Mar 2025 04:32:34.372 * RDB: 0 MB of memory used by copy-on-write
1762:M 07 Mar 2025 04:32:34.470 * Background saving terminated with success
1762:M 07 Mar 2025 04:33:34.267 * 1 changes in 15 seconds. Saving...
1762:M 07 Mar 2025 04:33:34.267 * Background saving started by pid 59551
59551:C 07 Mar 2025 04:33:34.270 * DB saved on disk
59551:C 07 Mar 2025 04:33:34.270 * RDB: 0 MB of memory used by copy-on-write
1762:M 07 Mar 2025 04:33:34.370 * Background saving terminated with success
1762:M 07 Mar 2025 04:59:44.291 * 1 changes in 15 seconds. Saving...
1762:M 07 Mar 2025 04:59:44.291 * Background saving started by pid 60675
60675:C 07 Mar 2025 04:59:44.293 * DB saved on disk
60675:C 07 Mar 2025 04:59:44.294 * RDB: 0 MB of memory used by copy-on-write
1762:M 07 Mar 2025 04:59:44.393 * Background saving terminated with success
1762:M 07 Mar 2025 05:00:00.032 * 1 changes in 15 seconds. Saving...
1762:M 07 Mar 2025 05:00:00.032 * Background saving started by pid 60687
60687:C 07 Mar 2025 05:00:00.035 * DB saved on disk
60687:C 07 Mar 2025 05:00:00.036 * RDB: 0 MB of memory used by copy-on-write
1762:M 07 Mar 2025 05:00:00.133 * Background saving terminated with success
1762:M 07 Mar 2025 05:29:44.238 * 1 changes in 15 seconds. Saving...
1762:M 07 Mar 2025 05:29:44.239 * Background saving started by pid 61965
61965:C 07 Mar 2025 05:29:44.242 * DB saved on disk
61965:C 07 Mar 2025 05:29:44.242 * RDB: 0 MB of memory used by copy-on-write
1762:M 07 Mar 2025 05:29:44.340 * Background saving terminated with success
1762:M 07 Mar 2025 05:30:00.021 * 1 changes in 15 seconds. Saving...
1762:M 07 Mar 2025 05:30:00.022 * Background saving started by pid 61979
61979:C 07 Mar 2025 05:30:00.026 * DB saved on disk
61979:C 07 Mar 2025 05:30:00.027 * RDB: 0 MB of memory used by copy-on-write
1762:M 07 Mar 2025 05:30:00.123 * Background saving terminated with success
1762:M 07 Mar 2025 05:32:34.285 * 1 changes in 15 seconds. Saving...
1762:M 07 Mar 2025 05:32:34.286 * Background saving started by pid 62085
62085:C 07 Mar 2025 05:32:34.288 * DB saved on disk
62085:C 07 Mar 2025 05:32:34.289 * RDB: 0 MB of memory used by copy-on-write
1762:M 07 Mar 2025 05:32:34.387 * Background saving terminated with success
1762:M 07 Mar 2025 05:33:34.303 * 1 changes in 15 seconds. Saving...
1762:M 07 Mar 2025 05:33:34.304 * Background saving started by pid 62132
62132:C 07 Mar 2025 05:33:34.309 * DB saved on disk
62132:C 07 Mar 2025 05:33:34.310 * RDB: 0 MB of memory used by copy-on-write
1762:M 07 Mar 2025 05:33:34.408 * Background saving terminated with success
1762:M 07 Mar 2025 05:59:44.282 * 1 changes in 15 seconds. Saving...
1762:M 07 Mar 2025 05:59:44.282 * Background saving started by pid 63256
63256:C 07 Mar 2025 05:59:44.285 * DB saved on disk
63256:C 07 Mar 2025 05:59:44.285 * RDB: 0 MB of memory used by copy-on-write
1762:M 07 Mar 2025 05:59:44.383 * Background saving terminated with success
1762:M 07 Mar 2025 06:00:00.042 * 1 changes in 15 seconds. Saving...
1762:M 07 Mar 2025 06:00:00.043 * Background saving started by pid 63270
63270:C 07 Mar 2025 06:00:00.046 * DB saved on disk
63270:C 07 Mar 2025 06:00:00.046 * RDB: 0 MB of memory used by copy-on-write
1762:M 07 Mar 2025 06:00:00.144 * Background saving terminated with success
1762:M 07 Mar 2025 06:29:44.260 * 1 changes in 15 seconds. Saving...
1762:M 07 Mar 2025 06:29:44.260 * Background saving started by pid 64548
64548:C 07 Mar 2025 06:29:44.262 * DB saved on disk
64548:C 07 Mar 2025 06:29:44.262 * RDB: 0 MB of memory used by copy-on-write
1762:M 07 Mar 2025 06:29:44.365 * Background saving terminated with success
1762:M 07 Mar 2025 06:30:00.063 * 1 changes in 15 seconds. Saving...
1762:M 07 Mar 2025 06:30:00.064 * Background saving started by pid 64562
64562:C 07 Mar 2025 06:30:00.066 * DB saved on disk
64562:C 07 Mar 2025 06:30:00.066 * RDB: 0 MB of memory used by copy-on-write
1762:M 07 Mar 2025 06:30:00.165 * Background saving terminated with success
1762:M 07 Mar 2025 06:32:34.287 * 1 changes in 15 seconds. Saving...
1762:M 07 Mar 2025 06:32:34.287 * Background saving started by pid 64678
64678:C 07 Mar 2025 06:32:34.290 * DB saved on disk
64678:C 07 Mar 2025 06:32:34.290 * RDB: 0 MB of memory used by copy-on-write
1762:M 07 Mar 2025 06:32:34.389 * Background saving terminated with success
1762:M 07 Mar 2025 06:33:34.245 * 1 changes in 15 seconds. Saving...
1762:M 07 Mar 2025 06:33:34.246 * Background saving started by pid 64722
64722:C 07 Mar 2025 06:33:34.251 * DB saved on disk
64722:C 07 Mar 2025 06:33:34.251 * RDB: 0 MB of memory used by copy-on-write
1762:M 07 Mar 2025 06:33:34.347 * Background saving terminated with success
