2025-03-14 00:16:08 [HikariPool-1 housekeeper] WARN  com.zaxxer.hikari.pool.HikariPool - HikariPool-1 - Thread starvation or clock leap detected (housekeeper delta=31m34s742ms).
2025-03-14 00:49:55 [HikariPool-1 housekeeper] WARN  com.zaxxer.hikari.pool.HikariPool - HikariPool-1 - Thread starvation or clock leap detected (housekeeper delta=33m47s403ms).
2025-03-14 01:11:27 [HikariPool-1 housekeeper] WARN  com.zaxxer.hikari.pool.HikariPool - HikariPool-1 - Thread starvation or clock leap detected (housekeeper delta=21m31s863ms).
2025-03-14 02:12:15 [HikariPool-1 housekeeper] WARN  com.zaxxer.hikari.pool.HikariPool - HikariPool-1 - Thread starvation or clock leap detected (housekeeper delta=1h6s719ms).
2025-03-14 03:13:12 [HikariPool-1 housekeeper] WARN  com.zaxxer.hikari.pool.HikariPool - HikariPool-1 - Thread starvation or clock leap detected (housekeeper delta=1h26s992ms).
2025-03-14 03:30:02 [HikariPool-1 housekeeper] WARN  com.zaxxer.hikari.pool.HikariPool - HikariPool-1 - Thread starvation or clock leap detected (housekeeper delta=16m49s289ms).
2025-03-14 04:03:24 [HikariPool-1 housekeeper] WARN  com.zaxxer.hikari.pool.HikariPool - HikariPool-1 - Thread starvation or clock leap detected (housekeeper delta=33m22s282ms).
2025-03-14 04:23:08 [HikariPool-1 housekeeper] WARN  com.zaxxer.hikari.pool.HikariPool - HikariPool-1 - Thread starvation or clock leap detected (housekeeper delta=19m43s581ms).
2025-03-14 04:32:31 [HikariPool-1 housekeeper] WARN  com.zaxxer.hikari.pool.HikariPool - HikariPool-1 - Thread starvation or clock leap detected (housekeeper delta=9m23s717ms).
2025-03-14 04:36:16 [http-nio-8081-exec-2] DEBUG o.s.security.web.FilterChainProxy - Securing GET /api/auth/check-admin
2025-03-14 04:36:16 [http-nio-8081-exec-2] INFO  o.g.l.s.JwtAuthenticationFilter - doFilterInternal: Extracted username 'admin' from token.
2025-03-14 04:36:16 [http-nio-8081-exec-2] INFO  o.g.l.s.CustomUserDetailsService - loadUserByUsername: Searching for user: admin
2025-03-14 04:36:16 [http-nio-8081-exec-2] DEBUG o.s.o.j.SharedEntityManagerCreator$SharedEntityManagerInvocationHandler - Creating new EntityManager for shared EntityManager invocation
2025-03-14 04:36:16 [http-nio-8081-exec-2] DEBUG org.hibernate.SQL - select u1_0.id,u1_0.created_at,u1_0.email,u1_0.password,u1_0.updated_at,u1_0.username from users u1_0 where u1_0.username=?
2025-03-14 04:36:16 [http-nio-8081-exec-2] DEBUG org.hibernate.SQL - select r1_0.user_id,r1_1.id,r1_1.created_at,r1_1.name,p1_0.role_id,p1_1.id,p1_1.created_at,p1_1.description,p1_1.name,p1_1.updated_at,r1_1.updated_at from user_roles r1_0 join roles r1_1 on r1_1.id=r1_0.role_id left join role_permissions p1_0 on r1_1.id=p1_0.role_id left join permissions p1_1 on p1_1.id=p1_0.permission_id where r1_0.user_id=?
2025-03-14 04:36:16 [http-nio-8081-exec-2] INFO  o.g.l.s.CustomUserDetailsService - loadUserByUsername: User admin found with roles: [org.guidewire.login.model.Role@2c8112db]
2025-03-14 04:36:16 [http-nio-8081-exec-2] INFO  o.g.login.security.CustomUserDetails - Initializing CustomUserDetails for user: admin
2025-03-14 04:36:16 [http-nio-8081-exec-2] DEBUG o.g.login.security.CustomUserDetails - User admin has roles: [ADMIN]
2025-03-14 04:36:16 [http-nio-8081-exec-2] DEBUG o.g.login.security.CustomUserDetails - User admin has permissions: [DELETE_TASK, CREATE_TASK, VIEW_TASK, CLOSE_TASK, COMMENT_TASK, ASSIGN_TASK, EDIT_TASK]
2025-03-14 04:36:16 [http-nio-8081-exec-2] INFO  o.g.login.security.CustomUserDetails - CustomUserDetails initialized successfully for user: admin
2025-03-14 04:36:16 [http-nio-8081-exec-2] INFO  o.guidewire.login.security.JwtUtil - validateToken:JWT validated successfully for user: admin
2025-03-14 04:36:16 [http-nio-8081-exec-2] DEBUG o.g.login.security.CustomUserDetails - Fetching authorities for user: admin
2025-03-14 04:36:16 [http-nio-8081-exec-2] INFO  o.g.l.s.JwtAuthenticationFilter - doFilterInternal: Authentication successful for user 'admin'.
2025-03-14 04:36:16 [http-nio-8081-exec-2] DEBUG o.s.security.web.FilterChainProxy - Secured GET /api/auth/check-admin
2025-03-14 04:36:16 [http-nio-8081-exec-2] DEBUG o.s.web.servlet.DispatcherServlet - GET "/api/auth/check-admin", parameters={}
2025-03-14 04:36:16 [http-nio-8081-exec-2] DEBUG o.s.w.s.m.m.a.RequestMappingHandlerMapping - Mapped to org.guidewire.login.controller.AuthController#checkIfAdmin(UserDetails)
2025-03-14 04:36:16 [http-nio-8081-exec-2] DEBUG o.s.o.j.s.OpenEntityManagerInViewInterceptor - Opening JPA EntityManager in OpenEntityManagerInViewInterceptor
2025-03-14 04:36:16 [http-nio-8081-exec-2] DEBUG o.g.login.security.CustomUserDetails - Fetching authorities for user: admin
2025-03-14 04:36:16 [http-nio-8081-exec-2] DEBUG o.s.w.s.m.m.a.HttpEntityMethodProcessor - Using 'application/json', given [*/*] and supported [application/json, application/*+json]
2025-03-14 04:36:16 [http-nio-8081-exec-2] DEBUG o.s.w.s.m.m.a.HttpEntityMethodProcessor - Writing [org.guidewire.login.dto.responses.UserRoleResponse@39a0061b]
2025-03-14 04:36:16 [http-nio-8081-exec-2] DEBUG o.s.o.j.s.OpenEntityManagerInViewInterceptor - Closing JPA EntityManager in OpenEntityManagerInViewInterceptor
2025-03-14 04:36:16 [http-nio-8081-exec-2] DEBUG o.s.web.servlet.DispatcherServlet - Completed 200 OK
2025-03-14 04:36:22 [http-nio-8081-exec-5] DEBUG o.s.security.web.FilterChainProxy - Securing GET /api/auth/current/user
2025-03-14 04:36:22 [http-nio-8081-exec-5] INFO  o.g.l.s.JwtAuthenticationFilter - doFilterInternal: Extracted username 'admin' from token.
2025-03-14 04:36:22 [http-nio-8081-exec-5] INFO  o.g.l.s.CustomUserDetailsService - loadUserByUsername: Searching for user: admin
2025-03-14 04:36:22 [http-nio-8081-exec-5] DEBUG o.s.o.j.SharedEntityManagerCreator$SharedEntityManagerInvocationHandler - Creating new EntityManager for shared EntityManager invocation
2025-03-14 04:36:22 [http-nio-8081-exec-5] DEBUG org.hibernate.SQL - select u1_0.id,u1_0.created_at,u1_0.email,u1_0.password,u1_0.updated_at,u1_0.username from users u1_0 where u1_0.username=?
2025-03-14 04:36:22 [http-nio-8081-exec-5] DEBUG org.hibernate.SQL - select r1_0.user_id,r1_1.id,r1_1.created_at,r1_1.name,p1_0.role_id,p1_1.id,p1_1.created_at,p1_1.description,p1_1.name,p1_1.updated_at,r1_1.updated_at from user_roles r1_0 join roles r1_1 on r1_1.id=r1_0.role_id left join role_permissions p1_0 on r1_1.id=p1_0.role_id left join permissions p1_1 on p1_1.id=p1_0.permission_id where r1_0.user_id=?
2025-03-14 04:36:22 [http-nio-8081-exec-5] INFO  o.g.l.s.CustomUserDetailsService - loadUserByUsername: User admin found with roles: [org.guidewire.login.model.Role@4f77a7be]
2025-03-14 04:36:22 [http-nio-8081-exec-5] INFO  o.g.login.security.CustomUserDetails - Initializing CustomUserDetails for user: admin
2025-03-14 04:36:22 [http-nio-8081-exec-5] DEBUG o.g.login.security.CustomUserDetails - User admin has roles: [ADMIN]
2025-03-14 04:36:22 [http-nio-8081-exec-5] DEBUG o.g.login.security.CustomUserDetails - User admin has permissions: [DELETE_TASK, CREATE_TASK, CLOSE_TASK, VIEW_TASK, ASSIGN_TASK, COMMENT_TASK, EDIT_TASK]
2025-03-14 04:36:22 [http-nio-8081-exec-5] INFO  o.g.login.security.CustomUserDetails - CustomUserDetails initialized successfully for user: admin
2025-03-14 04:36:22 [http-nio-8081-exec-5] INFO  o.guidewire.login.security.JwtUtil - validateToken:JWT validated successfully for user: admin
2025-03-14 04:36:22 [http-nio-8081-exec-5] DEBUG o.g.login.security.CustomUserDetails - Fetching authorities for user: admin
2025-03-14 04:36:22 [http-nio-8081-exec-5] INFO  o.g.l.s.JwtAuthenticationFilter - doFilterInternal: Authentication successful for user 'admin'.
2025-03-14 04:36:22 [http-nio-8081-exec-5] DEBUG o.s.security.web.FilterChainProxy - Secured GET /api/auth/current/user
2025-03-14 04:36:22 [http-nio-8081-exec-5] DEBUG o.s.web.servlet.DispatcherServlet - GET "/api/auth/current/user", parameters={}
2025-03-14 04:36:22 [http-nio-8081-exec-5] DEBUG o.s.w.s.m.m.a.RequestMappingHandlerMapping - Mapped to org.guidewire.login.controller.AuthController#getCurrentUser(Principal)
2025-03-14 04:36:22 [http-nio-8081-exec-5] DEBUG o.s.o.j.s.OpenEntityManagerInViewInterceptor - Opening JPA EntityManager in OpenEntityManagerInViewInterceptor
2025-03-14 04:36:22 [http-nio-8081-exec-5] INFO  o.g.login.controller.AuthController - getCurrentUser: Fetching details for user: admin
2025-03-14 04:36:22 [http-nio-8081-exec-5] DEBUG o.g.login.services.AuthService - getUserDetails:Fetching user details for: admin
2025-03-14 04:36:22 [http-nio-8081-exec-5] DEBUG org.hibernate.SQL - select u1_0.id,u1_0.created_at,u1_0.email,u1_0.password,u1_0.updated_at,u1_0.username from users u1_0 where u1_0.username=?
2025-03-14 04:36:22 [http-nio-8081-exec-5] DEBUG org.hibernate.SQL - select r1_0.user_id,r1_1.id,r1_1.created_at,r1_1.name,p1_0.role_id,p1_1.id,p1_1.created_at,p1_1.description,p1_1.name,p1_1.updated_at,r1_1.updated_at from user_roles r1_0 join roles r1_1 on r1_1.id=r1_0.role_id left join role_permissions p1_0 on r1_1.id=p1_0.role_id left join permissions p1_1 on p1_1.id=p1_0.permission_id where r1_0.user_id=?
2025-03-14 04:36:22 [http-nio-8081-exec-5] INFO  o.g.login.controller.AuthController - getCurrentUser: Returning user details for admin
2025-03-14 04:36:22 [http-nio-8081-exec-5] DEBUG o.s.w.s.m.m.a.HttpEntityMethodProcessor - Using 'application/json', given [*/*] and supported [application/json, application/*+json]
2025-03-14 04:36:22 [http-nio-8081-exec-5] DEBUG o.s.w.s.m.m.a.HttpEntityMethodProcessor - Writing [org.guidewire.login.dto.responses.UserResponse@42b1cd5a]
2025-03-14 04:36:22 [http-nio-8081-exec-5] DEBUG o.s.o.j.s.OpenEntityManagerInViewInterceptor - Closing JPA EntityManager in OpenEntityManagerInViewInterceptor
2025-03-14 04:36:22 [http-nio-8081-exec-5] DEBUG o.s.web.servlet.DispatcherServlet - Completed 200 OK
2025-03-14 04:36:22 [http-nio-8081-exec-4] DEBUG o.s.security.web.FilterChainProxy - Securing GET /api/auth/users/list
2025-03-14 04:36:22 [http-nio-8081-exec-4] INFO  o.g.l.s.JwtAuthenticationFilter - doFilterInternal: Extracted username 'admin' from token.
2025-03-14 04:36:22 [http-nio-8081-exec-4] INFO  o.g.l.s.CustomUserDetailsService - loadUserByUsername: Searching for user: admin
2025-03-14 04:36:22 [http-nio-8081-exec-4] DEBUG o.s.o.j.SharedEntityManagerCreator$SharedEntityManagerInvocationHandler - Creating new EntityManager for shared EntityManager invocation
2025-03-14 04:36:22 [http-nio-8081-exec-4] DEBUG org.hibernate.SQL - select u1_0.id,u1_0.created_at,u1_0.email,u1_0.password,u1_0.updated_at,u1_0.username from users u1_0 where u1_0.username=?
2025-03-14 04:36:22 [http-nio-8081-exec-4] DEBUG org.hibernate.SQL - select r1_0.user_id,r1_1.id,r1_1.created_at,r1_1.name,p1_0.role_id,p1_1.id,p1_1.created_at,p1_1.description,p1_1.name,p1_1.updated_at,r1_1.updated_at from user_roles r1_0 join roles r1_1 on r1_1.id=r1_0.role_id left join role_permissions p1_0 on r1_1.id=p1_0.role_id left join permissions p1_1 on p1_1.id=p1_0.permission_id where r1_0.user_id=?
2025-03-14 04:36:22 [http-nio-8081-exec-4] INFO  o.g.l.s.CustomUserDetailsService - loadUserByUsername: User admin found with roles: [org.guidewire.login.model.Role@7fa49540]
2025-03-14 04:36:22 [http-nio-8081-exec-4] INFO  o.g.login.security.CustomUserDetails - Initializing CustomUserDetails for user: admin
2025-03-14 04:36:22 [http-nio-8081-exec-4] DEBUG o.g.login.security.CustomUserDetails - User admin has roles: [ADMIN]
2025-03-14 04:36:22 [http-nio-8081-exec-4] DEBUG o.g.login.security.CustomUserDetails - User admin has permissions: [DELETE_TASK, CREATE_TASK, VIEW_TASK, CLOSE_TASK, COMMENT_TASK, ASSIGN_TASK, EDIT_TASK]
2025-03-14 04:36:22 [http-nio-8081-exec-4] INFO  o.g.login.security.CustomUserDetails - CustomUserDetails initialized successfully for user: admin
2025-03-14 04:36:22 [http-nio-8081-exec-4] INFO  o.guidewire.login.security.JwtUtil - validateToken:JWT validated successfully for user: admin
2025-03-14 04:36:22 [http-nio-8081-exec-4] DEBUG o.g.login.security.CustomUserDetails - Fetching authorities for user: admin
2025-03-14 04:36:22 [http-nio-8081-exec-4] INFO  o.g.l.s.JwtAuthenticationFilter - doFilterInternal: Authentication successful for user 'admin'.
2025-03-14 04:36:22 [http-nio-8081-exec-4] DEBUG o.s.security.web.FilterChainProxy - Secured GET /api/auth/users/list
2025-03-14 04:36:22 [http-nio-8081-exec-4] DEBUG o.s.web.servlet.DispatcherServlet - GET "/api/auth/users/list", parameters={}
2025-03-14 04:36:22 [http-nio-8081-exec-4] DEBUG o.s.w.s.m.m.a.RequestMappingHandlerMapping - Mapped to org.guidewire.login.controller.UserController#getAllUsers()
2025-03-14 04:36:22 [http-nio-8081-exec-4] DEBUG o.s.o.j.s.OpenEntityManagerInViewInterceptor - Opening JPA EntityManager in OpenEntityManagerInViewInterceptor
2025-03-14 04:36:22 [http-nio-8081-exec-4] INFO  o.g.login.services.UserService - getAllUsers: Fetching all users from the database.
2025-03-14 04:36:22 [http-nio-8081-exec-4] DEBUG o.s.orm.jpa.JpaTransactionManager - Found thread-bound EntityManager [SessionImpl(603950369<open>)] for JPA transaction
2025-03-14 04:36:22 [http-nio-8081-exec-4] DEBUG o.s.orm.jpa.JpaTransactionManager - Creating new transaction with name [org.springframework.data.jpa.repository.support.SimpleJpaRepository.findAll]: PROPAGATION_REQUIRED,ISOLATION_DEFAULT,readOnly
2025-03-14 04:36:22 [http-nio-8081-exec-4] DEBUG o.s.jdbc.datasource.DataSourceUtils - Setting JDBC Connection [HikariProxyConnection@440748016 wrapping org.postgresql.jdbc.PgConnection@78d4861d] read-only
2025-03-14 04:36:22 [http-nio-8081-exec-4] DEBUG o.s.orm.jpa.JpaTransactionManager - Exposing JPA transaction as JDBC [org.springframework.orm.jpa.vendor.HibernateJpaDialect$HibernateConnectionHandle@59eb989f]
2025-03-14 04:36:22 [http-nio-8081-exec-4] DEBUG org.hibernate.SQL - select u1_0.id,u1_0.created_at,u1_0.email,u1_0.password,u1_0.updated_at,u1_0.username from users u1_0
2025-03-14 04:36:22 [http-nio-8081-exec-4] DEBUG org.hibernate.SQL - select r1_0.user_id,r1_1.id,r1_1.created_at,r1_1.name,p1_0.role_id,p1_1.id,p1_1.created_at,p1_1.description,p1_1.name,p1_1.updated_at,r1_1.updated_at from user_roles r1_0 join roles r1_1 on r1_1.id=r1_0.role_id left join role_permissions p1_0 on r1_1.id=p1_0.role_id left join permissions p1_1 on p1_1.id=p1_0.permission_id where r1_0.user_id=?
2025-03-14 04:36:22 [http-nio-8081-exec-4] DEBUG org.hibernate.SQL - select r1_0.user_id,r1_1.id,r1_1.created_at,r1_1.name,p1_0.role_id,p1_1.id,p1_1.created_at,p1_1.description,p1_1.name,p1_1.updated_at,r1_1.updated_at from user_roles r1_0 join roles r1_1 on r1_1.id=r1_0.role_id left join role_permissions p1_0 on r1_1.id=p1_0.role_id left join permissions p1_1 on p1_1.id=p1_0.permission_id where r1_0.user_id=?
2025-03-14 04:36:22 [http-nio-8081-exec-4] DEBUG org.hibernate.SQL - select r1_0.user_id,r1_1.id,r1_1.created_at,r1_1.name,p1_0.role_id,p1_1.id,p1_1.created_at,p1_1.description,p1_1.name,p1_1.updated_at,r1_1.updated_at from user_roles r1_0 join roles r1_1 on r1_1.id=r1_0.role_id left join role_permissions p1_0 on r1_1.id=p1_0.role_id left join permissions p1_1 on p1_1.id=p1_0.permission_id where r1_0.user_id=?
2025-03-14 04:36:22 [http-nio-8081-exec-4] DEBUG org.hibernate.SQL - select r1_0.user_id,r1_1.id,r1_1.created_at,r1_1.name,p1_0.role_id,p1_1.id,p1_1.created_at,p1_1.description,p1_1.name,p1_1.updated_at,r1_1.updated_at from user_roles r1_0 join roles r1_1 on r1_1.id=r1_0.role_id left join role_permissions p1_0 on r1_1.id=p1_0.role_id left join permissions p1_1 on p1_1.id=p1_0.permission_id where r1_0.user_id=?
2025-03-14 04:36:22 [http-nio-8081-exec-4] DEBUG org.hibernate.SQL - select r1_0.user_id,r1_1.id,r1_1.created_at,r1_1.name,p1_0.role_id,p1_1.id,p1_1.created_at,p1_1.description,p1_1.name,p1_1.updated_at,r1_1.updated_at from user_roles r1_0 join roles r1_1 on r1_1.id=r1_0.role_id left join role_permissions p1_0 on r1_1.id=p1_0.role_id left join permissions p1_1 on p1_1.id=p1_0.permission_id where r1_0.user_id=?
2025-03-14 04:36:22 [http-nio-8081-exec-4] DEBUG o.s.orm.jpa.JpaTransactionManager - Initiating transaction commit
2025-03-14 04:36:22 [http-nio-8081-exec-4] DEBUG o.s.orm.jpa.JpaTransactionManager - Committing JPA transaction on EntityManager [SessionImpl(603950369<open>)]
2025-03-14 04:36:22 [http-nio-8081-exec-4] DEBUG o.s.jdbc.datasource.DataSourceUtils - Resetting read-only flag of JDBC Connection [HikariProxyConnection@440748016 wrapping org.postgresql.jdbc.PgConnection@78d4861d]
2025-03-14 04:36:22 [http-nio-8081-exec-4] DEBUG o.s.orm.jpa.JpaTransactionManager - Not closing pre-bound JPA EntityManager after transaction
2025-03-14 04:36:22 [http-nio-8081-exec-4] INFO  o.g.login.services.UserService - getAllUsers: Retrieved 5 users.
2025-03-14 04:36:22 [http-nio-8081-exec-4] DEBUG o.s.w.s.m.m.a.HttpEntityMethodProcessor - Using 'application/json', given [*/*] and supported [application/json, application/*+json]
2025-03-14 04:36:22 [http-nio-8081-exec-4] DEBUG o.s.w.s.m.m.a.HttpEntityMethodProcessor - Writing [[org.guidewire.login.dto.responses.UserResponse@7d9e06d0, org.guidewire.login.dto.responses.UserResp (truncated)...]
2025-03-14 04:36:22 [http-nio-8081-exec-4] DEBUG o.s.o.j.s.OpenEntityManagerInViewInterceptor - Closing JPA EntityManager in OpenEntityManagerInViewInterceptor
2025-03-14 04:36:22 [http-nio-8081-exec-4] DEBUG o.s.web.servlet.DispatcherServlet - Completed 200 OK
2025-03-14 04:36:37 [http-nio-8081-exec-6] DEBUG o.s.security.web.FilterChainProxy - Securing GET /api/auth/users/list
2025-03-14 04:36:37 [http-nio-8081-exec-6] INFO  o.g.l.s.JwtAuthenticationFilter - doFilterInternal: Extracted username 'admin' from token.
2025-03-14 04:36:37 [http-nio-8081-exec-6] INFO  o.g.l.s.CustomUserDetailsService - loadUserByUsername: Searching for user: admin
2025-03-14 04:36:37 [http-nio-8081-exec-6] DEBUG o.s.o.j.SharedEntityManagerCreator$SharedEntityManagerInvocationHandler - Creating new EntityManager for shared EntityManager invocation
2025-03-14 04:36:37 [http-nio-8081-exec-6] DEBUG org.hibernate.SQL - select u1_0.id,u1_0.created_at,u1_0.email,u1_0.password,u1_0.updated_at,u1_0.username from users u1_0 where u1_0.username=?
2025-03-14 04:36:37 [http-nio-8081-exec-6] DEBUG org.hibernate.SQL - select r1_0.user_id,r1_1.id,r1_1.created_at,r1_1.name,p1_0.role_id,p1_1.id,p1_1.created_at,p1_1.description,p1_1.name,p1_1.updated_at,r1_1.updated_at from user_roles r1_0 join roles r1_1 on r1_1.id=r1_0.role_id left join role_permissions p1_0 on r1_1.id=p1_0.role_id left join permissions p1_1 on p1_1.id=p1_0.permission_id where r1_0.user_id=?
2025-03-14 04:36:37 [http-nio-8081-exec-6] INFO  o.g.l.s.CustomUserDetailsService - loadUserByUsername: User admin found with roles: [org.guidewire.login.model.Role@5dcff17b]
2025-03-14 04:36:37 [http-nio-8081-exec-6] INFO  o.g.login.security.CustomUserDetails - Initializing CustomUserDetails for user: admin
2025-03-14 04:36:37 [http-nio-8081-exec-6] DEBUG o.g.login.security.CustomUserDetails - User admin has roles: [ADMIN]
2025-03-14 04:36:37 [http-nio-8081-exec-6] DEBUG o.g.login.security.CustomUserDetails - User admin has permissions: [DELETE_TASK, CREATE_TASK, VIEW_TASK, CLOSE_TASK, ASSIGN_TASK, COMMENT_TASK, EDIT_TASK]
2025-03-14 04:36:37 [http-nio-8081-exec-6] INFO  o.g.login.security.CustomUserDetails - CustomUserDetails initialized successfully for user: admin
2025-03-14 04:36:37 [http-nio-8081-exec-6] INFO  o.guidewire.login.security.JwtUtil - validateToken:JWT validated successfully for user: admin
2025-03-14 04:36:37 [http-nio-8081-exec-6] DEBUG o.g.login.security.CustomUserDetails - Fetching authorities for user: admin
2025-03-14 04:36:37 [http-nio-8081-exec-6] INFO  o.g.l.s.JwtAuthenticationFilter - doFilterInternal: Authentication successful for user 'admin'.
2025-03-14 04:36:37 [http-nio-8081-exec-6] DEBUG o.s.security.web.FilterChainProxy - Secured GET /api/auth/users/list
2025-03-14 04:36:37 [http-nio-8081-exec-6] DEBUG o.s.web.servlet.DispatcherServlet - GET "/api/auth/users/list", parameters={}
2025-03-14 04:36:37 [http-nio-8081-exec-6] DEBUG o.s.w.s.m.m.a.RequestMappingHandlerMapping - Mapped to org.guidewire.login.controller.UserController#getAllUsers()
2025-03-14 04:36:37 [http-nio-8081-exec-6] DEBUG o.s.o.j.s.OpenEntityManagerInViewInterceptor - Opening JPA EntityManager in OpenEntityManagerInViewInterceptor
2025-03-14 04:36:37 [http-nio-8081-exec-6] INFO  o.g.login.services.UserService - getAllUsers: Fetching all users from the database.
2025-03-14 04:36:37 [http-nio-8081-exec-6] DEBUG o.s.orm.jpa.JpaTransactionManager - Found thread-bound EntityManager [SessionImpl(1285402543<open>)] for JPA transaction
2025-03-14 04:36:37 [http-nio-8081-exec-6] DEBUG o.s.orm.jpa.JpaTransactionManager - Creating new transaction with name [org.springframework.data.jpa.repository.support.SimpleJpaRepository.findAll]: PROPAGATION_REQUIRED,ISOLATION_DEFAULT,readOnly
2025-03-14 04:36:37 [http-nio-8081-exec-6] DEBUG o.s.jdbc.datasource.DataSourceUtils - Setting JDBC Connection [HikariProxyConnection@2049730283 wrapping org.postgresql.jdbc.PgConnection@78d4861d] read-only
2025-03-14 04:36:37 [http-nio-8081-exec-6] DEBUG o.s.orm.jpa.JpaTransactionManager - Exposing JPA transaction as JDBC [org.springframework.orm.jpa.vendor.HibernateJpaDialect$HibernateConnectionHandle@44c60f31]
2025-03-14 04:36:37 [http-nio-8081-exec-6] DEBUG org.hibernate.SQL - select u1_0.id,u1_0.created_at,u1_0.email,u1_0.password,u1_0.updated_at,u1_0.username from users u1_0
2025-03-14 04:36:37 [http-nio-8081-exec-6] DEBUG org.hibernate.SQL - select r1_0.user_id,r1_1.id,r1_1.created_at,r1_1.name,p1_0.role_id,p1_1.id,p1_1.created_at,p1_1.description,p1_1.name,p1_1.updated_at,r1_1.updated_at from user_roles r1_0 join roles r1_1 on r1_1.id=r1_0.role_id left join role_permissions p1_0 on r1_1.id=p1_0.role_id left join permissions p1_1 on p1_1.id=p1_0.permission_id where r1_0.user_id=?
2025-03-14 04:36:37 [http-nio-8081-exec-6] DEBUG org.hibernate.SQL - select r1_0.user_id,r1_1.id,r1_1.created_at,r1_1.name,p1_0.role_id,p1_1.id,p1_1.created_at,p1_1.description,p1_1.name,p1_1.updated_at,r1_1.updated_at from user_roles r1_0 join roles r1_1 on r1_1.id=r1_0.role_id left join role_permissions p1_0 on r1_1.id=p1_0.role_id left join permissions p1_1 on p1_1.id=p1_0.permission_id where r1_0.user_id=?
2025-03-14 04:36:37 [http-nio-8081-exec-6] DEBUG org.hibernate.SQL - select r1_0.user_id,r1_1.id,r1_1.created_at,r1_1.name,p1_0.role_id,p1_1.id,p1_1.created_at,p1_1.description,p1_1.name,p1_1.updated_at,r1_1.updated_at from user_roles r1_0 join roles r1_1 on r1_1.id=r1_0.role_id left join role_permissions p1_0 on r1_1.id=p1_0.role_id left join permissions p1_1 on p1_1.id=p1_0.permission_id where r1_0.user_id=?
2025-03-14 04:36:37 [http-nio-8081-exec-6] DEBUG org.hibernate.SQL - select r1_0.user_id,r1_1.id,r1_1.created_at,r1_1.name,p1_0.role_id,p1_1.id,p1_1.created_at,p1_1.description,p1_1.name,p1_1.updated_at,r1_1.updated_at from user_roles r1_0 join roles r1_1 on r1_1.id=r1_0.role_id left join role_permissions p1_0 on r1_1.id=p1_0.role_id left join permissions p1_1 on p1_1.id=p1_0.permission_id where r1_0.user_id=?
2025-03-14 04:36:37 [http-nio-8081-exec-6] DEBUG org.hibernate.SQL - select r1_0.user_id,r1_1.id,r1_1.created_at,r1_1.name,p1_0.role_id,p1_1.id,p1_1.created_at,p1_1.description,p1_1.name,p1_1.updated_at,r1_1.updated_at from user_roles r1_0 join roles r1_1 on r1_1.id=r1_0.role_id left join role_permissions p1_0 on r1_1.id=p1_0.role_id left join permissions p1_1 on p1_1.id=p1_0.permission_id where r1_0.user_id=?
2025-03-14 04:36:37 [http-nio-8081-exec-6] DEBUG o.s.orm.jpa.JpaTransactionManager - Initiating transaction commit
2025-03-14 04:36:37 [http-nio-8081-exec-6] DEBUG o.s.orm.jpa.JpaTransactionManager - Committing JPA transaction on EntityManager [SessionImpl(1285402543<open>)]
2025-03-14 04:36:37 [http-nio-8081-exec-6] DEBUG o.s.jdbc.datasource.DataSourceUtils - Resetting read-only flag of JDBC Connection [HikariProxyConnection@2049730283 wrapping org.postgresql.jdbc.PgConnection@78d4861d]
2025-03-14 04:36:37 [http-nio-8081-exec-6] DEBUG o.s.orm.jpa.JpaTransactionManager - Not closing pre-bound JPA EntityManager after transaction
2025-03-14 04:36:37 [http-nio-8081-exec-6] INFO  o.g.login.services.UserService - getAllUsers: Retrieved 5 users.
2025-03-14 04:36:37 [http-nio-8081-exec-6] DEBUG o.s.w.s.m.m.a.HttpEntityMethodProcessor - Using 'application/json', given [*/*] and supported [application/json, application/*+json]
2025-03-14 04:36:37 [http-nio-8081-exec-6] DEBUG o.s.w.s.m.m.a.HttpEntityMethodProcessor - Writing [[org.guidewire.login.dto.responses.UserResponse@6ea40807, org.guidewire.login.dto.responses.UserResp (truncated)...]
2025-03-14 04:36:37 [http-nio-8081-exec-6] DEBUG o.s.o.j.s.OpenEntityManagerInViewInterceptor - Closing JPA EntityManager in OpenEntityManagerInViewInterceptor
2025-03-14 04:36:37 [http-nio-8081-exec-6] DEBUG o.s.web.servlet.DispatcherServlet - Completed 200 OK
2025-03-14 04:36:37 [http-nio-8081-exec-7] DEBUG o.s.security.web.FilterChainProxy - Securing GET /api/auth/user/details
2025-03-14 04:36:37 [http-nio-8081-exec-7] DEBUG o.g.l.s.JwtAuthenticationFilter - doFilterInternal: No valid Authorization header found, skipping JWT processing.
2025-03-14 04:36:37 [http-nio-8081-exec-7] DEBUG o.s.s.w.a.AnonymousAuthenticationFilter - Set SecurityContextHolder to anonymous SecurityContext
2025-03-14 04:36:37 [http-nio-8081-exec-7] DEBUG o.s.security.web.FilterChainProxy - Secured GET /api/auth/user/details
2025-03-14 04:36:37 [http-nio-8081-exec-7] DEBUG o.s.web.servlet.DispatcherServlet - GET "/api/auth/user/details", parameters={}
2025-03-14 04:36:37 [http-nio-8081-exec-7] DEBUG o.s.w.s.m.m.a.RequestMappingHandlerMapping - Mapped to org.guidewire.login.controller.AuthController#fetchUserDetails(List)
2025-03-14 04:36:37 [http-nio-8081-exec-7] DEBUG o.s.o.j.s.OpenEntityManagerInViewInterceptor - Opening JPA EntityManager in OpenEntityManagerInViewInterceptor
2025-03-14 04:36:37 [http-nio-8081-exec-7] DEBUG o.s.w.s.m.m.a.RequestResponseBodyMethodProcessor - Read "application/json;charset=UTF-8" to [[3d480867-d12b-4c5f-a725-da17dd7e5590]]
2025-03-14 04:36:37 [http-nio-8081-exec-7] INFO  o.g.login.controller.AuthController - fetchUserDetails: Fetching details for users with IDs: [3d480867-d12b-4c5f-a725-da17dd7e5590]
2025-03-14 04:36:37 [http-nio-8081-exec-7] DEBUG o.s.orm.jpa.JpaTransactionManager - Found thread-bound EntityManager [SessionImpl(67975328<open>)] for JPA transaction
2025-03-14 04:36:37 [http-nio-8081-exec-7] DEBUG o.s.orm.jpa.JpaTransactionManager - Creating new transaction with name [org.springframework.data.jpa.repository.support.SimpleJpaRepository.findAllById]: PROPAGATION_REQUIRED,ISOLATION_DEFAULT,readOnly
2025-03-14 04:36:37 [http-nio-8081-exec-7] DEBUG o.s.jdbc.datasource.DataSourceUtils - Setting JDBC Connection [HikariProxyConnection@1684718966 wrapping org.postgresql.jdbc.PgConnection@78d4861d] read-only
2025-03-14 04:36:37 [http-nio-8081-exec-7] DEBUG o.s.orm.jpa.JpaTransactionManager - Exposing JPA transaction as JDBC [org.springframework.orm.jpa.vendor.HibernateJpaDialect$HibernateConnectionHandle@3fb85b14]
2025-03-14 04:36:37 [http-nio-8081-exec-7] DEBUG org.hibernate.SQL - select u1_0.id,u1_0.created_at,u1_0.email,u1_0.password,u1_0.updated_at,u1_0.username from users u1_0 where u1_0.id in (?)
2025-03-14 04:36:37 [http-nio-8081-exec-7] DEBUG org.hibernate.SQL - select r1_0.user_id,r1_1.id,r1_1.created_at,r1_1.name,p1_0.role_id,p1_1.id,p1_1.created_at,p1_1.description,p1_1.name,p1_1.updated_at,r1_1.updated_at from user_roles r1_0 join roles r1_1 on r1_1.id=r1_0.role_id left join role_permissions p1_0 on r1_1.id=p1_0.role_id left join permissions p1_1 on p1_1.id=p1_0.permission_id where r1_0.user_id=?
2025-03-14 04:36:37 [http-nio-8081-exec-7] DEBUG o.s.orm.jpa.JpaTransactionManager - Initiating transaction commit
2025-03-14 04:36:37 [http-nio-8081-exec-7] DEBUG o.s.orm.jpa.JpaTransactionManager - Committing JPA transaction on EntityManager [SessionImpl(67975328<open>)]
2025-03-14 04:36:37 [http-nio-8081-exec-7] DEBUG o.s.jdbc.datasource.DataSourceUtils - Resetting read-only flag of JDBC Connection [HikariProxyConnection@1684718966 wrapping org.postgresql.jdbc.PgConnection@78d4861d]
2025-03-14 04:36:37 [http-nio-8081-exec-7] DEBUG o.s.orm.jpa.JpaTransactionManager - Not closing pre-bound JPA EntityManager after transaction
2025-03-14 04:36:37 [http-nio-8081-exec-7] INFO  o.g.login.controller.AuthController - fetchUserDetails: Returning user details for users: [org.guidewire.login.dto.responses.UserResponse@49fc520b]
2025-03-14 04:36:37 [http-nio-8081-exec-7] DEBUG o.s.w.s.m.m.a.HttpEntityMethodProcessor - Using 'application/json', given [*/*] and supported [application/json, application/*+json]
2025-03-14 04:36:37 [http-nio-8081-exec-7] DEBUG o.s.w.s.m.m.a.HttpEntityMethodProcessor - Writing [[org.guidewire.login.dto.responses.UserResponse@49fc520b]]
2025-03-14 04:36:37 [http-nio-8081-exec-7] DEBUG o.s.o.j.s.OpenEntityManagerInViewInterceptor - Closing JPA EntityManager in OpenEntityManagerInViewInterceptor
2025-03-14 04:36:37 [http-nio-8081-exec-7] DEBUG o.s.web.servlet.DispatcherServlet - Completed 200 OK
2025-03-14 04:52:34 [http-nio-8081-exec-9] DEBUG o.s.security.web.FilterChainProxy - Securing GET /api/auth/check-admin
2025-03-14 04:52:34 [http-nio-8081-exec-9] INFO  o.g.l.s.JwtAuthenticationFilter - doFilterInternal: Extracted username 'admin' from token.
2025-03-14 04:52:34 [http-nio-8081-exec-9] INFO  o.g.l.s.CustomUserDetailsService - loadUserByUsername: Searching for user: admin
2025-03-14 04:52:34 [http-nio-8081-exec-9] DEBUG o.s.o.j.SharedEntityManagerCreator$SharedEntityManagerInvocationHandler - Creating new EntityManager for shared EntityManager invocation
2025-03-14 04:52:34 [http-nio-8081-exec-9] DEBUG org.hibernate.SQL - select u1_0.id,u1_0.created_at,u1_0.email,u1_0.password,u1_0.updated_at,u1_0.username from users u1_0 where u1_0.username=?
2025-03-14 04:52:34 [http-nio-8081-exec-9] DEBUG org.hibernate.SQL - select r1_0.user_id,r1_1.id,r1_1.created_at,r1_1.name,p1_0.role_id,p1_1.id,p1_1.created_at,p1_1.description,p1_1.name,p1_1.updated_at,r1_1.updated_at from user_roles r1_0 join roles r1_1 on r1_1.id=r1_0.role_id left join role_permissions p1_0 on r1_1.id=p1_0.role_id left join permissions p1_1 on p1_1.id=p1_0.permission_id where r1_0.user_id=?
2025-03-14 04:52:34 [http-nio-8081-exec-9] INFO  o.g.l.s.CustomUserDetailsService - loadUserByUsername: User admin found with roles: [org.guidewire.login.model.Role@2b41e409]
2025-03-14 04:52:34 [http-nio-8081-exec-9] INFO  o.g.login.security.CustomUserDetails - Initializing CustomUserDetails for user: admin
2025-03-14 04:52:34 [http-nio-8081-exec-9] DEBUG o.g.login.security.CustomUserDetails - User admin has roles: [ADMIN]
2025-03-14 04:52:34 [http-nio-8081-exec-9] DEBUG o.g.login.security.CustomUserDetails - User admin has permissions: [DELETE_TASK, CREATE_TASK, VIEW_TASK, CLOSE_TASK, ASSIGN_TASK, COMMENT_TASK, EDIT_TASK]
2025-03-14 04:52:34 [http-nio-8081-exec-9] INFO  o.g.login.security.CustomUserDetails - CustomUserDetails initialized successfully for user: admin
2025-03-14 04:52:34 [http-nio-8081-exec-9] INFO  o.guidewire.login.security.JwtUtil - validateToken:JWT validated successfully for user: admin
2025-03-14 04:52:34 [http-nio-8081-exec-9] DEBUG o.g.login.security.CustomUserDetails - Fetching authorities for user: admin
2025-03-14 04:52:34 [http-nio-8081-exec-9] INFO  o.g.l.s.JwtAuthenticationFilter - doFilterInternal: Authentication successful for user 'admin'.
2025-03-14 04:52:34 [http-nio-8081-exec-9] DEBUG o.s.security.web.FilterChainProxy - Secured GET /api/auth/check-admin
2025-03-14 04:52:34 [http-nio-8081-exec-9] DEBUG o.s.web.servlet.DispatcherServlet - GET "/api/auth/check-admin", parameters={}
2025-03-14 04:52:34 [http-nio-8081-exec-9] DEBUG o.s.w.s.m.m.a.RequestMappingHandlerMapping - Mapped to org.guidewire.login.controller.AuthController#checkIfAdmin(UserDetails)
2025-03-14 04:52:34 [http-nio-8081-exec-9] DEBUG o.s.o.j.s.OpenEntityManagerInViewInterceptor - Opening JPA EntityManager in OpenEntityManagerInViewInterceptor
2025-03-14 04:52:34 [http-nio-8081-exec-9] DEBUG o.g.login.security.CustomUserDetails - Fetching authorities for user: admin
2025-03-14 04:52:34 [http-nio-8081-exec-9] DEBUG o.s.w.s.m.m.a.HttpEntityMethodProcessor - Using 'application/json', given [*/*] and supported [application/json, application/*+json]
2025-03-14 04:52:34 [http-nio-8081-exec-9] DEBUG o.s.w.s.m.m.a.HttpEntityMethodProcessor - Writing [org.guidewire.login.dto.responses.UserRoleResponse@3b1ca052]
2025-03-14 04:52:34 [http-nio-8081-exec-9] DEBUG o.s.o.j.s.OpenEntityManagerInViewInterceptor - Closing JPA EntityManager in OpenEntityManagerInViewInterceptor
2025-03-14 04:52:34 [http-nio-8081-exec-9] DEBUG o.s.web.servlet.DispatcherServlet - Completed 200 OK
2025-03-14 04:52:38 [http-nio-8081-exec-1] DEBUG o.s.security.web.FilterChainProxy - Securing GET /api/auth/users/list
2025-03-14 04:52:38 [http-nio-8081-exec-1] INFO  o.g.l.s.JwtAuthenticationFilter - doFilterInternal: Extracted username 'admin' from token.
2025-03-14 04:52:38 [http-nio-8081-exec-1] INFO  o.g.l.s.CustomUserDetailsService - loadUserByUsername: Searching for user: admin
2025-03-14 04:52:38 [http-nio-8081-exec-1] DEBUG o.s.o.j.SharedEntityManagerCreator$SharedEntityManagerInvocationHandler - Creating new EntityManager for shared EntityManager invocation
2025-03-14 04:52:38 [http-nio-8081-exec-1] DEBUG org.hibernate.SQL - select u1_0.id,u1_0.created_at,u1_0.email,u1_0.password,u1_0.updated_at,u1_0.username from users u1_0 where u1_0.username=?
2025-03-14 04:52:38 [http-nio-8081-exec-1] DEBUG org.hibernate.SQL - select r1_0.user_id,r1_1.id,r1_1.created_at,r1_1.name,p1_0.role_id,p1_1.id,p1_1.created_at,p1_1.description,p1_1.name,p1_1.updated_at,r1_1.updated_at from user_roles r1_0 join roles r1_1 on r1_1.id=r1_0.role_id left join role_permissions p1_0 on r1_1.id=p1_0.role_id left join permissions p1_1 on p1_1.id=p1_0.permission_id where r1_0.user_id=?
2025-03-14 04:52:38 [http-nio-8081-exec-1] INFO  o.g.l.s.CustomUserDetailsService - loadUserByUsername: User admin found with roles: [org.guidewire.login.model.Role@7eceb2c5]
2025-03-14 04:52:38 [http-nio-8081-exec-1] INFO  o.g.login.security.CustomUserDetails - Initializing CustomUserDetails for user: admin
2025-03-14 04:52:38 [http-nio-8081-exec-1] DEBUG o.g.login.security.CustomUserDetails - User admin has roles: [ADMIN]
2025-03-14 04:52:38 [http-nio-8081-exec-1] DEBUG o.g.login.security.CustomUserDetails - User admin has permissions: [DELETE_TASK, CREATE_TASK, VIEW_TASK, CLOSE_TASK, COMMENT_TASK, ASSIGN_TASK, EDIT_TASK]
2025-03-14 04:52:38 [http-nio-8081-exec-1] INFO  o.g.login.security.CustomUserDetails - CustomUserDetails initialized successfully for user: admin
2025-03-14 04:52:38 [http-nio-8081-exec-1] INFO  o.guidewire.login.security.JwtUtil - validateToken:JWT validated successfully for user: admin
2025-03-14 04:52:38 [http-nio-8081-exec-1] DEBUG o.g.login.security.CustomUserDetails - Fetching authorities for user: admin
2025-03-14 04:52:38 [http-nio-8081-exec-1] INFO  o.g.l.s.JwtAuthenticationFilter - doFilterInternal: Authentication successful for user 'admin'.
2025-03-14 04:52:38 [http-nio-8081-exec-1] DEBUG o.s.security.web.FilterChainProxy - Secured GET /api/auth/users/list
2025-03-14 04:52:38 [http-nio-8081-exec-1] DEBUG o.s.web.servlet.DispatcherServlet - GET "/api/auth/users/list", parameters={}
2025-03-14 04:52:38 [http-nio-8081-exec-1] DEBUG o.s.w.s.m.m.a.RequestMappingHandlerMapping - Mapped to org.guidewire.login.controller.UserController#getAllUsers()
2025-03-14 04:52:38 [http-nio-8081-exec-1] DEBUG o.s.o.j.s.OpenEntityManagerInViewInterceptor - Opening JPA EntityManager in OpenEntityManagerInViewInterceptor
2025-03-14 04:52:38 [http-nio-8081-exec-1] INFO  o.g.login.services.UserService - getAllUsers: Fetching all users from the database.
2025-03-14 04:52:38 [http-nio-8081-exec-1] DEBUG o.s.orm.jpa.JpaTransactionManager - Found thread-bound EntityManager [SessionImpl(1519698719<open>)] for JPA transaction
2025-03-14 04:52:38 [http-nio-8081-exec-1] DEBUG o.s.orm.jpa.JpaTransactionManager - Creating new transaction with name [org.springframework.data.jpa.repository.support.SimpleJpaRepository.findAll]: PROPAGATION_REQUIRED,ISOLATION_DEFAULT,readOnly
2025-03-14 04:52:38 [http-nio-8081-exec-1] DEBUG o.s.jdbc.datasource.DataSourceUtils - Setting JDBC Connection [HikariProxyConnection@1060404163 wrapping org.postgresql.jdbc.PgConnection@78d4861d] read-only
2025-03-14 04:52:38 [http-nio-8081-exec-1] DEBUG o.s.orm.jpa.JpaTransactionManager - Exposing JPA transaction as JDBC [org.springframework.orm.jpa.vendor.HibernateJpaDialect$HibernateConnectionHandle@908e90f]
2025-03-14 04:52:38 [http-nio-8081-exec-1] DEBUG org.hibernate.SQL - select u1_0.id,u1_0.created_at,u1_0.email,u1_0.password,u1_0.updated_at,u1_0.username from users u1_0
2025-03-14 04:52:38 [http-nio-8081-exec-1] DEBUG org.hibernate.SQL - select r1_0.user_id,r1_1.id,r1_1.created_at,r1_1.name,p1_0.role_id,p1_1.id,p1_1.created_at,p1_1.description,p1_1.name,p1_1.updated_at,r1_1.updated_at from user_roles r1_0 join roles r1_1 on r1_1.id=r1_0.role_id left join role_permissions p1_0 on r1_1.id=p1_0.role_id left join permissions p1_1 on p1_1.id=p1_0.permission_id where r1_0.user_id=?
2025-03-14 04:52:38 [http-nio-8081-exec-1] DEBUG org.hibernate.SQL - select r1_0.user_id,r1_1.id,r1_1.created_at,r1_1.name,p1_0.role_id,p1_1.id,p1_1.created_at,p1_1.description,p1_1.name,p1_1.updated_at,r1_1.updated_at from user_roles r1_0 join roles r1_1 on r1_1.id=r1_0.role_id left join role_permissions p1_0 on r1_1.id=p1_0.role_id left join permissions p1_1 on p1_1.id=p1_0.permission_id where r1_0.user_id=?
2025-03-14 04:52:38 [http-nio-8081-exec-1] DEBUG org.hibernate.SQL - select r1_0.user_id,r1_1.id,r1_1.created_at,r1_1.name,p1_0.role_id,p1_1.id,p1_1.created_at,p1_1.description,p1_1.name,p1_1.updated_at,r1_1.updated_at from user_roles r1_0 join roles r1_1 on r1_1.id=r1_0.role_id left join role_permissions p1_0 on r1_1.id=p1_0.role_id left join permissions p1_1 on p1_1.id=p1_0.permission_id where r1_0.user_id=?
2025-03-14 04:52:38 [http-nio-8081-exec-1] DEBUG org.hibernate.SQL - select r1_0.user_id,r1_1.id,r1_1.created_at,r1_1.name,p1_0.role_id,p1_1.id,p1_1.created_at,p1_1.description,p1_1.name,p1_1.updated_at,r1_1.updated_at from user_roles r1_0 join roles r1_1 on r1_1.id=r1_0.role_id left join role_permissions p1_0 on r1_1.id=p1_0.role_id left join permissions p1_1 on p1_1.id=p1_0.permission_id where r1_0.user_id=?
2025-03-14 04:52:38 [http-nio-8081-exec-1] DEBUG org.hibernate.SQL - select r1_0.user_id,r1_1.id,r1_1.created_at,r1_1.name,p1_0.role_id,p1_1.id,p1_1.created_at,p1_1.description,p1_1.name,p1_1.updated_at,r1_1.updated_at from user_roles r1_0 join roles r1_1 on r1_1.id=r1_0.role_id left join role_permissions p1_0 on r1_1.id=p1_0.role_id left join permissions p1_1 on p1_1.id=p1_0.permission_id where r1_0.user_id=?
2025-03-14 04:52:38 [http-nio-8081-exec-1] DEBUG o.s.orm.jpa.JpaTransactionManager - Initiating transaction commit
2025-03-14 04:52:38 [http-nio-8081-exec-1] DEBUG o.s.orm.jpa.JpaTransactionManager - Committing JPA transaction on EntityManager [SessionImpl(1519698719<open>)]
2025-03-14 04:52:38 [http-nio-8081-exec-1] DEBUG o.s.jdbc.datasource.DataSourceUtils - Resetting read-only flag of JDBC Connection [HikariProxyConnection@1060404163 wrapping org.postgresql.jdbc.PgConnection@78d4861d]
2025-03-14 04:52:38 [http-nio-8081-exec-1] DEBUG o.s.orm.jpa.JpaTransactionManager - Not closing pre-bound JPA EntityManager after transaction
2025-03-14 04:52:38 [http-nio-8081-exec-1] INFO  o.g.login.services.UserService - getAllUsers: Retrieved 5 users.
2025-03-14 04:52:38 [http-nio-8081-exec-1] DEBUG o.s.w.s.m.m.a.HttpEntityMethodProcessor - Using 'application/json', given [*/*] and supported [application/json, application/*+json]
2025-03-14 04:52:38 [http-nio-8081-exec-1] DEBUG o.s.w.s.m.m.a.HttpEntityMethodProcessor - Writing [[org.guidewire.login.dto.responses.UserResponse@5dd17aee, org.guidewire.login.dto.responses.UserResp (truncated)...]
2025-03-14 04:52:38 [http-nio-8081-exec-1] DEBUG o.s.o.j.s.OpenEntityManagerInViewInterceptor - Closing JPA EntityManager in OpenEntityManagerInViewInterceptor
2025-03-14 04:52:38 [http-nio-8081-exec-1] DEBUG o.s.web.servlet.DispatcherServlet - Completed 200 OK
2025-03-14 04:52:38 [http-nio-8081-exec-10] DEBUG o.s.security.web.FilterChainProxy - Securing GET /api/auth/current/user
2025-03-14 04:52:38 [http-nio-8081-exec-10] INFO  o.g.l.s.JwtAuthenticationFilter - doFilterInternal: Extracted username 'admin' from token.
2025-03-14 04:52:38 [http-nio-8081-exec-10] INFO  o.g.l.s.CustomUserDetailsService - loadUserByUsername: Searching for user: admin
2025-03-14 04:52:38 [http-nio-8081-exec-10] DEBUG o.s.o.j.SharedEntityManagerCreator$SharedEntityManagerInvocationHandler - Creating new EntityManager for shared EntityManager invocation
2025-03-14 04:52:38 [http-nio-8081-exec-10] DEBUG org.hibernate.SQL - select u1_0.id,u1_0.created_at,u1_0.email,u1_0.password,u1_0.updated_at,u1_0.username from users u1_0 where u1_0.username=?
2025-03-14 04:52:38 [http-nio-8081-exec-10] DEBUG org.hibernate.SQL - select r1_0.user_id,r1_1.id,r1_1.created_at,r1_1.name,p1_0.role_id,p1_1.id,p1_1.created_at,p1_1.description,p1_1.name,p1_1.updated_at,r1_1.updated_at from user_roles r1_0 join roles r1_1 on r1_1.id=r1_0.role_id left join role_permissions p1_0 on r1_1.id=p1_0.role_id left join permissions p1_1 on p1_1.id=p1_0.permission_id where r1_0.user_id=?
2025-03-14 04:52:38 [http-nio-8081-exec-10] INFO  o.g.l.s.CustomUserDetailsService - loadUserByUsername: User admin found with roles: [org.guidewire.login.model.Role@78f1a6f4]
2025-03-14 04:52:38 [http-nio-8081-exec-10] INFO  o.g.login.security.CustomUserDetails - Initializing CustomUserDetails for user: admin
2025-03-14 04:52:38 [http-nio-8081-exec-10] DEBUG o.g.login.security.CustomUserDetails - User admin has roles: [ADMIN]
2025-03-14 04:52:38 [http-nio-8081-exec-10] DEBUG o.g.login.security.CustomUserDetails - User admin has permissions: [DELETE_TASK, CREATE_TASK, VIEW_TASK, CLOSE_TASK, ASSIGN_TASK, COMMENT_TASK, EDIT_TASK]
2025-03-14 04:52:38 [http-nio-8081-exec-10] INFO  o.g.login.security.CustomUserDetails - CustomUserDetails initialized successfully for user: admin
2025-03-14 04:52:38 [http-nio-8081-exec-10] INFO  o.guidewire.login.security.JwtUtil - validateToken:JWT validated successfully for user: admin
2025-03-14 04:52:38 [http-nio-8081-exec-10] DEBUG o.g.login.security.CustomUserDetails - Fetching authorities for user: admin
2025-03-14 04:52:38 [http-nio-8081-exec-10] INFO  o.g.l.s.JwtAuthenticationFilter - doFilterInternal: Authentication successful for user 'admin'.
2025-03-14 04:52:38 [http-nio-8081-exec-10] DEBUG o.s.security.web.FilterChainProxy - Secured GET /api/auth/current/user
2025-03-14 04:52:38 [http-nio-8081-exec-10] DEBUG o.s.web.servlet.DispatcherServlet - GET "/api/auth/current/user", parameters={}
2025-03-14 04:52:38 [http-nio-8081-exec-10] DEBUG o.s.w.s.m.m.a.RequestMappingHandlerMapping - Mapped to org.guidewire.login.controller.AuthController#getCurrentUser(Principal)
2025-03-14 04:52:38 [http-nio-8081-exec-10] DEBUG o.s.o.j.s.OpenEntityManagerInViewInterceptor - Opening JPA EntityManager in OpenEntityManagerInViewInterceptor
2025-03-14 04:52:38 [http-nio-8081-exec-10] INFO  o.g.login.controller.AuthController - getCurrentUser: Fetching details for user: admin
2025-03-14 04:52:38 [http-nio-8081-exec-10] DEBUG o.g.login.services.AuthService - getUserDetails:Fetching user details for: admin
2025-03-14 04:52:38 [http-nio-8081-exec-10] DEBUG org.hibernate.SQL - select u1_0.id,u1_0.created_at,u1_0.email,u1_0.password,u1_0.updated_at,u1_0.username from users u1_0 where u1_0.username=?
2025-03-14 04:52:38 [http-nio-8081-exec-10] DEBUG org.hibernate.SQL - select r1_0.user_id,r1_1.id,r1_1.created_at,r1_1.name,p1_0.role_id,p1_1.id,p1_1.created_at,p1_1.description,p1_1.name,p1_1.updated_at,r1_1.updated_at from user_roles r1_0 join roles r1_1 on r1_1.id=r1_0.role_id left join role_permissions p1_0 on r1_1.id=p1_0.role_id left join permissions p1_1 on p1_1.id=p1_0.permission_id where r1_0.user_id=?
2025-03-14 04:52:38 [http-nio-8081-exec-10] INFO  o.g.login.controller.AuthController - getCurrentUser: Returning user details for admin
2025-03-14 04:52:38 [http-nio-8081-exec-10] DEBUG o.s.w.s.m.m.a.HttpEntityMethodProcessor - Using 'application/json', given [*/*] and supported [application/json, application/*+json]
2025-03-14 04:52:38 [http-nio-8081-exec-10] DEBUG o.s.w.s.m.m.a.HttpEntityMethodProcessor - Writing [org.guidewire.login.dto.responses.UserResponse@784269f1]
2025-03-14 04:52:38 [http-nio-8081-exec-10] DEBUG o.s.o.j.s.OpenEntityManagerInViewInterceptor - Closing JPA EntityManager in OpenEntityManagerInViewInterceptor
2025-03-14 04:52:38 [http-nio-8081-exec-10] DEBUG o.s.web.servlet.DispatcherServlet - Completed 200 OK
2025-03-14 04:52:44 [http-nio-8081-exec-3] DEBUG o.s.security.web.FilterChainProxy - Securing GET /api/auth/users/list
2025-03-14 04:52:44 [http-nio-8081-exec-3] INFO  o.g.l.s.JwtAuthenticationFilter - doFilterInternal: Extracted username 'admin' from token.
2025-03-14 04:52:44 [http-nio-8081-exec-3] INFO  o.g.l.s.CustomUserDetailsService - loadUserByUsername: Searching for user: admin
2025-03-14 04:52:44 [http-nio-8081-exec-3] DEBUG o.s.o.j.SharedEntityManagerCreator$SharedEntityManagerInvocationHandler - Creating new EntityManager for shared EntityManager invocation
2025-03-14 04:52:44 [http-nio-8081-exec-3] DEBUG org.hibernate.SQL - select u1_0.id,u1_0.created_at,u1_0.email,u1_0.password,u1_0.updated_at,u1_0.username from users u1_0 where u1_0.username=?
2025-03-14 04:52:44 [http-nio-8081-exec-3] DEBUG org.hibernate.SQL - select r1_0.user_id,r1_1.id,r1_1.created_at,r1_1.name,p1_0.role_id,p1_1.id,p1_1.created_at,p1_1.description,p1_1.name,p1_1.updated_at,r1_1.updated_at from user_roles r1_0 join roles r1_1 on r1_1.id=r1_0.role_id left join role_permissions p1_0 on r1_1.id=p1_0.role_id left join permissions p1_1 on p1_1.id=p1_0.permission_id where r1_0.user_id=?
2025-03-14 04:52:44 [http-nio-8081-exec-3] INFO  o.g.l.s.CustomUserDetailsService - loadUserByUsername: User admin found with roles: [org.guidewire.login.model.Role@3bbed246]
2025-03-14 04:52:44 [http-nio-8081-exec-3] INFO  o.g.login.security.CustomUserDetails - Initializing CustomUserDetails for user: admin
2025-03-14 04:52:44 [http-nio-8081-exec-3] DEBUG o.g.login.security.CustomUserDetails - User admin has roles: [ADMIN]
2025-03-14 04:52:44 [http-nio-8081-exec-3] DEBUG o.g.login.security.CustomUserDetails - User admin has permissions: [DELETE_TASK, CREATE_TASK, CLOSE_TASK, VIEW_TASK, COMMENT_TASK, ASSIGN_TASK, EDIT_TASK]
2025-03-14 04:52:44 [http-nio-8081-exec-3] INFO  o.g.login.security.CustomUserDetails - CustomUserDetails initialized successfully for user: admin
2025-03-14 04:52:44 [http-nio-8081-exec-3] INFO  o.guidewire.login.security.JwtUtil - validateToken:JWT validated successfully for user: admin
2025-03-14 04:52:44 [http-nio-8081-exec-3] DEBUG o.g.login.security.CustomUserDetails - Fetching authorities for user: admin
2025-03-14 04:52:44 [http-nio-8081-exec-3] INFO  o.g.l.s.JwtAuthenticationFilter - doFilterInternal: Authentication successful for user 'admin'.
2025-03-14 04:52:44 [http-nio-8081-exec-3] DEBUG o.s.security.web.FilterChainProxy - Secured GET /api/auth/users/list
2025-03-14 04:52:44 [http-nio-8081-exec-3] DEBUG o.s.web.servlet.DispatcherServlet - GET "/api/auth/users/list", parameters={}
2025-03-14 04:52:44 [http-nio-8081-exec-3] DEBUG o.s.w.s.m.m.a.RequestMappingHandlerMapping - Mapped to org.guidewire.login.controller.UserController#getAllUsers()
2025-03-14 04:52:44 [http-nio-8081-exec-3] DEBUG o.s.o.j.s.OpenEntityManagerInViewInterceptor - Opening JPA EntityManager in OpenEntityManagerInViewInterceptor
2025-03-14 04:52:44 [http-nio-8081-exec-3] INFO  o.g.login.services.UserService - getAllUsers: Fetching all users from the database.
2025-03-14 04:52:44 [http-nio-8081-exec-3] DEBUG o.s.orm.jpa.JpaTransactionManager - Found thread-bound EntityManager [SessionImpl(850835840<open>)] for JPA transaction
2025-03-14 04:52:44 [http-nio-8081-exec-3] DEBUG o.s.orm.jpa.JpaTransactionManager - Creating new transaction with name [org.springframework.data.jpa.repository.support.SimpleJpaRepository.findAll]: PROPAGATION_REQUIRED,ISOLATION_DEFAULT,readOnly
2025-03-14 04:52:44 [http-nio-8081-exec-3] DEBUG o.s.jdbc.datasource.DataSourceUtils - Setting JDBC Connection [HikariProxyConnection@288143087 wrapping org.postgresql.jdbc.PgConnection@78d4861d] read-only
2025-03-14 04:52:44 [http-nio-8081-exec-3] DEBUG o.s.orm.jpa.JpaTransactionManager - Exposing JPA transaction as JDBC [org.springframework.orm.jpa.vendor.HibernateJpaDialect$HibernateConnectionHandle@1ec30a40]
2025-03-14 04:52:44 [http-nio-8081-exec-3] DEBUG org.hibernate.SQL - select u1_0.id,u1_0.created_at,u1_0.email,u1_0.password,u1_0.updated_at,u1_0.username from users u1_0
2025-03-14 04:52:44 [http-nio-8081-exec-3] DEBUG org.hibernate.SQL - select r1_0.user_id,r1_1.id,r1_1.created_at,r1_1.name,p1_0.role_id,p1_1.id,p1_1.created_at,p1_1.description,p1_1.name,p1_1.updated_at,r1_1.updated_at from user_roles r1_0 join roles r1_1 on r1_1.id=r1_0.role_id left join role_permissions p1_0 on r1_1.id=p1_0.role_id left join permissions p1_1 on p1_1.id=p1_0.permission_id where r1_0.user_id=?
2025-03-14 04:52:44 [http-nio-8081-exec-3] DEBUG org.hibernate.SQL - select r1_0.user_id,r1_1.id,r1_1.created_at,r1_1.name,p1_0.role_id,p1_1.id,p1_1.created_at,p1_1.description,p1_1.name,p1_1.updated_at,r1_1.updated_at from user_roles r1_0 join roles r1_1 on r1_1.id=r1_0.role_id left join role_permissions p1_0 on r1_1.id=p1_0.role_id left join permissions p1_1 on p1_1.id=p1_0.permission_id where r1_0.user_id=?
2025-03-14 04:52:44 [http-nio-8081-exec-3] DEBUG org.hibernate.SQL - select r1_0.user_id,r1_1.id,r1_1.created_at,r1_1.name,p1_0.role_id,p1_1.id,p1_1.created_at,p1_1.description,p1_1.name,p1_1.updated_at,r1_1.updated_at from user_roles r1_0 join roles r1_1 on r1_1.id=r1_0.role_id left join role_permissions p1_0 on r1_1.id=p1_0.role_id left join permissions p1_1 on p1_1.id=p1_0.permission_id where r1_0.user_id=?
2025-03-14 04:52:44 [http-nio-8081-exec-3] DEBUG org.hibernate.SQL - select r1_0.user_id,r1_1.id,r1_1.created_at,r1_1.name,p1_0.role_id,p1_1.id,p1_1.created_at,p1_1.description,p1_1.name,p1_1.updated_at,r1_1.updated_at from user_roles r1_0 join roles r1_1 on r1_1.id=r1_0.role_id left join role_permissions p1_0 on r1_1.id=p1_0.role_id left join permissions p1_1 on p1_1.id=p1_0.permission_id where r1_0.user_id=?
2025-03-14 04:52:44 [http-nio-8081-exec-3] DEBUG org.hibernate.SQL - select r1_0.user_id,r1_1.id,r1_1.created_at,r1_1.name,p1_0.role_id,p1_1.id,p1_1.created_at,p1_1.description,p1_1.name,p1_1.updated_at,r1_1.updated_at from user_roles r1_0 join roles r1_1 on r1_1.id=r1_0.role_id left join role_permissions p1_0 on r1_1.id=p1_0.role_id left join permissions p1_1 on p1_1.id=p1_0.permission_id where r1_0.user_id=?
2025-03-14 04:52:44 [http-nio-8081-exec-3] DEBUG o.s.orm.jpa.JpaTransactionManager - Initiating transaction commit
2025-03-14 04:52:44 [http-nio-8081-exec-3] DEBUG o.s.orm.jpa.JpaTransactionManager - Committing JPA transaction on EntityManager [SessionImpl(850835840<open>)]
2025-03-14 04:52:44 [http-nio-8081-exec-3] DEBUG o.s.jdbc.datasource.DataSourceUtils - Resetting read-only flag of JDBC Connection [HikariProxyConnection@288143087 wrapping org.postgresql.jdbc.PgConnection@78d4861d]
2025-03-14 04:52:44 [http-nio-8081-exec-3] DEBUG o.s.orm.jpa.JpaTransactionManager - Not closing pre-bound JPA EntityManager after transaction
2025-03-14 04:52:44 [http-nio-8081-exec-3] INFO  o.g.login.services.UserService - getAllUsers: Retrieved 5 users.
2025-03-14 04:52:44 [http-nio-8081-exec-3] DEBUG o.s.w.s.m.m.a.HttpEntityMethodProcessor - Using 'application/json', given [*/*] and supported [application/json, application/*+json]
2025-03-14 04:52:44 [http-nio-8081-exec-3] DEBUG o.s.w.s.m.m.a.HttpEntityMethodProcessor - Writing [[org.guidewire.login.dto.responses.UserResponse@5c8f4f74, org.guidewire.login.dto.responses.UserResp (truncated)...]
2025-03-14 04:52:44 [http-nio-8081-exec-3] DEBUG o.s.o.j.s.OpenEntityManagerInViewInterceptor - Closing JPA EntityManager in OpenEntityManagerInViewInterceptor
2025-03-14 04:52:44 [http-nio-8081-exec-3] DEBUG o.s.web.servlet.DispatcherServlet - Completed 200 OK
2025-03-14 04:52:45 [http-nio-8081-exec-2] DEBUG o.s.security.web.FilterChainProxy - Securing GET /api/auth/user/details
2025-03-14 04:52:45 [http-nio-8081-exec-2] DEBUG o.g.l.s.JwtAuthenticationFilter - doFilterInternal: No valid Authorization header found, skipping JWT processing.
2025-03-14 04:52:45 [http-nio-8081-exec-2] DEBUG o.s.s.w.a.AnonymousAuthenticationFilter - Set SecurityContextHolder to anonymous SecurityContext
2025-03-14 04:52:45 [http-nio-8081-exec-2] DEBUG o.s.security.web.FilterChainProxy - Secured GET /api/auth/user/details
2025-03-14 04:52:45 [http-nio-8081-exec-2] DEBUG o.s.web.servlet.DispatcherServlet - GET "/api/auth/user/details", parameters={}
2025-03-14 04:52:45 [http-nio-8081-exec-2] DEBUG o.s.w.s.m.m.a.RequestMappingHandlerMapping - Mapped to org.guidewire.login.controller.AuthController#fetchUserDetails(List)
2025-03-14 04:52:45 [http-nio-8081-exec-2] DEBUG o.s.o.j.s.OpenEntityManagerInViewInterceptor - Opening JPA EntityManager in OpenEntityManagerInViewInterceptor
2025-03-14 04:52:45 [http-nio-8081-exec-2] DEBUG o.s.w.s.m.m.a.RequestResponseBodyMethodProcessor - Read "application/json;charset=UTF-8" to [[3d480867-d12b-4c5f-a725-da17dd7e5590]]
2025-03-14 04:52:45 [http-nio-8081-exec-2] INFO  o.g.login.controller.AuthController - fetchUserDetails: Fetching details for users with IDs: [3d480867-d12b-4c5f-a725-da17dd7e5590]
2025-03-14 04:52:45 [http-nio-8081-exec-2] DEBUG o.s.orm.jpa.JpaTransactionManager - Found thread-bound EntityManager [SessionImpl(1052395634<open>)] for JPA transaction
2025-03-14 04:52:45 [http-nio-8081-exec-2] DEBUG o.s.orm.jpa.JpaTransactionManager - Creating new transaction with name [org.springframework.data.jpa.repository.support.SimpleJpaRepository.findAllById]: PROPAGATION_REQUIRED,ISOLATION_DEFAULT,readOnly
2025-03-14 04:52:45 [http-nio-8081-exec-2] DEBUG o.s.jdbc.datasource.DataSourceUtils - Setting JDBC Connection [HikariProxyConnection@1844681910 wrapping org.postgresql.jdbc.PgConnection@78d4861d] read-only
2025-03-14 04:52:45 [http-nio-8081-exec-2] DEBUG o.s.orm.jpa.JpaTransactionManager - Exposing JPA transaction as JDBC [org.springframework.orm.jpa.vendor.HibernateJpaDialect$HibernateConnectionHandle@70d6b3ba]
2025-03-14 04:52:45 [http-nio-8081-exec-2] DEBUG org.hibernate.SQL - select u1_0.id,u1_0.created_at,u1_0.email,u1_0.password,u1_0.updated_at,u1_0.username from users u1_0 where u1_0.id in (?)
2025-03-14 04:52:45 [http-nio-8081-exec-2] DEBUG org.hibernate.SQL - select r1_0.user_id,r1_1.id,r1_1.created_at,r1_1.name,p1_0.role_id,p1_1.id,p1_1.created_at,p1_1.description,p1_1.name,p1_1.updated_at,r1_1.updated_at from user_roles r1_0 join roles r1_1 on r1_1.id=r1_0.role_id left join role_permissions p1_0 on r1_1.id=p1_0.role_id left join permissions p1_1 on p1_1.id=p1_0.permission_id where r1_0.user_id=?
2025-03-14 04:52:45 [http-nio-8081-exec-2] DEBUG o.s.orm.jpa.JpaTransactionManager - Initiating transaction commit
2025-03-14 04:52:45 [http-nio-8081-exec-2] DEBUG o.s.orm.jpa.JpaTransactionManager - Committing JPA transaction on EntityManager [SessionImpl(1052395634<open>)]
2025-03-14 04:52:45 [http-nio-8081-exec-2] DEBUG o.s.jdbc.datasource.DataSourceUtils - Resetting read-only flag of JDBC Connection [HikariProxyConnection@1844681910 wrapping org.postgresql.jdbc.PgConnection@78d4861d]
2025-03-14 04:52:45 [http-nio-8081-exec-2] DEBUG o.s.orm.jpa.JpaTransactionManager - Not closing pre-bound JPA EntityManager after transaction
2025-03-14 04:52:45 [http-nio-8081-exec-2] INFO  o.g.login.controller.AuthController - fetchUserDetails: Returning user details for users: [org.guidewire.login.dto.responses.UserResponse@488165e2]
2025-03-14 04:52:45 [http-nio-8081-exec-2] DEBUG o.s.w.s.m.m.a.HttpEntityMethodProcessor - Using 'application/json', given [*/*] and supported [application/json, application/*+json]
2025-03-14 04:52:45 [http-nio-8081-exec-2] DEBUG o.s.w.s.m.m.a.HttpEntityMethodProcessor - Writing [[org.guidewire.login.dto.responses.UserResponse@488165e2]]
2025-03-14 04:52:45 [http-nio-8081-exec-2] DEBUG o.s.o.j.s.OpenEntityManagerInViewInterceptor - Closing JPA EntityManager in OpenEntityManagerInViewInterceptor
2025-03-14 04:52:45 [http-nio-8081-exec-2] DEBUG o.s.web.servlet.DispatcherServlet - Completed 200 OK
2025-03-14 04:52:47 [http-nio-8081-exec-5] DEBUG o.s.security.web.FilterChainProxy - Securing GET /api/auth/check-admin
2025-03-14 04:52:47 [http-nio-8081-exec-5] INFO  o.g.l.s.JwtAuthenticationFilter - doFilterInternal: Extracted username 'admin' from token.
2025-03-14 04:52:47 [http-nio-8081-exec-5] INFO  o.g.l.s.CustomUserDetailsService - loadUserByUsername: Searching for user: admin
2025-03-14 04:52:47 [http-nio-8081-exec-5] DEBUG o.s.o.j.SharedEntityManagerCreator$SharedEntityManagerInvocationHandler - Creating new EntityManager for shared EntityManager invocation
2025-03-14 04:52:47 [http-nio-8081-exec-5] DEBUG org.hibernate.SQL - select u1_0.id,u1_0.created_at,u1_0.email,u1_0.password,u1_0.updated_at,u1_0.username from users u1_0 where u1_0.username=?
2025-03-14 04:52:47 [http-nio-8081-exec-5] DEBUG org.hibernate.SQL - select r1_0.user_id,r1_1.id,r1_1.created_at,r1_1.name,p1_0.role_id,p1_1.id,p1_1.created_at,p1_1.description,p1_1.name,p1_1.updated_at,r1_1.updated_at from user_roles r1_0 join roles r1_1 on r1_1.id=r1_0.role_id left join role_permissions p1_0 on r1_1.id=p1_0.role_id left join permissions p1_1 on p1_1.id=p1_0.permission_id where r1_0.user_id=?
2025-03-14 04:52:47 [http-nio-8081-exec-5] INFO  o.g.l.s.CustomUserDetailsService - loadUserByUsername: User admin found with roles: [org.guidewire.login.model.Role@2430769f]
2025-03-14 04:52:47 [http-nio-8081-exec-5] INFO  o.g.login.security.CustomUserDetails - Initializing CustomUserDetails for user: admin
2025-03-14 04:52:47 [http-nio-8081-exec-5] DEBUG o.g.login.security.CustomUserDetails - User admin has roles: [ADMIN]
2025-03-14 04:52:47 [http-nio-8081-exec-5] DEBUG o.g.login.security.CustomUserDetails - User admin has permissions: [DELETE_TASK, CREATE_TASK, VIEW_TASK, CLOSE_TASK, ASSIGN_TASK, COMMENT_TASK, EDIT_TASK]
2025-03-14 04:52:47 [http-nio-8081-exec-5] INFO  o.g.login.security.CustomUserDetails - CustomUserDetails initialized successfully for user: admin
2025-03-14 04:52:47 [http-nio-8081-exec-5] INFO  o.guidewire.login.security.JwtUtil - validateToken:JWT validated successfully for user: admin
2025-03-14 04:52:47 [http-nio-8081-exec-5] DEBUG o.g.login.security.CustomUserDetails - Fetching authorities for user: admin
2025-03-14 04:52:47 [http-nio-8081-exec-5] INFO  o.g.l.s.JwtAuthenticationFilter - doFilterInternal: Authentication successful for user 'admin'.
2025-03-14 04:52:47 [http-nio-8081-exec-5] DEBUG o.s.security.web.FilterChainProxy - Secured GET /api/auth/check-admin
2025-03-14 04:52:47 [http-nio-8081-exec-5] DEBUG o.s.web.servlet.DispatcherServlet - GET "/api/auth/check-admin", parameters={}
2025-03-14 04:52:47 [http-nio-8081-exec-5] DEBUG o.s.w.s.m.m.a.RequestMappingHandlerMapping - Mapped to org.guidewire.login.controller.AuthController#checkIfAdmin(UserDetails)
2025-03-14 04:52:47 [http-nio-8081-exec-5] DEBUG o.s.o.j.s.OpenEntityManagerInViewInterceptor - Opening JPA EntityManager in OpenEntityManagerInViewInterceptor
2025-03-14 04:52:47 [http-nio-8081-exec-5] DEBUG o.g.login.security.CustomUserDetails - Fetching authorities for user: admin
2025-03-14 04:52:47 [http-nio-8081-exec-5] DEBUG o.s.w.s.m.m.a.HttpEntityMethodProcessor - Using 'application/json', given [*/*] and supported [application/json, application/*+json]
2025-03-14 04:52:47 [http-nio-8081-exec-5] DEBUG o.s.w.s.m.m.a.HttpEntityMethodProcessor - Writing [org.guidewire.login.dto.responses.UserRoleResponse@636a5ab1]
2025-03-14 04:52:47 [http-nio-8081-exec-5] DEBUG o.s.o.j.s.OpenEntityManagerInViewInterceptor - Closing JPA EntityManager in OpenEntityManagerInViewInterceptor
2025-03-14 04:52:47 [http-nio-8081-exec-5] DEBUG o.s.web.servlet.DispatcherServlet - Completed 200 OK
2025-03-14 04:52:48 [http-nio-8081-exec-4] DEBUG o.s.security.web.FilterChainProxy - Securing GET /api/auth/users/list
2025-03-14 04:52:48 [http-nio-8081-exec-4] INFO  o.g.l.s.JwtAuthenticationFilter - doFilterInternal: Extracted username 'admin' from token.
2025-03-14 04:52:48 [http-nio-8081-exec-4] INFO  o.g.l.s.CustomUserDetailsService - loadUserByUsername: Searching for user: admin
2025-03-14 04:52:48 [http-nio-8081-exec-4] DEBUG o.s.o.j.SharedEntityManagerCreator$SharedEntityManagerInvocationHandler - Creating new EntityManager for shared EntityManager invocation
2025-03-14 04:52:48 [http-nio-8081-exec-4] DEBUG org.hibernate.SQL - select u1_0.id,u1_0.created_at,u1_0.email,u1_0.password,u1_0.updated_at,u1_0.username from users u1_0 where u1_0.username=?
2025-03-14 04:52:48 [http-nio-8081-exec-4] DEBUG org.hibernate.SQL - select r1_0.user_id,r1_1.id,r1_1.created_at,r1_1.name,p1_0.role_id,p1_1.id,p1_1.created_at,p1_1.description,p1_1.name,p1_1.updated_at,r1_1.updated_at from user_roles r1_0 join roles r1_1 on r1_1.id=r1_0.role_id left join role_permissions p1_0 on r1_1.id=p1_0.role_id left join permissions p1_1 on p1_1.id=p1_0.permission_id where r1_0.user_id=?
2025-03-14 04:52:48 [http-nio-8081-exec-4] INFO  o.g.l.s.CustomUserDetailsService - loadUserByUsername: User admin found with roles: [org.guidewire.login.model.Role@2d9c6749]
2025-03-14 04:52:48 [http-nio-8081-exec-4] INFO  o.g.login.security.CustomUserDetails - Initializing CustomUserDetails for user: admin
2025-03-14 04:52:48 [http-nio-8081-exec-4] DEBUG o.g.login.security.CustomUserDetails - User admin has roles: [ADMIN]
2025-03-14 04:52:48 [http-nio-8081-exec-4] DEBUG o.g.login.security.CustomUserDetails - User admin has permissions: [DELETE_TASK, CREATE_TASK, VIEW_TASK, CLOSE_TASK, COMMENT_TASK, ASSIGN_TASK, EDIT_TASK]
2025-03-14 04:52:48 [http-nio-8081-exec-4] INFO  o.g.login.security.CustomUserDetails - CustomUserDetails initialized successfully for user: admin
2025-03-14 04:52:48 [http-nio-8081-exec-4] INFO  o.guidewire.login.security.JwtUtil - validateToken:JWT validated successfully for user: admin
2025-03-14 04:52:48 [http-nio-8081-exec-4] DEBUG o.g.login.security.CustomUserDetails - Fetching authorities for user: admin
2025-03-14 04:52:48 [http-nio-8081-exec-4] INFO  o.g.l.s.JwtAuthenticationFilter - doFilterInternal: Authentication successful for user 'admin'.
2025-03-14 04:52:48 [http-nio-8081-exec-4] DEBUG o.s.security.web.FilterChainProxy - Secured GET /api/auth/users/list
2025-03-14 04:52:48 [http-nio-8081-exec-4] DEBUG o.s.web.servlet.DispatcherServlet - GET "/api/auth/users/list", parameters={}
2025-03-14 04:52:48 [http-nio-8081-exec-4] DEBUG o.s.w.s.m.m.a.RequestMappingHandlerMapping - Mapped to org.guidewire.login.controller.UserController#getAllUsers()
2025-03-14 04:52:48 [http-nio-8081-exec-4] DEBUG o.s.o.j.s.OpenEntityManagerInViewInterceptor - Opening JPA EntityManager in OpenEntityManagerInViewInterceptor
2025-03-14 04:52:48 [http-nio-8081-exec-4] INFO  o.g.login.services.UserService - getAllUsers: Fetching all users from the database.
2025-03-14 04:52:48 [http-nio-8081-exec-4] DEBUG o.s.orm.jpa.JpaTransactionManager - Found thread-bound EntityManager [SessionImpl(1172302056<open>)] for JPA transaction
2025-03-14 04:52:48 [http-nio-8081-exec-4] DEBUG o.s.orm.jpa.JpaTransactionManager - Creating new transaction with name [org.springframework.data.jpa.repository.support.SimpleJpaRepository.findAll]: PROPAGATION_REQUIRED,ISOLATION_DEFAULT,readOnly
2025-03-14 04:52:48 [http-nio-8081-exec-4] DEBUG o.s.jdbc.datasource.DataSourceUtils - Setting JDBC Connection [HikariProxyConnection@876224525 wrapping org.postgresql.jdbc.PgConnection@78d4861d] read-only
2025-03-14 04:52:48 [http-nio-8081-exec-4] DEBUG o.s.orm.jpa.JpaTransactionManager - Exposing JPA transaction as JDBC [org.springframework.orm.jpa.vendor.HibernateJpaDialect$HibernateConnectionHandle@25b49334]
2025-03-14 04:52:48 [http-nio-8081-exec-4] DEBUG org.hibernate.SQL - select u1_0.id,u1_0.created_at,u1_0.email,u1_0.password,u1_0.updated_at,u1_0.username from users u1_0
2025-03-14 04:52:48 [http-nio-8081-exec-4] DEBUG org.hibernate.SQL - select r1_0.user_id,r1_1.id,r1_1.created_at,r1_1.name,p1_0.role_id,p1_1.id,p1_1.created_at,p1_1.description,p1_1.name,p1_1.updated_at,r1_1.updated_at from user_roles r1_0 join roles r1_1 on r1_1.id=r1_0.role_id left join role_permissions p1_0 on r1_1.id=p1_0.role_id left join permissions p1_1 on p1_1.id=p1_0.permission_id where r1_0.user_id=?
2025-03-14 04:52:48 [http-nio-8081-exec-4] DEBUG org.hibernate.SQL - select r1_0.user_id,r1_1.id,r1_1.created_at,r1_1.name,p1_0.role_id,p1_1.id,p1_1.created_at,p1_1.description,p1_1.name,p1_1.updated_at,r1_1.updated_at from user_roles r1_0 join roles r1_1 on r1_1.id=r1_0.role_id left join role_permissions p1_0 on r1_1.id=p1_0.role_id left join permissions p1_1 on p1_1.id=p1_0.permission_id where r1_0.user_id=?
2025-03-14 04:52:48 [http-nio-8081-exec-4] DEBUG org.hibernate.SQL - select r1_0.user_id,r1_1.id,r1_1.created_at,r1_1.name,p1_0.role_id,p1_1.id,p1_1.created_at,p1_1.description,p1_1.name,p1_1.updated_at,r1_1.updated_at from user_roles r1_0 join roles r1_1 on r1_1.id=r1_0.role_id left join role_permissions p1_0 on r1_1.id=p1_0.role_id left join permissions p1_1 on p1_1.id=p1_0.permission_id where r1_0.user_id=?
2025-03-14 04:52:48 [http-nio-8081-exec-4] DEBUG org.hibernate.SQL - select r1_0.user_id,r1_1.id,r1_1.created_at,r1_1.name,p1_0.role_id,p1_1.id,p1_1.created_at,p1_1.description,p1_1.name,p1_1.updated_at,r1_1.updated_at from user_roles r1_0 join roles r1_1 on r1_1.id=r1_0.role_id left join role_permissions p1_0 on r1_1.id=p1_0.role_id left join permissions p1_1 on p1_1.id=p1_0.permission_id where r1_0.user_id=?
2025-03-14 04:52:48 [http-nio-8081-exec-4] DEBUG org.hibernate.SQL - select r1_0.user_id,r1_1.id,r1_1.created_at,r1_1.name,p1_0.role_id,p1_1.id,p1_1.created_at,p1_1.description,p1_1.name,p1_1.updated_at,r1_1.updated_at from user_roles r1_0 join roles r1_1 on r1_1.id=r1_0.role_id left join role_permissions p1_0 on r1_1.id=p1_0.role_id left join permissions p1_1 on p1_1.id=p1_0.permission_id where r1_0.user_id=?
2025-03-14 04:52:48 [http-nio-8081-exec-4] DEBUG o.s.orm.jpa.JpaTransactionManager - Initiating transaction commit
2025-03-14 04:52:48 [http-nio-8081-exec-4] DEBUG o.s.orm.jpa.JpaTransactionManager - Committing JPA transaction on EntityManager [SessionImpl(1172302056<open>)]
2025-03-14 04:52:48 [http-nio-8081-exec-4] DEBUG o.s.jdbc.datasource.DataSourceUtils - Resetting read-only flag of JDBC Connection [HikariProxyConnection@876224525 wrapping org.postgresql.jdbc.PgConnection@78d4861d]
2025-03-14 04:52:48 [http-nio-8081-exec-4] DEBUG o.s.orm.jpa.JpaTransactionManager - Not closing pre-bound JPA EntityManager after transaction
2025-03-14 04:52:48 [http-nio-8081-exec-4] INFO  o.g.login.services.UserService - getAllUsers: Retrieved 5 users.
2025-03-14 04:52:48 [http-nio-8081-exec-4] DEBUG o.s.w.s.m.m.a.HttpEntityMethodProcessor - Using 'application/json', given [*/*] and supported [application/json, application/*+json]
2025-03-14 04:52:48 [http-nio-8081-exec-4] DEBUG o.s.w.s.m.m.a.HttpEntityMethodProcessor - Writing [[org.guidewire.login.dto.responses.UserResponse@79e3e87a, org.guidewire.login.dto.responses.UserResp (truncated)...]
2025-03-14 04:52:48 [http-nio-8081-exec-4] DEBUG o.s.o.j.s.OpenEntityManagerInViewInterceptor - Closing JPA EntityManager in OpenEntityManagerInViewInterceptor
2025-03-14 04:52:48 [http-nio-8081-exec-4] DEBUG o.s.web.servlet.DispatcherServlet - Completed 200 OK
2025-03-14 04:52:48 [http-nio-8081-exec-6] DEBUG o.s.security.web.FilterChainProxy - Securing GET /api/auth/current/user
2025-03-14 04:52:48 [http-nio-8081-exec-6] INFO  o.g.l.s.JwtAuthenticationFilter - doFilterInternal: Extracted username 'admin' from token.
2025-03-14 04:52:48 [http-nio-8081-exec-6] INFO  o.g.l.s.CustomUserDetailsService - loadUserByUsername: Searching for user: admin
2025-03-14 04:52:48 [http-nio-8081-exec-6] DEBUG o.s.o.j.SharedEntityManagerCreator$SharedEntityManagerInvocationHandler - Creating new EntityManager for shared EntityManager invocation
2025-03-14 04:52:48 [http-nio-8081-exec-6] DEBUG org.hibernate.SQL - select u1_0.id,u1_0.created_at,u1_0.email,u1_0.password,u1_0.updated_at,u1_0.username from users u1_0 where u1_0.username=?
2025-03-14 04:52:48 [http-nio-8081-exec-6] DEBUG org.hibernate.SQL - select r1_0.user_id,r1_1.id,r1_1.created_at,r1_1.name,p1_0.role_id,p1_1.id,p1_1.created_at,p1_1.description,p1_1.name,p1_1.updated_at,r1_1.updated_at from user_roles r1_0 join roles r1_1 on r1_1.id=r1_0.role_id left join role_permissions p1_0 on r1_1.id=p1_0.role_id left join permissions p1_1 on p1_1.id=p1_0.permission_id where r1_0.user_id=?
2025-03-14 04:52:48 [http-nio-8081-exec-6] INFO  o.g.l.s.CustomUserDetailsService - loadUserByUsername: User admin found with roles: [org.guidewire.login.model.Role@69aa2858]
2025-03-14 04:52:48 [http-nio-8081-exec-6] INFO  o.g.login.security.CustomUserDetails - Initializing CustomUserDetails for user: admin
2025-03-14 04:52:48 [http-nio-8081-exec-6] DEBUG o.g.login.security.CustomUserDetails - User admin has roles: [ADMIN]
2025-03-14 04:52:48 [http-nio-8081-exec-6] DEBUG o.g.login.security.CustomUserDetails - User admin has permissions: [DELETE_TASK, CREATE_TASK, CLOSE_TASK, VIEW_TASK, ASSIGN_TASK, COMMENT_TASK, EDIT_TASK]
2025-03-14 04:52:48 [http-nio-8081-exec-6] INFO  o.g.login.security.CustomUserDetails - CustomUserDetails initialized successfully for user: admin
2025-03-14 04:52:48 [http-nio-8081-exec-6] INFO  o.guidewire.login.security.JwtUtil - validateToken:JWT validated successfully for user: admin
2025-03-14 04:52:48 [http-nio-8081-exec-6] DEBUG o.g.login.security.CustomUserDetails - Fetching authorities for user: admin
2025-03-14 04:52:48 [http-nio-8081-exec-6] INFO  o.g.l.s.JwtAuthenticationFilter - doFilterInternal: Authentication successful for user 'admin'.
2025-03-14 04:52:48 [http-nio-8081-exec-6] DEBUG o.s.security.web.FilterChainProxy - Secured GET /api/auth/current/user
2025-03-14 04:52:48 [http-nio-8081-exec-6] DEBUG o.s.web.servlet.DispatcherServlet - GET "/api/auth/current/user", parameters={}
2025-03-14 04:52:48 [http-nio-8081-exec-6] DEBUG o.s.w.s.m.m.a.RequestMappingHandlerMapping - Mapped to org.guidewire.login.controller.AuthController#getCurrentUser(Principal)
2025-03-14 04:52:48 [http-nio-8081-exec-6] DEBUG o.s.o.j.s.OpenEntityManagerInViewInterceptor - Opening JPA EntityManager in OpenEntityManagerInViewInterceptor
2025-03-14 04:52:48 [http-nio-8081-exec-6] INFO  o.g.login.controller.AuthController - getCurrentUser: Fetching details for user: admin
2025-03-14 04:52:48 [http-nio-8081-exec-6] DEBUG o.g.login.services.AuthService - getUserDetails:Fetching user details for: admin
2025-03-14 04:52:48 [http-nio-8081-exec-6] DEBUG org.hibernate.SQL - select u1_0.id,u1_0.created_at,u1_0.email,u1_0.password,u1_0.updated_at,u1_0.username from users u1_0 where u1_0.username=?
2025-03-14 04:52:48 [http-nio-8081-exec-6] DEBUG org.hibernate.SQL - select r1_0.user_id,r1_1.id,r1_1.created_at,r1_1.name,p1_0.role_id,p1_1.id,p1_1.created_at,p1_1.description,p1_1.name,p1_1.updated_at,r1_1.updated_at from user_roles r1_0 join roles r1_1 on r1_1.id=r1_0.role_id left join role_permissions p1_0 on r1_1.id=p1_0.role_id left join permissions p1_1 on p1_1.id=p1_0.permission_id where r1_0.user_id=?
2025-03-14 04:52:48 [http-nio-8081-exec-6] INFO  o.g.login.controller.AuthController - getCurrentUser: Returning user details for admin
2025-03-14 04:52:48 [http-nio-8081-exec-6] DEBUG o.s.w.s.m.m.a.HttpEntityMethodProcessor - Using 'application/json', given [*/*] and supported [application/json, application/*+json]
2025-03-14 04:52:48 [http-nio-8081-exec-6] DEBUG o.s.w.s.m.m.a.HttpEntityMethodProcessor - Writing [org.guidewire.login.dto.responses.UserResponse@55327994]
2025-03-14 04:52:48 [http-nio-8081-exec-6] DEBUG o.s.o.j.s.OpenEntityManagerInViewInterceptor - Closing JPA EntityManager in OpenEntityManagerInViewInterceptor
2025-03-14 04:52:48 [http-nio-8081-exec-6] DEBUG o.s.web.servlet.DispatcherServlet - Completed 200 OK
2025-03-14 04:53:18 [http-nio-8081-exec-7] DEBUG o.s.security.web.FilterChainProxy - Securing GET /api/auth/users/list
2025-03-14 04:53:18 [http-nio-8081-exec-7] INFO  o.g.l.s.JwtAuthenticationFilter - doFilterInternal: Extracted username 'admin' from token.
2025-03-14 04:53:18 [http-nio-8081-exec-7] INFO  o.g.l.s.CustomUserDetailsService - loadUserByUsername: Searching for user: admin
2025-03-14 04:53:18 [http-nio-8081-exec-7] DEBUG o.s.o.j.SharedEntityManagerCreator$SharedEntityManagerInvocationHandler - Creating new EntityManager for shared EntityManager invocation
2025-03-14 04:53:18 [http-nio-8081-exec-7] DEBUG org.hibernate.SQL - select u1_0.id,u1_0.created_at,u1_0.email,u1_0.password,u1_0.updated_at,u1_0.username from users u1_0 where u1_0.username=?
2025-03-14 04:53:18 [http-nio-8081-exec-7] DEBUG org.hibernate.SQL - select r1_0.user_id,r1_1.id,r1_1.created_at,r1_1.name,p1_0.role_id,p1_1.id,p1_1.created_at,p1_1.description,p1_1.name,p1_1.updated_at,r1_1.updated_at from user_roles r1_0 join roles r1_1 on r1_1.id=r1_0.role_id left join role_permissions p1_0 on r1_1.id=p1_0.role_id left join permissions p1_1 on p1_1.id=p1_0.permission_id where r1_0.user_id=?
2025-03-14 04:53:18 [http-nio-8081-exec-7] INFO  o.g.l.s.CustomUserDetailsService - loadUserByUsername: User admin found with roles: [org.guidewire.login.model.Role@720796e1]
2025-03-14 04:53:18 [http-nio-8081-exec-7] INFO  o.g.login.security.CustomUserDetails - Initializing CustomUserDetails for user: admin
2025-03-14 04:53:18 [http-nio-8081-exec-7] DEBUG o.g.login.security.CustomUserDetails - User admin has roles: [ADMIN]
2025-03-14 04:53:18 [http-nio-8081-exec-7] DEBUG o.g.login.security.CustomUserDetails - User admin has permissions: [DELETE_TASK, CREATE_TASK, VIEW_TASK, CLOSE_TASK, COMMENT_TASK, ASSIGN_TASK, EDIT_TASK]
2025-03-14 04:53:18 [http-nio-8081-exec-7] INFO  o.g.login.security.CustomUserDetails - CustomUserDetails initialized successfully for user: admin
2025-03-14 04:53:18 [http-nio-8081-exec-7] INFO  o.guidewire.login.security.JwtUtil - validateToken:JWT validated successfully for user: admin
2025-03-14 04:53:18 [http-nio-8081-exec-7] DEBUG o.g.login.security.CustomUserDetails - Fetching authorities for user: admin
2025-03-14 04:53:18 [http-nio-8081-exec-7] INFO  o.g.l.s.JwtAuthenticationFilter - doFilterInternal: Authentication successful for user 'admin'.
2025-03-14 04:53:18 [http-nio-8081-exec-7] DEBUG o.s.security.web.FilterChainProxy - Secured GET /api/auth/users/list
2025-03-14 04:53:18 [http-nio-8081-exec-7] DEBUG o.s.web.servlet.DispatcherServlet - GET "/api/auth/users/list", parameters={}
2025-03-14 04:53:18 [http-nio-8081-exec-7] DEBUG o.s.w.s.m.m.a.RequestMappingHandlerMapping - Mapped to org.guidewire.login.controller.UserController#getAllUsers()
2025-03-14 04:53:18 [http-nio-8081-exec-7] DEBUG o.s.o.j.s.OpenEntityManagerInViewInterceptor - Opening JPA EntityManager in OpenEntityManagerInViewInterceptor
2025-03-14 04:53:18 [http-nio-8081-exec-7] INFO  o.g.login.services.UserService - getAllUsers: Fetching all users from the database.
2025-03-14 04:53:18 [http-nio-8081-exec-7] DEBUG o.s.orm.jpa.JpaTransactionManager - Found thread-bound EntityManager [SessionImpl(2115200122<open>)] for JPA transaction
2025-03-14 04:53:18 [http-nio-8081-exec-7] DEBUG o.s.orm.jpa.JpaTransactionManager - Creating new transaction with name [org.springframework.data.jpa.repository.support.SimpleJpaRepository.findAll]: PROPAGATION_REQUIRED,ISOLATION_DEFAULT,readOnly
2025-03-14 04:53:18 [http-nio-8081-exec-7] DEBUG o.s.jdbc.datasource.DataSourceUtils - Setting JDBC Connection [HikariProxyConnection@1975028594 wrapping org.postgresql.jdbc.PgConnection@78d4861d] read-only
2025-03-14 04:53:18 [http-nio-8081-exec-7] DEBUG o.s.orm.jpa.JpaTransactionManager - Exposing JPA transaction as JDBC [org.springframework.orm.jpa.vendor.HibernateJpaDialect$HibernateConnectionHandle@2d9d47a2]
2025-03-14 04:53:18 [http-nio-8081-exec-7] DEBUG org.hibernate.SQL - select u1_0.id,u1_0.created_at,u1_0.email,u1_0.password,u1_0.updated_at,u1_0.username from users u1_0
2025-03-14 04:53:18 [http-nio-8081-exec-7] DEBUG org.hibernate.SQL - select r1_0.user_id,r1_1.id,r1_1.created_at,r1_1.name,p1_0.role_id,p1_1.id,p1_1.created_at,p1_1.description,p1_1.name,p1_1.updated_at,r1_1.updated_at from user_roles r1_0 join roles r1_1 on r1_1.id=r1_0.role_id left join role_permissions p1_0 on r1_1.id=p1_0.role_id left join permissions p1_1 on p1_1.id=p1_0.permission_id where r1_0.user_id=?
2025-03-14 04:53:18 [http-nio-8081-exec-7] DEBUG org.hibernate.SQL - select r1_0.user_id,r1_1.id,r1_1.created_at,r1_1.name,p1_0.role_id,p1_1.id,p1_1.created_at,p1_1.description,p1_1.name,p1_1.updated_at,r1_1.updated_at from user_roles r1_0 join roles r1_1 on r1_1.id=r1_0.role_id left join role_permissions p1_0 on r1_1.id=p1_0.role_id left join permissions p1_1 on p1_1.id=p1_0.permission_id where r1_0.user_id=?
2025-03-14 04:53:18 [http-nio-8081-exec-7] DEBUG org.hibernate.SQL - select r1_0.user_id,r1_1.id,r1_1.created_at,r1_1.name,p1_0.role_id,p1_1.id,p1_1.created_at,p1_1.description,p1_1.name,p1_1.updated_at,r1_1.updated_at from user_roles r1_0 join roles r1_1 on r1_1.id=r1_0.role_id left join role_permissions p1_0 on r1_1.id=p1_0.role_id left join permissions p1_1 on p1_1.id=p1_0.permission_id where r1_0.user_id=?
2025-03-14 04:53:18 [http-nio-8081-exec-7] DEBUG org.hibernate.SQL - select r1_0.user_id,r1_1.id,r1_1.created_at,r1_1.name,p1_0.role_id,p1_1.id,p1_1.created_at,p1_1.description,p1_1.name,p1_1.updated_at,r1_1.updated_at from user_roles r1_0 join roles r1_1 on r1_1.id=r1_0.role_id left join role_permissions p1_0 on r1_1.id=p1_0.role_id left join permissions p1_1 on p1_1.id=p1_0.permission_id where r1_0.user_id=?
2025-03-14 04:53:18 [http-nio-8081-exec-7] DEBUG org.hibernate.SQL - select r1_0.user_id,r1_1.id,r1_1.created_at,r1_1.name,p1_0.role_id,p1_1.id,p1_1.created_at,p1_1.description,p1_1.name,p1_1.updated_at,r1_1.updated_at from user_roles r1_0 join roles r1_1 on r1_1.id=r1_0.role_id left join role_permissions p1_0 on r1_1.id=p1_0.role_id left join permissions p1_1 on p1_1.id=p1_0.permission_id where r1_0.user_id=?
2025-03-14 04:53:18 [http-nio-8081-exec-7] DEBUG o.s.orm.jpa.JpaTransactionManager - Initiating transaction commit
2025-03-14 04:53:18 [http-nio-8081-exec-7] DEBUG o.s.orm.jpa.JpaTransactionManager - Committing JPA transaction on EntityManager [SessionImpl(2115200122<open>)]
2025-03-14 04:53:18 [http-nio-8081-exec-7] DEBUG o.s.jdbc.datasource.DataSourceUtils - Resetting read-only flag of JDBC Connection [HikariProxyConnection@1975028594 wrapping org.postgresql.jdbc.PgConnection@78d4861d]
2025-03-14 04:53:18 [http-nio-8081-exec-7] DEBUG o.s.orm.jpa.JpaTransactionManager - Not closing pre-bound JPA EntityManager after transaction
2025-03-14 04:53:18 [http-nio-8081-exec-7] INFO  o.g.login.services.UserService - getAllUsers: Retrieved 5 users.
2025-03-14 04:53:18 [http-nio-8081-exec-7] DEBUG o.s.w.s.m.m.a.HttpEntityMethodProcessor - Using 'application/json', given [*/*] and supported [application/json, application/*+json]
2025-03-14 04:53:18 [http-nio-8081-exec-7] DEBUG o.s.w.s.m.m.a.HttpEntityMethodProcessor - Writing [[org.guidewire.login.dto.responses.UserResponse@2118e99e, org.guidewire.login.dto.responses.UserResp (truncated)...]
2025-03-14 04:53:18 [http-nio-8081-exec-7] DEBUG o.s.o.j.s.OpenEntityManagerInViewInterceptor - Closing JPA EntityManager in OpenEntityManagerInViewInterceptor
2025-03-14 04:53:18 [http-nio-8081-exec-7] DEBUG o.s.web.servlet.DispatcherServlet - Completed 200 OK
2025-03-14 04:53:19 [http-nio-8081-exec-8] DEBUG o.s.security.web.FilterChainProxy - Securing GET /api/auth/user/details
2025-03-14 04:53:19 [http-nio-8081-exec-8] DEBUG o.g.l.s.JwtAuthenticationFilter - doFilterInternal: No valid Authorization header found, skipping JWT processing.
2025-03-14 04:53:19 [http-nio-8081-exec-8] DEBUG o.s.s.w.a.AnonymousAuthenticationFilter - Set SecurityContextHolder to anonymous SecurityContext
2025-03-14 04:53:19 [http-nio-8081-exec-8] DEBUG o.s.security.web.FilterChainProxy - Secured GET /api/auth/user/details
2025-03-14 04:53:19 [http-nio-8081-exec-8] DEBUG o.s.web.servlet.DispatcherServlet - GET "/api/auth/user/details", parameters={}
2025-03-14 04:53:19 [http-nio-8081-exec-8] DEBUG o.s.w.s.m.m.a.RequestMappingHandlerMapping - Mapped to org.guidewire.login.controller.AuthController#fetchUserDetails(List)
2025-03-14 04:53:19 [http-nio-8081-exec-8] DEBUG o.s.o.j.s.OpenEntityManagerInViewInterceptor - Opening JPA EntityManager in OpenEntityManagerInViewInterceptor
2025-03-14 04:53:19 [http-nio-8081-exec-8] DEBUG o.s.w.s.m.m.a.RequestResponseBodyMethodProcessor - Read "application/json;charset=UTF-8" to [[3d480867-d12b-4c5f-a725-da17dd7e5590]]
2025-03-14 04:53:19 [http-nio-8081-exec-8] INFO  o.g.login.controller.AuthController - fetchUserDetails: Fetching details for users with IDs: [3d480867-d12b-4c5f-a725-da17dd7e5590]
2025-03-14 04:53:19 [http-nio-8081-exec-8] DEBUG o.s.orm.jpa.JpaTransactionManager - Found thread-bound EntityManager [SessionImpl(913699540<open>)] for JPA transaction
2025-03-14 04:53:19 [http-nio-8081-exec-8] DEBUG o.s.orm.jpa.JpaTransactionManager - Creating new transaction with name [org.springframework.data.jpa.repository.support.SimpleJpaRepository.findAllById]: PROPAGATION_REQUIRED,ISOLATION_DEFAULT,readOnly
2025-03-14 04:53:19 [http-nio-8081-exec-8] DEBUG o.s.jdbc.datasource.DataSourceUtils - Setting JDBC Connection [HikariProxyConnection@281139744 wrapping org.postgresql.jdbc.PgConnection@78d4861d] read-only
2025-03-14 04:53:19 [http-nio-8081-exec-8] DEBUG o.s.orm.jpa.JpaTransactionManager - Exposing JPA transaction as JDBC [org.springframework.orm.jpa.vendor.HibernateJpaDialect$HibernateConnectionHandle@47fb83ea]
2025-03-14 04:53:19 [http-nio-8081-exec-8] DEBUG org.hibernate.SQL - select u1_0.id,u1_0.created_at,u1_0.email,u1_0.password,u1_0.updated_at,u1_0.username from users u1_0 where u1_0.id in (?)
2025-03-14 04:53:19 [http-nio-8081-exec-8] DEBUG org.hibernate.SQL - select r1_0.user_id,r1_1.id,r1_1.created_at,r1_1.name,p1_0.role_id,p1_1.id,p1_1.created_at,p1_1.description,p1_1.name,p1_1.updated_at,r1_1.updated_at from user_roles r1_0 join roles r1_1 on r1_1.id=r1_0.role_id left join role_permissions p1_0 on r1_1.id=p1_0.role_id left join permissions p1_1 on p1_1.id=p1_0.permission_id where r1_0.user_id=?
2025-03-14 04:53:19 [http-nio-8081-exec-8] DEBUG o.s.orm.jpa.JpaTransactionManager - Initiating transaction commit
2025-03-14 04:53:19 [http-nio-8081-exec-8] DEBUG o.s.orm.jpa.JpaTransactionManager - Committing JPA transaction on EntityManager [SessionImpl(913699540<open>)]
2025-03-14 04:53:19 [http-nio-8081-exec-8] DEBUG o.s.jdbc.datasource.DataSourceUtils - Resetting read-only flag of JDBC Connection [HikariProxyConnection@281139744 wrapping org.postgresql.jdbc.PgConnection@78d4861d]
2025-03-14 04:53:19 [http-nio-8081-exec-8] DEBUG o.s.orm.jpa.JpaTransactionManager - Not closing pre-bound JPA EntityManager after transaction
2025-03-14 04:53:19 [http-nio-8081-exec-8] INFO  o.g.login.controller.AuthController - fetchUserDetails: Returning user details for users: [org.guidewire.login.dto.responses.UserResponse@6b8c093b]
2025-03-14 04:53:19 [http-nio-8081-exec-8] DEBUG o.s.w.s.m.m.a.HttpEntityMethodProcessor - Using 'application/json', given [*/*] and supported [application/json, application/*+json]
2025-03-14 04:53:19 [http-nio-8081-exec-8] DEBUG o.s.w.s.m.m.a.HttpEntityMethodProcessor - Writing [[org.guidewire.login.dto.responses.UserResponse@6b8c093b]]
2025-03-14 04:53:19 [http-nio-8081-exec-8] DEBUG o.s.o.j.s.OpenEntityManagerInViewInterceptor - Closing JPA EntityManager in OpenEntityManagerInViewInterceptor
2025-03-14 04:53:19 [http-nio-8081-exec-8] DEBUG o.s.web.servlet.DispatcherServlet - Completed 200 OK
2025-03-14 04:55:00 [http-nio-8081-exec-1] DEBUG o.s.security.web.FilterChainProxy - Securing GET /api/auth/check-admin
2025-03-14 04:55:00 [http-nio-8081-exec-1] INFO  o.g.l.s.JwtAuthenticationFilter - doFilterInternal: Extracted username 'admin' from token.
2025-03-14 04:55:00 [http-nio-8081-exec-1] INFO  o.g.l.s.CustomUserDetailsService - loadUserByUsername: Searching for user: admin
2025-03-14 04:55:00 [http-nio-8081-exec-1] DEBUG o.s.o.j.SharedEntityManagerCreator$SharedEntityManagerInvocationHandler - Creating new EntityManager for shared EntityManager invocation
2025-03-14 04:55:00 [http-nio-8081-exec-1] DEBUG org.hibernate.SQL - select u1_0.id,u1_0.created_at,u1_0.email,u1_0.password,u1_0.updated_at,u1_0.username from users u1_0 where u1_0.username=?
2025-03-14 04:55:00 [http-nio-8081-exec-1] DEBUG org.hibernate.SQL - select r1_0.user_id,r1_1.id,r1_1.created_at,r1_1.name,p1_0.role_id,p1_1.id,p1_1.created_at,p1_1.description,p1_1.name,p1_1.updated_at,r1_1.updated_at from user_roles r1_0 join roles r1_1 on r1_1.id=r1_0.role_id left join role_permissions p1_0 on r1_1.id=p1_0.role_id left join permissions p1_1 on p1_1.id=p1_0.permission_id where r1_0.user_id=?
2025-03-14 04:55:00 [http-nio-8081-exec-1] INFO  o.g.l.s.CustomUserDetailsService - loadUserByUsername: User admin found with roles: [org.guidewire.login.model.Role@23b12efe]
2025-03-14 04:55:00 [http-nio-8081-exec-1] INFO  o.g.login.security.CustomUserDetails - Initializing CustomUserDetails for user: admin
2025-03-14 04:55:00 [http-nio-8081-exec-1] DEBUG o.g.login.security.CustomUserDetails - User admin has roles: [ADMIN]
2025-03-14 04:55:00 [http-nio-8081-exec-1] DEBUG o.g.login.security.CustomUserDetails - User admin has permissions: [DELETE_TASK, CREATE_TASK, CLOSE_TASK, VIEW_TASK, COMMENT_TASK, ASSIGN_TASK, EDIT_TASK]
2025-03-14 04:55:00 [http-nio-8081-exec-1] INFO  o.g.login.security.CustomUserDetails - CustomUserDetails initialized successfully for user: admin
2025-03-14 04:55:00 [http-nio-8081-exec-1] INFO  o.guidewire.login.security.JwtUtil - validateToken:JWT validated successfully for user: admin
2025-03-14 04:55:00 [http-nio-8081-exec-1] DEBUG o.g.login.security.CustomUserDetails - Fetching authorities for user: admin
2025-03-14 04:55:00 [http-nio-8081-exec-1] INFO  o.g.l.s.JwtAuthenticationFilter - doFilterInternal: Authentication successful for user 'admin'.
2025-03-14 04:55:00 [http-nio-8081-exec-1] DEBUG o.s.security.web.FilterChainProxy - Secured GET /api/auth/check-admin
2025-03-14 04:55:00 [http-nio-8081-exec-1] DEBUG o.s.web.servlet.DispatcherServlet - GET "/api/auth/check-admin", parameters={}
2025-03-14 04:55:00 [http-nio-8081-exec-1] DEBUG o.s.w.s.m.m.a.RequestMappingHandlerMapping - Mapped to org.guidewire.login.controller.AuthController#checkIfAdmin(UserDetails)
2025-03-14 04:55:00 [http-nio-8081-exec-1] DEBUG o.s.o.j.s.OpenEntityManagerInViewInterceptor - Opening JPA EntityManager in OpenEntityManagerInViewInterceptor
2025-03-14 04:55:00 [http-nio-8081-exec-1] DEBUG o.g.login.security.CustomUserDetails - Fetching authorities for user: admin
2025-03-14 04:55:00 [http-nio-8081-exec-1] DEBUG o.s.w.s.m.m.a.HttpEntityMethodProcessor - Using 'application/json', given [*/*] and supported [application/json, application/*+json]
2025-03-14 04:55:00 [http-nio-8081-exec-1] DEBUG o.s.w.s.m.m.a.HttpEntityMethodProcessor - Writing [org.guidewire.login.dto.responses.UserRoleResponse@4b1e6d32]
2025-03-14 04:55:00 [http-nio-8081-exec-1] DEBUG o.s.o.j.s.OpenEntityManagerInViewInterceptor - Closing JPA EntityManager in OpenEntityManagerInViewInterceptor
2025-03-14 04:55:00 [http-nio-8081-exec-1] DEBUG o.s.web.servlet.DispatcherServlet - Completed 200 OK
2025-03-14 04:55:01 [http-nio-8081-exec-10] DEBUG o.s.security.web.FilterChainProxy - Securing GET /api/auth/users/list
2025-03-14 04:55:01 [http-nio-8081-exec-10] INFO  o.g.l.s.JwtAuthenticationFilter - doFilterInternal: Extracted username 'admin' from token.
2025-03-14 04:55:01 [http-nio-8081-exec-10] INFO  o.g.l.s.CustomUserDetailsService - loadUserByUsername: Searching for user: admin
2025-03-14 04:55:01 [http-nio-8081-exec-10] DEBUG o.s.o.j.SharedEntityManagerCreator$SharedEntityManagerInvocationHandler - Creating new EntityManager for shared EntityManager invocation
2025-03-14 04:55:01 [http-nio-8081-exec-10] DEBUG org.hibernate.SQL - select u1_0.id,u1_0.created_at,u1_0.email,u1_0.password,u1_0.updated_at,u1_0.username from users u1_0 where u1_0.username=?
2025-03-14 04:55:01 [http-nio-8081-exec-10] DEBUG org.hibernate.SQL - select r1_0.user_id,r1_1.id,r1_1.created_at,r1_1.name,p1_0.role_id,p1_1.id,p1_1.created_at,p1_1.description,p1_1.name,p1_1.updated_at,r1_1.updated_at from user_roles r1_0 join roles r1_1 on r1_1.id=r1_0.role_id left join role_permissions p1_0 on r1_1.id=p1_0.role_id left join permissions p1_1 on p1_1.id=p1_0.permission_id where r1_0.user_id=?
2025-03-14 04:55:01 [http-nio-8081-exec-10] INFO  o.g.l.s.CustomUserDetailsService - loadUserByUsername: User admin found with roles: [org.guidewire.login.model.Role@2a4662bc]
2025-03-14 04:55:01 [http-nio-8081-exec-10] INFO  o.g.login.security.CustomUserDetails - Initializing CustomUserDetails for user: admin
2025-03-14 04:55:01 [http-nio-8081-exec-10] DEBUG o.g.login.security.CustomUserDetails - User admin has roles: [ADMIN]
2025-03-14 04:55:01 [http-nio-8081-exec-10] DEBUG o.g.login.security.CustomUserDetails - User admin has permissions: [DELETE_TASK, CREATE_TASK, CLOSE_TASK, VIEW_TASK, ASSIGN_TASK, COMMENT_TASK, EDIT_TASK]
2025-03-14 04:55:01 [http-nio-8081-exec-10] INFO  o.g.login.security.CustomUserDetails - CustomUserDetails initialized successfully for user: admin
2025-03-14 04:55:01 [http-nio-8081-exec-10] INFO  o.guidewire.login.security.JwtUtil - validateToken:JWT validated successfully for user: admin
2025-03-14 04:55:01 [http-nio-8081-exec-10] DEBUG o.g.login.security.CustomUserDetails - Fetching authorities for user: admin
2025-03-14 04:55:01 [http-nio-8081-exec-10] INFO  o.g.l.s.JwtAuthenticationFilter - doFilterInternal: Authentication successful for user 'admin'.
2025-03-14 04:55:01 [http-nio-8081-exec-10] DEBUG o.s.security.web.FilterChainProxy - Secured GET /api/auth/users/list
2025-03-14 04:55:01 [http-nio-8081-exec-10] DEBUG o.s.web.servlet.DispatcherServlet - GET "/api/auth/users/list", parameters={}
2025-03-14 04:55:01 [http-nio-8081-exec-10] DEBUG o.s.w.s.m.m.a.RequestMappingHandlerMapping - Mapped to org.guidewire.login.controller.UserController#getAllUsers()
2025-03-14 04:55:01 [http-nio-8081-exec-10] DEBUG o.s.o.j.s.OpenEntityManagerInViewInterceptor - Opening JPA EntityManager in OpenEntityManagerInViewInterceptor
2025-03-14 04:55:01 [http-nio-8081-exec-10] INFO  o.g.login.services.UserService - getAllUsers: Fetching all users from the database.
2025-03-14 04:55:01 [http-nio-8081-exec-10] DEBUG o.s.orm.jpa.JpaTransactionManager - Found thread-bound EntityManager [SessionImpl(432459746<open>)] for JPA transaction
2025-03-14 04:55:01 [http-nio-8081-exec-10] DEBUG o.s.orm.jpa.JpaTransactionManager - Creating new transaction with name [org.springframework.data.jpa.repository.support.SimpleJpaRepository.findAll]: PROPAGATION_REQUIRED,ISOLATION_DEFAULT,readOnly
2025-03-14 04:55:01 [http-nio-8081-exec-10] DEBUG o.s.jdbc.datasource.DataSourceUtils - Setting JDBC Connection [HikariProxyConnection@2136544727 wrapping org.postgresql.jdbc.PgConnection@78d4861d] read-only
2025-03-14 04:55:01 [http-nio-8081-exec-10] DEBUG o.s.orm.jpa.JpaTransactionManager - Exposing JPA transaction as JDBC [org.springframework.orm.jpa.vendor.HibernateJpaDialect$HibernateConnectionHandle@55c4d7e2]
2025-03-14 04:55:01 [http-nio-8081-exec-10] DEBUG org.hibernate.SQL - select u1_0.id,u1_0.created_at,u1_0.email,u1_0.password,u1_0.updated_at,u1_0.username from users u1_0
2025-03-14 04:55:01 [http-nio-8081-exec-10] DEBUG org.hibernate.SQL - select r1_0.user_id,r1_1.id,r1_1.created_at,r1_1.name,p1_0.role_id,p1_1.id,p1_1.created_at,p1_1.description,p1_1.name,p1_1.updated_at,r1_1.updated_at from user_roles r1_0 join roles r1_1 on r1_1.id=r1_0.role_id left join role_permissions p1_0 on r1_1.id=p1_0.role_id left join permissions p1_1 on p1_1.id=p1_0.permission_id where r1_0.user_id=?
2025-03-14 04:55:01 [http-nio-8081-exec-10] DEBUG org.hibernate.SQL - select r1_0.user_id,r1_1.id,r1_1.created_at,r1_1.name,p1_0.role_id,p1_1.id,p1_1.created_at,p1_1.description,p1_1.name,p1_1.updated_at,r1_1.updated_at from user_roles r1_0 join roles r1_1 on r1_1.id=r1_0.role_id left join role_permissions p1_0 on r1_1.id=p1_0.role_id left join permissions p1_1 on p1_1.id=p1_0.permission_id where r1_0.user_id=?
2025-03-14 04:55:01 [http-nio-8081-exec-10] DEBUG org.hibernate.SQL - select r1_0.user_id,r1_1.id,r1_1.created_at,r1_1.name,p1_0.role_id,p1_1.id,p1_1.created_at,p1_1.description,p1_1.name,p1_1.updated_at,r1_1.updated_at from user_roles r1_0 join roles r1_1 on r1_1.id=r1_0.role_id left join role_permissions p1_0 on r1_1.id=p1_0.role_id left join permissions p1_1 on p1_1.id=p1_0.permission_id where r1_0.user_id=?
2025-03-14 04:55:01 [http-nio-8081-exec-10] DEBUG org.hibernate.SQL - select r1_0.user_id,r1_1.id,r1_1.created_at,r1_1.name,p1_0.role_id,p1_1.id,p1_1.created_at,p1_1.description,p1_1.name,p1_1.updated_at,r1_1.updated_at from user_roles r1_0 join roles r1_1 on r1_1.id=r1_0.role_id left join role_permissions p1_0 on r1_1.id=p1_0.role_id left join permissions p1_1 on p1_1.id=p1_0.permission_id where r1_0.user_id=?
2025-03-14 04:55:01 [http-nio-8081-exec-10] DEBUG org.hibernate.SQL - select r1_0.user_id,r1_1.id,r1_1.created_at,r1_1.name,p1_0.role_id,p1_1.id,p1_1.created_at,p1_1.description,p1_1.name,p1_1.updated_at,r1_1.updated_at from user_roles r1_0 join roles r1_1 on r1_1.id=r1_0.role_id left join role_permissions p1_0 on r1_1.id=p1_0.role_id left join permissions p1_1 on p1_1.id=p1_0.permission_id where r1_0.user_id=?
2025-03-14 04:55:01 [http-nio-8081-exec-10] DEBUG o.s.orm.jpa.JpaTransactionManager - Initiating transaction commit
2025-03-14 04:55:01 [http-nio-8081-exec-10] DEBUG o.s.orm.jpa.JpaTransactionManager - Committing JPA transaction on EntityManager [SessionImpl(432459746<open>)]
2025-03-14 04:55:01 [http-nio-8081-exec-10] DEBUG o.s.jdbc.datasource.DataSourceUtils - Resetting read-only flag of JDBC Connection [HikariProxyConnection@2136544727 wrapping org.postgresql.jdbc.PgConnection@78d4861d]
2025-03-14 04:55:01 [http-nio-8081-exec-10] DEBUG o.s.orm.jpa.JpaTransactionManager - Not closing pre-bound JPA EntityManager after transaction
2025-03-14 04:55:01 [http-nio-8081-exec-10] INFO  o.g.login.services.UserService - getAllUsers: Retrieved 5 users.
2025-03-14 04:55:01 [http-nio-8081-exec-10] DEBUG o.s.w.s.m.m.a.HttpEntityMethodProcessor - Using 'application/json', given [*/*] and supported [application/json, application/*+json]
2025-03-14 04:55:01 [http-nio-8081-exec-10] DEBUG o.s.w.s.m.m.a.HttpEntityMethodProcessor - Writing [[org.guidewire.login.dto.responses.UserResponse@1270722a, org.guidewire.login.dto.responses.UserResp (truncated)...]
2025-03-14 04:55:01 [http-nio-8081-exec-10] DEBUG o.s.o.j.s.OpenEntityManagerInViewInterceptor - Closing JPA EntityManager in OpenEntityManagerInViewInterceptor
2025-03-14 04:55:01 [http-nio-8081-exec-10] DEBUG o.s.web.servlet.DispatcherServlet - Completed 200 OK
2025-03-14 04:55:01 [http-nio-8081-exec-3] DEBUG o.s.security.web.FilterChainProxy - Securing GET /api/auth/current/user
2025-03-14 04:55:01 [http-nio-8081-exec-3] INFO  o.g.l.s.JwtAuthenticationFilter - doFilterInternal: Extracted username 'admin' from token.
2025-03-14 04:55:01 [http-nio-8081-exec-3] INFO  o.g.l.s.CustomUserDetailsService - loadUserByUsername: Searching for user: admin
2025-03-14 04:55:01 [http-nio-8081-exec-3] DEBUG o.s.o.j.SharedEntityManagerCreator$SharedEntityManagerInvocationHandler - Creating new EntityManager for shared EntityManager invocation
2025-03-14 04:55:01 [http-nio-8081-exec-3] DEBUG org.hibernate.SQL - select u1_0.id,u1_0.created_at,u1_0.email,u1_0.password,u1_0.updated_at,u1_0.username from users u1_0 where u1_0.username=?
2025-03-14 04:55:01 [http-nio-8081-exec-3] DEBUG org.hibernate.SQL - select r1_0.user_id,r1_1.id,r1_1.created_at,r1_1.name,p1_0.role_id,p1_1.id,p1_1.created_at,p1_1.description,p1_1.name,p1_1.updated_at,r1_1.updated_at from user_roles r1_0 join roles r1_1 on r1_1.id=r1_0.role_id left join role_permissions p1_0 on r1_1.id=p1_0.role_id left join permissions p1_1 on p1_1.id=p1_0.permission_id where r1_0.user_id=?
2025-03-14 04:55:01 [http-nio-8081-exec-3] INFO  o.g.l.s.CustomUserDetailsService - loadUserByUsername: User admin found with roles: [org.guidewire.login.model.Role@31980c7c]
2025-03-14 04:55:01 [http-nio-8081-exec-3] INFO  o.g.login.security.CustomUserDetails - Initializing CustomUserDetails for user: admin
2025-03-14 04:55:01 [http-nio-8081-exec-3] DEBUG o.g.login.security.CustomUserDetails - User admin has roles: [ADMIN]
2025-03-14 04:55:01 [http-nio-8081-exec-3] DEBUG o.g.login.security.CustomUserDetails - User admin has permissions: [DELETE_TASK, CREATE_TASK, CLOSE_TASK, VIEW_TASK, COMMENT_TASK, ASSIGN_TASK, EDIT_TASK]
2025-03-14 04:55:01 [http-nio-8081-exec-3] INFO  o.g.login.security.CustomUserDetails - CustomUserDetails initialized successfully for user: admin
2025-03-14 04:55:01 [http-nio-8081-exec-3] INFO  o.guidewire.login.security.JwtUtil - validateToken:JWT validated successfully for user: admin
2025-03-14 04:55:01 [http-nio-8081-exec-3] DEBUG o.g.login.security.CustomUserDetails - Fetching authorities for user: admin
2025-03-14 04:55:01 [http-nio-8081-exec-3] INFO  o.g.l.s.JwtAuthenticationFilter - doFilterInternal: Authentication successful for user 'admin'.
2025-03-14 04:55:01 [http-nio-8081-exec-3] DEBUG o.s.security.web.FilterChainProxy - Secured GET /api/auth/current/user
2025-03-14 04:55:01 [http-nio-8081-exec-3] DEBUG o.s.web.servlet.DispatcherServlet - GET "/api/auth/current/user", parameters={}
2025-03-14 04:55:01 [http-nio-8081-exec-3] DEBUG o.s.w.s.m.m.a.RequestMappingHandlerMapping - Mapped to org.guidewire.login.controller.AuthController#getCurrentUser(Principal)
2025-03-14 04:55:01 [http-nio-8081-exec-3] DEBUG o.s.o.j.s.OpenEntityManagerInViewInterceptor - Opening JPA EntityManager in OpenEntityManagerInViewInterceptor
2025-03-14 04:55:01 [http-nio-8081-exec-3] INFO  o.g.login.controller.AuthController - getCurrentUser: Fetching details for user: admin
2025-03-14 04:55:01 [http-nio-8081-exec-3] DEBUG o.g.login.services.AuthService - getUserDetails:Fetching user details for: admin
2025-03-14 04:55:01 [http-nio-8081-exec-3] DEBUG org.hibernate.SQL - select u1_0.id,u1_0.created_at,u1_0.email,u1_0.password,u1_0.updated_at,u1_0.username from users u1_0 where u1_0.username=?
2025-03-14 04:55:01 [http-nio-8081-exec-3] DEBUG org.hibernate.SQL - select r1_0.user_id,r1_1.id,r1_1.created_at,r1_1.name,p1_0.role_id,p1_1.id,p1_1.created_at,p1_1.description,p1_1.name,p1_1.updated_at,r1_1.updated_at from user_roles r1_0 join roles r1_1 on r1_1.id=r1_0.role_id left join role_permissions p1_0 on r1_1.id=p1_0.role_id left join permissions p1_1 on p1_1.id=p1_0.permission_id where r1_0.user_id=?
2025-03-14 04:55:01 [http-nio-8081-exec-3] INFO  o.g.login.controller.AuthController - getCurrentUser: Returning user details for admin
2025-03-14 04:55:01 [http-nio-8081-exec-3] DEBUG o.s.w.s.m.m.a.HttpEntityMethodProcessor - Using 'application/json', given [*/*] and supported [application/json, application/*+json]
2025-03-14 04:55:01 [http-nio-8081-exec-3] DEBUG o.s.w.s.m.m.a.HttpEntityMethodProcessor - Writing [org.guidewire.login.dto.responses.UserResponse@506c5898]
2025-03-14 04:55:01 [http-nio-8081-exec-3] DEBUG o.s.o.j.s.OpenEntityManagerInViewInterceptor - Closing JPA EntityManager in OpenEntityManagerInViewInterceptor
2025-03-14 04:55:01 [http-nio-8081-exec-3] DEBUG o.s.web.servlet.DispatcherServlet - Completed 200 OK
2025-03-14 04:56:55 [http-nio-8081-exec-5] DEBUG o.s.security.web.FilterChainProxy - Securing GET /api/auth/users/list
2025-03-14 04:56:55 [http-nio-8081-exec-5] INFO  o.g.l.s.JwtAuthenticationFilter - doFilterInternal: Extracted username 'admin' from token.
2025-03-14 04:56:55 [http-nio-8081-exec-5] INFO  o.g.l.s.CustomUserDetailsService - loadUserByUsername: Searching for user: admin
2025-03-14 04:56:55 [http-nio-8081-exec-5] DEBUG o.s.o.j.SharedEntityManagerCreator$SharedEntityManagerInvocationHandler - Creating new EntityManager for shared EntityManager invocation
2025-03-14 04:56:55 [http-nio-8081-exec-5] DEBUG org.hibernate.SQL - select u1_0.id,u1_0.created_at,u1_0.email,u1_0.password,u1_0.updated_at,u1_0.username from users u1_0 where u1_0.username=?
2025-03-14 04:56:56 [http-nio-8081-exec-5] DEBUG org.hibernate.SQL - select r1_0.user_id,r1_1.id,r1_1.created_at,r1_1.name,p1_0.role_id,p1_1.id,p1_1.created_at,p1_1.description,p1_1.name,p1_1.updated_at,r1_1.updated_at from user_roles r1_0 join roles r1_1 on r1_1.id=r1_0.role_id left join role_permissions p1_0 on r1_1.id=p1_0.role_id left join permissions p1_1 on p1_1.id=p1_0.permission_id where r1_0.user_id=?
2025-03-14 04:56:56 [http-nio-8081-exec-5] INFO  o.g.l.s.CustomUserDetailsService - loadUserByUsername: User admin found with roles: [org.guidewire.login.model.Role@328d81c4]
2025-03-14 04:56:56 [http-nio-8081-exec-5] INFO  o.g.login.security.CustomUserDetails - Initializing CustomUserDetails for user: admin
2025-03-14 04:56:56 [http-nio-8081-exec-5] DEBUG o.g.login.security.CustomUserDetails - User admin has roles: [ADMIN]
2025-03-14 04:56:56 [http-nio-8081-exec-5] DEBUG o.g.login.security.CustomUserDetails - User admin has permissions: [DELETE_TASK, CREATE_TASK, CLOSE_TASK, VIEW_TASK, ASSIGN_TASK, COMMENT_TASK, EDIT_TASK]
2025-03-14 04:56:56 [http-nio-8081-exec-5] INFO  o.g.login.security.CustomUserDetails - CustomUserDetails initialized successfully for user: admin
2025-03-14 04:56:56 [http-nio-8081-exec-5] INFO  o.guidewire.login.security.JwtUtil - validateToken:JWT validated successfully for user: admin
2025-03-14 04:56:56 [http-nio-8081-exec-5] DEBUG o.g.login.security.CustomUserDetails - Fetching authorities for user: admin
2025-03-14 04:56:56 [http-nio-8081-exec-5] INFO  o.g.l.s.JwtAuthenticationFilter - doFilterInternal: Authentication successful for user 'admin'.
2025-03-14 04:56:56 [http-nio-8081-exec-5] DEBUG o.s.security.web.FilterChainProxy - Secured GET /api/auth/users/list
2025-03-14 04:56:56 [http-nio-8081-exec-5] DEBUG o.s.web.servlet.DispatcherServlet - GET "/api/auth/users/list", parameters={}
2025-03-14 04:56:56 [http-nio-8081-exec-5] DEBUG o.s.w.s.m.m.a.RequestMappingHandlerMapping - Mapped to org.guidewire.login.controller.UserController#getAllUsers()
2025-03-14 04:56:56 [http-nio-8081-exec-5] DEBUG o.s.o.j.s.OpenEntityManagerInViewInterceptor - Opening JPA EntityManager in OpenEntityManagerInViewInterceptor
2025-03-14 04:56:56 [http-nio-8081-exec-5] INFO  o.g.login.services.UserService - getAllUsers: Fetching all users from the database.
2025-03-14 04:56:56 [http-nio-8081-exec-5] DEBUG o.s.orm.jpa.JpaTransactionManager - Found thread-bound EntityManager [SessionImpl(1919572445<open>)] for JPA transaction
2025-03-14 04:56:56 [http-nio-8081-exec-5] DEBUG o.s.orm.jpa.JpaTransactionManager - Creating new transaction with name [org.springframework.data.jpa.repository.support.SimpleJpaRepository.findAll]: PROPAGATION_REQUIRED,ISOLATION_DEFAULT,readOnly
2025-03-14 04:56:56 [http-nio-8081-exec-5] DEBUG o.s.jdbc.datasource.DataSourceUtils - Setting JDBC Connection [HikariProxyConnection@2124522332 wrapping org.postgresql.jdbc.PgConnection@55a29f3] read-only
2025-03-14 04:56:56 [http-nio-8081-exec-5] DEBUG o.s.orm.jpa.JpaTransactionManager - Exposing JPA transaction as JDBC [org.springframework.orm.jpa.vendor.HibernateJpaDialect$HibernateConnectionHandle@507cf3a9]
2025-03-14 04:56:56 [http-nio-8081-exec-5] DEBUG org.hibernate.SQL - select u1_0.id,u1_0.created_at,u1_0.email,u1_0.password,u1_0.updated_at,u1_0.username from users u1_0
2025-03-14 04:56:56 [http-nio-8081-exec-5] DEBUG org.hibernate.SQL - select r1_0.user_id,r1_1.id,r1_1.created_at,r1_1.name,p1_0.role_id,p1_1.id,p1_1.created_at,p1_1.description,p1_1.name,p1_1.updated_at,r1_1.updated_at from user_roles r1_0 join roles r1_1 on r1_1.id=r1_0.role_id left join role_permissions p1_0 on r1_1.id=p1_0.role_id left join permissions p1_1 on p1_1.id=p1_0.permission_id where r1_0.user_id=?
2025-03-14 04:56:56 [http-nio-8081-exec-5] DEBUG org.hibernate.SQL - select r1_0.user_id,r1_1.id,r1_1.created_at,r1_1.name,p1_0.role_id,p1_1.id,p1_1.created_at,p1_1.description,p1_1.name,p1_1.updated_at,r1_1.updated_at from user_roles r1_0 join roles r1_1 on r1_1.id=r1_0.role_id left join role_permissions p1_0 on r1_1.id=p1_0.role_id left join permissions p1_1 on p1_1.id=p1_0.permission_id where r1_0.user_id=?
2025-03-14 04:56:56 [http-nio-8081-exec-5] DEBUG org.hibernate.SQL - select r1_0.user_id,r1_1.id,r1_1.created_at,r1_1.name,p1_0.role_id,p1_1.id,p1_1.created_at,p1_1.description,p1_1.name,p1_1.updated_at,r1_1.updated_at from user_roles r1_0 join roles r1_1 on r1_1.id=r1_0.role_id left join role_permissions p1_0 on r1_1.id=p1_0.role_id left join permissions p1_1 on p1_1.id=p1_0.permission_id where r1_0.user_id=?
2025-03-14 04:56:56 [http-nio-8081-exec-5] DEBUG org.hibernate.SQL - select r1_0.user_id,r1_1.id,r1_1.created_at,r1_1.name,p1_0.role_id,p1_1.id,p1_1.created_at,p1_1.description,p1_1.name,p1_1.updated_at,r1_1.updated_at from user_roles r1_0 join roles r1_1 on r1_1.id=r1_0.role_id left join role_permissions p1_0 on r1_1.id=p1_0.role_id left join permissions p1_1 on p1_1.id=p1_0.permission_id where r1_0.user_id=?
2025-03-14 04:56:56 [http-nio-8081-exec-5] DEBUG org.hibernate.SQL - select r1_0.user_id,r1_1.id,r1_1.created_at,r1_1.name,p1_0.role_id,p1_1.id,p1_1.created_at,p1_1.description,p1_1.name,p1_1.updated_at,r1_1.updated_at from user_roles r1_0 join roles r1_1 on r1_1.id=r1_0.role_id left join role_permissions p1_0 on r1_1.id=p1_0.role_id left join permissions p1_1 on p1_1.id=p1_0.permission_id where r1_0.user_id=?
2025-03-14 04:56:56 [http-nio-8081-exec-5] DEBUG o.s.orm.jpa.JpaTransactionManager - Initiating transaction commit
2025-03-14 04:56:56 [http-nio-8081-exec-5] DEBUG o.s.orm.jpa.JpaTransactionManager - Committing JPA transaction on EntityManager [SessionImpl(1919572445<open>)]
2025-03-14 04:56:56 [http-nio-8081-exec-5] DEBUG o.s.jdbc.datasource.DataSourceUtils - Resetting read-only flag of JDBC Connection [HikariProxyConnection@2124522332 wrapping org.postgresql.jdbc.PgConnection@55a29f3]
2025-03-14 04:56:56 [http-nio-8081-exec-5] DEBUG o.s.orm.jpa.JpaTransactionManager - Not closing pre-bound JPA EntityManager after transaction
2025-03-14 04:56:56 [http-nio-8081-exec-5] INFO  o.g.login.services.UserService - getAllUsers: Retrieved 5 users.
2025-03-14 04:56:56 [http-nio-8081-exec-5] DEBUG o.s.w.s.m.m.a.HttpEntityMethodProcessor - Using 'application/json', given [*/*] and supported [application/json, application/*+json]
2025-03-14 04:56:56 [http-nio-8081-exec-5] DEBUG o.s.w.s.m.m.a.HttpEntityMethodProcessor - Writing [[org.guidewire.login.dto.responses.UserResponse@4a908ffc, org.guidewire.login.dto.responses.UserResp (truncated)...]
2025-03-14 04:56:56 [http-nio-8081-exec-5] DEBUG o.s.o.j.s.OpenEntityManagerInViewInterceptor - Closing JPA EntityManager in OpenEntityManagerInViewInterceptor
2025-03-14 04:56:56 [http-nio-8081-exec-5] DEBUG o.s.web.servlet.DispatcherServlet - Completed 200 OK
2025-03-14 04:56:56 [http-nio-8081-exec-4] DEBUG o.s.security.web.FilterChainProxy - Securing GET /api/auth/user/details
2025-03-14 04:56:56 [http-nio-8081-exec-4] DEBUG o.g.l.s.JwtAuthenticationFilter - doFilterInternal: No valid Authorization header found, skipping JWT processing.
2025-03-14 04:56:56 [http-nio-8081-exec-4] DEBUG o.s.s.w.a.AnonymousAuthenticationFilter - Set SecurityContextHolder to anonymous SecurityContext
2025-03-14 04:56:56 [http-nio-8081-exec-4] DEBUG o.s.security.web.FilterChainProxy - Secured GET /api/auth/user/details
2025-03-14 04:56:56 [http-nio-8081-exec-4] DEBUG o.s.web.servlet.DispatcherServlet - GET "/api/auth/user/details", parameters={}
2025-03-14 04:56:56 [http-nio-8081-exec-4] DEBUG o.s.w.s.m.m.a.RequestMappingHandlerMapping - Mapped to org.guidewire.login.controller.AuthController#fetchUserDetails(List)
2025-03-14 04:56:56 [http-nio-8081-exec-4] DEBUG o.s.o.j.s.OpenEntityManagerInViewInterceptor - Opening JPA EntityManager in OpenEntityManagerInViewInterceptor
2025-03-14 04:56:56 [http-nio-8081-exec-4] DEBUG o.s.w.s.m.m.a.RequestResponseBodyMethodProcessor - Read "application/json;charset=UTF-8" to [[null]]
2025-03-14 04:56:56 [http-nio-8081-exec-4] INFO  o.g.login.controller.AuthController - fetchUserDetails: Fetching details for users with IDs: [null]
2025-03-14 04:56:56 [http-nio-8081-exec-4] DEBUG o.s.orm.jpa.JpaTransactionManager - Found thread-bound EntityManager [SessionImpl(1204387975<open>)] for JPA transaction
2025-03-14 04:56:56 [http-nio-8081-exec-4] DEBUG o.s.orm.jpa.JpaTransactionManager - Creating new transaction with name [org.springframework.data.jpa.repository.support.SimpleJpaRepository.findAllById]: PROPAGATION_REQUIRED,ISOLATION_DEFAULT,readOnly
2025-03-14 04:56:56 [http-nio-8081-exec-4] DEBUG o.s.jdbc.datasource.DataSourceUtils - Setting JDBC Connection [HikariProxyConnection@1997836281 wrapping org.postgresql.jdbc.PgConnection@55a29f3] read-only
2025-03-14 04:56:56 [http-nio-8081-exec-4] DEBUG o.s.orm.jpa.JpaTransactionManager - Exposing JPA transaction as JDBC [org.springframework.orm.jpa.vendor.HibernateJpaDialect$HibernateConnectionHandle@498a2e39]
2025-03-14 04:56:56 [http-nio-8081-exec-4] DEBUG org.hibernate.SQL - select u1_0.id,u1_0.created_at,u1_0.email,u1_0.password,u1_0.updated_at,u1_0.username from users u1_0 where u1_0.id in (?)
2025-03-14 04:56:56 [http-nio-8081-exec-4] DEBUG o.s.orm.jpa.JpaTransactionManager - Initiating transaction commit
2025-03-14 04:56:56 [http-nio-8081-exec-4] DEBUG o.s.orm.jpa.JpaTransactionManager - Committing JPA transaction on EntityManager [SessionImpl(1204387975<open>)]
2025-03-14 04:56:56 [http-nio-8081-exec-4] DEBUG o.s.jdbc.datasource.DataSourceUtils - Resetting read-only flag of JDBC Connection [HikariProxyConnection@1997836281 wrapping org.postgresql.jdbc.PgConnection@55a29f3]
2025-03-14 04:56:56 [http-nio-8081-exec-4] DEBUG o.s.orm.jpa.JpaTransactionManager - Not closing pre-bound JPA EntityManager after transaction
2025-03-14 04:56:56 [http-nio-8081-exec-4] INFO  o.g.login.controller.AuthController - fetchUserDetails: Returning user details for users: []
2025-03-14 04:56:56 [http-nio-8081-exec-4] DEBUG o.s.w.s.m.m.a.HttpEntityMethodProcessor - Using 'application/json', given [*/*] and supported [application/json, application/*+json]
2025-03-14 04:56:56 [http-nio-8081-exec-4] DEBUG o.s.w.s.m.m.a.HttpEntityMethodProcessor - Writing [[]]
2025-03-14 04:56:56 [http-nio-8081-exec-4] DEBUG o.s.o.j.s.OpenEntityManagerInViewInterceptor - Closing JPA EntityManager in OpenEntityManagerInViewInterceptor
2025-03-14 04:56:56 [http-nio-8081-exec-4] DEBUG o.s.web.servlet.DispatcherServlet - Completed 200 OK
2025-03-14 04:57:35 [http-nio-8081-exec-6] DEBUG o.s.security.web.FilterChainProxy - Securing GET /api/auth/check-admin
2025-03-14 04:57:35 [http-nio-8081-exec-6] INFO  o.g.l.s.JwtAuthenticationFilter - doFilterInternal: Extracted username 'admin' from token.
2025-03-14 04:57:35 [http-nio-8081-exec-6] INFO  o.g.l.s.CustomUserDetailsService - loadUserByUsername: Searching for user: admin
2025-03-14 04:57:35 [http-nio-8081-exec-6] DEBUG o.s.o.j.SharedEntityManagerCreator$SharedEntityManagerInvocationHandler - Creating new EntityManager for shared EntityManager invocation
2025-03-14 04:57:35 [http-nio-8081-exec-6] DEBUG org.hibernate.SQL - select u1_0.id,u1_0.created_at,u1_0.email,u1_0.password,u1_0.updated_at,u1_0.username from users u1_0 where u1_0.username=?
2025-03-14 04:57:35 [http-nio-8081-exec-6] DEBUG org.hibernate.SQL - select r1_0.user_id,r1_1.id,r1_1.created_at,r1_1.name,p1_0.role_id,p1_1.id,p1_1.created_at,p1_1.description,p1_1.name,p1_1.updated_at,r1_1.updated_at from user_roles r1_0 join roles r1_1 on r1_1.id=r1_0.role_id left join role_permissions p1_0 on r1_1.id=p1_0.role_id left join permissions p1_1 on p1_1.id=p1_0.permission_id where r1_0.user_id=?
2025-03-14 04:57:35 [http-nio-8081-exec-6] INFO  o.g.l.s.CustomUserDetailsService - loadUserByUsername: User admin found with roles: [org.guidewire.login.model.Role@9ddb04f]
2025-03-14 04:57:35 [http-nio-8081-exec-6] INFO  o.g.login.security.CustomUserDetails - Initializing CustomUserDetails for user: admin
2025-03-14 04:57:35 [http-nio-8081-exec-6] DEBUG o.g.login.security.CustomUserDetails - User admin has roles: [ADMIN]
2025-03-14 04:57:35 [http-nio-8081-exec-6] DEBUG o.g.login.security.CustomUserDetails - User admin has permissions: [DELETE_TASK, CREATE_TASK, CLOSE_TASK, VIEW_TASK, ASSIGN_TASK, COMMENT_TASK, EDIT_TASK]
2025-03-14 04:57:35 [http-nio-8081-exec-6] INFO  o.g.login.security.CustomUserDetails - CustomUserDetails initialized successfully for user: admin
2025-03-14 04:57:35 [http-nio-8081-exec-6] INFO  o.guidewire.login.security.JwtUtil - validateToken:JWT validated successfully for user: admin
2025-03-14 04:57:35 [http-nio-8081-exec-6] DEBUG o.g.login.security.CustomUserDetails - Fetching authorities for user: admin
2025-03-14 04:57:35 [http-nio-8081-exec-6] INFO  o.g.l.s.JwtAuthenticationFilter - doFilterInternal: Authentication successful for user 'admin'.
2025-03-14 04:57:35 [http-nio-8081-exec-6] DEBUG o.s.security.web.FilterChainProxy - Secured GET /api/auth/check-admin
2025-03-14 04:57:35 [http-nio-8081-exec-6] DEBUG o.s.web.servlet.DispatcherServlet - GET "/api/auth/check-admin", parameters={}
2025-03-14 04:57:35 [http-nio-8081-exec-6] DEBUG o.s.w.s.m.m.a.RequestMappingHandlerMapping - Mapped to org.guidewire.login.controller.AuthController#checkIfAdmin(UserDetails)
2025-03-14 04:57:35 [http-nio-8081-exec-6] DEBUG o.s.o.j.s.OpenEntityManagerInViewInterceptor - Opening JPA EntityManager in OpenEntityManagerInViewInterceptor
2025-03-14 04:57:35 [http-nio-8081-exec-6] DEBUG o.g.login.security.CustomUserDetails - Fetching authorities for user: admin
2025-03-14 04:57:35 [http-nio-8081-exec-6] DEBUG o.s.w.s.m.m.a.HttpEntityMethodProcessor - Using 'application/json', given [*/*] and supported [application/json, application/*+json]
2025-03-14 04:57:35 [http-nio-8081-exec-6] DEBUG o.s.w.s.m.m.a.HttpEntityMethodProcessor - Writing [org.guidewire.login.dto.responses.UserRoleResponse@2159b76f]
2025-03-14 04:57:35 [http-nio-8081-exec-6] DEBUG o.s.o.j.s.OpenEntityManagerInViewInterceptor - Closing JPA EntityManager in OpenEntityManagerInViewInterceptor
2025-03-14 04:57:35 [http-nio-8081-exec-6] DEBUG o.s.web.servlet.DispatcherServlet - Completed 200 OK
2025-03-14 04:57:35 [http-nio-8081-exec-7] DEBUG o.s.security.web.FilterChainProxy - Securing GET /api/auth/users/list
2025-03-14 04:57:35 [http-nio-8081-exec-7] INFO  o.g.l.s.JwtAuthenticationFilter - doFilterInternal: Extracted username 'admin' from token.
2025-03-14 04:57:35 [http-nio-8081-exec-7] INFO  o.g.l.s.CustomUserDetailsService - loadUserByUsername: Searching for user: admin
2025-03-14 04:57:35 [http-nio-8081-exec-7] DEBUG o.s.o.j.SharedEntityManagerCreator$SharedEntityManagerInvocationHandler - Creating new EntityManager for shared EntityManager invocation
2025-03-14 04:57:35 [http-nio-8081-exec-7] DEBUG org.hibernate.SQL - select u1_0.id,u1_0.created_at,u1_0.email,u1_0.password,u1_0.updated_at,u1_0.username from users u1_0 where u1_0.username=?
2025-03-14 04:57:35 [http-nio-8081-exec-7] DEBUG org.hibernate.SQL - select r1_0.user_id,r1_1.id,r1_1.created_at,r1_1.name,p1_0.role_id,p1_1.id,p1_1.created_at,p1_1.description,p1_1.name,p1_1.updated_at,r1_1.updated_at from user_roles r1_0 join roles r1_1 on r1_1.id=r1_0.role_id left join role_permissions p1_0 on r1_1.id=p1_0.role_id left join permissions p1_1 on p1_1.id=p1_0.permission_id where r1_0.user_id=?
2025-03-14 04:57:35 [http-nio-8081-exec-7] INFO  o.g.l.s.CustomUserDetailsService - loadUserByUsername: User admin found with roles: [org.guidewire.login.model.Role@19fb497a]
2025-03-14 04:57:35 [http-nio-8081-exec-7] INFO  o.g.login.security.CustomUserDetails - Initializing CustomUserDetails for user: admin
2025-03-14 04:57:35 [http-nio-8081-exec-7] DEBUG o.g.login.security.CustomUserDetails - User admin has roles: [ADMIN]
2025-03-14 04:57:35 [http-nio-8081-exec-7] DEBUG o.g.login.security.CustomUserDetails - User admin has permissions: [DELETE_TASK, CREATE_TASK, VIEW_TASK, CLOSE_TASK, COMMENT_TASK, ASSIGN_TASK, EDIT_TASK]
2025-03-14 04:57:35 [http-nio-8081-exec-7] INFO  o.g.login.security.CustomUserDetails - CustomUserDetails initialized successfully for user: admin
2025-03-14 04:57:35 [http-nio-8081-exec-7] INFO  o.guidewire.login.security.JwtUtil - validateToken:JWT validated successfully for user: admin
2025-03-14 04:57:35 [http-nio-8081-exec-7] DEBUG o.g.login.security.CustomUserDetails - Fetching authorities for user: admin
2025-03-14 04:57:35 [http-nio-8081-exec-7] INFO  o.g.l.s.JwtAuthenticationFilter - doFilterInternal: Authentication successful for user 'admin'.
2025-03-14 04:57:35 [http-nio-8081-exec-7] DEBUG o.s.security.web.FilterChainProxy - Secured GET /api/auth/users/list
2025-03-14 04:57:35 [http-nio-8081-exec-7] DEBUG o.s.web.servlet.DispatcherServlet - GET "/api/auth/users/list", parameters={}
2025-03-14 04:57:35 [http-nio-8081-exec-7] DEBUG o.s.w.s.m.m.a.RequestMappingHandlerMapping - Mapped to org.guidewire.login.controller.UserController#getAllUsers()
2025-03-14 04:57:35 [http-nio-8081-exec-7] DEBUG o.s.o.j.s.OpenEntityManagerInViewInterceptor - Opening JPA EntityManager in OpenEntityManagerInViewInterceptor
2025-03-14 04:57:35 [http-nio-8081-exec-7] INFO  o.g.login.services.UserService - getAllUsers: Fetching all users from the database.
2025-03-14 04:57:35 [http-nio-8081-exec-7] DEBUG o.s.orm.jpa.JpaTransactionManager - Found thread-bound EntityManager [SessionImpl(1662503125<open>)] for JPA transaction
2025-03-14 04:57:35 [http-nio-8081-exec-7] DEBUG o.s.orm.jpa.JpaTransactionManager - Creating new transaction with name [org.springframework.data.jpa.repository.support.SimpleJpaRepository.findAll]: PROPAGATION_REQUIRED,ISOLATION_DEFAULT,readOnly
2025-03-14 04:57:35 [http-nio-8081-exec-7] DEBUG o.s.jdbc.datasource.DataSourceUtils - Setting JDBC Connection [HikariProxyConnection@1834493439 wrapping org.postgresql.jdbc.PgConnection@65c50853] read-only
2025-03-14 04:57:35 [http-nio-8081-exec-7] DEBUG o.s.orm.jpa.JpaTransactionManager - Exposing JPA transaction as JDBC [org.springframework.orm.jpa.vendor.HibernateJpaDialect$HibernateConnectionHandle@fbf8e72]
2025-03-14 04:57:35 [http-nio-8081-exec-7] DEBUG org.hibernate.SQL - select u1_0.id,u1_0.created_at,u1_0.email,u1_0.password,u1_0.updated_at,u1_0.username from users u1_0
2025-03-14 04:57:35 [http-nio-8081-exec-7] DEBUG org.hibernate.SQL - select r1_0.user_id,r1_1.id,r1_1.created_at,r1_1.name,p1_0.role_id,p1_1.id,p1_1.created_at,p1_1.description,p1_1.name,p1_1.updated_at,r1_1.updated_at from user_roles r1_0 join roles r1_1 on r1_1.id=r1_0.role_id left join role_permissions p1_0 on r1_1.id=p1_0.role_id left join permissions p1_1 on p1_1.id=p1_0.permission_id where r1_0.user_id=?
2025-03-14 04:57:35 [http-nio-8081-exec-7] DEBUG org.hibernate.SQL - select r1_0.user_id,r1_1.id,r1_1.created_at,r1_1.name,p1_0.role_id,p1_1.id,p1_1.created_at,p1_1.description,p1_1.name,p1_1.updated_at,r1_1.updated_at from user_roles r1_0 join roles r1_1 on r1_1.id=r1_0.role_id left join role_permissions p1_0 on r1_1.id=p1_0.role_id left join permissions p1_1 on p1_1.id=p1_0.permission_id where r1_0.user_id=?
2025-03-14 04:57:35 [http-nio-8081-exec-7] DEBUG org.hibernate.SQL - select r1_0.user_id,r1_1.id,r1_1.created_at,r1_1.name,p1_0.role_id,p1_1.id,p1_1.created_at,p1_1.description,p1_1.name,p1_1.updated_at,r1_1.updated_at from user_roles r1_0 join roles r1_1 on r1_1.id=r1_0.role_id left join role_permissions p1_0 on r1_1.id=p1_0.role_id left join permissions p1_1 on p1_1.id=p1_0.permission_id where r1_0.user_id=?
2025-03-14 04:57:35 [http-nio-8081-exec-7] DEBUG org.hibernate.SQL - select r1_0.user_id,r1_1.id,r1_1.created_at,r1_1.name,p1_0.role_id,p1_1.id,p1_1.created_at,p1_1.description,p1_1.name,p1_1.updated_at,r1_1.updated_at from user_roles r1_0 join roles r1_1 on r1_1.id=r1_0.role_id left join role_permissions p1_0 on r1_1.id=p1_0.role_id left join permissions p1_1 on p1_1.id=p1_0.permission_id where r1_0.user_id=?
2025-03-14 04:57:35 [http-nio-8081-exec-7] DEBUG org.hibernate.SQL - select r1_0.user_id,r1_1.id,r1_1.created_at,r1_1.name,p1_0.role_id,p1_1.id,p1_1.created_at,p1_1.description,p1_1.name,p1_1.updated_at,r1_1.updated_at from user_roles r1_0 join roles r1_1 on r1_1.id=r1_0.role_id left join role_permissions p1_0 on r1_1.id=p1_0.role_id left join permissions p1_1 on p1_1.id=p1_0.permission_id where r1_0.user_id=?
2025-03-14 04:57:35 [http-nio-8081-exec-7] DEBUG o.s.orm.jpa.JpaTransactionManager - Initiating transaction commit
2025-03-14 04:57:35 [http-nio-8081-exec-7] DEBUG o.s.orm.jpa.JpaTransactionManager - Committing JPA transaction on EntityManager [SessionImpl(1662503125<open>)]
2025-03-14 04:57:35 [http-nio-8081-exec-7] DEBUG o.s.jdbc.datasource.DataSourceUtils - Resetting read-only flag of JDBC Connection [HikariProxyConnection@1834493439 wrapping org.postgresql.jdbc.PgConnection@65c50853]
2025-03-14 04:57:35 [http-nio-8081-exec-7] DEBUG o.s.orm.jpa.JpaTransactionManager - Not closing pre-bound JPA EntityManager after transaction
2025-03-14 04:57:35 [http-nio-8081-exec-7] INFO  o.g.login.services.UserService - getAllUsers: Retrieved 5 users.
2025-03-14 04:57:35 [http-nio-8081-exec-7] DEBUG o.s.w.s.m.m.a.HttpEntityMethodProcessor - Using 'application/json', given [*/*] and supported [application/json, application/*+json]
2025-03-14 04:57:35 [http-nio-8081-exec-7] DEBUG o.s.w.s.m.m.a.HttpEntityMethodProcessor - Writing [[org.guidewire.login.dto.responses.UserResponse@67b51dac, org.guidewire.login.dto.responses.UserResp (truncated)...]
2025-03-14 04:57:35 [http-nio-8081-exec-7] DEBUG o.s.o.j.s.OpenEntityManagerInViewInterceptor - Closing JPA EntityManager in OpenEntityManagerInViewInterceptor
2025-03-14 04:57:35 [http-nio-8081-exec-7] DEBUG o.s.web.servlet.DispatcherServlet - Completed 200 OK
2025-03-14 04:57:35 [http-nio-8081-exec-8] DEBUG o.s.security.web.FilterChainProxy - Securing GET /api/auth/current/user
2025-03-14 04:57:35 [http-nio-8081-exec-8] INFO  o.g.l.s.JwtAuthenticationFilter - doFilterInternal: Extracted username 'admin' from token.
2025-03-14 04:57:35 [http-nio-8081-exec-8] INFO  o.g.l.s.CustomUserDetailsService - loadUserByUsername: Searching for user: admin
2025-03-14 04:57:35 [http-nio-8081-exec-8] DEBUG o.s.o.j.SharedEntityManagerCreator$SharedEntityManagerInvocationHandler - Creating new EntityManager for shared EntityManager invocation
2025-03-14 04:57:35 [http-nio-8081-exec-8] DEBUG org.hibernate.SQL - select u1_0.id,u1_0.created_at,u1_0.email,u1_0.password,u1_0.updated_at,u1_0.username from users u1_0 where u1_0.username=?
2025-03-14 04:57:35 [http-nio-8081-exec-8] DEBUG org.hibernate.SQL - select r1_0.user_id,r1_1.id,r1_1.created_at,r1_1.name,p1_0.role_id,p1_1.id,p1_1.created_at,p1_1.description,p1_1.name,p1_1.updated_at,r1_1.updated_at from user_roles r1_0 join roles r1_1 on r1_1.id=r1_0.role_id left join role_permissions p1_0 on r1_1.id=p1_0.role_id left join permissions p1_1 on p1_1.id=p1_0.permission_id where r1_0.user_id=?
2025-03-14 04:57:35 [http-nio-8081-exec-8] INFO  o.g.l.s.CustomUserDetailsService - loadUserByUsername: User admin found with roles: [org.guidewire.login.model.Role@abae471]
2025-03-14 04:57:35 [http-nio-8081-exec-8] INFO  o.g.login.security.CustomUserDetails - Initializing CustomUserDetails for user: admin
2025-03-14 04:57:35 [http-nio-8081-exec-8] DEBUG o.g.login.security.CustomUserDetails - User admin has roles: [ADMIN]
2025-03-14 04:57:35 [http-nio-8081-exec-8] DEBUG o.g.login.security.CustomUserDetails - User admin has permissions: [DELETE_TASK, CREATE_TASK, CLOSE_TASK, VIEW_TASK, COMMENT_TASK, ASSIGN_TASK, EDIT_TASK]
2025-03-14 04:57:35 [http-nio-8081-exec-8] INFO  o.g.login.security.CustomUserDetails - CustomUserDetails initialized successfully for user: admin
2025-03-14 04:57:35 [http-nio-8081-exec-8] INFO  o.guidewire.login.security.JwtUtil - validateToken:JWT validated successfully for user: admin
2025-03-14 04:57:35 [http-nio-8081-exec-8] DEBUG o.g.login.security.CustomUserDetails - Fetching authorities for user: admin
2025-03-14 04:57:35 [http-nio-8081-exec-8] INFO  o.g.l.s.JwtAuthenticationFilter - doFilterInternal: Authentication successful for user 'admin'.
2025-03-14 04:57:35 [http-nio-8081-exec-8] DEBUG o.s.security.web.FilterChainProxy - Secured GET /api/auth/current/user
2025-03-14 04:57:35 [http-nio-8081-exec-8] DEBUG o.s.web.servlet.DispatcherServlet - GET "/api/auth/current/user", parameters={}
2025-03-14 04:57:35 [http-nio-8081-exec-8] DEBUG o.s.w.s.m.m.a.RequestMappingHandlerMapping - Mapped to org.guidewire.login.controller.AuthController#getCurrentUser(Principal)
2025-03-14 04:57:35 [http-nio-8081-exec-8] DEBUG o.s.o.j.s.OpenEntityManagerInViewInterceptor - Opening JPA EntityManager in OpenEntityManagerInViewInterceptor
2025-03-14 04:57:35 [http-nio-8081-exec-8] INFO  o.g.login.controller.AuthController - getCurrentUser: Fetching details for user: admin
2025-03-14 04:57:35 [http-nio-8081-exec-8] DEBUG o.g.login.services.AuthService - getUserDetails:Fetching user details for: admin
2025-03-14 04:57:35 [http-nio-8081-exec-8] DEBUG org.hibernate.SQL - select u1_0.id,u1_0.created_at,u1_0.email,u1_0.password,u1_0.updated_at,u1_0.username from users u1_0 where u1_0.username=?
2025-03-14 04:57:35 [http-nio-8081-exec-8] DEBUG org.hibernate.SQL - select r1_0.user_id,r1_1.id,r1_1.created_at,r1_1.name,p1_0.role_id,p1_1.id,p1_1.created_at,p1_1.description,p1_1.name,p1_1.updated_at,r1_1.updated_at from user_roles r1_0 join roles r1_1 on r1_1.id=r1_0.role_id left join role_permissions p1_0 on r1_1.id=p1_0.role_id left join permissions p1_1 on p1_1.id=p1_0.permission_id where r1_0.user_id=?
2025-03-14 04:57:35 [http-nio-8081-exec-8] INFO  o.g.login.controller.AuthController - getCurrentUser: Returning user details for admin
2025-03-14 04:57:35 [http-nio-8081-exec-8] DEBUG o.s.w.s.m.m.a.HttpEntityMethodProcessor - Using 'application/json', given [*/*] and supported [application/json, application/*+json]
2025-03-14 04:57:35 [http-nio-8081-exec-8] DEBUG o.s.w.s.m.m.a.HttpEntityMethodProcessor - Writing [org.guidewire.login.dto.responses.UserResponse@203c68b1]
2025-03-14 04:57:35 [http-nio-8081-exec-8] DEBUG o.s.o.j.s.OpenEntityManagerInViewInterceptor - Closing JPA EntityManager in OpenEntityManagerInViewInterceptor
2025-03-14 04:57:35 [http-nio-8081-exec-8] DEBUG o.s.web.servlet.DispatcherServlet - Completed 200 OK
2025-03-14 04:57:46 [http-nio-8081-exec-9] DEBUG o.s.security.web.FilterChainProxy - Securing GET /api/auth/users/list
2025-03-14 04:57:46 [http-nio-8081-exec-9] INFO  o.g.l.s.JwtAuthenticationFilter - doFilterInternal: Extracted username 'admin' from token.
2025-03-14 04:57:46 [http-nio-8081-exec-9] INFO  o.g.l.s.CustomUserDetailsService - loadUserByUsername: Searching for user: admin
2025-03-14 04:57:46 [http-nio-8081-exec-9] DEBUG o.s.o.j.SharedEntityManagerCreator$SharedEntityManagerInvocationHandler - Creating new EntityManager for shared EntityManager invocation
2025-03-14 04:57:46 [http-nio-8081-exec-9] DEBUG org.hibernate.SQL - select u1_0.id,u1_0.created_at,u1_0.email,u1_0.password,u1_0.updated_at,u1_0.username from users u1_0 where u1_0.username=?
2025-03-14 04:57:46 [http-nio-8081-exec-9] DEBUG org.hibernate.SQL - select r1_0.user_id,r1_1.id,r1_1.created_at,r1_1.name,p1_0.role_id,p1_1.id,p1_1.created_at,p1_1.description,p1_1.name,p1_1.updated_at,r1_1.updated_at from user_roles r1_0 join roles r1_1 on r1_1.id=r1_0.role_id left join role_permissions p1_0 on r1_1.id=p1_0.role_id left join permissions p1_1 on p1_1.id=p1_0.permission_id where r1_0.user_id=?
2025-03-14 04:57:46 [http-nio-8081-exec-9] INFO  o.g.l.s.CustomUserDetailsService - loadUserByUsername: User admin found with roles: [org.guidewire.login.model.Role@44e820ec]
2025-03-14 04:57:46 [http-nio-8081-exec-9] INFO  o.g.login.security.CustomUserDetails - Initializing CustomUserDetails for user: admin
2025-03-14 04:57:46 [http-nio-8081-exec-9] DEBUG o.g.login.security.CustomUserDetails - User admin has roles: [ADMIN]
2025-03-14 04:57:46 [http-nio-8081-exec-9] DEBUG o.g.login.security.CustomUserDetails - User admin has permissions: [DELETE_TASK, CREATE_TASK, CLOSE_TASK, VIEW_TASK, COMMENT_TASK, ASSIGN_TASK, EDIT_TASK]
2025-03-14 04:57:46 [http-nio-8081-exec-9] INFO  o.g.login.security.CustomUserDetails - CustomUserDetails initialized successfully for user: admin
2025-03-14 04:57:46 [http-nio-8081-exec-9] INFO  o.guidewire.login.security.JwtUtil - validateToken:JWT validated successfully for user: admin
2025-03-14 04:57:46 [http-nio-8081-exec-9] DEBUG o.g.login.security.CustomUserDetails - Fetching authorities for user: admin
2025-03-14 04:57:46 [http-nio-8081-exec-9] INFO  o.g.l.s.JwtAuthenticationFilter - doFilterInternal: Authentication successful for user 'admin'.
2025-03-14 04:57:46 [http-nio-8081-exec-9] DEBUG o.s.security.web.FilterChainProxy - Secured GET /api/auth/users/list
2025-03-14 04:57:46 [http-nio-8081-exec-9] DEBUG o.s.web.servlet.DispatcherServlet - GET "/api/auth/users/list", parameters={}
2025-03-14 04:57:46 [http-nio-8081-exec-9] DEBUG o.s.w.s.m.m.a.RequestMappingHandlerMapping - Mapped to org.guidewire.login.controller.UserController#getAllUsers()
2025-03-14 04:57:46 [http-nio-8081-exec-9] DEBUG o.s.o.j.s.OpenEntityManagerInViewInterceptor - Opening JPA EntityManager in OpenEntityManagerInViewInterceptor
2025-03-14 04:57:46 [http-nio-8081-exec-9] INFO  o.g.login.services.UserService - getAllUsers: Fetching all users from the database.
2025-03-14 04:57:46 [http-nio-8081-exec-9] DEBUG o.s.orm.jpa.JpaTransactionManager - Found thread-bound EntityManager [SessionImpl(861454066<open>)] for JPA transaction
2025-03-14 04:57:46 [http-nio-8081-exec-9] DEBUG o.s.orm.jpa.JpaTransactionManager - Creating new transaction with name [org.springframework.data.jpa.repository.support.SimpleJpaRepository.findAll]: PROPAGATION_REQUIRED,ISOLATION_DEFAULT,readOnly
2025-03-14 04:57:46 [http-nio-8081-exec-9] DEBUG o.s.jdbc.datasource.DataSourceUtils - Setting JDBC Connection [HikariProxyConnection@350758745 wrapping org.postgresql.jdbc.PgConnection@7c647a16] read-only
2025-03-14 04:57:46 [http-nio-8081-exec-9] DEBUG o.s.orm.jpa.JpaTransactionManager - Exposing JPA transaction as JDBC [org.springframework.orm.jpa.vendor.HibernateJpaDialect$HibernateConnectionHandle@159a8f65]
2025-03-14 04:57:46 [http-nio-8081-exec-9] DEBUG org.hibernate.SQL - select u1_0.id,u1_0.created_at,u1_0.email,u1_0.password,u1_0.updated_at,u1_0.username from users u1_0
2025-03-14 04:57:46 [http-nio-8081-exec-9] DEBUG org.hibernate.SQL - select r1_0.user_id,r1_1.id,r1_1.created_at,r1_1.name,p1_0.role_id,p1_1.id,p1_1.created_at,p1_1.description,p1_1.name,p1_1.updated_at,r1_1.updated_at from user_roles r1_0 join roles r1_1 on r1_1.id=r1_0.role_id left join role_permissions p1_0 on r1_1.id=p1_0.role_id left join permissions p1_1 on p1_1.id=p1_0.permission_id where r1_0.user_id=?
2025-03-14 04:57:46 [http-nio-8081-exec-9] DEBUG org.hibernate.SQL - select r1_0.user_id,r1_1.id,r1_1.created_at,r1_1.name,p1_0.role_id,p1_1.id,p1_1.created_at,p1_1.description,p1_1.name,p1_1.updated_at,r1_1.updated_at from user_roles r1_0 join roles r1_1 on r1_1.id=r1_0.role_id left join role_permissions p1_0 on r1_1.id=p1_0.role_id left join permissions p1_1 on p1_1.id=p1_0.permission_id where r1_0.user_id=?
2025-03-14 04:57:46 [http-nio-8081-exec-9] DEBUG org.hibernate.SQL - select r1_0.user_id,r1_1.id,r1_1.created_at,r1_1.name,p1_0.role_id,p1_1.id,p1_1.created_at,p1_1.description,p1_1.name,p1_1.updated_at,r1_1.updated_at from user_roles r1_0 join roles r1_1 on r1_1.id=r1_0.role_id left join role_permissions p1_0 on r1_1.id=p1_0.role_id left join permissions p1_1 on p1_1.id=p1_0.permission_id where r1_0.user_id=?
2025-03-14 04:57:46 [http-nio-8081-exec-9] DEBUG org.hibernate.SQL - select r1_0.user_id,r1_1.id,r1_1.created_at,r1_1.name,p1_0.role_id,p1_1.id,p1_1.created_at,p1_1.description,p1_1.name,p1_1.updated_at,r1_1.updated_at from user_roles r1_0 join roles r1_1 on r1_1.id=r1_0.role_id left join role_permissions p1_0 on r1_1.id=p1_0.role_id left join permissions p1_1 on p1_1.id=p1_0.permission_id where r1_0.user_id=?
2025-03-14 04:57:46 [http-nio-8081-exec-9] DEBUG org.hibernate.SQL - select r1_0.user_id,r1_1.id,r1_1.created_at,r1_1.name,p1_0.role_id,p1_1.id,p1_1.created_at,p1_1.description,p1_1.name,p1_1.updated_at,r1_1.updated_at from user_roles r1_0 join roles r1_1 on r1_1.id=r1_0.role_id left join role_permissions p1_0 on r1_1.id=p1_0.role_id left join permissions p1_1 on p1_1.id=p1_0.permission_id where r1_0.user_id=?
2025-03-14 04:57:46 [http-nio-8081-exec-9] DEBUG o.s.orm.jpa.JpaTransactionManager - Initiating transaction commit
2025-03-14 04:57:46 [http-nio-8081-exec-9] DEBUG o.s.orm.jpa.JpaTransactionManager - Committing JPA transaction on EntityManager [SessionImpl(861454066<open>)]
2025-03-14 04:57:46 [http-nio-8081-exec-9] DEBUG o.s.jdbc.datasource.DataSourceUtils - Resetting read-only flag of JDBC Connection [HikariProxyConnection@350758745 wrapping org.postgresql.jdbc.PgConnection@7c647a16]
2025-03-14 04:57:46 [http-nio-8081-exec-9] DEBUG o.s.orm.jpa.JpaTransactionManager - Not closing pre-bound JPA EntityManager after transaction
2025-03-14 04:57:46 [http-nio-8081-exec-9] INFO  o.g.login.services.UserService - getAllUsers: Retrieved 5 users.
2025-03-14 04:57:46 [http-nio-8081-exec-9] DEBUG o.s.w.s.m.m.a.HttpEntityMethodProcessor - Using 'application/json', given [*/*] and supported [application/json, application/*+json]
2025-03-14 04:57:46 [http-nio-8081-exec-9] DEBUG o.s.w.s.m.m.a.HttpEntityMethodProcessor - Writing [[org.guidewire.login.dto.responses.UserResponse@537a1a67, org.guidewire.login.dto.responses.UserResp (truncated)...]
2025-03-14 04:57:46 [http-nio-8081-exec-9] DEBUG o.s.o.j.s.OpenEntityManagerInViewInterceptor - Closing JPA EntityManager in OpenEntityManagerInViewInterceptor
2025-03-14 04:57:46 [http-nio-8081-exec-9] DEBUG o.s.web.servlet.DispatcherServlet - Completed 200 OK
2025-03-14 04:57:46 [http-nio-8081-exec-1] DEBUG o.s.security.web.FilterChainProxy - Securing GET /api/auth/user/details
2025-03-14 04:57:46 [http-nio-8081-exec-1] DEBUG o.g.l.s.JwtAuthenticationFilter - doFilterInternal: No valid Authorization header found, skipping JWT processing.
2025-03-14 04:57:46 [http-nio-8081-exec-1] DEBUG o.s.s.w.a.AnonymousAuthenticationFilter - Set SecurityContextHolder to anonymous SecurityContext
2025-03-14 04:57:46 [http-nio-8081-exec-1] DEBUG o.s.security.web.FilterChainProxy - Secured GET /api/auth/user/details
2025-03-14 04:57:46 [http-nio-8081-exec-1] DEBUG o.s.web.servlet.DispatcherServlet - GET "/api/auth/user/details", parameters={}
2025-03-14 04:57:46 [http-nio-8081-exec-1] DEBUG o.s.w.s.m.m.a.RequestMappingHandlerMapping - Mapped to org.guidewire.login.controller.AuthController#fetchUserDetails(List)
2025-03-14 04:57:46 [http-nio-8081-exec-1] DEBUG o.s.o.j.s.OpenEntityManagerInViewInterceptor - Opening JPA EntityManager in OpenEntityManagerInViewInterceptor
2025-03-14 04:57:46 [http-nio-8081-exec-1] DEBUG o.s.w.s.m.m.a.RequestResponseBodyMethodProcessor - Read "application/json;charset=UTF-8" to [[null]]
2025-03-14 04:57:46 [http-nio-8081-exec-1] INFO  o.g.login.controller.AuthController - fetchUserDetails: Fetching details for users with IDs: [null]
2025-03-14 04:57:46 [http-nio-8081-exec-1] DEBUG o.s.orm.jpa.JpaTransactionManager - Found thread-bound EntityManager [SessionImpl(1996647277<open>)] for JPA transaction
2025-03-14 04:57:46 [http-nio-8081-exec-1] DEBUG o.s.orm.jpa.JpaTransactionManager - Creating new transaction with name [org.springframework.data.jpa.repository.support.SimpleJpaRepository.findAllById]: PROPAGATION_REQUIRED,ISOLATION_DEFAULT,readOnly
2025-03-14 04:57:46 [http-nio-8081-exec-1] DEBUG o.s.jdbc.datasource.DataSourceUtils - Setting JDBC Connection [HikariProxyConnection@650389557 wrapping org.postgresql.jdbc.PgConnection@7c647a16] read-only
2025-03-14 04:57:46 [http-nio-8081-exec-1] DEBUG o.s.orm.jpa.JpaTransactionManager - Exposing JPA transaction as JDBC [org.springframework.orm.jpa.vendor.HibernateJpaDialect$HibernateConnectionHandle@66614326]
2025-03-14 04:57:46 [http-nio-8081-exec-1] DEBUG org.hibernate.SQL - select u1_0.id,u1_0.created_at,u1_0.email,u1_0.password,u1_0.updated_at,u1_0.username from users u1_0 where u1_0.id in (?)
2025-03-14 04:57:46 [http-nio-8081-exec-1] DEBUG o.s.orm.jpa.JpaTransactionManager - Initiating transaction commit
2025-03-14 04:57:46 [http-nio-8081-exec-1] DEBUG o.s.orm.jpa.JpaTransactionManager - Committing JPA transaction on EntityManager [SessionImpl(1996647277<open>)]
2025-03-14 04:57:46 [http-nio-8081-exec-1] DEBUG o.s.jdbc.datasource.DataSourceUtils - Resetting read-only flag of JDBC Connection [HikariProxyConnection@650389557 wrapping org.postgresql.jdbc.PgConnection@7c647a16]
2025-03-14 04:57:46 [http-nio-8081-exec-1] DEBUG o.s.orm.jpa.JpaTransactionManager - Not closing pre-bound JPA EntityManager after transaction
2025-03-14 04:57:46 [http-nio-8081-exec-1] INFO  o.g.login.controller.AuthController - fetchUserDetails: Returning user details for users: []
2025-03-14 04:57:46 [http-nio-8081-exec-1] DEBUG o.s.w.s.m.m.a.HttpEntityMethodProcessor - Using 'application/json', given [*/*] and supported [application/json, application/*+json]
2025-03-14 04:57:46 [http-nio-8081-exec-1] DEBUG o.s.w.s.m.m.a.HttpEntityMethodProcessor - Writing [[]]
2025-03-14 04:57:46 [http-nio-8081-exec-1] DEBUG o.s.o.j.s.OpenEntityManagerInViewInterceptor - Closing JPA EntityManager in OpenEntityManagerInViewInterceptor
2025-03-14 04:57:46 [http-nio-8081-exec-1] DEBUG o.s.web.servlet.DispatcherServlet - Completed 200 OK
2025-03-14 04:58:21 [http-nio-8081-exec-10] DEBUG o.s.security.web.FilterChainProxy - Securing GET /api/auth/check-admin
2025-03-14 04:58:21 [http-nio-8081-exec-10] INFO  o.g.l.s.JwtAuthenticationFilter - doFilterInternal: Extracted username 'admin' from token.
2025-03-14 04:58:21 [http-nio-8081-exec-10] INFO  o.g.l.s.CustomUserDetailsService - loadUserByUsername: Searching for user: admin
2025-03-14 04:58:21 [http-nio-8081-exec-10] DEBUG o.s.o.j.SharedEntityManagerCreator$SharedEntityManagerInvocationHandler - Creating new EntityManager for shared EntityManager invocation
2025-03-14 04:58:21 [http-nio-8081-exec-10] DEBUG org.hibernate.SQL - select u1_0.id,u1_0.created_at,u1_0.email,u1_0.password,u1_0.updated_at,u1_0.username from users u1_0 where u1_0.username=?
2025-03-14 04:58:21 [http-nio-8081-exec-10] DEBUG org.hibernate.SQL - select r1_0.user_id,r1_1.id,r1_1.created_at,r1_1.name,p1_0.role_id,p1_1.id,p1_1.created_at,p1_1.description,p1_1.name,p1_1.updated_at,r1_1.updated_at from user_roles r1_0 join roles r1_1 on r1_1.id=r1_0.role_id left join role_permissions p1_0 on r1_1.id=p1_0.role_id left join permissions p1_1 on p1_1.id=p1_0.permission_id where r1_0.user_id=?
2025-03-14 04:58:21 [http-nio-8081-exec-10] INFO  o.g.l.s.CustomUserDetailsService - loadUserByUsername: User admin found with roles: [org.guidewire.login.model.Role@347a04d6]
2025-03-14 04:58:21 [http-nio-8081-exec-10] INFO  o.g.login.security.CustomUserDetails - Initializing CustomUserDetails for user: admin
2025-03-14 04:58:21 [http-nio-8081-exec-10] DEBUG o.g.login.security.CustomUserDetails - User admin has roles: [ADMIN]
2025-03-14 04:58:21 [http-nio-8081-exec-10] DEBUG o.g.login.security.CustomUserDetails - User admin has permissions: [DELETE_TASK, CREATE_TASK, VIEW_TASK, CLOSE_TASK, ASSIGN_TASK, COMMENT_TASK, EDIT_TASK]
2025-03-14 04:58:21 [http-nio-8081-exec-10] INFO  o.g.login.security.CustomUserDetails - CustomUserDetails initialized successfully for user: admin
2025-03-14 04:58:21 [http-nio-8081-exec-10] INFO  o.guidewire.login.security.JwtUtil - validateToken:JWT validated successfully for user: admin
2025-03-14 04:58:21 [http-nio-8081-exec-10] DEBUG o.g.login.security.CustomUserDetails - Fetching authorities for user: admin
2025-03-14 04:58:21 [http-nio-8081-exec-10] INFO  o.g.l.s.JwtAuthenticationFilter - doFilterInternal: Authentication successful for user 'admin'.
2025-03-14 04:58:21 [http-nio-8081-exec-10] DEBUG o.s.security.web.FilterChainProxy - Secured GET /api/auth/check-admin
2025-03-14 04:58:21 [http-nio-8081-exec-10] DEBUG o.s.web.servlet.DispatcherServlet - GET "/api/auth/check-admin", parameters={}
2025-03-14 04:58:21 [http-nio-8081-exec-10] DEBUG o.s.w.s.m.m.a.RequestMappingHandlerMapping - Mapped to org.guidewire.login.controller.AuthController#checkIfAdmin(UserDetails)
2025-03-14 04:58:21 [http-nio-8081-exec-10] DEBUG o.s.o.j.s.OpenEntityManagerInViewInterceptor - Opening JPA EntityManager in OpenEntityManagerInViewInterceptor
2025-03-14 04:58:21 [http-nio-8081-exec-10] DEBUG o.g.login.security.CustomUserDetails - Fetching authorities for user: admin
2025-03-14 04:58:21 [http-nio-8081-exec-10] DEBUG o.s.w.s.m.m.a.HttpEntityMethodProcessor - Using 'application/json', given [*/*] and supported [application/json, application/*+json]
2025-03-14 04:58:21 [http-nio-8081-exec-10] DEBUG o.s.w.s.m.m.a.HttpEntityMethodProcessor - Writing [org.guidewire.login.dto.responses.UserRoleResponse@25086b0c]
2025-03-14 04:58:21 [http-nio-8081-exec-10] DEBUG o.s.o.j.s.OpenEntityManagerInViewInterceptor - Closing JPA EntityManager in OpenEntityManagerInViewInterceptor
2025-03-14 04:58:21 [http-nio-8081-exec-10] DEBUG o.s.web.servlet.DispatcherServlet - Completed 200 OK
2025-03-14 04:58:22 [http-nio-8081-exec-3] DEBUG o.s.security.web.FilterChainProxy - Securing GET /api/auth/current/user
2025-03-14 04:58:22 [http-nio-8081-exec-3] INFO  o.g.l.s.JwtAuthenticationFilter - doFilterInternal: Extracted username 'admin' from token.
2025-03-14 04:58:22 [http-nio-8081-exec-3] INFO  o.g.l.s.CustomUserDetailsService - loadUserByUsername: Searching for user: admin
2025-03-14 04:58:22 [http-nio-8081-exec-3] DEBUG o.s.o.j.SharedEntityManagerCreator$SharedEntityManagerInvocationHandler - Creating new EntityManager for shared EntityManager invocation
2025-03-14 04:58:22 [http-nio-8081-exec-3] DEBUG org.hibernate.SQL - select u1_0.id,u1_0.created_at,u1_0.email,u1_0.password,u1_0.updated_at,u1_0.username from users u1_0 where u1_0.username=?
2025-03-14 04:58:22 [http-nio-8081-exec-3] DEBUG org.hibernate.SQL - select r1_0.user_id,r1_1.id,r1_1.created_at,r1_1.name,p1_0.role_id,p1_1.id,p1_1.created_at,p1_1.description,p1_1.name,p1_1.updated_at,r1_1.updated_at from user_roles r1_0 join roles r1_1 on r1_1.id=r1_0.role_id left join role_permissions p1_0 on r1_1.id=p1_0.role_id left join permissions p1_1 on p1_1.id=p1_0.permission_id where r1_0.user_id=?
2025-03-14 04:58:22 [http-nio-8081-exec-2] DEBUG o.s.security.web.FilterChainProxy - Securing GET /api/auth/users/list
2025-03-14 04:58:22 [http-nio-8081-exec-3] INFO  o.g.l.s.CustomUserDetailsService - loadUserByUsername: User admin found with roles: [org.guidewire.login.model.Role@51f3c496]
2025-03-14 04:58:22 [http-nio-8081-exec-2] INFO  o.g.l.s.JwtAuthenticationFilter - doFilterInternal: Extracted username 'admin' from token.
2025-03-14 04:58:22 [http-nio-8081-exec-3] INFO  o.g.login.security.CustomUserDetails - Initializing CustomUserDetails for user: admin
2025-03-14 04:58:22 [http-nio-8081-exec-2] INFO  o.g.l.s.CustomUserDetailsService - loadUserByUsername: Searching for user: admin
2025-03-14 04:58:22 [http-nio-8081-exec-3] DEBUG o.g.login.security.CustomUserDetails - User admin has roles: [ADMIN]
2025-03-14 04:58:22 [http-nio-8081-exec-2] DEBUG o.s.o.j.SharedEntityManagerCreator$SharedEntityManagerInvocationHandler - Creating new EntityManager for shared EntityManager invocation
2025-03-14 04:58:22 [http-nio-8081-exec-3] DEBUG o.g.login.security.CustomUserDetails - User admin has permissions: [DELETE_TASK, CREATE_TASK, CLOSE_TASK, VIEW_TASK, COMMENT_TASK, ASSIGN_TASK, EDIT_TASK]
2025-03-14 04:58:22 [http-nio-8081-exec-3] INFO  o.g.login.security.CustomUserDetails - CustomUserDetails initialized successfully for user: admin
2025-03-14 04:58:22 [http-nio-8081-exec-2] DEBUG org.hibernate.SQL - select u1_0.id,u1_0.created_at,u1_0.email,u1_0.password,u1_0.updated_at,u1_0.username from users u1_0 where u1_0.username=?
2025-03-14 04:58:22 [http-nio-8081-exec-2] DEBUG org.hibernate.SQL - select r1_0.user_id,r1_1.id,r1_1.created_at,r1_1.name,p1_0.role_id,p1_1.id,p1_1.created_at,p1_1.description,p1_1.name,p1_1.updated_at,r1_1.updated_at from user_roles r1_0 join roles r1_1 on r1_1.id=r1_0.role_id left join role_permissions p1_0 on r1_1.id=p1_0.role_id left join permissions p1_1 on p1_1.id=p1_0.permission_id where r1_0.user_id=?
2025-03-14 04:58:22 [http-nio-8081-exec-2] INFO  o.g.l.s.CustomUserDetailsService - loadUserByUsername: User admin found with roles: [org.guidewire.login.model.Role@17b5bf21]
2025-03-14 04:58:22 [http-nio-8081-exec-3] INFO  o.guidewire.login.security.JwtUtil - validateToken:JWT validated successfully for user: admin
2025-03-14 04:58:22 [http-nio-8081-exec-2] INFO  o.g.login.security.CustomUserDetails - Initializing CustomUserDetails for user: admin
2025-03-14 04:58:22 [http-nio-8081-exec-2] DEBUG o.g.login.security.CustomUserDetails - User admin has roles: [ADMIN]
2025-03-14 04:58:22 [http-nio-8081-exec-3] DEBUG o.g.login.security.CustomUserDetails - Fetching authorities for user: admin
2025-03-14 04:58:22 [http-nio-8081-exec-3] INFO  o.g.l.s.JwtAuthenticationFilter - doFilterInternal: Authentication successful for user 'admin'.
2025-03-14 04:58:22 [http-nio-8081-exec-2] DEBUG o.g.login.security.CustomUserDetails - User admin has permissions: [DELETE_TASK, CREATE_TASK, VIEW_TASK, CLOSE_TASK, ASSIGN_TASK, COMMENT_TASK, EDIT_TASK]
2025-03-14 04:58:22 [http-nio-8081-exec-2] INFO  o.g.login.security.CustomUserDetails - CustomUserDetails initialized successfully for user: admin
2025-03-14 04:58:22 [http-nio-8081-exec-3] DEBUG o.s.security.web.FilterChainProxy - Secured GET /api/auth/current/user
2025-03-14 04:58:22 [http-nio-8081-exec-3] DEBUG o.s.web.servlet.DispatcherServlet - GET "/api/auth/current/user", parameters={}
2025-03-14 04:58:22 [http-nio-8081-exec-3] DEBUG o.s.w.s.m.m.a.RequestMappingHandlerMapping - Mapped to org.guidewire.login.controller.AuthController#getCurrentUser(Principal)
2025-03-14 04:58:22 [http-nio-8081-exec-3] DEBUG o.s.o.j.s.OpenEntityManagerInViewInterceptor - Opening JPA EntityManager in OpenEntityManagerInViewInterceptor
2025-03-14 04:58:22 [http-nio-8081-exec-3] INFO  o.g.login.controller.AuthController - getCurrentUser: Fetching details for user: admin
2025-03-14 04:58:22 [http-nio-8081-exec-3] DEBUG o.g.login.services.AuthService - getUserDetails:Fetching user details for: admin
2025-03-14 04:58:22 [http-nio-8081-exec-2] INFO  o.guidewire.login.security.JwtUtil - validateToken:JWT validated successfully for user: admin
2025-03-14 04:58:22 [http-nio-8081-exec-2] DEBUG o.g.login.security.CustomUserDetails - Fetching authorities for user: admin
2025-03-14 04:58:22 [http-nio-8081-exec-2] INFO  o.g.l.s.JwtAuthenticationFilter - doFilterInternal: Authentication successful for user 'admin'.
2025-03-14 04:58:22 [http-nio-8081-exec-3] DEBUG org.hibernate.SQL - select u1_0.id,u1_0.created_at,u1_0.email,u1_0.password,u1_0.updated_at,u1_0.username from users u1_0 where u1_0.username=?
2025-03-14 04:58:22 [http-nio-8081-exec-2] DEBUG o.s.security.web.FilterChainProxy - Secured GET /api/auth/users/list
2025-03-14 04:58:22 [http-nio-8081-exec-2] DEBUG o.s.web.servlet.DispatcherServlet - GET "/api/auth/users/list", parameters={}
2025-03-14 04:58:22 [http-nio-8081-exec-2] DEBUG o.s.w.s.m.m.a.RequestMappingHandlerMapping - Mapped to org.guidewire.login.controller.UserController#getAllUsers()
2025-03-14 04:58:22 [http-nio-8081-exec-2] DEBUG o.s.o.j.s.OpenEntityManagerInViewInterceptor - Opening JPA EntityManager in OpenEntityManagerInViewInterceptor
2025-03-14 04:58:22 [http-nio-8081-exec-2] INFO  o.g.login.services.UserService - getAllUsers: Fetching all users from the database.
2025-03-14 04:58:22 [http-nio-8081-exec-3] DEBUG org.hibernate.SQL - select r1_0.user_id,r1_1.id,r1_1.created_at,r1_1.name,p1_0.role_id,p1_1.id,p1_1.created_at,p1_1.description,p1_1.name,p1_1.updated_at,r1_1.updated_at from user_roles r1_0 join roles r1_1 on r1_1.id=r1_0.role_id left join role_permissions p1_0 on r1_1.id=p1_0.role_id left join permissions p1_1 on p1_1.id=p1_0.permission_id where r1_0.user_id=?
2025-03-14 04:58:22 [http-nio-8081-exec-2] DEBUG o.s.orm.jpa.JpaTransactionManager - Found thread-bound EntityManager [SessionImpl(1232823595<open>)] for JPA transaction
2025-03-14 04:58:22 [http-nio-8081-exec-2] DEBUG o.s.orm.jpa.JpaTransactionManager - Creating new transaction with name [org.springframework.data.jpa.repository.support.SimpleJpaRepository.findAll]: PROPAGATION_REQUIRED,ISOLATION_DEFAULT,readOnly
2025-03-14 04:58:22 [http-nio-8081-exec-3] INFO  o.g.login.controller.AuthController - getCurrentUser: Returning user details for admin
2025-03-14 04:58:22 [http-nio-8081-exec-3] DEBUG o.s.w.s.m.m.a.HttpEntityMethodProcessor - Using 'application/json', given [*/*] and supported [application/json, application/*+json]
2025-03-14 04:58:22 [http-nio-8081-exec-3] DEBUG o.s.w.s.m.m.a.HttpEntityMethodProcessor - Writing [org.guidewire.login.dto.responses.UserResponse@5ec90798]
2025-03-14 04:58:22 [http-nio-8081-exec-2] DEBUG o.s.jdbc.datasource.DataSourceUtils - Setting JDBC Connection [HikariProxyConnection@95917882 wrapping org.postgresql.jdbc.PgConnection@3117b0eb] read-only
2025-03-14 04:58:22 [http-nio-8081-exec-2] DEBUG o.s.orm.jpa.JpaTransactionManager - Exposing JPA transaction as JDBC [org.springframework.orm.jpa.vendor.HibernateJpaDialect$HibernateConnectionHandle@1ede8c5f]
2025-03-14 04:58:22 [http-nio-8081-exec-3] DEBUG o.s.o.j.s.OpenEntityManagerInViewInterceptor - Closing JPA EntityManager in OpenEntityManagerInViewInterceptor
2025-03-14 04:58:22 [http-nio-8081-exec-3] DEBUG o.s.web.servlet.DispatcherServlet - Completed 200 OK
2025-03-14 04:58:22 [http-nio-8081-exec-2] DEBUG org.hibernate.SQL - select u1_0.id,u1_0.created_at,u1_0.email,u1_0.password,u1_0.updated_at,u1_0.username from users u1_0
2025-03-14 04:58:22 [http-nio-8081-exec-2] DEBUG org.hibernate.SQL - select r1_0.user_id,r1_1.id,r1_1.created_at,r1_1.name,p1_0.role_id,p1_1.id,p1_1.created_at,p1_1.description,p1_1.name,p1_1.updated_at,r1_1.updated_at from user_roles r1_0 join roles r1_1 on r1_1.id=r1_0.role_id left join role_permissions p1_0 on r1_1.id=p1_0.role_id left join permissions p1_1 on p1_1.id=p1_0.permission_id where r1_0.user_id=?
2025-03-14 04:58:22 [http-nio-8081-exec-2] DEBUG org.hibernate.SQL - select r1_0.user_id,r1_1.id,r1_1.created_at,r1_1.name,p1_0.role_id,p1_1.id,p1_1.created_at,p1_1.description,p1_1.name,p1_1.updated_at,r1_1.updated_at from user_roles r1_0 join roles r1_1 on r1_1.id=r1_0.role_id left join role_permissions p1_0 on r1_1.id=p1_0.role_id left join permissions p1_1 on p1_1.id=p1_0.permission_id where r1_0.user_id=?
2025-03-14 04:58:22 [http-nio-8081-exec-2] DEBUG org.hibernate.SQL - select r1_0.user_id,r1_1.id,r1_1.created_at,r1_1.name,p1_0.role_id,p1_1.id,p1_1.created_at,p1_1.description,p1_1.name,p1_1.updated_at,r1_1.updated_at from user_roles r1_0 join roles r1_1 on r1_1.id=r1_0.role_id left join role_permissions p1_0 on r1_1.id=p1_0.role_id left join permissions p1_1 on p1_1.id=p1_0.permission_id where r1_0.user_id=?
2025-03-14 04:58:22 [http-nio-8081-exec-2] DEBUG org.hibernate.SQL - select r1_0.user_id,r1_1.id,r1_1.created_at,r1_1.name,p1_0.role_id,p1_1.id,p1_1.created_at,p1_1.description,p1_1.name,p1_1.updated_at,r1_1.updated_at from user_roles r1_0 join roles r1_1 on r1_1.id=r1_0.role_id left join role_permissions p1_0 on r1_1.id=p1_0.role_id left join permissions p1_1 on p1_1.id=p1_0.permission_id where r1_0.user_id=?
2025-03-14 04:58:22 [http-nio-8081-exec-2] DEBUG org.hibernate.SQL - select r1_0.user_id,r1_1.id,r1_1.created_at,r1_1.name,p1_0.role_id,p1_1.id,p1_1.created_at,p1_1.description,p1_1.name,p1_1.updated_at,r1_1.updated_at from user_roles r1_0 join roles r1_1 on r1_1.id=r1_0.role_id left join role_permissions p1_0 on r1_1.id=p1_0.role_id left join permissions p1_1 on p1_1.id=p1_0.permission_id where r1_0.user_id=?
2025-03-14 04:58:22 [http-nio-8081-exec-2] DEBUG o.s.orm.jpa.JpaTransactionManager - Initiating transaction commit
2025-03-14 04:58:22 [http-nio-8081-exec-2] DEBUG o.s.orm.jpa.JpaTransactionManager - Committing JPA transaction on EntityManager [SessionImpl(1232823595<open>)]
2025-03-14 04:58:22 [http-nio-8081-exec-2] DEBUG o.s.jdbc.datasource.DataSourceUtils - Resetting read-only flag of JDBC Connection [HikariProxyConnection@95917882 wrapping org.postgresql.jdbc.PgConnection@3117b0eb]
2025-03-14 04:58:22 [http-nio-8081-exec-2] DEBUG o.s.orm.jpa.JpaTransactionManager - Not closing pre-bound JPA EntityManager after transaction
2025-03-14 04:58:22 [http-nio-8081-exec-2] INFO  o.g.login.services.UserService - getAllUsers: Retrieved 5 users.
2025-03-14 04:58:22 [http-nio-8081-exec-2] DEBUG o.s.w.s.m.m.a.HttpEntityMethodProcessor - Using 'application/json', given [*/*] and supported [application/json, application/*+json]
2025-03-14 04:58:22 [http-nio-8081-exec-2] DEBUG o.s.w.s.m.m.a.HttpEntityMethodProcessor - Writing [[org.guidewire.login.dto.responses.UserResponse@36e8c77b, org.guidewire.login.dto.responses.UserResp (truncated)...]
2025-03-14 04:58:22 [http-nio-8081-exec-2] DEBUG o.s.o.j.s.OpenEntityManagerInViewInterceptor - Closing JPA EntityManager in OpenEntityManagerInViewInterceptor
2025-03-14 04:58:22 [http-nio-8081-exec-2] DEBUG o.s.web.servlet.DispatcherServlet - Completed 200 OK
2025-03-14 04:58:29 [http-nio-8081-exec-5] DEBUG o.s.security.web.FilterChainProxy - Securing GET /api/auth/users/list
2025-03-14 04:58:29 [http-nio-8081-exec-5] INFO  o.g.l.s.JwtAuthenticationFilter - doFilterInternal: Extracted username 'admin' from token.
2025-03-14 04:58:29 [http-nio-8081-exec-5] INFO  o.g.l.s.CustomUserDetailsService - loadUserByUsername: Searching for user: admin
2025-03-14 04:58:29 [http-nio-8081-exec-5] DEBUG o.s.o.j.SharedEntityManagerCreator$SharedEntityManagerInvocationHandler - Creating new EntityManager for shared EntityManager invocation
2025-03-14 04:58:29 [http-nio-8081-exec-5] DEBUG org.hibernate.SQL - select u1_0.id,u1_0.created_at,u1_0.email,u1_0.password,u1_0.updated_at,u1_0.username from users u1_0 where u1_0.username=?
2025-03-14 04:58:29 [http-nio-8081-exec-5] DEBUG org.hibernate.SQL - select r1_0.user_id,r1_1.id,r1_1.created_at,r1_1.name,p1_0.role_id,p1_1.id,p1_1.created_at,p1_1.description,p1_1.name,p1_1.updated_at,r1_1.updated_at from user_roles r1_0 join roles r1_1 on r1_1.id=r1_0.role_id left join role_permissions p1_0 on r1_1.id=p1_0.role_id left join permissions p1_1 on p1_1.id=p1_0.permission_id where r1_0.user_id=?
2025-03-14 04:58:29 [http-nio-8081-exec-5] INFO  o.g.l.s.CustomUserDetailsService - loadUserByUsername: User admin found with roles: [org.guidewire.login.model.Role@a266ea7]
2025-03-14 04:58:29 [http-nio-8081-exec-5] INFO  o.g.login.security.CustomUserDetails - Initializing CustomUserDetails for user: admin
2025-03-14 04:58:29 [http-nio-8081-exec-5] DEBUG o.g.login.security.CustomUserDetails - User admin has roles: [ADMIN]
2025-03-14 04:58:29 [http-nio-8081-exec-5] DEBUG o.g.login.security.CustomUserDetails - User admin has permissions: [DELETE_TASK, CREATE_TASK, VIEW_TASK, CLOSE_TASK, COMMENT_TASK, ASSIGN_TASK, EDIT_TASK]
2025-03-14 04:58:29 [http-nio-8081-exec-5] INFO  o.g.login.security.CustomUserDetails - CustomUserDetails initialized successfully for user: admin
2025-03-14 04:58:29 [http-nio-8081-exec-5] INFO  o.guidewire.login.security.JwtUtil - validateToken:JWT validated successfully for user: admin
2025-03-14 04:58:29 [http-nio-8081-exec-5] DEBUG o.g.login.security.CustomUserDetails - Fetching authorities for user: admin
2025-03-14 04:58:29 [http-nio-8081-exec-5] INFO  o.g.l.s.JwtAuthenticationFilter - doFilterInternal: Authentication successful for user 'admin'.
2025-03-14 04:58:29 [http-nio-8081-exec-5] DEBUG o.s.security.web.FilterChainProxy - Secured GET /api/auth/users/list
2025-03-14 04:58:29 [http-nio-8081-exec-5] DEBUG o.s.web.servlet.DispatcherServlet - GET "/api/auth/users/list", parameters={}
2025-03-14 04:58:29 [http-nio-8081-exec-5] DEBUG o.s.w.s.m.m.a.RequestMappingHandlerMapping - Mapped to org.guidewire.login.controller.UserController#getAllUsers()
2025-03-14 04:58:29 [http-nio-8081-exec-5] DEBUG o.s.o.j.s.OpenEntityManagerInViewInterceptor - Opening JPA EntityManager in OpenEntityManagerInViewInterceptor
2025-03-14 04:58:29 [http-nio-8081-exec-5] INFO  o.g.login.services.UserService - getAllUsers: Fetching all users from the database.
2025-03-14 04:58:29 [http-nio-8081-exec-5] DEBUG o.s.orm.jpa.JpaTransactionManager - Found thread-bound EntityManager [SessionImpl(1154826558<open>)] for JPA transaction
2025-03-14 04:58:29 [http-nio-8081-exec-5] DEBUG o.s.orm.jpa.JpaTransactionManager - Creating new transaction with name [org.springframework.data.jpa.repository.support.SimpleJpaRepository.findAll]: PROPAGATION_REQUIRED,ISOLATION_DEFAULT,readOnly
2025-03-14 04:58:29 [http-nio-8081-exec-5] DEBUG o.s.jdbc.datasource.DataSourceUtils - Setting JDBC Connection [HikariProxyConnection@2118299934 wrapping org.postgresql.jdbc.PgConnection@ad6fbe0] read-only
2025-03-14 04:58:29 [http-nio-8081-exec-5] DEBUG o.s.orm.jpa.JpaTransactionManager - Exposing JPA transaction as JDBC [org.springframework.orm.jpa.vendor.HibernateJpaDialect$HibernateConnectionHandle@277955c3]
2025-03-14 04:58:29 [http-nio-8081-exec-5] DEBUG org.hibernate.SQL - select u1_0.id,u1_0.created_at,u1_0.email,u1_0.password,u1_0.updated_at,u1_0.username from users u1_0
2025-03-14 04:58:29 [http-nio-8081-exec-5] DEBUG org.hibernate.SQL - select r1_0.user_id,r1_1.id,r1_1.created_at,r1_1.name,p1_0.role_id,p1_1.id,p1_1.created_at,p1_1.description,p1_1.name,p1_1.updated_at,r1_1.updated_at from user_roles r1_0 join roles r1_1 on r1_1.id=r1_0.role_id left join role_permissions p1_0 on r1_1.id=p1_0.role_id left join permissions p1_1 on p1_1.id=p1_0.permission_id where r1_0.user_id=?
2025-03-14 04:58:29 [http-nio-8081-exec-5] DEBUG org.hibernate.SQL - select r1_0.user_id,r1_1.id,r1_1.created_at,r1_1.name,p1_0.role_id,p1_1.id,p1_1.created_at,p1_1.description,p1_1.name,p1_1.updated_at,r1_1.updated_at from user_roles r1_0 join roles r1_1 on r1_1.id=r1_0.role_id left join role_permissions p1_0 on r1_1.id=p1_0.role_id left join permissions p1_1 on p1_1.id=p1_0.permission_id where r1_0.user_id=?
2025-03-14 04:58:29 [http-nio-8081-exec-5] DEBUG org.hibernate.SQL - select r1_0.user_id,r1_1.id,r1_1.created_at,r1_1.name,p1_0.role_id,p1_1.id,p1_1.created_at,p1_1.description,p1_1.name,p1_1.updated_at,r1_1.updated_at from user_roles r1_0 join roles r1_1 on r1_1.id=r1_0.role_id left join role_permissions p1_0 on r1_1.id=p1_0.role_id left join permissions p1_1 on p1_1.id=p1_0.permission_id where r1_0.user_id=?
2025-03-14 04:58:29 [http-nio-8081-exec-5] DEBUG org.hibernate.SQL - select r1_0.user_id,r1_1.id,r1_1.created_at,r1_1.name,p1_0.role_id,p1_1.id,p1_1.created_at,p1_1.description,p1_1.name,p1_1.updated_at,r1_1.updated_at from user_roles r1_0 join roles r1_1 on r1_1.id=r1_0.role_id left join role_permissions p1_0 on r1_1.id=p1_0.role_id left join permissions p1_1 on p1_1.id=p1_0.permission_id where r1_0.user_id=?
2025-03-14 04:58:29 [http-nio-8081-exec-5] DEBUG org.hibernate.SQL - select r1_0.user_id,r1_1.id,r1_1.created_at,r1_1.name,p1_0.role_id,p1_1.id,p1_1.created_at,p1_1.description,p1_1.name,p1_1.updated_at,r1_1.updated_at from user_roles r1_0 join roles r1_1 on r1_1.id=r1_0.role_id left join role_permissions p1_0 on r1_1.id=p1_0.role_id left join permissions p1_1 on p1_1.id=p1_0.permission_id where r1_0.user_id=?
2025-03-14 04:58:29 [http-nio-8081-exec-5] DEBUG o.s.orm.jpa.JpaTransactionManager - Initiating transaction commit
2025-03-14 04:58:29 [http-nio-8081-exec-5] DEBUG o.s.orm.jpa.JpaTransactionManager - Committing JPA transaction on EntityManager [SessionImpl(1154826558<open>)]
2025-03-14 04:58:29 [http-nio-8081-exec-5] DEBUG o.s.jdbc.datasource.DataSourceUtils - Resetting read-only flag of JDBC Connection [HikariProxyConnection@2118299934 wrapping org.postgresql.jdbc.PgConnection@ad6fbe0]
2025-03-14 04:58:29 [http-nio-8081-exec-5] DEBUG o.s.orm.jpa.JpaTransactionManager - Not closing pre-bound JPA EntityManager after transaction
2025-03-14 04:58:29 [http-nio-8081-exec-5] INFO  o.g.login.services.UserService - getAllUsers: Retrieved 5 users.
2025-03-14 04:58:29 [http-nio-8081-exec-5] DEBUG o.s.w.s.m.m.a.HttpEntityMethodProcessor - Using 'application/json', given [*/*] and supported [application/json, application/*+json]
2025-03-14 04:58:29 [http-nio-8081-exec-5] DEBUG o.s.w.s.m.m.a.HttpEntityMethodProcessor - Writing [[org.guidewire.login.dto.responses.UserResponse@70a2ed2b, org.guidewire.login.dto.responses.UserResp (truncated)...]
2025-03-14 04:58:29 [http-nio-8081-exec-5] DEBUG o.s.o.j.s.OpenEntityManagerInViewInterceptor - Closing JPA EntityManager in OpenEntityManagerInViewInterceptor
2025-03-14 04:58:29 [http-nio-8081-exec-5] DEBUG o.s.web.servlet.DispatcherServlet - Completed 200 OK
2025-03-14 04:58:30 [http-nio-8081-exec-4] DEBUG o.s.security.web.FilterChainProxy - Securing GET /api/auth/user/details
2025-03-14 04:58:30 [http-nio-8081-exec-4] DEBUG o.g.l.s.JwtAuthenticationFilter - doFilterInternal: No valid Authorization header found, skipping JWT processing.
2025-03-14 04:58:30 [http-nio-8081-exec-4] DEBUG o.s.s.w.a.AnonymousAuthenticationFilter - Set SecurityContextHolder to anonymous SecurityContext
2025-03-14 04:58:30 [http-nio-8081-exec-4] DEBUG o.s.security.web.FilterChainProxy - Secured GET /api/auth/user/details
2025-03-14 04:58:30 [http-nio-8081-exec-4] DEBUG o.s.web.servlet.DispatcherServlet - GET "/api/auth/user/details", parameters={}
2025-03-14 04:58:30 [http-nio-8081-exec-4] DEBUG o.s.w.s.m.m.a.RequestMappingHandlerMapping - Mapped to org.guidewire.login.controller.AuthController#fetchUserDetails(List)
2025-03-14 04:58:30 [http-nio-8081-exec-4] DEBUG o.s.o.j.s.OpenEntityManagerInViewInterceptor - Opening JPA EntityManager in OpenEntityManagerInViewInterceptor
2025-03-14 04:58:30 [http-nio-8081-exec-4] DEBUG o.s.w.s.m.m.a.RequestResponseBodyMethodProcessor - Read "application/json;charset=UTF-8" to [[3d480867-d12b-4c5f-a725-da17dd7e5590]]
2025-03-14 04:58:30 [http-nio-8081-exec-4] INFO  o.g.login.controller.AuthController - fetchUserDetails: Fetching details for users with IDs: [3d480867-d12b-4c5f-a725-da17dd7e5590]
2025-03-14 04:58:30 [http-nio-8081-exec-4] DEBUG o.s.orm.jpa.JpaTransactionManager - Found thread-bound EntityManager [SessionImpl(1139888058<open>)] for JPA transaction
2025-03-14 04:58:30 [http-nio-8081-exec-4] DEBUG o.s.orm.jpa.JpaTransactionManager - Creating new transaction with name [org.springframework.data.jpa.repository.support.SimpleJpaRepository.findAllById]: PROPAGATION_REQUIRED,ISOLATION_DEFAULT,readOnly
2025-03-14 04:58:30 [http-nio-8081-exec-4] DEBUG o.s.jdbc.datasource.DataSourceUtils - Setting JDBC Connection [HikariProxyConnection@1889686740 wrapping org.postgresql.jdbc.PgConnection@ad6fbe0] read-only
2025-03-14 04:58:30 [http-nio-8081-exec-4] DEBUG o.s.orm.jpa.JpaTransactionManager - Exposing JPA transaction as JDBC [org.springframework.orm.jpa.vendor.HibernateJpaDialect$HibernateConnectionHandle@29bccbd7]
2025-03-14 04:58:30 [http-nio-8081-exec-4] DEBUG org.hibernate.SQL - select u1_0.id,u1_0.created_at,u1_0.email,u1_0.password,u1_0.updated_at,u1_0.username from users u1_0 where u1_0.id in (?)
2025-03-14 04:58:30 [http-nio-8081-exec-4] DEBUG org.hibernate.SQL - select r1_0.user_id,r1_1.id,r1_1.created_at,r1_1.name,p1_0.role_id,p1_1.id,p1_1.created_at,p1_1.description,p1_1.name,p1_1.updated_at,r1_1.updated_at from user_roles r1_0 join roles r1_1 on r1_1.id=r1_0.role_id left join role_permissions p1_0 on r1_1.id=p1_0.role_id left join permissions p1_1 on p1_1.id=p1_0.permission_id where r1_0.user_id=?
2025-03-14 04:58:30 [http-nio-8081-exec-4] DEBUG o.s.orm.jpa.JpaTransactionManager - Initiating transaction commit
2025-03-14 04:58:30 [http-nio-8081-exec-4] DEBUG o.s.orm.jpa.JpaTransactionManager - Committing JPA transaction on EntityManager [SessionImpl(1139888058<open>)]
2025-03-14 04:58:30 [http-nio-8081-exec-4] DEBUG o.s.jdbc.datasource.DataSourceUtils - Resetting read-only flag of JDBC Connection [HikariProxyConnection@1889686740 wrapping org.postgresql.jdbc.PgConnection@ad6fbe0]
2025-03-14 04:58:30 [http-nio-8081-exec-4] DEBUG o.s.orm.jpa.JpaTransactionManager - Not closing pre-bound JPA EntityManager after transaction
2025-03-14 04:58:30 [http-nio-8081-exec-4] INFO  o.g.login.controller.AuthController - fetchUserDetails: Returning user details for users: [org.guidewire.login.dto.responses.UserResponse@517f1825]
2025-03-14 04:58:30 [http-nio-8081-exec-4] DEBUG o.s.w.s.m.m.a.HttpEntityMethodProcessor - Using 'application/json', given [*/*] and supported [application/json, application/*+json]
2025-03-14 04:58:30 [http-nio-8081-exec-4] DEBUG o.s.w.s.m.m.a.HttpEntityMethodProcessor - Writing [[org.guidewire.login.dto.responses.UserResponse@517f1825]]
2025-03-14 04:58:30 [http-nio-8081-exec-4] DEBUG o.s.o.j.s.OpenEntityManagerInViewInterceptor - Closing JPA EntityManager in OpenEntityManagerInViewInterceptor
2025-03-14 04:58:30 [http-nio-8081-exec-4] DEBUG o.s.web.servlet.DispatcherServlet - Completed 200 OK
2025-03-14 05:00:00 [http-nio-8081-exec-8] DEBUG o.s.security.web.FilterChainProxy - Securing GET /api/auth/check-admin
2025-03-14 05:00:00 [http-nio-8081-exec-8] INFO  o.g.l.s.JwtAuthenticationFilter - doFilterInternal: Extracted username 'admin' from token.
2025-03-14 05:00:00 [http-nio-8081-exec-8] INFO  o.g.l.s.CustomUserDetailsService - loadUserByUsername: Searching for user: admin
2025-03-14 05:00:00 [http-nio-8081-exec-8] DEBUG o.s.o.j.SharedEntityManagerCreator$SharedEntityManagerInvocationHandler - Creating new EntityManager for shared EntityManager invocation
2025-03-14 05:00:00 [http-nio-8081-exec-8] DEBUG org.hibernate.SQL - select u1_0.id,u1_0.created_at,u1_0.email,u1_0.password,u1_0.updated_at,u1_0.username from users u1_0 where u1_0.username=?
2025-03-14 05:00:00 [http-nio-8081-exec-8] DEBUG org.hibernate.SQL - select r1_0.user_id,r1_1.id,r1_1.created_at,r1_1.name,p1_0.role_id,p1_1.id,p1_1.created_at,p1_1.description,p1_1.name,p1_1.updated_at,r1_1.updated_at from user_roles r1_0 join roles r1_1 on r1_1.id=r1_0.role_id left join role_permissions p1_0 on r1_1.id=p1_0.role_id left join permissions p1_1 on p1_1.id=p1_0.permission_id where r1_0.user_id=?
2025-03-14 05:00:00 [http-nio-8081-exec-8] INFO  o.g.l.s.CustomUserDetailsService - loadUserByUsername: User admin found with roles: [org.guidewire.login.model.Role@69e8c94b]
2025-03-14 05:00:00 [http-nio-8081-exec-8] INFO  o.g.login.security.CustomUserDetails - Initializing CustomUserDetails for user: admin
2025-03-14 05:00:00 [http-nio-8081-exec-8] DEBUG o.g.login.security.CustomUserDetails - User admin has roles: [ADMIN]
2025-03-14 05:00:00 [http-nio-8081-exec-8] DEBUG o.g.login.security.CustomUserDetails - User admin has permissions: [DELETE_TASK, CREATE_TASK, VIEW_TASK, CLOSE_TASK, COMMENT_TASK, ASSIGN_TASK, EDIT_TASK]
2025-03-14 05:00:00 [http-nio-8081-exec-8] INFO  o.g.login.security.CustomUserDetails - CustomUserDetails initialized successfully for user: admin
2025-03-14 05:00:00 [http-nio-8081-exec-8] INFO  o.guidewire.login.security.JwtUtil - validateToken:JWT validated successfully for user: admin
2025-03-14 05:00:00 [http-nio-8081-exec-8] DEBUG o.g.login.security.CustomUserDetails - Fetching authorities for user: admin
2025-03-14 05:00:00 [http-nio-8081-exec-8] INFO  o.g.l.s.JwtAuthenticationFilter - doFilterInternal: Authentication successful for user 'admin'.
2025-03-14 05:00:00 [http-nio-8081-exec-8] DEBUG o.s.security.web.FilterChainProxy - Secured GET /api/auth/check-admin
2025-03-14 05:00:00 [http-nio-8081-exec-8] DEBUG o.s.web.servlet.DispatcherServlet - GET "/api/auth/check-admin", parameters={}
2025-03-14 05:00:00 [http-nio-8081-exec-8] DEBUG o.s.w.s.m.m.a.RequestMappingHandlerMapping - Mapped to org.guidewire.login.controller.AuthController#checkIfAdmin(UserDetails)
2025-03-14 05:00:00 [http-nio-8081-exec-8] DEBUG o.s.o.j.s.OpenEntityManagerInViewInterceptor - Opening JPA EntityManager in OpenEntityManagerInViewInterceptor
2025-03-14 05:00:00 [http-nio-8081-exec-8] DEBUG o.g.login.security.CustomUserDetails - Fetching authorities for user: admin
2025-03-14 05:00:00 [http-nio-8081-exec-8] DEBUG o.s.w.s.m.m.a.HttpEntityMethodProcessor - Using 'application/json', given [*/*] and supported [application/json, application/*+json]
2025-03-14 05:00:00 [http-nio-8081-exec-8] DEBUG o.s.w.s.m.m.a.HttpEntityMethodProcessor - Writing [org.guidewire.login.dto.responses.UserRoleResponse@62ec0cdf]
2025-03-14 05:00:00 [http-nio-8081-exec-8] DEBUG o.s.o.j.s.OpenEntityManagerInViewInterceptor - Closing JPA EntityManager in OpenEntityManagerInViewInterceptor
2025-03-14 05:00:00 [http-nio-8081-exec-8] DEBUG o.s.web.servlet.DispatcherServlet - Completed 200 OK
2025-03-14 05:00:00 [http-nio-8081-exec-9] DEBUG o.s.security.web.FilterChainProxy - Securing GET /api/auth/users/list
2025-03-14 05:00:00 [http-nio-8081-exec-9] INFO  o.g.l.s.JwtAuthenticationFilter - doFilterInternal: Extracted username 'admin' from token.
2025-03-14 05:00:00 [http-nio-8081-exec-9] INFO  o.g.l.s.CustomUserDetailsService - loadUserByUsername: Searching for user: admin
2025-03-14 05:00:00 [http-nio-8081-exec-9] DEBUG o.s.o.j.SharedEntityManagerCreator$SharedEntityManagerInvocationHandler - Creating new EntityManager for shared EntityManager invocation
2025-03-14 05:00:00 [http-nio-8081-exec-9] DEBUG org.hibernate.SQL - select u1_0.id,u1_0.created_at,u1_0.email,u1_0.password,u1_0.updated_at,u1_0.username from users u1_0 where u1_0.username=?
2025-03-14 05:00:00 [http-nio-8081-exec-9] DEBUG org.hibernate.SQL - select r1_0.user_id,r1_1.id,r1_1.created_at,r1_1.name,p1_0.role_id,p1_1.id,p1_1.created_at,p1_1.description,p1_1.name,p1_1.updated_at,r1_1.updated_at from user_roles r1_0 join roles r1_1 on r1_1.id=r1_0.role_id left join role_permissions p1_0 on r1_1.id=p1_0.role_id left join permissions p1_1 on p1_1.id=p1_0.permission_id where r1_0.user_id=?
2025-03-14 05:00:00 [http-nio-8081-exec-9] INFO  o.g.l.s.CustomUserDetailsService - loadUserByUsername: User admin found with roles: [org.guidewire.login.model.Role@5089d656]
2025-03-14 05:00:00 [http-nio-8081-exec-9] INFO  o.g.login.security.CustomUserDetails - Initializing CustomUserDetails for user: admin
2025-03-14 05:00:00 [http-nio-8081-exec-9] DEBUG o.g.login.security.CustomUserDetails - User admin has roles: [ADMIN]
2025-03-14 05:00:00 [http-nio-8081-exec-9] DEBUG o.g.login.security.CustomUserDetails - User admin has permissions: [DELETE_TASK, CREATE_TASK, CLOSE_TASK, VIEW_TASK, ASSIGN_TASK, COMMENT_TASK, EDIT_TASK]
2025-03-14 05:00:00 [http-nio-8081-exec-9] INFO  o.g.login.security.CustomUserDetails - CustomUserDetails initialized successfully for user: admin
2025-03-14 05:00:00 [http-nio-8081-exec-9] INFO  o.guidewire.login.security.JwtUtil - validateToken:JWT validated successfully for user: admin
2025-03-14 05:00:00 [http-nio-8081-exec-9] DEBUG o.g.login.security.CustomUserDetails - Fetching authorities for user: admin
2025-03-14 05:00:00 [http-nio-8081-exec-9] INFO  o.g.l.s.JwtAuthenticationFilter - doFilterInternal: Authentication successful for user 'admin'.
2025-03-14 05:00:00 [http-nio-8081-exec-9] DEBUG o.s.security.web.FilterChainProxy - Secured GET /api/auth/users/list
2025-03-14 05:00:00 [http-nio-8081-exec-9] DEBUG o.s.web.servlet.DispatcherServlet - GET "/api/auth/users/list", parameters={}
2025-03-14 05:00:00 [http-nio-8081-exec-9] DEBUG o.s.w.s.m.m.a.RequestMappingHandlerMapping - Mapped to org.guidewire.login.controller.UserController#getAllUsers()
2025-03-14 05:00:00 [http-nio-8081-exec-9] DEBUG o.s.o.j.s.OpenEntityManagerInViewInterceptor - Opening JPA EntityManager in OpenEntityManagerInViewInterceptor
2025-03-14 05:00:00 [http-nio-8081-exec-9] INFO  o.g.login.services.UserService - getAllUsers: Fetching all users from the database.
2025-03-14 05:00:00 [http-nio-8081-exec-9] DEBUG o.s.orm.jpa.JpaTransactionManager - Found thread-bound EntityManager [SessionImpl(1119413000<open>)] for JPA transaction
2025-03-14 05:00:00 [http-nio-8081-exec-9] DEBUG o.s.orm.jpa.JpaTransactionManager - Creating new transaction with name [org.springframework.data.jpa.repository.support.SimpleJpaRepository.findAll]: PROPAGATION_REQUIRED,ISOLATION_DEFAULT,readOnly
2025-03-14 05:00:00 [http-nio-8081-exec-9] DEBUG o.s.jdbc.datasource.DataSourceUtils - Setting JDBC Connection [HikariProxyConnection@712577301 wrapping org.postgresql.jdbc.PgConnection@ad6fbe0] read-only
2025-03-14 05:00:00 [http-nio-8081-exec-9] DEBUG o.s.orm.jpa.JpaTransactionManager - Exposing JPA transaction as JDBC [org.springframework.orm.jpa.vendor.HibernateJpaDialect$HibernateConnectionHandle@3143ea91]
2025-03-14 05:00:00 [http-nio-8081-exec-9] DEBUG org.hibernate.SQL - select u1_0.id,u1_0.created_at,u1_0.email,u1_0.password,u1_0.updated_at,u1_0.username from users u1_0
2025-03-14 05:00:00 [http-nio-8081-exec-9] DEBUG org.hibernate.SQL - select r1_0.user_id,r1_1.id,r1_1.created_at,r1_1.name,p1_0.role_id,p1_1.id,p1_1.created_at,p1_1.description,p1_1.name,p1_1.updated_at,r1_1.updated_at from user_roles r1_0 join roles r1_1 on r1_1.id=r1_0.role_id left join role_permissions p1_0 on r1_1.id=p1_0.role_id left join permissions p1_1 on p1_1.id=p1_0.permission_id where r1_0.user_id=?
2025-03-14 05:00:00 [http-nio-8081-exec-9] DEBUG org.hibernate.SQL - select r1_0.user_id,r1_1.id,r1_1.created_at,r1_1.name,p1_0.role_id,p1_1.id,p1_1.created_at,p1_1.description,p1_1.name,p1_1.updated_at,r1_1.updated_at from user_roles r1_0 join roles r1_1 on r1_1.id=r1_0.role_id left join role_permissions p1_0 on r1_1.id=p1_0.role_id left join permissions p1_1 on p1_1.id=p1_0.permission_id where r1_0.user_id=?
2025-03-14 05:00:00 [http-nio-8081-exec-9] DEBUG org.hibernate.SQL - select r1_0.user_id,r1_1.id,r1_1.created_at,r1_1.name,p1_0.role_id,p1_1.id,p1_1.created_at,p1_1.description,p1_1.name,p1_1.updated_at,r1_1.updated_at from user_roles r1_0 join roles r1_1 on r1_1.id=r1_0.role_id left join role_permissions p1_0 on r1_1.id=p1_0.role_id left join permissions p1_1 on p1_1.id=p1_0.permission_id where r1_0.user_id=?
2025-03-14 05:00:00 [http-nio-8081-exec-9] DEBUG org.hibernate.SQL - select r1_0.user_id,r1_1.id,r1_1.created_at,r1_1.name,p1_0.role_id,p1_1.id,p1_1.created_at,p1_1.description,p1_1.name,p1_1.updated_at,r1_1.updated_at from user_roles r1_0 join roles r1_1 on r1_1.id=r1_0.role_id left join role_permissions p1_0 on r1_1.id=p1_0.role_id left join permissions p1_1 on p1_1.id=p1_0.permission_id where r1_0.user_id=?
2025-03-14 05:00:00 [http-nio-8081-exec-9] DEBUG org.hibernate.SQL - select r1_0.user_id,r1_1.id,r1_1.created_at,r1_1.name,p1_0.role_id,p1_1.id,p1_1.created_at,p1_1.description,p1_1.name,p1_1.updated_at,r1_1.updated_at from user_roles r1_0 join roles r1_1 on r1_1.id=r1_0.role_id left join role_permissions p1_0 on r1_1.id=p1_0.role_id left join permissions p1_1 on p1_1.id=p1_0.permission_id where r1_0.user_id=?
2025-03-14 05:00:00 [http-nio-8081-exec-9] DEBUG o.s.orm.jpa.JpaTransactionManager - Initiating transaction commit
2025-03-14 05:00:00 [http-nio-8081-exec-9] DEBUG o.s.orm.jpa.JpaTransactionManager - Committing JPA transaction on EntityManager [SessionImpl(1119413000<open>)]
2025-03-14 05:00:00 [http-nio-8081-exec-9] DEBUG o.s.jdbc.datasource.DataSourceUtils - Resetting read-only flag of JDBC Connection [HikariProxyConnection@712577301 wrapping org.postgresql.jdbc.PgConnection@ad6fbe0]
2025-03-14 05:00:00 [http-nio-8081-exec-9] DEBUG o.s.orm.jpa.JpaTransactionManager - Not closing pre-bound JPA EntityManager after transaction
2025-03-14 05:00:00 [http-nio-8081-exec-9] INFO  o.g.login.services.UserService - getAllUsers: Retrieved 5 users.
2025-03-14 05:00:00 [http-nio-8081-exec-9] DEBUG o.s.w.s.m.m.a.HttpEntityMethodProcessor - Using 'application/json', given [*/*] and supported [application/json, application/*+json]
2025-03-14 05:00:00 [http-nio-8081-exec-9] DEBUG o.s.w.s.m.m.a.HttpEntityMethodProcessor - Writing [[org.guidewire.login.dto.responses.UserResponse@659732e4, org.guidewire.login.dto.responses.UserResp (truncated)...]
2025-03-14 05:00:00 [http-nio-8081-exec-9] DEBUG o.s.o.j.s.OpenEntityManagerInViewInterceptor - Closing JPA EntityManager in OpenEntityManagerInViewInterceptor
2025-03-14 05:00:00 [http-nio-8081-exec-9] DEBUG o.s.web.servlet.DispatcherServlet - Completed 200 OK
2025-03-14 05:00:00 [http-nio-8081-exec-1] DEBUG o.s.security.web.FilterChainProxy - Securing GET /api/auth/current/user
2025-03-14 05:00:00 [http-nio-8081-exec-1] INFO  o.g.l.s.JwtAuthenticationFilter - doFilterInternal: Extracted username 'admin' from token.
2025-03-14 05:00:00 [http-nio-8081-exec-1] INFO  o.g.l.s.CustomUserDetailsService - loadUserByUsername: Searching for user: admin
2025-03-14 05:00:00 [http-nio-8081-exec-1] DEBUG o.s.o.j.SharedEntityManagerCreator$SharedEntityManagerInvocationHandler - Creating new EntityManager for shared EntityManager invocation
2025-03-14 05:00:00 [http-nio-8081-exec-1] DEBUG org.hibernate.SQL - select u1_0.id,u1_0.created_at,u1_0.email,u1_0.password,u1_0.updated_at,u1_0.username from users u1_0 where u1_0.username=?
2025-03-14 05:00:00 [http-nio-8081-exec-1] DEBUG org.hibernate.SQL - select r1_0.user_id,r1_1.id,r1_1.created_at,r1_1.name,p1_0.role_id,p1_1.id,p1_1.created_at,p1_1.description,p1_1.name,p1_1.updated_at,r1_1.updated_at from user_roles r1_0 join roles r1_1 on r1_1.id=r1_0.role_id left join role_permissions p1_0 on r1_1.id=p1_0.role_id left join permissions p1_1 on p1_1.id=p1_0.permission_id where r1_0.user_id=?
2025-03-14 05:00:00 [http-nio-8081-exec-1] INFO  o.g.l.s.CustomUserDetailsService - loadUserByUsername: User admin found with roles: [org.guidewire.login.model.Role@60efaef4]
2025-03-14 05:00:00 [http-nio-8081-exec-1] INFO  o.g.login.security.CustomUserDetails - Initializing CustomUserDetails for user: admin
2025-03-14 05:00:00 [http-nio-8081-exec-1] DEBUG o.g.login.security.CustomUserDetails - User admin has roles: [ADMIN]
2025-03-14 05:00:00 [http-nio-8081-exec-1] DEBUG o.g.login.security.CustomUserDetails - User admin has permissions: [DELETE_TASK, CREATE_TASK, CLOSE_TASK, VIEW_TASK, COMMENT_TASK, ASSIGN_TASK, EDIT_TASK]
2025-03-14 05:00:00 [http-nio-8081-exec-1] INFO  o.g.login.security.CustomUserDetails - CustomUserDetails initialized successfully for user: admin
2025-03-14 05:00:00 [http-nio-8081-exec-1] INFO  o.guidewire.login.security.JwtUtil - validateToken:JWT validated successfully for user: admin
2025-03-14 05:00:00 [http-nio-8081-exec-1] DEBUG o.g.login.security.CustomUserDetails - Fetching authorities for user: admin
2025-03-14 05:00:00 [http-nio-8081-exec-1] INFO  o.g.l.s.JwtAuthenticationFilter - doFilterInternal: Authentication successful for user 'admin'.
2025-03-14 05:00:00 [http-nio-8081-exec-1] DEBUG o.s.security.web.FilterChainProxy - Secured GET /api/auth/current/user
2025-03-14 05:00:00 [http-nio-8081-exec-1] DEBUG o.s.web.servlet.DispatcherServlet - GET "/api/auth/current/user", parameters={}
2025-03-14 05:00:00 [http-nio-8081-exec-1] DEBUG o.s.w.s.m.m.a.RequestMappingHandlerMapping - Mapped to org.guidewire.login.controller.AuthController#getCurrentUser(Principal)
2025-03-14 05:00:00 [http-nio-8081-exec-1] DEBUG o.s.o.j.s.OpenEntityManagerInViewInterceptor - Opening JPA EntityManager in OpenEntityManagerInViewInterceptor
2025-03-14 05:00:00 [http-nio-8081-exec-1] INFO  o.g.login.controller.AuthController - getCurrentUser: Fetching details for user: admin
2025-03-14 05:00:00 [http-nio-8081-exec-1] DEBUG o.g.login.services.AuthService - getUserDetails:Fetching user details for: admin
2025-03-14 05:00:00 [http-nio-8081-exec-1] DEBUG org.hibernate.SQL - select u1_0.id,u1_0.created_at,u1_0.email,u1_0.password,u1_0.updated_at,u1_0.username from users u1_0 where u1_0.username=?
2025-03-14 05:00:00 [http-nio-8081-exec-1] DEBUG org.hibernate.SQL - select r1_0.user_id,r1_1.id,r1_1.created_at,r1_1.name,p1_0.role_id,p1_1.id,p1_1.created_at,p1_1.description,p1_1.name,p1_1.updated_at,r1_1.updated_at from user_roles r1_0 join roles r1_1 on r1_1.id=r1_0.role_id left join role_permissions p1_0 on r1_1.id=p1_0.role_id left join permissions p1_1 on p1_1.id=p1_0.permission_id where r1_0.user_id=?
2025-03-14 05:00:00 [http-nio-8081-exec-1] INFO  o.g.login.controller.AuthController - getCurrentUser: Returning user details for admin
2025-03-14 05:00:00 [http-nio-8081-exec-1] DEBUG o.s.w.s.m.m.a.HttpEntityMethodProcessor - Using 'application/json', given [*/*] and supported [application/json, application/*+json]
2025-03-14 05:00:00 [http-nio-8081-exec-1] DEBUG o.s.w.s.m.m.a.HttpEntityMethodProcessor - Writing [org.guidewire.login.dto.responses.UserResponse@2d6c1b9e]
2025-03-14 05:00:00 [http-nio-8081-exec-1] DEBUG o.s.o.j.s.OpenEntityManagerInViewInterceptor - Closing JPA EntityManager in OpenEntityManagerInViewInterceptor
2025-03-14 05:00:00 [http-nio-8081-exec-1] DEBUG o.s.web.servlet.DispatcherServlet - Completed 200 OK
2025-03-14 05:00:05 [http-nio-8081-exec-10] DEBUG o.s.security.web.FilterChainProxy - Securing GET /api/auth/users/list
2025-03-14 05:00:05 [http-nio-8081-exec-10] INFO  o.g.l.s.JwtAuthenticationFilter - doFilterInternal: Extracted username 'admin' from token.
2025-03-14 05:00:05 [http-nio-8081-exec-10] INFO  o.g.l.s.CustomUserDetailsService - loadUserByUsername: Searching for user: admin
2025-03-14 05:00:05 [http-nio-8081-exec-10] DEBUG o.s.o.j.SharedEntityManagerCreator$SharedEntityManagerInvocationHandler - Creating new EntityManager for shared EntityManager invocation
2025-03-14 05:00:05 [http-nio-8081-exec-10] DEBUG org.hibernate.SQL - select u1_0.id,u1_0.created_at,u1_0.email,u1_0.password,u1_0.updated_at,u1_0.username from users u1_0 where u1_0.username=?
2025-03-14 05:00:05 [http-nio-8081-exec-10] DEBUG org.hibernate.SQL - select r1_0.user_id,r1_1.id,r1_1.created_at,r1_1.name,p1_0.role_id,p1_1.id,p1_1.created_at,p1_1.description,p1_1.name,p1_1.updated_at,r1_1.updated_at from user_roles r1_0 join roles r1_1 on r1_1.id=r1_0.role_id left join role_permissions p1_0 on r1_1.id=p1_0.role_id left join permissions p1_1 on p1_1.id=p1_0.permission_id where r1_0.user_id=?
2025-03-14 05:00:05 [http-nio-8081-exec-10] INFO  o.g.l.s.CustomUserDetailsService - loadUserByUsername: User admin found with roles: [org.guidewire.login.model.Role@65291f8e]
2025-03-14 05:00:05 [http-nio-8081-exec-10] INFO  o.g.login.security.CustomUserDetails - Initializing CustomUserDetails for user: admin
2025-03-14 05:00:05 [http-nio-8081-exec-10] DEBUG o.g.login.security.CustomUserDetails - User admin has roles: [ADMIN]
2025-03-14 05:00:05 [http-nio-8081-exec-10] DEBUG o.g.login.security.CustomUserDetails - User admin has permissions: [DELETE_TASK, CREATE_TASK, CLOSE_TASK, VIEW_TASK, COMMENT_TASK, ASSIGN_TASK, EDIT_TASK]
2025-03-14 05:00:05 [http-nio-8081-exec-10] INFO  o.g.login.security.CustomUserDetails - CustomUserDetails initialized successfully for user: admin
2025-03-14 05:00:05 [http-nio-8081-exec-10] INFO  o.guidewire.login.security.JwtUtil - validateToken:JWT validated successfully for user: admin
2025-03-14 05:00:05 [http-nio-8081-exec-10] DEBUG o.g.login.security.CustomUserDetails - Fetching authorities for user: admin
2025-03-14 05:00:05 [http-nio-8081-exec-10] INFO  o.g.l.s.JwtAuthenticationFilter - doFilterInternal: Authentication successful for user 'admin'.
2025-03-14 05:00:05 [http-nio-8081-exec-10] DEBUG o.s.security.web.FilterChainProxy - Secured GET /api/auth/users/list
2025-03-14 05:00:05 [http-nio-8081-exec-10] DEBUG o.s.web.servlet.DispatcherServlet - GET "/api/auth/users/list", parameters={}
2025-03-14 05:00:05 [http-nio-8081-exec-10] DEBUG o.s.w.s.m.m.a.RequestMappingHandlerMapping - Mapped to org.guidewire.login.controller.UserController#getAllUsers()
2025-03-14 05:00:05 [http-nio-8081-exec-10] DEBUG o.s.o.j.s.OpenEntityManagerInViewInterceptor - Opening JPA EntityManager in OpenEntityManagerInViewInterceptor
2025-03-14 05:00:05 [http-nio-8081-exec-10] INFO  o.g.login.services.UserService - getAllUsers: Fetching all users from the database.
2025-03-14 05:00:05 [http-nio-8081-exec-10] DEBUG o.s.orm.jpa.JpaTransactionManager - Found thread-bound EntityManager [SessionImpl(1346483093<open>)] for JPA transaction
2025-03-14 05:00:05 [http-nio-8081-exec-10] DEBUG o.s.orm.jpa.JpaTransactionManager - Creating new transaction with name [org.springframework.data.jpa.repository.support.SimpleJpaRepository.findAll]: PROPAGATION_REQUIRED,ISOLATION_DEFAULT,readOnly
2025-03-14 05:00:05 [http-nio-8081-exec-10] DEBUG o.s.jdbc.datasource.DataSourceUtils - Setting JDBC Connection [HikariProxyConnection@24183663 wrapping org.postgresql.jdbc.PgConnection@ad6fbe0] read-only
2025-03-14 05:00:05 [http-nio-8081-exec-10] DEBUG o.s.orm.jpa.JpaTransactionManager - Exposing JPA transaction as JDBC [org.springframework.orm.jpa.vendor.HibernateJpaDialect$HibernateConnectionHandle@3289e5bd]
2025-03-14 05:00:05 [http-nio-8081-exec-10] DEBUG org.hibernate.SQL - select u1_0.id,u1_0.created_at,u1_0.email,u1_0.password,u1_0.updated_at,u1_0.username from users u1_0
2025-03-14 05:00:05 [http-nio-8081-exec-10] DEBUG org.hibernate.SQL - select r1_0.user_id,r1_1.id,r1_1.created_at,r1_1.name,p1_0.role_id,p1_1.id,p1_1.created_at,p1_1.description,p1_1.name,p1_1.updated_at,r1_1.updated_at from user_roles r1_0 join roles r1_1 on r1_1.id=r1_0.role_id left join role_permissions p1_0 on r1_1.id=p1_0.role_id left join permissions p1_1 on p1_1.id=p1_0.permission_id where r1_0.user_id=?
2025-03-14 05:00:05 [http-nio-8081-exec-10] DEBUG org.hibernate.SQL - select r1_0.user_id,r1_1.id,r1_1.created_at,r1_1.name,p1_0.role_id,p1_1.id,p1_1.created_at,p1_1.description,p1_1.name,p1_1.updated_at,r1_1.updated_at from user_roles r1_0 join roles r1_1 on r1_1.id=r1_0.role_id left join role_permissions p1_0 on r1_1.id=p1_0.role_id left join permissions p1_1 on p1_1.id=p1_0.permission_id where r1_0.user_id=?
2025-03-14 05:00:05 [http-nio-8081-exec-10] DEBUG org.hibernate.SQL - select r1_0.user_id,r1_1.id,r1_1.created_at,r1_1.name,p1_0.role_id,p1_1.id,p1_1.created_at,p1_1.description,p1_1.name,p1_1.updated_at,r1_1.updated_at from user_roles r1_0 join roles r1_1 on r1_1.id=r1_0.role_id left join role_permissions p1_0 on r1_1.id=p1_0.role_id left join permissions p1_1 on p1_1.id=p1_0.permission_id where r1_0.user_id=?
2025-03-14 05:00:05 [http-nio-8081-exec-10] DEBUG org.hibernate.SQL - select r1_0.user_id,r1_1.id,r1_1.created_at,r1_1.name,p1_0.role_id,p1_1.id,p1_1.created_at,p1_1.description,p1_1.name,p1_1.updated_at,r1_1.updated_at from user_roles r1_0 join roles r1_1 on r1_1.id=r1_0.role_id left join role_permissions p1_0 on r1_1.id=p1_0.role_id left join permissions p1_1 on p1_1.id=p1_0.permission_id where r1_0.user_id=?
2025-03-14 05:00:05 [http-nio-8081-exec-10] DEBUG org.hibernate.SQL - select r1_0.user_id,r1_1.id,r1_1.created_at,r1_1.name,p1_0.role_id,p1_1.id,p1_1.created_at,p1_1.description,p1_1.name,p1_1.updated_at,r1_1.updated_at from user_roles r1_0 join roles r1_1 on r1_1.id=r1_0.role_id left join role_permissions p1_0 on r1_1.id=p1_0.role_id left join permissions p1_1 on p1_1.id=p1_0.permission_id where r1_0.user_id=?
2025-03-14 05:00:05 [http-nio-8081-exec-10] DEBUG o.s.orm.jpa.JpaTransactionManager - Initiating transaction commit
2025-03-14 05:00:05 [http-nio-8081-exec-10] DEBUG o.s.orm.jpa.JpaTransactionManager - Committing JPA transaction on EntityManager [SessionImpl(1346483093<open>)]
2025-03-14 05:00:05 [http-nio-8081-exec-10] DEBUG o.s.jdbc.datasource.DataSourceUtils - Resetting read-only flag of JDBC Connection [HikariProxyConnection@24183663 wrapping org.postgresql.jdbc.PgConnection@ad6fbe0]
2025-03-14 05:00:05 [http-nio-8081-exec-10] DEBUG o.s.orm.jpa.JpaTransactionManager - Not closing pre-bound JPA EntityManager after transaction
2025-03-14 05:00:05 [http-nio-8081-exec-10] INFO  o.g.login.services.UserService - getAllUsers: Retrieved 5 users.
2025-03-14 05:00:05 [http-nio-8081-exec-10] DEBUG o.s.w.s.m.m.a.HttpEntityMethodProcessor - Using 'application/json', given [*/*] and supported [application/json, application/*+json]
2025-03-14 05:00:05 [http-nio-8081-exec-10] DEBUG o.s.w.s.m.m.a.HttpEntityMethodProcessor - Writing [[org.guidewire.login.dto.responses.UserResponse@6c457791, org.guidewire.login.dto.responses.UserResp (truncated)...]
2025-03-14 05:00:05 [http-nio-8081-exec-10] DEBUG o.s.o.j.s.OpenEntityManagerInViewInterceptor - Closing JPA EntityManager in OpenEntityManagerInViewInterceptor
2025-03-14 05:00:05 [http-nio-8081-exec-10] DEBUG o.s.web.servlet.DispatcherServlet - Completed 200 OK
2025-03-14 05:00:05 [http-nio-8081-exec-3] DEBUG o.s.security.web.FilterChainProxy - Securing GET /api/auth/user/details
2025-03-14 05:00:05 [http-nio-8081-exec-3] DEBUG o.g.l.s.JwtAuthenticationFilter - doFilterInternal: No valid Authorization header found, skipping JWT processing.
2025-03-14 05:00:05 [http-nio-8081-exec-3] DEBUG o.s.s.w.a.AnonymousAuthenticationFilter - Set SecurityContextHolder to anonymous SecurityContext
2025-03-14 05:00:05 [http-nio-8081-exec-3] DEBUG o.s.security.web.FilterChainProxy - Secured GET /api/auth/user/details
2025-03-14 05:00:05 [http-nio-8081-exec-3] DEBUG o.s.web.servlet.DispatcherServlet - GET "/api/auth/user/details", parameters={}
2025-03-14 05:00:05 [http-nio-8081-exec-3] DEBUG o.s.w.s.m.m.a.RequestMappingHandlerMapping - Mapped to org.guidewire.login.controller.AuthController#fetchUserDetails(List)
2025-03-14 05:00:05 [http-nio-8081-exec-3] DEBUG o.s.o.j.s.OpenEntityManagerInViewInterceptor - Opening JPA EntityManager in OpenEntityManagerInViewInterceptor
2025-03-14 05:00:05 [http-nio-8081-exec-3] DEBUG o.s.w.s.m.m.a.RequestResponseBodyMethodProcessor - Read "application/json;charset=UTF-8" to [[3d480867-d12b-4c5f-a725-da17dd7e5590]]
2025-03-14 05:00:05 [http-nio-8081-exec-3] INFO  o.g.login.controller.AuthController - fetchUserDetails: Fetching details for users with IDs: [3d480867-d12b-4c5f-a725-da17dd7e5590]
2025-03-14 05:00:05 [http-nio-8081-exec-3] DEBUG o.s.orm.jpa.JpaTransactionManager - Found thread-bound EntityManager [SessionImpl(788559242<open>)] for JPA transaction
2025-03-14 05:00:05 [http-nio-8081-exec-3] DEBUG o.s.orm.jpa.JpaTransactionManager - Creating new transaction with name [org.springframework.data.jpa.repository.support.SimpleJpaRepository.findAllById]: PROPAGATION_REQUIRED,ISOLATION_DEFAULT,readOnly
2025-03-14 05:00:05 [http-nio-8081-exec-3] DEBUG o.s.jdbc.datasource.DataSourceUtils - Setting JDBC Connection [HikariProxyConnection@590581920 wrapping org.postgresql.jdbc.PgConnection@ad6fbe0] read-only
2025-03-14 05:00:05 [http-nio-8081-exec-3] DEBUG o.s.orm.jpa.JpaTransactionManager - Exposing JPA transaction as JDBC [org.springframework.orm.jpa.vendor.HibernateJpaDialect$HibernateConnectionHandle@7fb1c61]
2025-03-14 05:00:05 [http-nio-8081-exec-3] DEBUG org.hibernate.SQL - select u1_0.id,u1_0.created_at,u1_0.email,u1_0.password,u1_0.updated_at,u1_0.username from users u1_0 where u1_0.id in (?)
2025-03-14 05:00:05 [http-nio-8081-exec-3] DEBUG org.hibernate.SQL - select r1_0.user_id,r1_1.id,r1_1.created_at,r1_1.name,p1_0.role_id,p1_1.id,p1_1.created_at,p1_1.description,p1_1.name,p1_1.updated_at,r1_1.updated_at from user_roles r1_0 join roles r1_1 on r1_1.id=r1_0.role_id left join role_permissions p1_0 on r1_1.id=p1_0.role_id left join permissions p1_1 on p1_1.id=p1_0.permission_id where r1_0.user_id=?
2025-03-14 05:00:05 [http-nio-8081-exec-3] DEBUG o.s.orm.jpa.JpaTransactionManager - Initiating transaction commit
2025-03-14 05:00:05 [http-nio-8081-exec-3] DEBUG o.s.orm.jpa.JpaTransactionManager - Committing JPA transaction on EntityManager [SessionImpl(788559242<open>)]
2025-03-14 05:00:05 [http-nio-8081-exec-3] DEBUG o.s.jdbc.datasource.DataSourceUtils - Resetting read-only flag of JDBC Connection [HikariProxyConnection@590581920 wrapping org.postgresql.jdbc.PgConnection@ad6fbe0]
2025-03-14 05:00:05 [http-nio-8081-exec-3] DEBUG o.s.orm.jpa.JpaTransactionManager - Not closing pre-bound JPA EntityManager after transaction
2025-03-14 05:00:05 [http-nio-8081-exec-3] INFO  o.g.login.controller.AuthController - fetchUserDetails: Returning user details for users: [org.guidewire.login.dto.responses.UserResponse@15e0f8a5]
2025-03-14 05:00:05 [http-nio-8081-exec-3] DEBUG o.s.w.s.m.m.a.HttpEntityMethodProcessor - Using 'application/json', given [*/*] and supported [application/json, application/*+json]
2025-03-14 05:00:05 [http-nio-8081-exec-3] DEBUG o.s.w.s.m.m.a.HttpEntityMethodProcessor - Writing [[org.guidewire.login.dto.responses.UserResponse@15e0f8a5]]
2025-03-14 05:00:05 [http-nio-8081-exec-3] DEBUG o.s.o.j.s.OpenEntityManagerInViewInterceptor - Closing JPA EntityManager in OpenEntityManagerInViewInterceptor
2025-03-14 05:00:05 [http-nio-8081-exec-3] DEBUG o.s.web.servlet.DispatcherServlet - Completed 200 OK
2025-03-14 05:20:31 [http-nio-8081-exec-5] DEBUG o.s.security.web.FilterChainProxy - Securing GET /api/auth/check-admin
2025-03-14 05:20:31 [http-nio-8081-exec-5] INFO  o.g.l.s.JwtAuthenticationFilter - doFilterInternal: Extracted username 'admin' from token.
2025-03-14 05:20:31 [http-nio-8081-exec-5] INFO  o.g.l.s.CustomUserDetailsService - loadUserByUsername: Searching for user: admin
2025-03-14 05:20:31 [http-nio-8081-exec-5] DEBUG o.s.o.j.SharedEntityManagerCreator$SharedEntityManagerInvocationHandler - Creating new EntityManager for shared EntityManager invocation
2025-03-14 05:20:31 [http-nio-8081-exec-5] DEBUG org.hibernate.SQL - select u1_0.id,u1_0.created_at,u1_0.email,u1_0.password,u1_0.updated_at,u1_0.username from users u1_0 where u1_0.username=?
2025-03-14 05:20:31 [http-nio-8081-exec-5] DEBUG org.hibernate.SQL - select r1_0.user_id,r1_1.id,r1_1.created_at,r1_1.name,p1_0.role_id,p1_1.id,p1_1.created_at,p1_1.description,p1_1.name,p1_1.updated_at,r1_1.updated_at from user_roles r1_0 join roles r1_1 on r1_1.id=r1_0.role_id left join role_permissions p1_0 on r1_1.id=p1_0.role_id left join permissions p1_1 on p1_1.id=p1_0.permission_id where r1_0.user_id=?
2025-03-14 05:20:31 [http-nio-8081-exec-5] INFO  o.g.l.s.CustomUserDetailsService - loadUserByUsername: User admin found with roles: [org.guidewire.login.model.Role@2bf55e88]
2025-03-14 05:20:31 [http-nio-8081-exec-5] INFO  o.g.login.security.CustomUserDetails - Initializing CustomUserDetails for user: admin
2025-03-14 05:20:31 [http-nio-8081-exec-5] DEBUG o.g.login.security.CustomUserDetails - User admin has roles: [ADMIN]
2025-03-14 05:20:31 [http-nio-8081-exec-5] DEBUG o.g.login.security.CustomUserDetails - User admin has permissions: [DELETE_TASK, CREATE_TASK, CLOSE_TASK, VIEW_TASK, ASSIGN_TASK, COMMENT_TASK, EDIT_TASK]
2025-03-14 05:20:31 [http-nio-8081-exec-5] INFO  o.g.login.security.CustomUserDetails - CustomUserDetails initialized successfully for user: admin
2025-03-14 05:20:31 [http-nio-8081-exec-5] INFO  o.guidewire.login.security.JwtUtil - validateToken:JWT validated successfully for user: admin
2025-03-14 05:20:31 [http-nio-8081-exec-5] DEBUG o.g.login.security.CustomUserDetails - Fetching authorities for user: admin
2025-03-14 05:20:31 [http-nio-8081-exec-5] INFO  o.g.l.s.JwtAuthenticationFilter - doFilterInternal: Authentication successful for user 'admin'.
2025-03-14 05:20:31 [http-nio-8081-exec-5] DEBUG o.s.security.web.FilterChainProxy - Secured GET /api/auth/check-admin
2025-03-14 05:20:31 [http-nio-8081-exec-5] DEBUG o.s.web.servlet.DispatcherServlet - GET "/api/auth/check-admin", parameters={}
2025-03-14 05:20:31 [http-nio-8081-exec-5] DEBUG o.s.w.s.m.m.a.RequestMappingHandlerMapping - Mapped to org.guidewire.login.controller.AuthController#checkIfAdmin(UserDetails)
2025-03-14 05:20:31 [http-nio-8081-exec-5] DEBUG o.s.o.j.s.OpenEntityManagerInViewInterceptor - Opening JPA EntityManager in OpenEntityManagerInViewInterceptor
2025-03-14 05:20:31 [http-nio-8081-exec-5] DEBUG o.g.login.security.CustomUserDetails - Fetching authorities for user: admin
2025-03-14 05:20:31 [http-nio-8081-exec-5] DEBUG o.s.w.s.m.m.a.HttpEntityMethodProcessor - Using 'application/json', given [*/*] and supported [application/json, application/*+json]
2025-03-14 05:20:31 [http-nio-8081-exec-5] DEBUG o.s.w.s.m.m.a.HttpEntityMethodProcessor - Writing [org.guidewire.login.dto.responses.UserRoleResponse@69dc3939]
2025-03-14 05:20:31 [http-nio-8081-exec-5] DEBUG o.s.o.j.s.OpenEntityManagerInViewInterceptor - Closing JPA EntityManager in OpenEntityManagerInViewInterceptor
2025-03-14 05:20:31 [http-nio-8081-exec-5] DEBUG o.s.web.servlet.DispatcherServlet - Completed 200 OK
2025-03-14 05:20:32 [http-nio-8081-exec-4] DEBUG o.s.security.web.FilterChainProxy - Securing GET /api/auth/users/list
2025-03-14 05:20:32 [http-nio-8081-exec-4] INFO  o.g.l.s.JwtAuthenticationFilter - doFilterInternal: Extracted username 'admin' from token.
2025-03-14 05:20:32 [http-nio-8081-exec-4] INFO  o.g.l.s.CustomUserDetailsService - loadUserByUsername: Searching for user: admin
2025-03-14 05:20:32 [http-nio-8081-exec-4] DEBUG o.s.o.j.SharedEntityManagerCreator$SharedEntityManagerInvocationHandler - Creating new EntityManager for shared EntityManager invocation
2025-03-14 05:20:32 [http-nio-8081-exec-4] DEBUG org.hibernate.SQL - select u1_0.id,u1_0.created_at,u1_0.email,u1_0.password,u1_0.updated_at,u1_0.username from users u1_0 where u1_0.username=?
2025-03-14 05:20:32 [http-nio-8081-exec-4] DEBUG org.hibernate.SQL - select r1_0.user_id,r1_1.id,r1_1.created_at,r1_1.name,p1_0.role_id,p1_1.id,p1_1.created_at,p1_1.description,p1_1.name,p1_1.updated_at,r1_1.updated_at from user_roles r1_0 join roles r1_1 on r1_1.id=r1_0.role_id left join role_permissions p1_0 on r1_1.id=p1_0.role_id left join permissions p1_1 on p1_1.id=p1_0.permission_id where r1_0.user_id=?
2025-03-14 05:20:32 [http-nio-8081-exec-4] INFO  o.g.l.s.CustomUserDetailsService - loadUserByUsername: User admin found with roles: [org.guidewire.login.model.Role@1a3b23be]
2025-03-14 05:20:32 [http-nio-8081-exec-4] INFO  o.g.login.security.CustomUserDetails - Initializing CustomUserDetails for user: admin
2025-03-14 05:20:32 [http-nio-8081-exec-4] DEBUG o.g.login.security.CustomUserDetails - User admin has roles: [ADMIN]
2025-03-14 05:20:32 [http-nio-8081-exec-4] DEBUG o.g.login.security.CustomUserDetails - User admin has permissions: [DELETE_TASK, CREATE_TASK, CLOSE_TASK, VIEW_TASK, ASSIGN_TASK, COMMENT_TASK, EDIT_TASK]
2025-03-14 05:20:32 [http-nio-8081-exec-4] INFO  o.g.login.security.CustomUserDetails - CustomUserDetails initialized successfully for user: admin
2025-03-14 05:20:32 [http-nio-8081-exec-4] INFO  o.guidewire.login.security.JwtUtil - validateToken:JWT validated successfully for user: admin
2025-03-14 05:20:32 [http-nio-8081-exec-4] DEBUG o.g.login.security.CustomUserDetails - Fetching authorities for user: admin
2025-03-14 05:20:32 [http-nio-8081-exec-4] INFO  o.g.l.s.JwtAuthenticationFilter - doFilterInternal: Authentication successful for user 'admin'.
2025-03-14 05:20:32 [http-nio-8081-exec-4] DEBUG o.s.security.web.FilterChainProxy - Secured GET /api/auth/users/list
2025-03-14 05:20:32 [http-nio-8081-exec-4] DEBUG o.s.web.servlet.DispatcherServlet - GET "/api/auth/users/list", parameters={}
2025-03-14 05:20:32 [http-nio-8081-exec-4] DEBUG o.s.w.s.m.m.a.RequestMappingHandlerMapping - Mapped to org.guidewire.login.controller.UserController#getAllUsers()
2025-03-14 05:20:32 [http-nio-8081-exec-4] DEBUG o.s.o.j.s.OpenEntityManagerInViewInterceptor - Opening JPA EntityManager in OpenEntityManagerInViewInterceptor
2025-03-14 05:20:32 [http-nio-8081-exec-4] INFO  o.g.login.services.UserService - getAllUsers: Fetching all users from the database.
2025-03-14 05:20:32 [http-nio-8081-exec-4] DEBUG o.s.orm.jpa.JpaTransactionManager - Found thread-bound EntityManager [SessionImpl(1462558857<open>)] for JPA transaction
2025-03-14 05:20:32 [http-nio-8081-exec-4] DEBUG o.s.orm.jpa.JpaTransactionManager - Creating new transaction with name [org.springframework.data.jpa.repository.support.SimpleJpaRepository.findAll]: PROPAGATION_REQUIRED,ISOLATION_DEFAULT,readOnly
2025-03-14 05:20:32 [http-nio-8081-exec-4] DEBUG o.s.jdbc.datasource.DataSourceUtils - Setting JDBC Connection [HikariProxyConnection@742427934 wrapping org.postgresql.jdbc.PgConnection@ad6fbe0] read-only
2025-03-14 05:20:32 [http-nio-8081-exec-4] DEBUG o.s.orm.jpa.JpaTransactionManager - Exposing JPA transaction as JDBC [org.springframework.orm.jpa.vendor.HibernateJpaDialect$HibernateConnectionHandle@7c1ce886]
2025-03-14 05:20:32 [http-nio-8081-exec-4] DEBUG org.hibernate.SQL - select u1_0.id,u1_0.created_at,u1_0.email,u1_0.password,u1_0.updated_at,u1_0.username from users u1_0
2025-03-14 05:20:32 [http-nio-8081-exec-4] DEBUG org.hibernate.SQL - select r1_0.user_id,r1_1.id,r1_1.created_at,r1_1.name,p1_0.role_id,p1_1.id,p1_1.created_at,p1_1.description,p1_1.name,p1_1.updated_at,r1_1.updated_at from user_roles r1_0 join roles r1_1 on r1_1.id=r1_0.role_id left join role_permissions p1_0 on r1_1.id=p1_0.role_id left join permissions p1_1 on p1_1.id=p1_0.permission_id where r1_0.user_id=?
2025-03-14 05:20:32 [http-nio-8081-exec-4] DEBUG org.hibernate.SQL - select r1_0.user_id,r1_1.id,r1_1.created_at,r1_1.name,p1_0.role_id,p1_1.id,p1_1.created_at,p1_1.description,p1_1.name,p1_1.updated_at,r1_1.updated_at from user_roles r1_0 join roles r1_1 on r1_1.id=r1_0.role_id left join role_permissions p1_0 on r1_1.id=p1_0.role_id left join permissions p1_1 on p1_1.id=p1_0.permission_id where r1_0.user_id=?
2025-03-14 05:20:32 [http-nio-8081-exec-4] DEBUG org.hibernate.SQL - select r1_0.user_id,r1_1.id,r1_1.created_at,r1_1.name,p1_0.role_id,p1_1.id,p1_1.created_at,p1_1.description,p1_1.name,p1_1.updated_at,r1_1.updated_at from user_roles r1_0 join roles r1_1 on r1_1.id=r1_0.role_id left join role_permissions p1_0 on r1_1.id=p1_0.role_id left join permissions p1_1 on p1_1.id=p1_0.permission_id where r1_0.user_id=?
2025-03-14 05:20:32 [http-nio-8081-exec-4] DEBUG org.hibernate.SQL - select r1_0.user_id,r1_1.id,r1_1.created_at,r1_1.name,p1_0.role_id,p1_1.id,p1_1.created_at,p1_1.description,p1_1.name,p1_1.updated_at,r1_1.updated_at from user_roles r1_0 join roles r1_1 on r1_1.id=r1_0.role_id left join role_permissions p1_0 on r1_1.id=p1_0.role_id left join permissions p1_1 on p1_1.id=p1_0.permission_id where r1_0.user_id=?
2025-03-14 05:20:32 [http-nio-8081-exec-4] DEBUG org.hibernate.SQL - select r1_0.user_id,r1_1.id,r1_1.created_at,r1_1.name,p1_0.role_id,p1_1.id,p1_1.created_at,p1_1.description,p1_1.name,p1_1.updated_at,r1_1.updated_at from user_roles r1_0 join roles r1_1 on r1_1.id=r1_0.role_id left join role_permissions p1_0 on r1_1.id=p1_0.role_id left join permissions p1_1 on p1_1.id=p1_0.permission_id where r1_0.user_id=?
2025-03-14 05:20:32 [http-nio-8081-exec-4] DEBUG o.s.orm.jpa.JpaTransactionManager - Initiating transaction commit
2025-03-14 05:20:32 [http-nio-8081-exec-4] DEBUG o.s.orm.jpa.JpaTransactionManager - Committing JPA transaction on EntityManager [SessionImpl(1462558857<open>)]
2025-03-14 05:20:32 [http-nio-8081-exec-4] DEBUG o.s.jdbc.datasource.DataSourceUtils - Resetting read-only flag of JDBC Connection [HikariProxyConnection@742427934 wrapping org.postgresql.jdbc.PgConnection@ad6fbe0]
2025-03-14 05:20:32 [http-nio-8081-exec-4] DEBUG o.s.orm.jpa.JpaTransactionManager - Not closing pre-bound JPA EntityManager after transaction
2025-03-14 05:20:32 [http-nio-8081-exec-4] INFO  o.g.login.services.UserService - getAllUsers: Retrieved 5 users.
2025-03-14 05:20:32 [http-nio-8081-exec-4] DEBUG o.s.w.s.m.m.a.HttpEntityMethodProcessor - Using 'application/json', given [*/*] and supported [application/json, application/*+json]
2025-03-14 05:20:32 [http-nio-8081-exec-4] DEBUG o.s.w.s.m.m.a.HttpEntityMethodProcessor - Writing [[org.guidewire.login.dto.responses.UserResponse@3944304e, org.guidewire.login.dto.responses.UserResp (truncated)...]
2025-03-14 05:20:32 [http-nio-8081-exec-4] DEBUG o.s.o.j.s.OpenEntityManagerInViewInterceptor - Closing JPA EntityManager in OpenEntityManagerInViewInterceptor
2025-03-14 05:20:32 [http-nio-8081-exec-4] DEBUG o.s.web.servlet.DispatcherServlet - Completed 200 OK
2025-03-14 05:20:32 [http-nio-8081-exec-7] DEBUG o.s.security.web.FilterChainProxy - Securing GET /api/auth/current/user
2025-03-14 05:20:32 [http-nio-8081-exec-7] INFO  o.g.l.s.JwtAuthenticationFilter - doFilterInternal: Extracted username 'admin' from token.
2025-03-14 05:20:32 [http-nio-8081-exec-7] INFO  o.g.l.s.CustomUserDetailsService - loadUserByUsername: Searching for user: admin
2025-03-14 05:20:32 [http-nio-8081-exec-7] DEBUG o.s.o.j.SharedEntityManagerCreator$SharedEntityManagerInvocationHandler - Creating new EntityManager for shared EntityManager invocation
2025-03-14 05:20:32 [http-nio-8081-exec-7] DEBUG org.hibernate.SQL - select u1_0.id,u1_0.created_at,u1_0.email,u1_0.password,u1_0.updated_at,u1_0.username from users u1_0 where u1_0.username=?
2025-03-14 05:20:32 [http-nio-8081-exec-7] DEBUG org.hibernate.SQL - select r1_0.user_id,r1_1.id,r1_1.created_at,r1_1.name,p1_0.role_id,p1_1.id,p1_1.created_at,p1_1.description,p1_1.name,p1_1.updated_at,r1_1.updated_at from user_roles r1_0 join roles r1_1 on r1_1.id=r1_0.role_id left join role_permissions p1_0 on r1_1.id=p1_0.role_id left join permissions p1_1 on p1_1.id=p1_0.permission_id where r1_0.user_id=?
2025-03-14 05:20:32 [http-nio-8081-exec-7] INFO  o.g.l.s.CustomUserDetailsService - loadUserByUsername: User admin found with roles: [org.guidewire.login.model.Role@54f0695]
2025-03-14 05:20:32 [http-nio-8081-exec-7] INFO  o.g.login.security.CustomUserDetails - Initializing CustomUserDetails for user: admin
2025-03-14 05:20:32 [http-nio-8081-exec-7] DEBUG o.g.login.security.CustomUserDetails - User admin has roles: [ADMIN]
2025-03-14 05:20:32 [http-nio-8081-exec-7] DEBUG o.g.login.security.CustomUserDetails - User admin has permissions: [DELETE_TASK, CREATE_TASK, CLOSE_TASK, VIEW_TASK, ASSIGN_TASK, COMMENT_TASK, EDIT_TASK]
2025-03-14 05:20:32 [http-nio-8081-exec-7] INFO  o.g.login.security.CustomUserDetails - CustomUserDetails initialized successfully for user: admin
2025-03-14 05:20:32 [http-nio-8081-exec-7] INFO  o.guidewire.login.security.JwtUtil - validateToken:JWT validated successfully for user: admin
2025-03-14 05:20:32 [http-nio-8081-exec-7] DEBUG o.g.login.security.CustomUserDetails - Fetching authorities for user: admin
2025-03-14 05:20:32 [http-nio-8081-exec-7] INFO  o.g.l.s.JwtAuthenticationFilter - doFilterInternal: Authentication successful for user 'admin'.
2025-03-14 05:20:32 [http-nio-8081-exec-7] DEBUG o.s.security.web.FilterChainProxy - Secured GET /api/auth/current/user
2025-03-14 05:20:32 [http-nio-8081-exec-7] DEBUG o.s.web.servlet.DispatcherServlet - GET "/api/auth/current/user", parameters={}
2025-03-14 05:20:32 [http-nio-8081-exec-7] DEBUG o.s.w.s.m.m.a.RequestMappingHandlerMapping - Mapped to org.guidewire.login.controller.AuthController#getCurrentUser(Principal)
2025-03-14 05:20:32 [http-nio-8081-exec-7] DEBUG o.s.o.j.s.OpenEntityManagerInViewInterceptor - Opening JPA EntityManager in OpenEntityManagerInViewInterceptor
2025-03-14 05:20:32 [http-nio-8081-exec-7] INFO  o.g.login.controller.AuthController - getCurrentUser: Fetching details for user: admin
2025-03-14 05:20:32 [http-nio-8081-exec-7] DEBUG o.g.login.services.AuthService - getUserDetails:Fetching user details for: admin
2025-03-14 05:20:32 [http-nio-8081-exec-7] DEBUG org.hibernate.SQL - select u1_0.id,u1_0.created_at,u1_0.email,u1_0.password,u1_0.updated_at,u1_0.username from users u1_0 where u1_0.username=?
2025-03-14 05:20:32 [http-nio-8081-exec-7] DEBUG org.hibernate.SQL - select r1_0.user_id,r1_1.id,r1_1.created_at,r1_1.name,p1_0.role_id,p1_1.id,p1_1.created_at,p1_1.description,p1_1.name,p1_1.updated_at,r1_1.updated_at from user_roles r1_0 join roles r1_1 on r1_1.id=r1_0.role_id left join role_permissions p1_0 on r1_1.id=p1_0.role_id left join permissions p1_1 on p1_1.id=p1_0.permission_id where r1_0.user_id=?
2025-03-14 05:20:32 [http-nio-8081-exec-7] INFO  o.g.login.controller.AuthController - getCurrentUser: Returning user details for admin
2025-03-14 05:20:32 [http-nio-8081-exec-7] DEBUG o.s.w.s.m.m.a.HttpEntityMethodProcessor - Using 'application/json', given [*/*] and supported [application/json, application/*+json]
2025-03-14 05:20:32 [http-nio-8081-exec-7] DEBUG o.s.w.s.m.m.a.HttpEntityMethodProcessor - Writing [org.guidewire.login.dto.responses.UserResponse@7acf523d]
2025-03-14 05:20:32 [http-nio-8081-exec-7] DEBUG o.s.o.j.s.OpenEntityManagerInViewInterceptor - Closing JPA EntityManager in OpenEntityManagerInViewInterceptor
2025-03-14 05:20:32 [http-nio-8081-exec-7] DEBUG o.s.web.servlet.DispatcherServlet - Completed 200 OK
2025-03-14 05:20:34 [http-nio-8081-exec-6] DEBUG o.s.security.web.FilterChainProxy - Securing GET /api/auth/users/list
2025-03-14 05:20:34 [http-nio-8081-exec-6] INFO  o.g.l.s.JwtAuthenticationFilter - doFilterInternal: Extracted username 'admin' from token.
2025-03-14 05:20:34 [http-nio-8081-exec-6] INFO  o.g.l.s.CustomUserDetailsService - loadUserByUsername: Searching for user: admin
2025-03-14 05:20:34 [http-nio-8081-exec-6] DEBUG o.s.o.j.SharedEntityManagerCreator$SharedEntityManagerInvocationHandler - Creating new EntityManager for shared EntityManager invocation
2025-03-14 05:20:34 [http-nio-8081-exec-6] DEBUG org.hibernate.SQL - select u1_0.id,u1_0.created_at,u1_0.email,u1_0.password,u1_0.updated_at,u1_0.username from users u1_0 where u1_0.username=?
2025-03-14 05:20:34 [http-nio-8081-exec-6] DEBUG org.hibernate.SQL - select r1_0.user_id,r1_1.id,r1_1.created_at,r1_1.name,p1_0.role_id,p1_1.id,p1_1.created_at,p1_1.description,p1_1.name,p1_1.updated_at,r1_1.updated_at from user_roles r1_0 join roles r1_1 on r1_1.id=r1_0.role_id left join role_permissions p1_0 on r1_1.id=p1_0.role_id left join permissions p1_1 on p1_1.id=p1_0.permission_id where r1_0.user_id=?
2025-03-14 05:20:34 [http-nio-8081-exec-6] INFO  o.g.l.s.CustomUserDetailsService - loadUserByUsername: User admin found with roles: [org.guidewire.login.model.Role@663e79d5]
2025-03-14 05:20:34 [http-nio-8081-exec-6] INFO  o.g.login.security.CustomUserDetails - Initializing CustomUserDetails for user: admin
2025-03-14 05:20:34 [http-nio-8081-exec-6] DEBUG o.g.login.security.CustomUserDetails - User admin has roles: [ADMIN]
2025-03-14 05:20:34 [http-nio-8081-exec-6] DEBUG o.g.login.security.CustomUserDetails - User admin has permissions: [DELETE_TASK, CREATE_TASK, CLOSE_TASK, VIEW_TASK, ASSIGN_TASK, COMMENT_TASK, EDIT_TASK]
2025-03-14 05:20:34 [http-nio-8081-exec-6] INFO  o.g.login.security.CustomUserDetails - CustomUserDetails initialized successfully for user: admin
2025-03-14 05:20:34 [http-nio-8081-exec-6] INFO  o.guidewire.login.security.JwtUtil - validateToken:JWT validated successfully for user: admin
2025-03-14 05:20:34 [http-nio-8081-exec-6] DEBUG o.g.login.security.CustomUserDetails - Fetching authorities for user: admin
2025-03-14 05:20:34 [http-nio-8081-exec-6] INFO  o.g.l.s.JwtAuthenticationFilter - doFilterInternal: Authentication successful for user 'admin'.
2025-03-14 05:20:34 [http-nio-8081-exec-6] DEBUG o.s.security.web.FilterChainProxy - Secured GET /api/auth/users/list
2025-03-14 05:20:34 [http-nio-8081-exec-6] DEBUG o.s.web.servlet.DispatcherServlet - GET "/api/auth/users/list", parameters={}
2025-03-14 05:20:34 [http-nio-8081-exec-6] DEBUG o.s.w.s.m.m.a.RequestMappingHandlerMapping - Mapped to org.guidewire.login.controller.UserController#getAllUsers()
2025-03-14 05:20:34 [http-nio-8081-exec-6] DEBUG o.s.o.j.s.OpenEntityManagerInViewInterceptor - Opening JPA EntityManager in OpenEntityManagerInViewInterceptor
2025-03-14 05:20:34 [http-nio-8081-exec-6] INFO  o.g.login.services.UserService - getAllUsers: Fetching all users from the database.
2025-03-14 05:20:34 [http-nio-8081-exec-6] DEBUG o.s.orm.jpa.JpaTransactionManager - Found thread-bound EntityManager [SessionImpl(893660361<open>)] for JPA transaction
2025-03-14 05:20:34 [http-nio-8081-exec-6] DEBUG o.s.orm.jpa.JpaTransactionManager - Creating new transaction with name [org.springframework.data.jpa.repository.support.SimpleJpaRepository.findAll]: PROPAGATION_REQUIRED,ISOLATION_DEFAULT,readOnly
2025-03-14 05:20:34 [http-nio-8081-exec-6] DEBUG o.s.jdbc.datasource.DataSourceUtils - Setting JDBC Connection [HikariProxyConnection@2103267851 wrapping org.postgresql.jdbc.PgConnection@ad6fbe0] read-only
2025-03-14 05:20:34 [http-nio-8081-exec-6] DEBUG o.s.orm.jpa.JpaTransactionManager - Exposing JPA transaction as JDBC [org.springframework.orm.jpa.vendor.HibernateJpaDialect$HibernateConnectionHandle@7764f58c]
2025-03-14 05:20:34 [http-nio-8081-exec-6] DEBUG org.hibernate.SQL - select u1_0.id,u1_0.created_at,u1_0.email,u1_0.password,u1_0.updated_at,u1_0.username from users u1_0
2025-03-14 05:20:34 [http-nio-8081-exec-6] DEBUG org.hibernate.SQL - select r1_0.user_id,r1_1.id,r1_1.created_at,r1_1.name,p1_0.role_id,p1_1.id,p1_1.created_at,p1_1.description,p1_1.name,p1_1.updated_at,r1_1.updated_at from user_roles r1_0 join roles r1_1 on r1_1.id=r1_0.role_id left join role_permissions p1_0 on r1_1.id=p1_0.role_id left join permissions p1_1 on p1_1.id=p1_0.permission_id where r1_0.user_id=?
2025-03-14 05:20:34 [http-nio-8081-exec-6] DEBUG org.hibernate.SQL - select r1_0.user_id,r1_1.id,r1_1.created_at,r1_1.name,p1_0.role_id,p1_1.id,p1_1.created_at,p1_1.description,p1_1.name,p1_1.updated_at,r1_1.updated_at from user_roles r1_0 join roles r1_1 on r1_1.id=r1_0.role_id left join role_permissions p1_0 on r1_1.id=p1_0.role_id left join permissions p1_1 on p1_1.id=p1_0.permission_id where r1_0.user_id=?
2025-03-14 05:20:34 [http-nio-8081-exec-6] DEBUG org.hibernate.SQL - select r1_0.user_id,r1_1.id,r1_1.created_at,r1_1.name,p1_0.role_id,p1_1.id,p1_1.created_at,p1_1.description,p1_1.name,p1_1.updated_at,r1_1.updated_at from user_roles r1_0 join roles r1_1 on r1_1.id=r1_0.role_id left join role_permissions p1_0 on r1_1.id=p1_0.role_id left join permissions p1_1 on p1_1.id=p1_0.permission_id where r1_0.user_id=?
2025-03-14 05:20:34 [http-nio-8081-exec-6] DEBUG org.hibernate.SQL - select r1_0.user_id,r1_1.id,r1_1.created_at,r1_1.name,p1_0.role_id,p1_1.id,p1_1.created_at,p1_1.description,p1_1.name,p1_1.updated_at,r1_1.updated_at from user_roles r1_0 join roles r1_1 on r1_1.id=r1_0.role_id left join role_permissions p1_0 on r1_1.id=p1_0.role_id left join permissions p1_1 on p1_1.id=p1_0.permission_id where r1_0.user_id=?
2025-03-14 05:20:34 [http-nio-8081-exec-6] DEBUG org.hibernate.SQL - select r1_0.user_id,r1_1.id,r1_1.created_at,r1_1.name,p1_0.role_id,p1_1.id,p1_1.created_at,p1_1.description,p1_1.name,p1_1.updated_at,r1_1.updated_at from user_roles r1_0 join roles r1_1 on r1_1.id=r1_0.role_id left join role_permissions p1_0 on r1_1.id=p1_0.role_id left join permissions p1_1 on p1_1.id=p1_0.permission_id where r1_0.user_id=?
2025-03-14 05:20:34 [http-nio-8081-exec-6] DEBUG o.s.orm.jpa.JpaTransactionManager - Initiating transaction commit
2025-03-14 05:20:34 [http-nio-8081-exec-6] DEBUG o.s.orm.jpa.JpaTransactionManager - Committing JPA transaction on EntityManager [SessionImpl(893660361<open>)]
2025-03-14 05:20:34 [http-nio-8081-exec-6] DEBUG o.s.jdbc.datasource.DataSourceUtils - Resetting read-only flag of JDBC Connection [HikariProxyConnection@2103267851 wrapping org.postgresql.jdbc.PgConnection@ad6fbe0]
2025-03-14 05:20:34 [http-nio-8081-exec-6] DEBUG o.s.orm.jpa.JpaTransactionManager - Not closing pre-bound JPA EntityManager after transaction
2025-03-14 05:20:34 [http-nio-8081-exec-6] INFO  o.g.login.services.UserService - getAllUsers: Retrieved 5 users.
2025-03-14 05:20:34 [http-nio-8081-exec-6] DEBUG o.s.w.s.m.m.a.HttpEntityMethodProcessor - Using 'application/json', given [*/*] and supported [application/json, application/*+json]
2025-03-14 05:20:34 [http-nio-8081-exec-6] DEBUG o.s.w.s.m.m.a.HttpEntityMethodProcessor - Writing [[org.guidewire.login.dto.responses.UserResponse@582feaa8, org.guidewire.login.dto.responses.UserResp (truncated)...]
2025-03-14 05:20:34 [http-nio-8081-exec-6] DEBUG o.s.o.j.s.OpenEntityManagerInViewInterceptor - Closing JPA EntityManager in OpenEntityManagerInViewInterceptor
2025-03-14 05:20:34 [http-nio-8081-exec-6] DEBUG o.s.web.servlet.DispatcherServlet - Completed 200 OK
2025-03-14 05:20:34 [http-nio-8081-exec-8] DEBUG o.s.security.web.FilterChainProxy - Securing GET /api/auth/user/details
2025-03-14 05:20:34 [http-nio-8081-exec-8] DEBUG o.g.l.s.JwtAuthenticationFilter - doFilterInternal: No valid Authorization header found, skipping JWT processing.
2025-03-14 05:20:34 [http-nio-8081-exec-8] DEBUG o.s.s.w.a.AnonymousAuthenticationFilter - Set SecurityContextHolder to anonymous SecurityContext
2025-03-14 05:20:34 [http-nio-8081-exec-8] DEBUG o.s.security.web.FilterChainProxy - Secured GET /api/auth/user/details
2025-03-14 05:20:34 [http-nio-8081-exec-8] DEBUG o.s.web.servlet.DispatcherServlet - GET "/api/auth/user/details", parameters={}
2025-03-14 05:20:34 [http-nio-8081-exec-8] DEBUG o.s.w.s.m.m.a.RequestMappingHandlerMapping - Mapped to org.guidewire.login.controller.AuthController#fetchUserDetails(List)
2025-03-14 05:20:34 [http-nio-8081-exec-8] DEBUG o.s.o.j.s.OpenEntityManagerInViewInterceptor - Opening JPA EntityManager in OpenEntityManagerInViewInterceptor
2025-03-14 05:20:34 [http-nio-8081-exec-8] DEBUG o.s.w.s.m.m.a.RequestResponseBodyMethodProcessor - Read "application/json;charset=UTF-8" to [[3d480867-d12b-4c5f-a725-da17dd7e5590]]
2025-03-14 05:20:34 [http-nio-8081-exec-8] INFO  o.g.login.controller.AuthController - fetchUserDetails: Fetching details for users with IDs: [3d480867-d12b-4c5f-a725-da17dd7e5590]
2025-03-14 05:20:34 [http-nio-8081-exec-8] DEBUG o.s.orm.jpa.JpaTransactionManager - Found thread-bound EntityManager [SessionImpl(460845725<open>)] for JPA transaction
2025-03-14 05:20:34 [http-nio-8081-exec-8] DEBUG o.s.orm.jpa.JpaTransactionManager - Creating new transaction with name [org.springframework.data.jpa.repository.support.SimpleJpaRepository.findAllById]: PROPAGATION_REQUIRED,ISOLATION_DEFAULT,readOnly
2025-03-14 05:20:34 [http-nio-8081-exec-8] DEBUG o.s.jdbc.datasource.DataSourceUtils - Setting JDBC Connection [HikariProxyConnection@98932970 wrapping org.postgresql.jdbc.PgConnection@ad6fbe0] read-only
2025-03-14 05:20:34 [http-nio-8081-exec-8] DEBUG o.s.orm.jpa.JpaTransactionManager - Exposing JPA transaction as JDBC [org.springframework.orm.jpa.vendor.HibernateJpaDialect$HibernateConnectionHandle@5c1e6e1d]
2025-03-14 05:20:34 [http-nio-8081-exec-8] DEBUG org.hibernate.SQL - select u1_0.id,u1_0.created_at,u1_0.email,u1_0.password,u1_0.updated_at,u1_0.username from users u1_0 where u1_0.id in (?)
2025-03-14 05:20:34 [http-nio-8081-exec-8] DEBUG org.hibernate.SQL - select r1_0.user_id,r1_1.id,r1_1.created_at,r1_1.name,p1_0.role_id,p1_1.id,p1_1.created_at,p1_1.description,p1_1.name,p1_1.updated_at,r1_1.updated_at from user_roles r1_0 join roles r1_1 on r1_1.id=r1_0.role_id left join role_permissions p1_0 on r1_1.id=p1_0.role_id left join permissions p1_1 on p1_1.id=p1_0.permission_id where r1_0.user_id=?
2025-03-14 05:20:34 [http-nio-8081-exec-8] DEBUG o.s.orm.jpa.JpaTransactionManager - Initiating transaction commit
2025-03-14 05:20:34 [http-nio-8081-exec-8] DEBUG o.s.orm.jpa.JpaTransactionManager - Committing JPA transaction on EntityManager [SessionImpl(460845725<open>)]
2025-03-14 05:20:34 [http-nio-8081-exec-8] DEBUG o.s.jdbc.datasource.DataSourceUtils - Resetting read-only flag of JDBC Connection [HikariProxyConnection@98932970 wrapping org.postgresql.jdbc.PgConnection@ad6fbe0]
2025-03-14 05:20:34 [http-nio-8081-exec-8] DEBUG o.s.orm.jpa.JpaTransactionManager - Not closing pre-bound JPA EntityManager after transaction
2025-03-14 05:20:34 [http-nio-8081-exec-8] INFO  o.g.login.controller.AuthController - fetchUserDetails: Returning user details for users: [org.guidewire.login.dto.responses.UserResponse@aed746f]
2025-03-14 05:20:34 [http-nio-8081-exec-8] DEBUG o.s.w.s.m.m.a.HttpEntityMethodProcessor - Using 'application/json', given [*/*] and supported [application/json, application/*+json]
2025-03-14 05:20:34 [http-nio-8081-exec-8] DEBUG o.s.w.s.m.m.a.HttpEntityMethodProcessor - Writing [[org.guidewire.login.dto.responses.UserResponse@aed746f]]
2025-03-14 05:20:34 [http-nio-8081-exec-8] DEBUG o.s.o.j.s.OpenEntityManagerInViewInterceptor - Closing JPA EntityManager in OpenEntityManagerInViewInterceptor
2025-03-14 05:20:34 [http-nio-8081-exec-8] DEBUG o.s.web.servlet.DispatcherServlet - Completed 200 OK
2025-03-14 05:53:46 [HikariPool-1 housekeeper] WARN  com.zaxxer.hikari.pool.HikariPool - HikariPool-1 - Thread starvation or clock leap detected (housekeeper delta=32m13s952ms).
2025-03-14 06:43:25 [HikariPool-1 housekeeper] WARN  com.zaxxer.hikari.pool.HikariPool - HikariPool-1 - Thread starvation or clock leap detected (housekeeper delta=49m39s252ms).
2025-03-14 08:11:17 [HikariPool-1 housekeeper] WARN  com.zaxxer.hikari.pool.HikariPool - HikariPool-1 - Thread starvation or clock leap detected (housekeeper delta=1h27m52s334ms).
2025-03-14 09:15:01 [HikariPool-1 housekeeper] WARN  com.zaxxer.hikari.pool.HikariPool - HikariPool-1 - Thread starvation or clock leap detected (housekeeper delta=1h3m43s817ms).
2025-03-14 10:09:33 [HikariPool-1 housekeeper] WARN  com.zaxxer.hikari.pool.HikariPool - HikariPool-1 - Thread starvation or clock leap detected (housekeeper delta=54m32s139ms).
2025-03-14 10:25:39 [http-nio-8081-exec-1] DEBUG o.s.security.web.FilterChainProxy - Securing GET /api/auth/users/list
2025-03-14 10:25:39 [http-nio-8081-exec-1] INFO  o.g.l.s.JwtAuthenticationFilter - doFilterInternal: Extracted username 'admin' from token.
2025-03-14 10:25:39 [http-nio-8081-exec-1] INFO  o.g.l.s.CustomUserDetailsService - loadUserByUsername: Searching for user: admin
2025-03-14 10:25:39 [http-nio-8081-exec-1] DEBUG o.s.o.j.SharedEntityManagerCreator$SharedEntityManagerInvocationHandler - Creating new EntityManager for shared EntityManager invocation
2025-03-14 10:25:39 [http-nio-8081-exec-1] DEBUG org.hibernate.SQL - select u1_0.id,u1_0.created_at,u1_0.email,u1_0.password,u1_0.updated_at,u1_0.username from users u1_0 where u1_0.username=?
2025-03-14 10:25:39 [http-nio-8081-exec-1] DEBUG org.hibernate.SQL - select r1_0.user_id,r1_1.id,r1_1.created_at,r1_1.name,p1_0.role_id,p1_1.id,p1_1.created_at,p1_1.description,p1_1.name,p1_1.updated_at,r1_1.updated_at from user_roles r1_0 join roles r1_1 on r1_1.id=r1_0.role_id left join role_permissions p1_0 on r1_1.id=p1_0.role_id left join permissions p1_1 on p1_1.id=p1_0.permission_id where r1_0.user_id=?
2025-03-14 10:25:39 [http-nio-8081-exec-1] INFO  o.g.l.s.CustomUserDetailsService - loadUserByUsername: User admin found with roles: [org.guidewire.login.model.Role@47265a80]
2025-03-14 10:25:39 [http-nio-8081-exec-1] INFO  o.g.login.security.CustomUserDetails - Initializing CustomUserDetails for user: admin
2025-03-14 10:25:39 [http-nio-8081-exec-1] DEBUG o.g.login.security.CustomUserDetails - User admin has roles: [ADMIN]
2025-03-14 10:25:39 [http-nio-8081-exec-1] DEBUG o.g.login.security.CustomUserDetails - User admin has permissions: [DELETE_TASK, CREATE_TASK, CLOSE_TASK, VIEW_TASK, ASSIGN_TASK, COMMENT_TASK, EDIT_TASK]
2025-03-14 10:25:39 [http-nio-8081-exec-1] INFO  o.g.login.security.CustomUserDetails - CustomUserDetails initialized successfully for user: admin
2025-03-14 10:25:39 [http-nio-8081-exec-1] INFO  o.guidewire.login.security.JwtUtil - validateToken:JWT validated successfully for user: admin
2025-03-14 10:25:39 [http-nio-8081-exec-1] DEBUG o.g.login.security.CustomUserDetails - Fetching authorities for user: admin
2025-03-14 10:25:39 [http-nio-8081-exec-1] INFO  o.g.l.s.JwtAuthenticationFilter - doFilterInternal: Authentication successful for user 'admin'.
2025-03-14 10:25:39 [http-nio-8081-exec-1] DEBUG o.s.security.web.FilterChainProxy - Secured GET /api/auth/users/list
2025-03-14 10:25:39 [http-nio-8081-exec-1] DEBUG o.s.web.servlet.DispatcherServlet - GET "/api/auth/users/list", parameters={}
2025-03-14 10:25:39 [http-nio-8081-exec-1] DEBUG o.s.w.s.m.m.a.RequestMappingHandlerMapping - Mapped to org.guidewire.login.controller.UserController#getAllUsers()
2025-03-14 10:25:39 [http-nio-8081-exec-1] DEBUG o.s.o.j.s.OpenEntityManagerInViewInterceptor - Opening JPA EntityManager in OpenEntityManagerInViewInterceptor
2025-03-14 10:25:39 [http-nio-8081-exec-1] INFO  o.g.login.services.UserService - getAllUsers: Fetching all users from the database.
2025-03-14 10:25:39 [http-nio-8081-exec-1] DEBUG o.s.orm.jpa.JpaTransactionManager - Found thread-bound EntityManager [SessionImpl(644180972<open>)] for JPA transaction
2025-03-14 10:25:39 [http-nio-8081-exec-1] DEBUG o.s.orm.jpa.JpaTransactionManager - Creating new transaction with name [org.springframework.data.jpa.repository.support.SimpleJpaRepository.findAll]: PROPAGATION_REQUIRED,ISOLATION_DEFAULT,readOnly
2025-03-14 10:25:39 [http-nio-8081-exec-1] DEBUG o.s.jdbc.datasource.DataSourceUtils - Setting JDBC Connection [HikariProxyConnection@809732363 wrapping org.postgresql.jdbc.PgConnection@756968fe] read-only
2025-03-14 10:25:39 [http-nio-8081-exec-1] DEBUG o.s.orm.jpa.JpaTransactionManager - Exposing JPA transaction as JDBC [org.springframework.orm.jpa.vendor.HibernateJpaDialect$HibernateConnectionHandle@5c3a1bad]
2025-03-14 10:25:39 [http-nio-8081-exec-1] DEBUG org.hibernate.SQL - select u1_0.id,u1_0.created_at,u1_0.email,u1_0.password,u1_0.updated_at,u1_0.username from users u1_0
2025-03-14 10:25:39 [http-nio-8081-exec-1] DEBUG org.hibernate.SQL - select r1_0.user_id,r1_1.id,r1_1.created_at,r1_1.name,p1_0.role_id,p1_1.id,p1_1.created_at,p1_1.description,p1_1.name,p1_1.updated_at,r1_1.updated_at from user_roles r1_0 join roles r1_1 on r1_1.id=r1_0.role_id left join role_permissions p1_0 on r1_1.id=p1_0.role_id left join permissions p1_1 on p1_1.id=p1_0.permission_id where r1_0.user_id=?
2025-03-14 10:25:39 [http-nio-8081-exec-1] DEBUG org.hibernate.SQL - select r1_0.user_id,r1_1.id,r1_1.created_at,r1_1.name,p1_0.role_id,p1_1.id,p1_1.created_at,p1_1.description,p1_1.name,p1_1.updated_at,r1_1.updated_at from user_roles r1_0 join roles r1_1 on r1_1.id=r1_0.role_id left join role_permissions p1_0 on r1_1.id=p1_0.role_id left join permissions p1_1 on p1_1.id=p1_0.permission_id where r1_0.user_id=?
2025-03-14 10:25:39 [http-nio-8081-exec-1] DEBUG org.hibernate.SQL - select r1_0.user_id,r1_1.id,r1_1.created_at,r1_1.name,p1_0.role_id,p1_1.id,p1_1.created_at,p1_1.description,p1_1.name,p1_1.updated_at,r1_1.updated_at from user_roles r1_0 join roles r1_1 on r1_1.id=r1_0.role_id left join role_permissions p1_0 on r1_1.id=p1_0.role_id left join permissions p1_1 on p1_1.id=p1_0.permission_id where r1_0.user_id=?
2025-03-14 10:25:39 [http-nio-8081-exec-1] DEBUG org.hibernate.SQL - select r1_0.user_id,r1_1.id,r1_1.created_at,r1_1.name,p1_0.role_id,p1_1.id,p1_1.created_at,p1_1.description,p1_1.name,p1_1.updated_at,r1_1.updated_at from user_roles r1_0 join roles r1_1 on r1_1.id=r1_0.role_id left join role_permissions p1_0 on r1_1.id=p1_0.role_id left join permissions p1_1 on p1_1.id=p1_0.permission_id where r1_0.user_id=?
2025-03-14 10:25:39 [http-nio-8081-exec-1] DEBUG org.hibernate.SQL - select r1_0.user_id,r1_1.id,r1_1.created_at,r1_1.name,p1_0.role_id,p1_1.id,p1_1.created_at,p1_1.description,p1_1.name,p1_1.updated_at,r1_1.updated_at from user_roles r1_0 join roles r1_1 on r1_1.id=r1_0.role_id left join role_permissions p1_0 on r1_1.id=p1_0.role_id left join permissions p1_1 on p1_1.id=p1_0.permission_id where r1_0.user_id=?
2025-03-14 10:25:39 [http-nio-8081-exec-1] DEBUG o.s.orm.jpa.JpaTransactionManager - Initiating transaction commit
2025-03-14 10:25:39 [http-nio-8081-exec-1] DEBUG o.s.orm.jpa.JpaTransactionManager - Committing JPA transaction on EntityManager [SessionImpl(644180972<open>)]
2025-03-14 10:25:39 [http-nio-8081-exec-1] DEBUG o.s.jdbc.datasource.DataSourceUtils - Resetting read-only flag of JDBC Connection [HikariProxyConnection@809732363 wrapping org.postgresql.jdbc.PgConnection@756968fe]
2025-03-14 10:25:39 [http-nio-8081-exec-1] DEBUG o.s.orm.jpa.JpaTransactionManager - Not closing pre-bound JPA EntityManager after transaction
2025-03-14 10:25:39 [http-nio-8081-exec-1] INFO  o.g.login.services.UserService - getAllUsers: Retrieved 5 users.
2025-03-14 10:25:39 [http-nio-8081-exec-1] DEBUG o.s.w.s.m.m.a.HttpEntityMethodProcessor - Using 'application/json', given [*/*] and supported [application/json, application/*+json]
2025-03-14 10:25:39 [http-nio-8081-exec-1] DEBUG o.s.w.s.m.m.a.HttpEntityMethodProcessor - Writing [[org.guidewire.login.dto.responses.UserResponse@62ddbd72, org.guidewire.login.dto.responses.UserResp (truncated)...]
2025-03-14 10:25:39 [http-nio-8081-exec-1] DEBUG o.s.o.j.s.OpenEntityManagerInViewInterceptor - Closing JPA EntityManager in OpenEntityManagerInViewInterceptor
2025-03-14 10:25:39 [http-nio-8081-exec-1] DEBUG o.s.web.servlet.DispatcherServlet - Completed 200 OK
2025-03-14 10:25:40 [http-nio-8081-exec-10] DEBUG o.s.security.web.FilterChainProxy - Securing GET /api/auth/user/details
2025-03-14 10:25:40 [http-nio-8081-exec-10] DEBUG o.g.l.s.JwtAuthenticationFilter - doFilterInternal: No valid Authorization header found, skipping JWT processing.
2025-03-14 10:25:40 [http-nio-8081-exec-10] DEBUG o.s.s.w.a.AnonymousAuthenticationFilter - Set SecurityContextHolder to anonymous SecurityContext
2025-03-14 10:25:40 [http-nio-8081-exec-10] DEBUG o.s.security.web.FilterChainProxy - Secured GET /api/auth/user/details
2025-03-14 10:25:40 [http-nio-8081-exec-10] DEBUG o.s.web.servlet.DispatcherServlet - GET "/api/auth/user/details", parameters={}
2025-03-14 10:25:40 [http-nio-8081-exec-10] DEBUG o.s.w.s.m.m.a.RequestMappingHandlerMapping - Mapped to org.guidewire.login.controller.AuthController#fetchUserDetails(List)
2025-03-14 10:25:40 [http-nio-8081-exec-10] DEBUG o.s.o.j.s.OpenEntityManagerInViewInterceptor - Opening JPA EntityManager in OpenEntityManagerInViewInterceptor
2025-03-14 10:25:40 [http-nio-8081-exec-10] DEBUG o.s.w.s.m.m.a.RequestResponseBodyMethodProcessor - Read "application/json;charset=UTF-8" to [[3d480867-d12b-4c5f-a725-da17dd7e5590]]
2025-03-14 10:25:40 [http-nio-8081-exec-10] INFO  o.g.login.controller.AuthController - fetchUserDetails: Fetching details for users with IDs: [3d480867-d12b-4c5f-a725-da17dd7e5590]
2025-03-14 10:25:40 [http-nio-8081-exec-10] DEBUG o.s.orm.jpa.JpaTransactionManager - Found thread-bound EntityManager [SessionImpl(178293192<open>)] for JPA transaction
2025-03-14 10:25:40 [http-nio-8081-exec-10] DEBUG o.s.orm.jpa.JpaTransactionManager - Creating new transaction with name [org.springframework.data.jpa.repository.support.SimpleJpaRepository.findAllById]: PROPAGATION_REQUIRED,ISOLATION_DEFAULT,readOnly
2025-03-14 10:25:40 [http-nio-8081-exec-10] DEBUG o.s.jdbc.datasource.DataSourceUtils - Setting JDBC Connection [HikariProxyConnection@505812087 wrapping org.postgresql.jdbc.PgConnection@756968fe] read-only
2025-03-14 10:25:40 [http-nio-8081-exec-10] DEBUG o.s.orm.jpa.JpaTransactionManager - Exposing JPA transaction as JDBC [org.springframework.orm.jpa.vendor.HibernateJpaDialect$HibernateConnectionHandle@588e6a72]
2025-03-14 10:25:40 [http-nio-8081-exec-10] DEBUG org.hibernate.SQL - select u1_0.id,u1_0.created_at,u1_0.email,u1_0.password,u1_0.updated_at,u1_0.username from users u1_0 where u1_0.id in (?)
2025-03-14 10:25:40 [http-nio-8081-exec-10] DEBUG org.hibernate.SQL - select r1_0.user_id,r1_1.id,r1_1.created_at,r1_1.name,p1_0.role_id,p1_1.id,p1_1.created_at,p1_1.description,p1_1.name,p1_1.updated_at,r1_1.updated_at from user_roles r1_0 join roles r1_1 on r1_1.id=r1_0.role_id left join role_permissions p1_0 on r1_1.id=p1_0.role_id left join permissions p1_1 on p1_1.id=p1_0.permission_id where r1_0.user_id=?
2025-03-14 10:25:40 [http-nio-8081-exec-10] DEBUG o.s.orm.jpa.JpaTransactionManager - Initiating transaction commit
2025-03-14 10:25:40 [http-nio-8081-exec-10] DEBUG o.s.orm.jpa.JpaTransactionManager - Committing JPA transaction on EntityManager [SessionImpl(178293192<open>)]
2025-03-14 10:25:40 [http-nio-8081-exec-10] DEBUG o.s.jdbc.datasource.DataSourceUtils - Resetting read-only flag of JDBC Connection [HikariProxyConnection@505812087 wrapping org.postgresql.jdbc.PgConnection@756968fe]
2025-03-14 10:25:40 [http-nio-8081-exec-10] DEBUG o.s.orm.jpa.JpaTransactionManager - Not closing pre-bound JPA EntityManager after transaction
2025-03-14 10:25:40 [http-nio-8081-exec-10] INFO  o.g.login.controller.AuthController - fetchUserDetails: Returning user details for users: [org.guidewire.login.dto.responses.UserResponse@6e425938]
2025-03-14 10:25:40 [http-nio-8081-exec-10] DEBUG o.s.w.s.m.m.a.HttpEntityMethodProcessor - Using 'application/json', given [*/*] and supported [application/json, application/*+json]
2025-03-14 10:25:40 [http-nio-8081-exec-10] DEBUG o.s.w.s.m.m.a.HttpEntityMethodProcessor - Writing [[org.guidewire.login.dto.responses.UserResponse@6e425938]]
2025-03-14 10:25:40 [http-nio-8081-exec-10] DEBUG o.s.o.j.s.OpenEntityManagerInViewInterceptor - Closing JPA EntityManager in OpenEntityManagerInViewInterceptor
2025-03-14 10:25:40 [http-nio-8081-exec-10] DEBUG o.s.web.servlet.DispatcherServlet - Completed 200 OK
2025-03-14 10:25:42 [http-nio-8081-exec-3] DEBUG o.s.security.web.FilterChainProxy - Securing GET /api/auth/check-admin
2025-03-14 10:25:42 [http-nio-8081-exec-3] INFO  o.g.l.s.JwtAuthenticationFilter - doFilterInternal: Extracted username 'admin' from token.
2025-03-14 10:25:42 [http-nio-8081-exec-3] INFO  o.g.l.s.CustomUserDetailsService - loadUserByUsername: Searching for user: admin
2025-03-14 10:25:42 [http-nio-8081-exec-3] DEBUG o.s.o.j.SharedEntityManagerCreator$SharedEntityManagerInvocationHandler - Creating new EntityManager for shared EntityManager invocation
2025-03-14 10:25:42 [http-nio-8081-exec-3] DEBUG org.hibernate.SQL - select u1_0.id,u1_0.created_at,u1_0.email,u1_0.password,u1_0.updated_at,u1_0.username from users u1_0 where u1_0.username=?
2025-03-14 10:25:42 [http-nio-8081-exec-3] DEBUG org.hibernate.SQL - select r1_0.user_id,r1_1.id,r1_1.created_at,r1_1.name,p1_0.role_id,p1_1.id,p1_1.created_at,p1_1.description,p1_1.name,p1_1.updated_at,r1_1.updated_at from user_roles r1_0 join roles r1_1 on r1_1.id=r1_0.role_id left join role_permissions p1_0 on r1_1.id=p1_0.role_id left join permissions p1_1 on p1_1.id=p1_0.permission_id where r1_0.user_id=?
2025-03-14 10:25:42 [http-nio-8081-exec-3] INFO  o.g.l.s.CustomUserDetailsService - loadUserByUsername: User admin found with roles: [org.guidewire.login.model.Role@3959eb2f]
2025-03-14 10:25:42 [http-nio-8081-exec-3] INFO  o.g.login.security.CustomUserDetails - Initializing CustomUserDetails for user: admin
2025-03-14 10:25:42 [http-nio-8081-exec-3] DEBUG o.g.login.security.CustomUserDetails - User admin has roles: [ADMIN]
2025-03-14 10:25:42 [http-nio-8081-exec-3] DEBUG o.g.login.security.CustomUserDetails - User admin has permissions: [DELETE_TASK, CREATE_TASK, VIEW_TASK, CLOSE_TASK, ASSIGN_TASK, COMMENT_TASK, EDIT_TASK]
2025-03-14 10:25:42 [http-nio-8081-exec-3] INFO  o.g.login.security.CustomUserDetails - CustomUserDetails initialized successfully for user: admin
2025-03-14 10:25:42 [http-nio-8081-exec-3] INFO  o.guidewire.login.security.JwtUtil - validateToken:JWT validated successfully for user: admin
2025-03-14 10:25:42 [http-nio-8081-exec-3] DEBUG o.g.login.security.CustomUserDetails - Fetching authorities for user: admin
2025-03-14 10:25:42 [http-nio-8081-exec-3] INFO  o.g.l.s.JwtAuthenticationFilter - doFilterInternal: Authentication successful for user 'admin'.
2025-03-14 10:25:42 [http-nio-8081-exec-3] DEBUG o.s.security.web.FilterChainProxy - Secured GET /api/auth/check-admin
2025-03-14 10:25:42 [http-nio-8081-exec-3] DEBUG o.s.web.servlet.DispatcherServlet - GET "/api/auth/check-admin", parameters={}
2025-03-14 10:25:42 [http-nio-8081-exec-3] DEBUG o.s.w.s.m.m.a.RequestMappingHandlerMapping - Mapped to org.guidewire.login.controller.AuthController#checkIfAdmin(UserDetails)
2025-03-14 10:25:42 [http-nio-8081-exec-3] DEBUG o.s.o.j.s.OpenEntityManagerInViewInterceptor - Opening JPA EntityManager in OpenEntityManagerInViewInterceptor
2025-03-14 10:25:42 [http-nio-8081-exec-3] DEBUG o.g.login.security.CustomUserDetails - Fetching authorities for user: admin
2025-03-14 10:25:42 [http-nio-8081-exec-3] DEBUG o.s.w.s.m.m.a.HttpEntityMethodProcessor - Using 'application/json', given [*/*] and supported [application/json, application/*+json]
2025-03-14 10:25:42 [http-nio-8081-exec-3] DEBUG o.s.w.s.m.m.a.HttpEntityMethodProcessor - Writing [org.guidewire.login.dto.responses.UserRoleResponse@798af62e]
2025-03-14 10:25:42 [http-nio-8081-exec-3] DEBUG o.s.o.j.s.OpenEntityManagerInViewInterceptor - Closing JPA EntityManager in OpenEntityManagerInViewInterceptor
2025-03-14 10:25:42 [http-nio-8081-exec-3] DEBUG o.s.web.servlet.DispatcherServlet - Completed 200 OK
2025-03-14 10:25:42 [http-nio-8081-exec-2] DEBUG o.s.security.web.FilterChainProxy - Securing GET /api/auth/users/list
2025-03-14 10:25:42 [http-nio-8081-exec-2] INFO  o.g.l.s.JwtAuthenticationFilter - doFilterInternal: Extracted username 'admin' from token.
2025-03-14 10:25:42 [http-nio-8081-exec-2] INFO  o.g.l.s.CustomUserDetailsService - loadUserByUsername: Searching for user: admin
2025-03-14 10:25:42 [http-nio-8081-exec-2] DEBUG o.s.o.j.SharedEntityManagerCreator$SharedEntityManagerInvocationHandler - Creating new EntityManager for shared EntityManager invocation
2025-03-14 10:25:42 [http-nio-8081-exec-2] DEBUG org.hibernate.SQL - select u1_0.id,u1_0.created_at,u1_0.email,u1_0.password,u1_0.updated_at,u1_0.username from users u1_0 where u1_0.username=?
2025-03-14 10:25:42 [http-nio-8081-exec-2] DEBUG org.hibernate.SQL - select r1_0.user_id,r1_1.id,r1_1.created_at,r1_1.name,p1_0.role_id,p1_1.id,p1_1.created_at,p1_1.description,p1_1.name,p1_1.updated_at,r1_1.updated_at from user_roles r1_0 join roles r1_1 on r1_1.id=r1_0.role_id left join role_permissions p1_0 on r1_1.id=p1_0.role_id left join permissions p1_1 on p1_1.id=p1_0.permission_id where r1_0.user_id=?
2025-03-14 10:25:42 [http-nio-8081-exec-2] INFO  o.g.l.s.CustomUserDetailsService - loadUserByUsername: User admin found with roles: [org.guidewire.login.model.Role@7b38dba]
2025-03-14 10:25:42 [http-nio-8081-exec-2] INFO  o.g.login.security.CustomUserDetails - Initializing CustomUserDetails for user: admin
2025-03-14 10:25:42 [http-nio-8081-exec-2] DEBUG o.g.login.security.CustomUserDetails - User admin has roles: [ADMIN]
2025-03-14 10:25:42 [http-nio-8081-exec-2] DEBUG o.g.login.security.CustomUserDetails - User admin has permissions: [DELETE_TASK, CREATE_TASK, VIEW_TASK, CLOSE_TASK, COMMENT_TASK, ASSIGN_TASK, EDIT_TASK]
2025-03-14 10:25:42 [http-nio-8081-exec-2] INFO  o.g.login.security.CustomUserDetails - CustomUserDetails initialized successfully for user: admin
2025-03-14 10:25:42 [http-nio-8081-exec-2] INFO  o.guidewire.login.security.JwtUtil - validateToken:JWT validated successfully for user: admin
2025-03-14 10:25:42 [http-nio-8081-exec-2] DEBUG o.g.login.security.CustomUserDetails - Fetching authorities for user: admin
2025-03-14 10:25:42 [http-nio-8081-exec-2] INFO  o.g.l.s.JwtAuthenticationFilter - doFilterInternal: Authentication successful for user 'admin'.
2025-03-14 10:25:42 [http-nio-8081-exec-2] DEBUG o.s.security.web.FilterChainProxy - Secured GET /api/auth/users/list
2025-03-14 10:25:42 [http-nio-8081-exec-2] DEBUG o.s.web.servlet.DispatcherServlet - GET "/api/auth/users/list", parameters={}
2025-03-14 10:25:42 [http-nio-8081-exec-2] DEBUG o.s.w.s.m.m.a.RequestMappingHandlerMapping - Mapped to org.guidewire.login.controller.UserController#getAllUsers()
2025-03-14 10:25:42 [http-nio-8081-exec-2] DEBUG o.s.o.j.s.OpenEntityManagerInViewInterceptor - Opening JPA EntityManager in OpenEntityManagerInViewInterceptor
2025-03-14 10:25:42 [http-nio-8081-exec-2] INFO  o.g.login.services.UserService - getAllUsers: Fetching all users from the database.
2025-03-14 10:25:42 [http-nio-8081-exec-2] DEBUG o.s.orm.jpa.JpaTransactionManager - Found thread-bound EntityManager [SessionImpl(2122721203<open>)] for JPA transaction
2025-03-14 10:25:42 [http-nio-8081-exec-2] DEBUG o.s.orm.jpa.JpaTransactionManager - Creating new transaction with name [org.springframework.data.jpa.repository.support.SimpleJpaRepository.findAll]: PROPAGATION_REQUIRED,ISOLATION_DEFAULT,readOnly
2025-03-14 10:25:42 [http-nio-8081-exec-2] DEBUG o.s.jdbc.datasource.DataSourceUtils - Setting JDBC Connection [HikariProxyConnection@1905192011 wrapping org.postgresql.jdbc.PgConnection@756968fe] read-only
2025-03-14 10:25:42 [http-nio-8081-exec-2] DEBUG o.s.orm.jpa.JpaTransactionManager - Exposing JPA transaction as JDBC [org.springframework.orm.jpa.vendor.HibernateJpaDialect$HibernateConnectionHandle@77a0e9a1]
2025-03-14 10:25:42 [http-nio-8081-exec-2] DEBUG org.hibernate.SQL - select u1_0.id,u1_0.created_at,u1_0.email,u1_0.password,u1_0.updated_at,u1_0.username from users u1_0
2025-03-14 10:25:42 [http-nio-8081-exec-2] DEBUG org.hibernate.SQL - select r1_0.user_id,r1_1.id,r1_1.created_at,r1_1.name,p1_0.role_id,p1_1.id,p1_1.created_at,p1_1.description,p1_1.name,p1_1.updated_at,r1_1.updated_at from user_roles r1_0 join roles r1_1 on r1_1.id=r1_0.role_id left join role_permissions p1_0 on r1_1.id=p1_0.role_id left join permissions p1_1 on p1_1.id=p1_0.permission_id where r1_0.user_id=?
2025-03-14 10:25:42 [http-nio-8081-exec-2] DEBUG org.hibernate.SQL - select r1_0.user_id,r1_1.id,r1_1.created_at,r1_1.name,p1_0.role_id,p1_1.id,p1_1.created_at,p1_1.description,p1_1.name,p1_1.updated_at,r1_1.updated_at from user_roles r1_0 join roles r1_1 on r1_1.id=r1_0.role_id left join role_permissions p1_0 on r1_1.id=p1_0.role_id left join permissions p1_1 on p1_1.id=p1_0.permission_id where r1_0.user_id=?
2025-03-14 10:25:42 [http-nio-8081-exec-2] DEBUG org.hibernate.SQL - select r1_0.user_id,r1_1.id,r1_1.created_at,r1_1.name,p1_0.role_id,p1_1.id,p1_1.created_at,p1_1.description,p1_1.name,p1_1.updated_at,r1_1.updated_at from user_roles r1_0 join roles r1_1 on r1_1.id=r1_0.role_id left join role_permissions p1_0 on r1_1.id=p1_0.role_id left join permissions p1_1 on p1_1.id=p1_0.permission_id where r1_0.user_id=?
2025-03-14 10:25:42 [http-nio-8081-exec-2] DEBUG org.hibernate.SQL - select r1_0.user_id,r1_1.id,r1_1.created_at,r1_1.name,p1_0.role_id,p1_1.id,p1_1.created_at,p1_1.description,p1_1.name,p1_1.updated_at,r1_1.updated_at from user_roles r1_0 join roles r1_1 on r1_1.id=r1_0.role_id left join role_permissions p1_0 on r1_1.id=p1_0.role_id left join permissions p1_1 on p1_1.id=p1_0.permission_id where r1_0.user_id=?
2025-03-14 10:25:42 [http-nio-8081-exec-2] DEBUG org.hibernate.SQL - select r1_0.user_id,r1_1.id,r1_1.created_at,r1_1.name,p1_0.role_id,p1_1.id,p1_1.created_at,p1_1.description,p1_1.name,p1_1.updated_at,r1_1.updated_at from user_roles r1_0 join roles r1_1 on r1_1.id=r1_0.role_id left join role_permissions p1_0 on r1_1.id=p1_0.role_id left join permissions p1_1 on p1_1.id=p1_0.permission_id where r1_0.user_id=?
2025-03-14 10:25:42 [http-nio-8081-exec-2] DEBUG o.s.orm.jpa.JpaTransactionManager - Initiating transaction commit
2025-03-14 10:25:42 [http-nio-8081-exec-2] DEBUG o.s.orm.jpa.JpaTransactionManager - Committing JPA transaction on EntityManager [SessionImpl(2122721203<open>)]
2025-03-14 10:25:42 [http-nio-8081-exec-2] DEBUG o.s.jdbc.datasource.DataSourceUtils - Resetting read-only flag of JDBC Connection [HikariProxyConnection@1905192011 wrapping org.postgresql.jdbc.PgConnection@756968fe]
2025-03-14 10:25:42 [http-nio-8081-exec-2] DEBUG o.s.orm.jpa.JpaTransactionManager - Not closing pre-bound JPA EntityManager after transaction
2025-03-14 10:25:42 [http-nio-8081-exec-2] INFO  o.g.login.services.UserService - getAllUsers: Retrieved 5 users.
2025-03-14 10:25:42 [http-nio-8081-exec-2] DEBUG o.s.w.s.m.m.a.HttpEntityMethodProcessor - Using 'application/json', given [*/*] and supported [application/json, application/*+json]
2025-03-14 10:25:42 [http-nio-8081-exec-2] DEBUG o.s.w.s.m.m.a.HttpEntityMethodProcessor - Writing [[org.guidewire.login.dto.responses.UserResponse@4ce86657, org.guidewire.login.dto.responses.UserResp (truncated)...]
2025-03-14 10:25:42 [http-nio-8081-exec-2] DEBUG o.s.o.j.s.OpenEntityManagerInViewInterceptor - Closing JPA EntityManager in OpenEntityManagerInViewInterceptor
2025-03-14 10:25:42 [http-nio-8081-exec-2] DEBUG o.s.web.servlet.DispatcherServlet - Completed 200 OK
2025-03-14 10:25:42 [http-nio-8081-exec-5] DEBUG o.s.security.web.FilterChainProxy - Securing GET /api/auth/current/user
2025-03-14 10:25:42 [http-nio-8081-exec-5] INFO  o.g.l.s.JwtAuthenticationFilter - doFilterInternal: Extracted username 'admin' from token.
2025-03-14 10:25:42 [http-nio-8081-exec-5] INFO  o.g.l.s.CustomUserDetailsService - loadUserByUsername: Searching for user: admin
2025-03-14 10:25:42 [http-nio-8081-exec-5] DEBUG o.s.o.j.SharedEntityManagerCreator$SharedEntityManagerInvocationHandler - Creating new EntityManager for shared EntityManager invocation
2025-03-14 10:25:42 [http-nio-8081-exec-5] DEBUG org.hibernate.SQL - select u1_0.id,u1_0.created_at,u1_0.email,u1_0.password,u1_0.updated_at,u1_0.username from users u1_0 where u1_0.username=?
2025-03-14 10:25:42 [http-nio-8081-exec-5] DEBUG org.hibernate.SQL - select r1_0.user_id,r1_1.id,r1_1.created_at,r1_1.name,p1_0.role_id,p1_1.id,p1_1.created_at,p1_1.description,p1_1.name,p1_1.updated_at,r1_1.updated_at from user_roles r1_0 join roles r1_1 on r1_1.id=r1_0.role_id left join role_permissions p1_0 on r1_1.id=p1_0.role_id left join permissions p1_1 on p1_1.id=p1_0.permission_id where r1_0.user_id=?
2025-03-14 10:25:42 [http-nio-8081-exec-5] INFO  o.g.l.s.CustomUserDetailsService - loadUserByUsername: User admin found with roles: [org.guidewire.login.model.Role@237262d1]
2025-03-14 10:25:42 [http-nio-8081-exec-5] INFO  o.g.login.security.CustomUserDetails - Initializing CustomUserDetails for user: admin
2025-03-14 10:25:42 [http-nio-8081-exec-5] DEBUG o.g.login.security.CustomUserDetails - User admin has roles: [ADMIN]
2025-03-14 10:25:42 [http-nio-8081-exec-5] DEBUG o.g.login.security.CustomUserDetails - User admin has permissions: [DELETE_TASK, CREATE_TASK, VIEW_TASK, CLOSE_TASK, ASSIGN_TASK, COMMENT_TASK, EDIT_TASK]
2025-03-14 10:25:42 [http-nio-8081-exec-5] INFO  o.g.login.security.CustomUserDetails - CustomUserDetails initialized successfully for user: admin
2025-03-14 10:25:42 [http-nio-8081-exec-5] INFO  o.guidewire.login.security.JwtUtil - validateToken:JWT validated successfully for user: admin
2025-03-14 10:25:42 [http-nio-8081-exec-5] DEBUG o.g.login.security.CustomUserDetails - Fetching authorities for user: admin
2025-03-14 10:25:42 [http-nio-8081-exec-5] INFO  o.g.l.s.JwtAuthenticationFilter - doFilterInternal: Authentication successful for user 'admin'.
2025-03-14 10:25:42 [http-nio-8081-exec-5] DEBUG o.s.security.web.FilterChainProxy - Secured GET /api/auth/current/user
2025-03-14 10:25:42 [http-nio-8081-exec-5] DEBUG o.s.web.servlet.DispatcherServlet - GET "/api/auth/current/user", parameters={}
2025-03-14 10:25:42 [http-nio-8081-exec-5] DEBUG o.s.w.s.m.m.a.RequestMappingHandlerMapping - Mapped to org.guidewire.login.controller.AuthController#getCurrentUser(Principal)
2025-03-14 10:25:42 [http-nio-8081-exec-5] DEBUG o.s.o.j.s.OpenEntityManagerInViewInterceptor - Opening JPA EntityManager in OpenEntityManagerInViewInterceptor
2025-03-14 10:25:42 [http-nio-8081-exec-5] INFO  o.g.login.controller.AuthController - getCurrentUser: Fetching details for user: admin
2025-03-14 10:25:42 [http-nio-8081-exec-5] DEBUG o.g.login.services.AuthService - getUserDetails:Fetching user details for: admin
2025-03-14 10:25:42 [http-nio-8081-exec-5] DEBUG org.hibernate.SQL - select u1_0.id,u1_0.created_at,u1_0.email,u1_0.password,u1_0.updated_at,u1_0.username from users u1_0 where u1_0.username=?
2025-03-14 10:25:42 [http-nio-8081-exec-5] DEBUG org.hibernate.SQL - select r1_0.user_id,r1_1.id,r1_1.created_at,r1_1.name,p1_0.role_id,p1_1.id,p1_1.created_at,p1_1.description,p1_1.name,p1_1.updated_at,r1_1.updated_at from user_roles r1_0 join roles r1_1 on r1_1.id=r1_0.role_id left join role_permissions p1_0 on r1_1.id=p1_0.role_id left join permissions p1_1 on p1_1.id=p1_0.permission_id where r1_0.user_id=?
2025-03-14 10:25:42 [http-nio-8081-exec-5] INFO  o.g.login.controller.AuthController - getCurrentUser: Returning user details for admin
2025-03-14 10:25:42 [http-nio-8081-exec-5] DEBUG o.s.w.s.m.m.a.HttpEntityMethodProcessor - Using 'application/json', given [*/*] and supported [application/json, application/*+json]
2025-03-14 10:25:42 [http-nio-8081-exec-5] DEBUG o.s.w.s.m.m.a.HttpEntityMethodProcessor - Writing [org.guidewire.login.dto.responses.UserResponse@fcc6bc8]
2025-03-14 10:25:42 [http-nio-8081-exec-5] DEBUG o.s.o.j.s.OpenEntityManagerInViewInterceptor - Closing JPA EntityManager in OpenEntityManagerInViewInterceptor
2025-03-14 10:25:42 [http-nio-8081-exec-5] DEBUG o.s.web.servlet.DispatcherServlet - Completed 200 OK
2025-03-14 10:25:45 [http-nio-8081-exec-4] DEBUG o.s.security.web.FilterChainProxy - Securing GET /api/auth/users/list
2025-03-14 10:25:45 [http-nio-8081-exec-4] INFO  o.g.l.s.JwtAuthenticationFilter - doFilterInternal: Extracted username 'admin' from token.
2025-03-14 10:25:45 [http-nio-8081-exec-4] INFO  o.g.l.s.CustomUserDetailsService - loadUserByUsername: Searching for user: admin
2025-03-14 10:25:45 [http-nio-8081-exec-4] DEBUG o.s.o.j.SharedEntityManagerCreator$SharedEntityManagerInvocationHandler - Creating new EntityManager for shared EntityManager invocation
2025-03-14 10:25:45 [http-nio-8081-exec-4] DEBUG org.hibernate.SQL - select u1_0.id,u1_0.created_at,u1_0.email,u1_0.password,u1_0.updated_at,u1_0.username from users u1_0 where u1_0.username=?
2025-03-14 10:25:45 [http-nio-8081-exec-4] DEBUG org.hibernate.SQL - select r1_0.user_id,r1_1.id,r1_1.created_at,r1_1.name,p1_0.role_id,p1_1.id,p1_1.created_at,p1_1.description,p1_1.name,p1_1.updated_at,r1_1.updated_at from user_roles r1_0 join roles r1_1 on r1_1.id=r1_0.role_id left join role_permissions p1_0 on r1_1.id=p1_0.role_id left join permissions p1_1 on p1_1.id=p1_0.permission_id where r1_0.user_id=?
2025-03-14 10:25:45 [http-nio-8081-exec-4] INFO  o.g.l.s.CustomUserDetailsService - loadUserByUsername: User admin found with roles: [org.guidewire.login.model.Role@3043c5b4]
2025-03-14 10:25:45 [http-nio-8081-exec-4] INFO  o.g.login.security.CustomUserDetails - Initializing CustomUserDetails for user: admin
2025-03-14 10:25:45 [http-nio-8081-exec-4] DEBUG o.g.login.security.CustomUserDetails - User admin has roles: [ADMIN]
2025-03-14 10:25:45 [http-nio-8081-exec-4] DEBUG o.g.login.security.CustomUserDetails - User admin has permissions: [DELETE_TASK, CREATE_TASK, VIEW_TASK, CLOSE_TASK, ASSIGN_TASK, COMMENT_TASK, EDIT_TASK]
2025-03-14 10:25:45 [http-nio-8081-exec-4] INFO  o.g.login.security.CustomUserDetails - CustomUserDetails initialized successfully for user: admin
2025-03-14 10:25:45 [http-nio-8081-exec-4] INFO  o.guidewire.login.security.JwtUtil - validateToken:JWT validated successfully for user: admin
2025-03-14 10:25:45 [http-nio-8081-exec-4] DEBUG o.g.login.security.CustomUserDetails - Fetching authorities for user: admin
2025-03-14 10:25:45 [http-nio-8081-exec-4] INFO  o.g.l.s.JwtAuthenticationFilter - doFilterInternal: Authentication successful for user 'admin'.
2025-03-14 10:25:45 [http-nio-8081-exec-4] DEBUG o.s.security.web.FilterChainProxy - Secured GET /api/auth/users/list
2025-03-14 10:25:45 [http-nio-8081-exec-4] DEBUG o.s.web.servlet.DispatcherServlet - GET "/api/auth/users/list", parameters={}
2025-03-14 10:25:45 [http-nio-8081-exec-4] DEBUG o.s.w.s.m.m.a.RequestMappingHandlerMapping - Mapped to org.guidewire.login.controller.UserController#getAllUsers()
2025-03-14 10:25:45 [http-nio-8081-exec-4] DEBUG o.s.o.j.s.OpenEntityManagerInViewInterceptor - Opening JPA EntityManager in OpenEntityManagerInViewInterceptor
2025-03-14 10:25:45 [http-nio-8081-exec-4] INFO  o.g.login.services.UserService - getAllUsers: Fetching all users from the database.
2025-03-14 10:25:45 [http-nio-8081-exec-4] DEBUG o.s.orm.jpa.JpaTransactionManager - Found thread-bound EntityManager [SessionImpl(451508194<open>)] for JPA transaction
2025-03-14 10:25:45 [http-nio-8081-exec-4] DEBUG o.s.orm.jpa.JpaTransactionManager - Creating new transaction with name [org.springframework.data.jpa.repository.support.SimpleJpaRepository.findAll]: PROPAGATION_REQUIRED,ISOLATION_DEFAULT,readOnly
2025-03-14 10:25:45 [http-nio-8081-exec-4] DEBUG o.s.jdbc.datasource.DataSourceUtils - Setting JDBC Connection [HikariProxyConnection@1899993382 wrapping org.postgresql.jdbc.PgConnection@756968fe] read-only
2025-03-14 10:25:45 [http-nio-8081-exec-4] DEBUG o.s.orm.jpa.JpaTransactionManager - Exposing JPA transaction as JDBC [org.springframework.orm.jpa.vendor.HibernateJpaDialect$HibernateConnectionHandle@30a9e116]
2025-03-14 10:25:45 [http-nio-8081-exec-4] DEBUG org.hibernate.SQL - select u1_0.id,u1_0.created_at,u1_0.email,u1_0.password,u1_0.updated_at,u1_0.username from users u1_0
2025-03-14 10:25:45 [http-nio-8081-exec-4] DEBUG org.hibernate.SQL - select r1_0.user_id,r1_1.id,r1_1.created_at,r1_1.name,p1_0.role_id,p1_1.id,p1_1.created_at,p1_1.description,p1_1.name,p1_1.updated_at,r1_1.updated_at from user_roles r1_0 join roles r1_1 on r1_1.id=r1_0.role_id left join role_permissions p1_0 on r1_1.id=p1_0.role_id left join permissions p1_1 on p1_1.id=p1_0.permission_id where r1_0.user_id=?
2025-03-14 10:25:45 [http-nio-8081-exec-4] DEBUG org.hibernate.SQL - select r1_0.user_id,r1_1.id,r1_1.created_at,r1_1.name,p1_0.role_id,p1_1.id,p1_1.created_at,p1_1.description,p1_1.name,p1_1.updated_at,r1_1.updated_at from user_roles r1_0 join roles r1_1 on r1_1.id=r1_0.role_id left join role_permissions p1_0 on r1_1.id=p1_0.role_id left join permissions p1_1 on p1_1.id=p1_0.permission_id where r1_0.user_id=?
2025-03-14 10:25:45 [http-nio-8081-exec-4] DEBUG org.hibernate.SQL - select r1_0.user_id,r1_1.id,r1_1.created_at,r1_1.name,p1_0.role_id,p1_1.id,p1_1.created_at,p1_1.description,p1_1.name,p1_1.updated_at,r1_1.updated_at from user_roles r1_0 join roles r1_1 on r1_1.id=r1_0.role_id left join role_permissions p1_0 on r1_1.id=p1_0.role_id left join permissions p1_1 on p1_1.id=p1_0.permission_id where r1_0.user_id=?
2025-03-14 10:25:45 [http-nio-8081-exec-4] DEBUG org.hibernate.SQL - select r1_0.user_id,r1_1.id,r1_1.created_at,r1_1.name,p1_0.role_id,p1_1.id,p1_1.created_at,p1_1.description,p1_1.name,p1_1.updated_at,r1_1.updated_at from user_roles r1_0 join roles r1_1 on r1_1.id=r1_0.role_id left join role_permissions p1_0 on r1_1.id=p1_0.role_id left join permissions p1_1 on p1_1.id=p1_0.permission_id where r1_0.user_id=?
2025-03-14 10:25:45 [http-nio-8081-exec-4] DEBUG org.hibernate.SQL - select r1_0.user_id,r1_1.id,r1_1.created_at,r1_1.name,p1_0.role_id,p1_1.id,p1_1.created_at,p1_1.description,p1_1.name,p1_1.updated_at,r1_1.updated_at from user_roles r1_0 join roles r1_1 on r1_1.id=r1_0.role_id left join role_permissions p1_0 on r1_1.id=p1_0.role_id left join permissions p1_1 on p1_1.id=p1_0.permission_id where r1_0.user_id=?
2025-03-14 10:25:45 [http-nio-8081-exec-4] DEBUG o.s.orm.jpa.JpaTransactionManager - Initiating transaction commit
2025-03-14 10:25:45 [http-nio-8081-exec-4] DEBUG o.s.orm.jpa.JpaTransactionManager - Committing JPA transaction on EntityManager [SessionImpl(451508194<open>)]
2025-03-14 10:25:45 [http-nio-8081-exec-4] DEBUG o.s.jdbc.datasource.DataSourceUtils - Resetting read-only flag of JDBC Connection [HikariProxyConnection@1899993382 wrapping org.postgresql.jdbc.PgConnection@756968fe]
2025-03-14 10:25:45 [http-nio-8081-exec-4] DEBUG o.s.orm.jpa.JpaTransactionManager - Not closing pre-bound JPA EntityManager after transaction
2025-03-14 10:25:45 [http-nio-8081-exec-4] INFO  o.g.login.services.UserService - getAllUsers: Retrieved 5 users.
2025-03-14 10:25:45 [http-nio-8081-exec-4] DEBUG o.s.w.s.m.m.a.HttpEntityMethodProcessor - Using 'application/json', given [*/*] and supported [application/json, application/*+json]
2025-03-14 10:25:45 [http-nio-8081-exec-4] DEBUG o.s.w.s.m.m.a.HttpEntityMethodProcessor - Writing [[org.guidewire.login.dto.responses.UserResponse@3ac8eeb1, org.guidewire.login.dto.responses.UserResp (truncated)...]
2025-03-14 10:25:45 [http-nio-8081-exec-4] DEBUG o.s.o.j.s.OpenEntityManagerInViewInterceptor - Closing JPA EntityManager in OpenEntityManagerInViewInterceptor
2025-03-14 10:25:45 [http-nio-8081-exec-4] DEBUG o.s.web.servlet.DispatcherServlet - Completed 200 OK
2025-03-14 10:25:45 [http-nio-8081-exec-7] DEBUG o.s.security.web.FilterChainProxy - Securing GET /api/auth/user/details
2025-03-14 10:25:45 [http-nio-8081-exec-7] DEBUG o.g.l.s.JwtAuthenticationFilter - doFilterInternal: No valid Authorization header found, skipping JWT processing.
2025-03-14 10:25:45 [http-nio-8081-exec-7] DEBUG o.s.s.w.a.AnonymousAuthenticationFilter - Set SecurityContextHolder to anonymous SecurityContext
2025-03-14 10:25:45 [http-nio-8081-exec-7] DEBUG o.s.security.web.FilterChainProxy - Secured GET /api/auth/user/details
2025-03-14 10:25:45 [http-nio-8081-exec-7] DEBUG o.s.web.servlet.DispatcherServlet - GET "/api/auth/user/details", parameters={}
2025-03-14 10:25:45 [http-nio-8081-exec-7] DEBUG o.s.w.s.m.m.a.RequestMappingHandlerMapping - Mapped to org.guidewire.login.controller.AuthController#fetchUserDetails(List)
2025-03-14 10:25:45 [http-nio-8081-exec-7] DEBUG o.s.o.j.s.OpenEntityManagerInViewInterceptor - Opening JPA EntityManager in OpenEntityManagerInViewInterceptor
2025-03-14 10:25:45 [http-nio-8081-exec-7] DEBUG o.s.w.s.m.m.a.RequestResponseBodyMethodProcessor - Read "application/json;charset=UTF-8" to [[3d480867-d12b-4c5f-a725-da17dd7e5590]]
2025-03-14 10:25:45 [http-nio-8081-exec-7] INFO  o.g.login.controller.AuthController - fetchUserDetails: Fetching details for users with IDs: [3d480867-d12b-4c5f-a725-da17dd7e5590]
2025-03-14 10:25:45 [http-nio-8081-exec-7] DEBUG o.s.orm.jpa.JpaTransactionManager - Found thread-bound EntityManager [SessionImpl(602571000<open>)] for JPA transaction
2025-03-14 10:25:45 [http-nio-8081-exec-7] DEBUG o.s.orm.jpa.JpaTransactionManager - Creating new transaction with name [org.springframework.data.jpa.repository.support.SimpleJpaRepository.findAllById]: PROPAGATION_REQUIRED,ISOLATION_DEFAULT,readOnly
2025-03-14 10:25:45 [http-nio-8081-exec-7] DEBUG o.s.jdbc.datasource.DataSourceUtils - Setting JDBC Connection [HikariProxyConnection@1144749169 wrapping org.postgresql.jdbc.PgConnection@756968fe] read-only
2025-03-14 10:25:45 [http-nio-8081-exec-7] DEBUG o.s.orm.jpa.JpaTransactionManager - Exposing JPA transaction as JDBC [org.springframework.orm.jpa.vendor.HibernateJpaDialect$HibernateConnectionHandle@454edf5f]
2025-03-14 10:25:45 [http-nio-8081-exec-7] DEBUG org.hibernate.SQL - select u1_0.id,u1_0.created_at,u1_0.email,u1_0.password,u1_0.updated_at,u1_0.username from users u1_0 where u1_0.id in (?)
2025-03-14 10:25:45 [http-nio-8081-exec-7] DEBUG org.hibernate.SQL - select r1_0.user_id,r1_1.id,r1_1.created_at,r1_1.name,p1_0.role_id,p1_1.id,p1_1.created_at,p1_1.description,p1_1.name,p1_1.updated_at,r1_1.updated_at from user_roles r1_0 join roles r1_1 on r1_1.id=r1_0.role_id left join role_permissions p1_0 on r1_1.id=p1_0.role_id left join permissions p1_1 on p1_1.id=p1_0.permission_id where r1_0.user_id=?
2025-03-14 10:25:45 [http-nio-8081-exec-7] DEBUG o.s.orm.jpa.JpaTransactionManager - Initiating transaction commit
2025-03-14 10:25:45 [http-nio-8081-exec-7] DEBUG o.s.orm.jpa.JpaTransactionManager - Committing JPA transaction on EntityManager [SessionImpl(602571000<open>)]
2025-03-14 10:25:45 [http-nio-8081-exec-7] DEBUG o.s.jdbc.datasource.DataSourceUtils - Resetting read-only flag of JDBC Connection [HikariProxyConnection@1144749169 wrapping org.postgresql.jdbc.PgConnection@756968fe]
2025-03-14 10:25:45 [http-nio-8081-exec-7] DEBUG o.s.orm.jpa.JpaTransactionManager - Not closing pre-bound JPA EntityManager after transaction
2025-03-14 10:25:45 [http-nio-8081-exec-7] INFO  o.g.login.controller.AuthController - fetchUserDetails: Returning user details for users: [org.guidewire.login.dto.responses.UserResponse@13668589]
2025-03-14 10:25:45 [http-nio-8081-exec-7] DEBUG o.s.w.s.m.m.a.HttpEntityMethodProcessor - Using 'application/json', given [*/*] and supported [application/json, application/*+json]
2025-03-14 10:25:45 [http-nio-8081-exec-7] DEBUG o.s.w.s.m.m.a.HttpEntityMethodProcessor - Writing [[org.guidewire.login.dto.responses.UserResponse@13668589]]
2025-03-14 10:25:45 [http-nio-8081-exec-7] DEBUG o.s.o.j.s.OpenEntityManagerInViewInterceptor - Closing JPA EntityManager in OpenEntityManagerInViewInterceptor
2025-03-14 10:25:45 [http-nio-8081-exec-7] DEBUG o.s.web.servlet.DispatcherServlet - Completed 200 OK
2025-03-14 10:38:50 [http-nio-8081-exec-8] DEBUG o.s.security.web.FilterChainProxy - Securing GET /api/auth/check-admin
2025-03-14 10:38:50 [http-nio-8081-exec-8] INFO  o.g.l.s.JwtAuthenticationFilter - doFilterInternal: Extracted username 'admin' from token.
2025-03-14 10:38:50 [http-nio-8081-exec-8] INFO  o.g.l.s.CustomUserDetailsService - loadUserByUsername: Searching for user: admin
2025-03-14 10:38:50 [http-nio-8081-exec-8] DEBUG o.s.o.j.SharedEntityManagerCreator$SharedEntityManagerInvocationHandler - Creating new EntityManager for shared EntityManager invocation
2025-03-14 10:38:50 [http-nio-8081-exec-8] DEBUG org.hibernate.SQL - select u1_0.id,u1_0.created_at,u1_0.email,u1_0.password,u1_0.updated_at,u1_0.username from users u1_0 where u1_0.username=?
2025-03-14 10:38:50 [http-nio-8081-exec-8] DEBUG org.hibernate.SQL - select r1_0.user_id,r1_1.id,r1_1.created_at,r1_1.name,p1_0.role_id,p1_1.id,p1_1.created_at,p1_1.description,p1_1.name,p1_1.updated_at,r1_1.updated_at from user_roles r1_0 join roles r1_1 on r1_1.id=r1_0.role_id left join role_permissions p1_0 on r1_1.id=p1_0.role_id left join permissions p1_1 on p1_1.id=p1_0.permission_id where r1_0.user_id=?
2025-03-14 10:38:50 [http-nio-8081-exec-8] INFO  o.g.l.s.CustomUserDetailsService - loadUserByUsername: User admin found with roles: [org.guidewire.login.model.Role@397a3c02]
2025-03-14 10:38:50 [http-nio-8081-exec-8] INFO  o.g.login.security.CustomUserDetails - Initializing CustomUserDetails for user: admin
2025-03-14 10:38:50 [http-nio-8081-exec-8] DEBUG o.g.login.security.CustomUserDetails - User admin has roles: [ADMIN]
2025-03-14 10:38:50 [http-nio-8081-exec-8] DEBUG o.g.login.security.CustomUserDetails - User admin has permissions: [DELETE_TASK, CREATE_TASK, VIEW_TASK, CLOSE_TASK, COMMENT_TASK, ASSIGN_TASK, EDIT_TASK]
2025-03-14 10:38:50 [http-nio-8081-exec-8] INFO  o.g.login.security.CustomUserDetails - CustomUserDetails initialized successfully for user: admin
2025-03-14 10:38:50 [http-nio-8081-exec-8] INFO  o.guidewire.login.security.JwtUtil - validateToken:JWT validated successfully for user: admin
2025-03-14 10:38:50 [http-nio-8081-exec-8] DEBUG o.g.login.security.CustomUserDetails - Fetching authorities for user: admin
2025-03-14 10:38:50 [http-nio-8081-exec-8] INFO  o.g.l.s.JwtAuthenticationFilter - doFilterInternal: Authentication successful for user 'admin'.
2025-03-14 10:38:50 [http-nio-8081-exec-8] DEBUG o.s.security.web.FilterChainProxy - Secured GET /api/auth/check-admin
2025-03-14 10:38:50 [http-nio-8081-exec-8] DEBUG o.s.web.servlet.DispatcherServlet - GET "/api/auth/check-admin", parameters={}
2025-03-14 10:38:50 [http-nio-8081-exec-8] DEBUG o.s.w.s.m.m.a.RequestMappingHandlerMapping - Mapped to org.guidewire.login.controller.AuthController#checkIfAdmin(UserDetails)
2025-03-14 10:38:50 [http-nio-8081-exec-8] DEBUG o.s.o.j.s.OpenEntityManagerInViewInterceptor - Opening JPA EntityManager in OpenEntityManagerInViewInterceptor
2025-03-14 10:38:50 [http-nio-8081-exec-8] DEBUG o.g.login.security.CustomUserDetails - Fetching authorities for user: admin
2025-03-14 10:38:50 [http-nio-8081-exec-8] DEBUG o.s.w.s.m.m.a.HttpEntityMethodProcessor - Using 'application/json', given [*/*] and supported [application/json, application/*+json]
2025-03-14 10:38:50 [http-nio-8081-exec-8] DEBUG o.s.w.s.m.m.a.HttpEntityMethodProcessor - Writing [org.guidewire.login.dto.responses.UserRoleResponse@922dbf]
2025-03-14 10:38:50 [http-nio-8081-exec-8] DEBUG o.s.o.j.s.OpenEntityManagerInViewInterceptor - Closing JPA EntityManager in OpenEntityManagerInViewInterceptor
2025-03-14 10:38:50 [http-nio-8081-exec-8] DEBUG o.s.web.servlet.DispatcherServlet - Completed 200 OK
2025-03-14 10:38:50 [http-nio-8081-exec-9] DEBUG o.s.security.web.FilterChainProxy - Securing GET /api/auth/users/list
2025-03-14 10:38:50 [http-nio-8081-exec-9] INFO  o.g.l.s.JwtAuthenticationFilter - doFilterInternal: Extracted username 'admin' from token.
2025-03-14 10:38:50 [http-nio-8081-exec-9] INFO  o.g.l.s.CustomUserDetailsService - loadUserByUsername: Searching for user: admin
2025-03-14 10:38:50 [http-nio-8081-exec-9] DEBUG o.s.o.j.SharedEntityManagerCreator$SharedEntityManagerInvocationHandler - Creating new EntityManager for shared EntityManager invocation
2025-03-14 10:38:50 [http-nio-8081-exec-9] DEBUG org.hibernate.SQL - select u1_0.id,u1_0.created_at,u1_0.email,u1_0.password,u1_0.updated_at,u1_0.username from users u1_0 where u1_0.username=?
2025-03-14 10:38:50 [http-nio-8081-exec-9] DEBUG org.hibernate.SQL - select r1_0.user_id,r1_1.id,r1_1.created_at,r1_1.name,p1_0.role_id,p1_1.id,p1_1.created_at,p1_1.description,p1_1.name,p1_1.updated_at,r1_1.updated_at from user_roles r1_0 join roles r1_1 on r1_1.id=r1_0.role_id left join role_permissions p1_0 on r1_1.id=p1_0.role_id left join permissions p1_1 on p1_1.id=p1_0.permission_id where r1_0.user_id=?
2025-03-14 10:38:50 [http-nio-8081-exec-9] INFO  o.g.l.s.CustomUserDetailsService - loadUserByUsername: User admin found with roles: [org.guidewire.login.model.Role@7765c6d2]
2025-03-14 10:38:50 [http-nio-8081-exec-9] INFO  o.g.login.security.CustomUserDetails - Initializing CustomUserDetails for user: admin
2025-03-14 10:38:50 [http-nio-8081-exec-9] DEBUG o.g.login.security.CustomUserDetails - User admin has roles: [ADMIN]
2025-03-14 10:38:50 [http-nio-8081-exec-9] DEBUG o.g.login.security.CustomUserDetails - User admin has permissions: [DELETE_TASK, CREATE_TASK, CLOSE_TASK, VIEW_TASK, COMMENT_TASK, ASSIGN_TASK, EDIT_TASK]
2025-03-14 10:38:50 [http-nio-8081-exec-9] INFO  o.g.login.security.CustomUserDetails - CustomUserDetails initialized successfully for user: admin
2025-03-14 10:38:50 [http-nio-8081-exec-9] INFO  o.guidewire.login.security.JwtUtil - validateToken:JWT validated successfully for user: admin
2025-03-14 10:38:50 [http-nio-8081-exec-9] DEBUG o.g.login.security.CustomUserDetails - Fetching authorities for user: admin
2025-03-14 10:38:50 [http-nio-8081-exec-9] INFO  o.g.l.s.JwtAuthenticationFilter - doFilterInternal: Authentication successful for user 'admin'.
2025-03-14 10:38:50 [http-nio-8081-exec-9] DEBUG o.s.security.web.FilterChainProxy - Secured GET /api/auth/users/list
2025-03-14 10:38:50 [http-nio-8081-exec-9] DEBUG o.s.web.servlet.DispatcherServlet - GET "/api/auth/users/list", parameters={}
2025-03-14 10:38:50 [http-nio-8081-exec-9] DEBUG o.s.w.s.m.m.a.RequestMappingHandlerMapping - Mapped to org.guidewire.login.controller.UserController#getAllUsers()
2025-03-14 10:38:50 [http-nio-8081-exec-9] DEBUG o.s.o.j.s.OpenEntityManagerInViewInterceptor - Opening JPA EntityManager in OpenEntityManagerInViewInterceptor
2025-03-14 10:38:50 [http-nio-8081-exec-9] INFO  o.g.login.services.UserService - getAllUsers: Fetching all users from the database.
2025-03-14 10:38:50 [http-nio-8081-exec-9] DEBUG o.s.orm.jpa.JpaTransactionManager - Found thread-bound EntityManager [SessionImpl(414067124<open>)] for JPA transaction
2025-03-14 10:38:50 [http-nio-8081-exec-9] DEBUG o.s.orm.jpa.JpaTransactionManager - Creating new transaction with name [org.springframework.data.jpa.repository.support.SimpleJpaRepository.findAll]: PROPAGATION_REQUIRED,ISOLATION_DEFAULT,readOnly
2025-03-14 10:38:50 [http-nio-8081-exec-9] DEBUG o.s.jdbc.datasource.DataSourceUtils - Setting JDBC Connection [HikariProxyConnection@455857196 wrapping org.postgresql.jdbc.PgConnection@756968fe] read-only
2025-03-14 10:38:50 [http-nio-8081-exec-9] DEBUG o.s.orm.jpa.JpaTransactionManager - Exposing JPA transaction as JDBC [org.springframework.orm.jpa.vendor.HibernateJpaDialect$HibernateConnectionHandle@5333055a]
2025-03-14 10:38:50 [http-nio-8081-exec-9] DEBUG org.hibernate.SQL - select u1_0.id,u1_0.created_at,u1_0.email,u1_0.password,u1_0.updated_at,u1_0.username from users u1_0
2025-03-14 10:38:50 [http-nio-8081-exec-9] DEBUG org.hibernate.SQL - select r1_0.user_id,r1_1.id,r1_1.created_at,r1_1.name,p1_0.role_id,p1_1.id,p1_1.created_at,p1_1.description,p1_1.name,p1_1.updated_at,r1_1.updated_at from user_roles r1_0 join roles r1_1 on r1_1.id=r1_0.role_id left join role_permissions p1_0 on r1_1.id=p1_0.role_id left join permissions p1_1 on p1_1.id=p1_0.permission_id where r1_0.user_id=?
2025-03-14 10:38:50 [http-nio-8081-exec-9] DEBUG org.hibernate.SQL - select r1_0.user_id,r1_1.id,r1_1.created_at,r1_1.name,p1_0.role_id,p1_1.id,p1_1.created_at,p1_1.description,p1_1.name,p1_1.updated_at,r1_1.updated_at from user_roles r1_0 join roles r1_1 on r1_1.id=r1_0.role_id left join role_permissions p1_0 on r1_1.id=p1_0.role_id left join permissions p1_1 on p1_1.id=p1_0.permission_id where r1_0.user_id=?
2025-03-14 10:38:50 [http-nio-8081-exec-9] DEBUG org.hibernate.SQL - select r1_0.user_id,r1_1.id,r1_1.created_at,r1_1.name,p1_0.role_id,p1_1.id,p1_1.created_at,p1_1.description,p1_1.name,p1_1.updated_at,r1_1.updated_at from user_roles r1_0 join roles r1_1 on r1_1.id=r1_0.role_id left join role_permissions p1_0 on r1_1.id=p1_0.role_id left join permissions p1_1 on p1_1.id=p1_0.permission_id where r1_0.user_id=?
2025-03-14 10:38:50 [http-nio-8081-exec-9] DEBUG org.hibernate.SQL - select r1_0.user_id,r1_1.id,r1_1.created_at,r1_1.name,p1_0.role_id,p1_1.id,p1_1.created_at,p1_1.description,p1_1.name,p1_1.updated_at,r1_1.updated_at from user_roles r1_0 join roles r1_1 on r1_1.id=r1_0.role_id left join role_permissions p1_0 on r1_1.id=p1_0.role_id left join permissions p1_1 on p1_1.id=p1_0.permission_id where r1_0.user_id=?
2025-03-14 10:38:50 [http-nio-8081-exec-9] DEBUG org.hibernate.SQL - select r1_0.user_id,r1_1.id,r1_1.created_at,r1_1.name,p1_0.role_id,p1_1.id,p1_1.created_at,p1_1.description,p1_1.name,p1_1.updated_at,r1_1.updated_at from user_roles r1_0 join roles r1_1 on r1_1.id=r1_0.role_id left join role_permissions p1_0 on r1_1.id=p1_0.role_id left join permissions p1_1 on p1_1.id=p1_0.permission_id where r1_0.user_id=?
2025-03-14 10:38:50 [http-nio-8081-exec-9] DEBUG o.s.orm.jpa.JpaTransactionManager - Initiating transaction commit
2025-03-14 10:38:50 [http-nio-8081-exec-9] DEBUG o.s.orm.jpa.JpaTransactionManager - Committing JPA transaction on EntityManager [SessionImpl(414067124<open>)]
2025-03-14 10:38:50 [http-nio-8081-exec-9] DEBUG o.s.jdbc.datasource.DataSourceUtils - Resetting read-only flag of JDBC Connection [HikariProxyConnection@455857196 wrapping org.postgresql.jdbc.PgConnection@756968fe]
2025-03-14 10:38:50 [http-nio-8081-exec-9] DEBUG o.s.orm.jpa.JpaTransactionManager - Not closing pre-bound JPA EntityManager after transaction
2025-03-14 10:38:50 [http-nio-8081-exec-9] INFO  o.g.login.services.UserService - getAllUsers: Retrieved 5 users.
2025-03-14 10:38:50 [http-nio-8081-exec-9] DEBUG o.s.w.s.m.m.a.HttpEntityMethodProcessor - Using 'application/json', given [*/*] and supported [application/json, application/*+json]
2025-03-14 10:38:50 [http-nio-8081-exec-9] DEBUG o.s.w.s.m.m.a.HttpEntityMethodProcessor - Writing [[org.guidewire.login.dto.responses.UserResponse@3e19e639, org.guidewire.login.dto.responses.UserResp (truncated)...]
2025-03-14 10:38:50 [http-nio-8081-exec-9] DEBUG o.s.o.j.s.OpenEntityManagerInViewInterceptor - Closing JPA EntityManager in OpenEntityManagerInViewInterceptor
2025-03-14 10:38:50 [http-nio-8081-exec-9] DEBUG o.s.web.servlet.DispatcherServlet - Completed 200 OK
2025-03-14 10:38:51 [http-nio-8081-exec-1] DEBUG o.s.security.web.FilterChainProxy - Securing GET /api/auth/current/user
2025-03-14 10:38:51 [http-nio-8081-exec-1] INFO  o.g.l.s.JwtAuthenticationFilter - doFilterInternal: Extracted username 'admin' from token.
2025-03-14 10:38:51 [http-nio-8081-exec-1] INFO  o.g.l.s.CustomUserDetailsService - loadUserByUsername: Searching for user: admin
2025-03-14 10:38:51 [http-nio-8081-exec-1] DEBUG o.s.o.j.SharedEntityManagerCreator$SharedEntityManagerInvocationHandler - Creating new EntityManager for shared EntityManager invocation
2025-03-14 10:38:51 [http-nio-8081-exec-1] DEBUG org.hibernate.SQL - select u1_0.id,u1_0.created_at,u1_0.email,u1_0.password,u1_0.updated_at,u1_0.username from users u1_0 where u1_0.username=?
2025-03-14 10:38:51 [http-nio-8081-exec-1] DEBUG org.hibernate.SQL - select r1_0.user_id,r1_1.id,r1_1.created_at,r1_1.name,p1_0.role_id,p1_1.id,p1_1.created_at,p1_1.description,p1_1.name,p1_1.updated_at,r1_1.updated_at from user_roles r1_0 join roles r1_1 on r1_1.id=r1_0.role_id left join role_permissions p1_0 on r1_1.id=p1_0.role_id left join permissions p1_1 on p1_1.id=p1_0.permission_id where r1_0.user_id=?
2025-03-14 10:38:51 [http-nio-8081-exec-1] INFO  o.g.l.s.CustomUserDetailsService - loadUserByUsername: User admin found with roles: [org.guidewire.login.model.Role@6bf71940]
2025-03-14 10:38:51 [http-nio-8081-exec-1] INFO  o.g.login.security.CustomUserDetails - Initializing CustomUserDetails for user: admin
2025-03-14 10:38:51 [http-nio-8081-exec-1] DEBUG o.g.login.security.CustomUserDetails - User admin has roles: [ADMIN]
2025-03-14 10:38:51 [http-nio-8081-exec-1] DEBUG o.g.login.security.CustomUserDetails - User admin has permissions: [DELETE_TASK, CREATE_TASK, CLOSE_TASK, VIEW_TASK, COMMENT_TASK, ASSIGN_TASK, EDIT_TASK]
2025-03-14 10:38:51 [http-nio-8081-exec-1] INFO  o.g.login.security.CustomUserDetails - CustomUserDetails initialized successfully for user: admin
2025-03-14 10:38:51 [http-nio-8081-exec-1] INFO  o.guidewire.login.security.JwtUtil - validateToken:JWT validated successfully for user: admin
2025-03-14 10:38:51 [http-nio-8081-exec-1] DEBUG o.g.login.security.CustomUserDetails - Fetching authorities for user: admin
2025-03-14 10:38:51 [http-nio-8081-exec-1] INFO  o.g.l.s.JwtAuthenticationFilter - doFilterInternal: Authentication successful for user 'admin'.
2025-03-14 10:38:51 [http-nio-8081-exec-1] DEBUG o.s.security.web.FilterChainProxy - Secured GET /api/auth/current/user
2025-03-14 10:38:51 [http-nio-8081-exec-1] DEBUG o.s.web.servlet.DispatcherServlet - GET "/api/auth/current/user", parameters={}
2025-03-14 10:38:51 [http-nio-8081-exec-1] DEBUG o.s.w.s.m.m.a.RequestMappingHandlerMapping - Mapped to org.guidewire.login.controller.AuthController#getCurrentUser(Principal)
2025-03-14 10:38:51 [http-nio-8081-exec-1] DEBUG o.s.o.j.s.OpenEntityManagerInViewInterceptor - Opening JPA EntityManager in OpenEntityManagerInViewInterceptor
2025-03-14 10:38:51 [http-nio-8081-exec-1] INFO  o.g.login.controller.AuthController - getCurrentUser: Fetching details for user: admin
2025-03-14 10:38:51 [http-nio-8081-exec-1] DEBUG o.g.login.services.AuthService - getUserDetails:Fetching user details for: admin
2025-03-14 10:38:51 [http-nio-8081-exec-1] DEBUG org.hibernate.SQL - select u1_0.id,u1_0.created_at,u1_0.email,u1_0.password,u1_0.updated_at,u1_0.username from users u1_0 where u1_0.username=?
2025-03-14 10:38:51 [http-nio-8081-exec-1] DEBUG org.hibernate.SQL - select r1_0.user_id,r1_1.id,r1_1.created_at,r1_1.name,p1_0.role_id,p1_1.id,p1_1.created_at,p1_1.description,p1_1.name,p1_1.updated_at,r1_1.updated_at from user_roles r1_0 join roles r1_1 on r1_1.id=r1_0.role_id left join role_permissions p1_0 on r1_1.id=p1_0.role_id left join permissions p1_1 on p1_1.id=p1_0.permission_id where r1_0.user_id=?
2025-03-14 10:38:51 [http-nio-8081-exec-1] INFO  o.g.login.controller.AuthController - getCurrentUser: Returning user details for admin
2025-03-14 10:38:51 [http-nio-8081-exec-1] DEBUG o.s.w.s.m.m.a.HttpEntityMethodProcessor - Using 'application/json', given [*/*] and supported [application/json, application/*+json]
2025-03-14 10:38:51 [http-nio-8081-exec-1] DEBUG o.s.w.s.m.m.a.HttpEntityMethodProcessor - Writing [org.guidewire.login.dto.responses.UserResponse@62323fa6]
2025-03-14 10:38:51 [http-nio-8081-exec-1] DEBUG o.s.o.j.s.OpenEntityManagerInViewInterceptor - Closing JPA EntityManager in OpenEntityManagerInViewInterceptor
2025-03-14 10:38:51 [http-nio-8081-exec-1] DEBUG o.s.web.servlet.DispatcherServlet - Completed 200 OK
2025-03-14 10:38:55 [http-nio-8081-exec-10] DEBUG o.s.security.web.FilterChainProxy - Securing GET /api/auth/users/list
2025-03-14 10:38:55 [http-nio-8081-exec-10] INFO  o.g.l.s.JwtAuthenticationFilter - doFilterInternal: Extracted username 'admin' from token.
2025-03-14 10:38:55 [http-nio-8081-exec-10] INFO  o.g.l.s.CustomUserDetailsService - loadUserByUsername: Searching for user: admin
2025-03-14 10:38:55 [http-nio-8081-exec-10] DEBUG o.s.o.j.SharedEntityManagerCreator$SharedEntityManagerInvocationHandler - Creating new EntityManager for shared EntityManager invocation
2025-03-14 10:38:55 [http-nio-8081-exec-10] DEBUG org.hibernate.SQL - select u1_0.id,u1_0.created_at,u1_0.email,u1_0.password,u1_0.updated_at,u1_0.username from users u1_0 where u1_0.username=?
2025-03-14 10:38:55 [http-nio-8081-exec-10] DEBUG org.hibernate.SQL - select r1_0.user_id,r1_1.id,r1_1.created_at,r1_1.name,p1_0.role_id,p1_1.id,p1_1.created_at,p1_1.description,p1_1.name,p1_1.updated_at,r1_1.updated_at from user_roles r1_0 join roles r1_1 on r1_1.id=r1_0.role_id left join role_permissions p1_0 on r1_1.id=p1_0.role_id left join permissions p1_1 on p1_1.id=p1_0.permission_id where r1_0.user_id=?
2025-03-14 10:38:55 [http-nio-8081-exec-10] INFO  o.g.l.s.CustomUserDetailsService - loadUserByUsername: User admin found with roles: [org.guidewire.login.model.Role@1e60b5a2]
2025-03-14 10:38:55 [http-nio-8081-exec-10] INFO  o.g.login.security.CustomUserDetails - Initializing CustomUserDetails for user: admin
2025-03-14 10:38:55 [http-nio-8081-exec-10] DEBUG o.g.login.security.CustomUserDetails - User admin has roles: [ADMIN]
2025-03-14 10:38:55 [http-nio-8081-exec-10] DEBUG o.g.login.security.CustomUserDetails - User admin has permissions: [DELETE_TASK, CREATE_TASK, CLOSE_TASK, VIEW_TASK, ASSIGN_TASK, COMMENT_TASK, EDIT_TASK]
2025-03-14 10:38:55 [http-nio-8081-exec-10] INFO  o.g.login.security.CustomUserDetails - CustomUserDetails initialized successfully for user: admin
2025-03-14 10:38:55 [http-nio-8081-exec-10] INFO  o.guidewire.login.security.JwtUtil - validateToken:JWT validated successfully for user: admin
2025-03-14 10:38:55 [http-nio-8081-exec-10] DEBUG o.g.login.security.CustomUserDetails - Fetching authorities for user: admin
2025-03-14 10:38:55 [http-nio-8081-exec-10] INFO  o.g.l.s.JwtAuthenticationFilter - doFilterInternal: Authentication successful for user 'admin'.
2025-03-14 10:38:55 [http-nio-8081-exec-10] DEBUG o.s.security.web.FilterChainProxy - Secured GET /api/auth/users/list
2025-03-14 10:38:55 [http-nio-8081-exec-10] DEBUG o.s.web.servlet.DispatcherServlet - GET "/api/auth/users/list", parameters={}
2025-03-14 10:38:55 [http-nio-8081-exec-10] DEBUG o.s.w.s.m.m.a.RequestMappingHandlerMapping - Mapped to org.guidewire.login.controller.UserController#getAllUsers()
2025-03-14 10:38:55 [http-nio-8081-exec-10] DEBUG o.s.o.j.s.OpenEntityManagerInViewInterceptor - Opening JPA EntityManager in OpenEntityManagerInViewInterceptor
2025-03-14 10:38:55 [http-nio-8081-exec-10] INFO  o.g.login.services.UserService - getAllUsers: Fetching all users from the database.
2025-03-14 10:38:55 [http-nio-8081-exec-10] DEBUG o.s.orm.jpa.JpaTransactionManager - Found thread-bound EntityManager [SessionImpl(438977497<open>)] for JPA transaction
2025-03-14 10:38:55 [http-nio-8081-exec-10] DEBUG o.s.orm.jpa.JpaTransactionManager - Creating new transaction with name [org.springframework.data.jpa.repository.support.SimpleJpaRepository.findAll]: PROPAGATION_REQUIRED,ISOLATION_DEFAULT,readOnly
2025-03-14 10:38:55 [http-nio-8081-exec-10] DEBUG o.s.jdbc.datasource.DataSourceUtils - Setting JDBC Connection [HikariProxyConnection@1587719450 wrapping org.postgresql.jdbc.PgConnection@756968fe] read-only
2025-03-14 10:38:55 [http-nio-8081-exec-10] DEBUG o.s.orm.jpa.JpaTransactionManager - Exposing JPA transaction as JDBC [org.springframework.orm.jpa.vendor.HibernateJpaDialect$HibernateConnectionHandle@4bf5a8c5]
2025-03-14 10:38:55 [http-nio-8081-exec-10] DEBUG org.hibernate.SQL - select u1_0.id,u1_0.created_at,u1_0.email,u1_0.password,u1_0.updated_at,u1_0.username from users u1_0
2025-03-14 10:38:55 [http-nio-8081-exec-10] DEBUG org.hibernate.SQL - select r1_0.user_id,r1_1.id,r1_1.created_at,r1_1.name,p1_0.role_id,p1_1.id,p1_1.created_at,p1_1.description,p1_1.name,p1_1.updated_at,r1_1.updated_at from user_roles r1_0 join roles r1_1 on r1_1.id=r1_0.role_id left join role_permissions p1_0 on r1_1.id=p1_0.role_id left join permissions p1_1 on p1_1.id=p1_0.permission_id where r1_0.user_id=?
2025-03-14 10:38:55 [http-nio-8081-exec-10] DEBUG org.hibernate.SQL - select r1_0.user_id,r1_1.id,r1_1.created_at,r1_1.name,p1_0.role_id,p1_1.id,p1_1.created_at,p1_1.description,p1_1.name,p1_1.updated_at,r1_1.updated_at from user_roles r1_0 join roles r1_1 on r1_1.id=r1_0.role_id left join role_permissions p1_0 on r1_1.id=p1_0.role_id left join permissions p1_1 on p1_1.id=p1_0.permission_id where r1_0.user_id=?
2025-03-14 10:38:55 [http-nio-8081-exec-10] DEBUG org.hibernate.SQL - select r1_0.user_id,r1_1.id,r1_1.created_at,r1_1.name,p1_0.role_id,p1_1.id,p1_1.created_at,p1_1.description,p1_1.name,p1_1.updated_at,r1_1.updated_at from user_roles r1_0 join roles r1_1 on r1_1.id=r1_0.role_id left join role_permissions p1_0 on r1_1.id=p1_0.role_id left join permissions p1_1 on p1_1.id=p1_0.permission_id where r1_0.user_id=?
2025-03-14 10:38:55 [http-nio-8081-exec-10] DEBUG org.hibernate.SQL - select r1_0.user_id,r1_1.id,r1_1.created_at,r1_1.name,p1_0.role_id,p1_1.id,p1_1.created_at,p1_1.description,p1_1.name,p1_1.updated_at,r1_1.updated_at from user_roles r1_0 join roles r1_1 on r1_1.id=r1_0.role_id left join role_permissions p1_0 on r1_1.id=p1_0.role_id left join permissions p1_1 on p1_1.id=p1_0.permission_id where r1_0.user_id=?
2025-03-14 10:38:55 [http-nio-8081-exec-10] DEBUG org.hibernate.SQL - select r1_0.user_id,r1_1.id,r1_1.created_at,r1_1.name,p1_0.role_id,p1_1.id,p1_1.created_at,p1_1.description,p1_1.name,p1_1.updated_at,r1_1.updated_at from user_roles r1_0 join roles r1_1 on r1_1.id=r1_0.role_id left join role_permissions p1_0 on r1_1.id=p1_0.role_id left join permissions p1_1 on p1_1.id=p1_0.permission_id where r1_0.user_id=?
2025-03-14 10:38:55 [http-nio-8081-exec-10] DEBUG o.s.orm.jpa.JpaTransactionManager - Initiating transaction commit
2025-03-14 10:38:55 [http-nio-8081-exec-10] DEBUG o.s.orm.jpa.JpaTransactionManager - Committing JPA transaction on EntityManager [SessionImpl(438977497<open>)]
2025-03-14 10:38:55 [http-nio-8081-exec-10] DEBUG o.s.jdbc.datasource.DataSourceUtils - Resetting read-only flag of JDBC Connection [HikariProxyConnection@1587719450 wrapping org.postgresql.jdbc.PgConnection@756968fe]
2025-03-14 10:38:55 [http-nio-8081-exec-10] DEBUG o.s.orm.jpa.JpaTransactionManager - Not closing pre-bound JPA EntityManager after transaction
2025-03-14 10:38:55 [http-nio-8081-exec-10] INFO  o.g.login.services.UserService - getAllUsers: Retrieved 5 users.
2025-03-14 10:38:55 [http-nio-8081-exec-10] DEBUG o.s.w.s.m.m.a.HttpEntityMethodProcessor - Using 'application/json', given [*/*] and supported [application/json, application/*+json]
2025-03-14 10:38:55 [http-nio-8081-exec-10] DEBUG o.s.w.s.m.m.a.HttpEntityMethodProcessor - Writing [[org.guidewire.login.dto.responses.UserResponse@62cf67e7, org.guidewire.login.dto.responses.UserResp (truncated)...]
2025-03-14 10:38:55 [http-nio-8081-exec-10] DEBUG o.s.o.j.s.OpenEntityManagerInViewInterceptor - Closing JPA EntityManager in OpenEntityManagerInViewInterceptor
2025-03-14 10:38:55 [http-nio-8081-exec-10] DEBUG o.s.web.servlet.DispatcherServlet - Completed 200 OK
2025-03-14 10:38:56 [http-nio-8081-exec-3] DEBUG o.s.security.web.FilterChainProxy - Securing GET /api/auth/user/details
2025-03-14 10:38:56 [http-nio-8081-exec-3] DEBUG o.g.l.s.JwtAuthenticationFilter - doFilterInternal: No valid Authorization header found, skipping JWT processing.
2025-03-14 10:38:56 [http-nio-8081-exec-3] DEBUG o.s.s.w.a.AnonymousAuthenticationFilter - Set SecurityContextHolder to anonymous SecurityContext
2025-03-14 10:38:56 [http-nio-8081-exec-3] DEBUG o.s.security.web.FilterChainProxy - Secured GET /api/auth/user/details
2025-03-14 10:38:56 [http-nio-8081-exec-3] DEBUG o.s.web.servlet.DispatcherServlet - GET "/api/auth/user/details", parameters={}
2025-03-14 10:38:56 [http-nio-8081-exec-3] DEBUG o.s.w.s.m.m.a.RequestMappingHandlerMapping - Mapped to org.guidewire.login.controller.AuthController#fetchUserDetails(List)
2025-03-14 10:38:56 [http-nio-8081-exec-3] DEBUG o.s.o.j.s.OpenEntityManagerInViewInterceptor - Opening JPA EntityManager in OpenEntityManagerInViewInterceptor
2025-03-14 10:38:56 [http-nio-8081-exec-3] DEBUG o.s.w.s.m.m.a.RequestResponseBodyMethodProcessor - Read "application/json;charset=UTF-8" to [[3d480867-d12b-4c5f-a725-da17dd7e5590]]
2025-03-14 10:38:56 [http-nio-8081-exec-3] INFO  o.g.login.controller.AuthController - fetchUserDetails: Fetching details for users with IDs: [3d480867-d12b-4c5f-a725-da17dd7e5590]
2025-03-14 10:38:56 [http-nio-8081-exec-3] DEBUG o.s.orm.jpa.JpaTransactionManager - Found thread-bound EntityManager [SessionImpl(1658870272<open>)] for JPA transaction
2025-03-14 10:38:56 [http-nio-8081-exec-3] DEBUG o.s.orm.jpa.JpaTransactionManager - Creating new transaction with name [org.springframework.data.jpa.repository.support.SimpleJpaRepository.findAllById]: PROPAGATION_REQUIRED,ISOLATION_DEFAULT,readOnly
2025-03-14 10:38:56 [http-nio-8081-exec-3] DEBUG o.s.jdbc.datasource.DataSourceUtils - Setting JDBC Connection [HikariProxyConnection@2116915265 wrapping org.postgresql.jdbc.PgConnection@756968fe] read-only
2025-03-14 10:38:56 [http-nio-8081-exec-3] DEBUG o.s.orm.jpa.JpaTransactionManager - Exposing JPA transaction as JDBC [org.springframework.orm.jpa.vendor.HibernateJpaDialect$HibernateConnectionHandle@e2ab3a9]
2025-03-14 10:38:56 [http-nio-8081-exec-3] DEBUG org.hibernate.SQL - select u1_0.id,u1_0.created_at,u1_0.email,u1_0.password,u1_0.updated_at,u1_0.username from users u1_0 where u1_0.id in (?)
2025-03-14 10:38:56 [http-nio-8081-exec-3] DEBUG org.hibernate.SQL - select r1_0.user_id,r1_1.id,r1_1.created_at,r1_1.name,p1_0.role_id,p1_1.id,p1_1.created_at,p1_1.description,p1_1.name,p1_1.updated_at,r1_1.updated_at from user_roles r1_0 join roles r1_1 on r1_1.id=r1_0.role_id left join role_permissions p1_0 on r1_1.id=p1_0.role_id left join permissions p1_1 on p1_1.id=p1_0.permission_id where r1_0.user_id=?
2025-03-14 10:38:56 [http-nio-8081-exec-3] DEBUG o.s.orm.jpa.JpaTransactionManager - Initiating transaction commit
2025-03-14 10:38:56 [http-nio-8081-exec-3] DEBUG o.s.orm.jpa.JpaTransactionManager - Committing JPA transaction on EntityManager [SessionImpl(1658870272<open>)]
2025-03-14 10:38:56 [http-nio-8081-exec-3] DEBUG o.s.jdbc.datasource.DataSourceUtils - Resetting read-only flag of JDBC Connection [HikariProxyConnection@2116915265 wrapping org.postgresql.jdbc.PgConnection@756968fe]
2025-03-14 10:38:56 [http-nio-8081-exec-3] DEBUG o.s.orm.jpa.JpaTransactionManager - Not closing pre-bound JPA EntityManager after transaction
2025-03-14 10:38:56 [http-nio-8081-exec-3] INFO  o.g.login.controller.AuthController - fetchUserDetails: Returning user details for users: [org.guidewire.login.dto.responses.UserResponse@29909add]
2025-03-14 10:38:56 [http-nio-8081-exec-3] DEBUG o.s.w.s.m.m.a.HttpEntityMethodProcessor - Using 'application/json', given [*/*] and supported [application/json, application/*+json]
2025-03-14 10:38:56 [http-nio-8081-exec-3] DEBUG o.s.w.s.m.m.a.HttpEntityMethodProcessor - Writing [[org.guidewire.login.dto.responses.UserResponse@29909add]]
2025-03-14 10:38:56 [http-nio-8081-exec-3] DEBUG o.s.o.j.s.OpenEntityManagerInViewInterceptor - Closing JPA EntityManager in OpenEntityManagerInViewInterceptor
2025-03-14 10:38:56 [http-nio-8081-exec-3] DEBUG o.s.web.servlet.DispatcherServlet - Completed 200 OK
2025-03-14 10:42:47 [http-nio-8081-exec-5] DEBUG o.s.security.web.FilterChainProxy - Securing GET /api/auth/check-admin
2025-03-14 10:42:47 [http-nio-8081-exec-5] INFO  o.g.l.s.JwtAuthenticationFilter - doFilterInternal: Extracted username 'admin' from token.
2025-03-14 10:42:47 [http-nio-8081-exec-5] INFO  o.g.l.s.CustomUserDetailsService - loadUserByUsername: Searching for user: admin
2025-03-14 10:42:47 [http-nio-8081-exec-5] DEBUG o.s.o.j.SharedEntityManagerCreator$SharedEntityManagerInvocationHandler - Creating new EntityManager for shared EntityManager invocation
2025-03-14 10:42:47 [http-nio-8081-exec-5] DEBUG org.hibernate.SQL - select u1_0.id,u1_0.created_at,u1_0.email,u1_0.password,u1_0.updated_at,u1_0.username from users u1_0 where u1_0.username=?
2025-03-14 10:42:47 [http-nio-8081-exec-5] DEBUG org.hibernate.SQL - select r1_0.user_id,r1_1.id,r1_1.created_at,r1_1.name,p1_0.role_id,p1_1.id,p1_1.created_at,p1_1.description,p1_1.name,p1_1.updated_at,r1_1.updated_at from user_roles r1_0 join roles r1_1 on r1_1.id=r1_0.role_id left join role_permissions p1_0 on r1_1.id=p1_0.role_id left join permissions p1_1 on p1_1.id=p1_0.permission_id where r1_0.user_id=?
2025-03-14 10:42:47 [http-nio-8081-exec-5] INFO  o.g.l.s.CustomUserDetailsService - loadUserByUsername: User admin found with roles: [org.guidewire.login.model.Role@7b33149c]
2025-03-14 10:42:47 [http-nio-8081-exec-5] INFO  o.g.login.security.CustomUserDetails - Initializing CustomUserDetails for user: admin
2025-03-14 10:42:47 [http-nio-8081-exec-5] DEBUG o.g.login.security.CustomUserDetails - User admin has roles: [ADMIN]
2025-03-14 10:42:47 [http-nio-8081-exec-5] DEBUG o.g.login.security.CustomUserDetails - User admin has permissions: [DELETE_TASK, CREATE_TASK, VIEW_TASK, CLOSE_TASK, ASSIGN_TASK, COMMENT_TASK, EDIT_TASK]
2025-03-14 10:42:47 [http-nio-8081-exec-5] INFO  o.g.login.security.CustomUserDetails - CustomUserDetails initialized successfully for user: admin
2025-03-14 10:42:47 [http-nio-8081-exec-5] INFO  o.guidewire.login.security.JwtUtil - validateToken:JWT validated successfully for user: admin
2025-03-14 10:42:47 [http-nio-8081-exec-5] DEBUG o.g.login.security.CustomUserDetails - Fetching authorities for user: admin
2025-03-14 10:42:47 [http-nio-8081-exec-5] INFO  o.g.l.s.JwtAuthenticationFilter - doFilterInternal: Authentication successful for user 'admin'.
2025-03-14 10:42:47 [http-nio-8081-exec-5] DEBUG o.s.security.web.FilterChainProxy - Secured GET /api/auth/check-admin
2025-03-14 10:42:47 [http-nio-8081-exec-5] DEBUG o.s.web.servlet.DispatcherServlet - GET "/api/auth/check-admin", parameters={}
2025-03-14 10:42:47 [http-nio-8081-exec-5] DEBUG o.s.w.s.m.m.a.RequestMappingHandlerMapping - Mapped to org.guidewire.login.controller.AuthController#checkIfAdmin(UserDetails)
2025-03-14 10:42:47 [http-nio-8081-exec-5] DEBUG o.s.o.j.s.OpenEntityManagerInViewInterceptor - Opening JPA EntityManager in OpenEntityManagerInViewInterceptor
2025-03-14 10:42:47 [http-nio-8081-exec-5] DEBUG o.g.login.security.CustomUserDetails - Fetching authorities for user: admin
2025-03-14 10:42:47 [http-nio-8081-exec-5] DEBUG o.s.w.s.m.m.a.HttpEntityMethodProcessor - Using 'application/json', given [*/*] and supported [application/json, application/*+json]
2025-03-14 10:42:47 [http-nio-8081-exec-5] DEBUG o.s.w.s.m.m.a.HttpEntityMethodProcessor - Writing [org.guidewire.login.dto.responses.UserRoleResponse@35c54a33]
2025-03-14 10:42:47 [http-nio-8081-exec-5] DEBUG o.s.o.j.s.OpenEntityManagerInViewInterceptor - Closing JPA EntityManager in OpenEntityManagerInViewInterceptor
2025-03-14 10:42:47 [http-nio-8081-exec-5] DEBUG o.s.web.servlet.DispatcherServlet - Completed 200 OK
2025-03-14 10:42:47 [http-nio-8081-exec-4] DEBUG o.s.security.web.FilterChainProxy - Securing GET /api/auth/current/user
2025-03-14 10:42:47 [http-nio-8081-exec-4] INFO  o.g.l.s.JwtAuthenticationFilter - doFilterInternal: Extracted username 'admin' from token.
2025-03-14 10:42:47 [http-nio-8081-exec-4] INFO  o.g.l.s.CustomUserDetailsService - loadUserByUsername: Searching for user: admin
2025-03-14 10:42:47 [http-nio-8081-exec-4] DEBUG o.s.o.j.SharedEntityManagerCreator$SharedEntityManagerInvocationHandler - Creating new EntityManager for shared EntityManager invocation
2025-03-14 10:42:47 [http-nio-8081-exec-4] DEBUG org.hibernate.SQL - select u1_0.id,u1_0.created_at,u1_0.email,u1_0.password,u1_0.updated_at,u1_0.username from users u1_0 where u1_0.username=?
2025-03-14 10:42:47 [http-nio-8081-exec-4] DEBUG org.hibernate.SQL - select r1_0.user_id,r1_1.id,r1_1.created_at,r1_1.name,p1_0.role_id,p1_1.id,p1_1.created_at,p1_1.description,p1_1.name,p1_1.updated_at,r1_1.updated_at from user_roles r1_0 join roles r1_1 on r1_1.id=r1_0.role_id left join role_permissions p1_0 on r1_1.id=p1_0.role_id left join permissions p1_1 on p1_1.id=p1_0.permission_id where r1_0.user_id=?
2025-03-14 10:42:47 [http-nio-8081-exec-4] INFO  o.g.l.s.CustomUserDetailsService - loadUserByUsername: User admin found with roles: [org.guidewire.login.model.Role@271e4b11]
2025-03-14 10:42:47 [http-nio-8081-exec-4] INFO  o.g.login.security.CustomUserDetails - Initializing CustomUserDetails for user: admin
2025-03-14 10:42:47 [http-nio-8081-exec-4] DEBUG o.g.login.security.CustomUserDetails - User admin has roles: [ADMIN]
2025-03-14 10:42:47 [http-nio-8081-exec-4] DEBUG o.g.login.security.CustomUserDetails - User admin has permissions: [DELETE_TASK, CREATE_TASK, VIEW_TASK, CLOSE_TASK, COMMENT_TASK, ASSIGN_TASK, EDIT_TASK]
2025-03-14 10:42:47 [http-nio-8081-exec-4] INFO  o.g.login.security.CustomUserDetails - CustomUserDetails initialized successfully for user: admin
2025-03-14 10:42:47 [http-nio-8081-exec-4] INFO  o.guidewire.login.security.JwtUtil - validateToken:JWT validated successfully for user: admin
2025-03-14 10:42:47 [http-nio-8081-exec-4] DEBUG o.g.login.security.CustomUserDetails - Fetching authorities for user: admin
2025-03-14 10:42:47 [http-nio-8081-exec-4] INFO  o.g.l.s.JwtAuthenticationFilter - doFilterInternal: Authentication successful for user 'admin'.
2025-03-14 10:42:47 [http-nio-8081-exec-4] DEBUG o.s.security.web.FilterChainProxy - Secured GET /api/auth/current/user
2025-03-14 10:42:47 [http-nio-8081-exec-4] DEBUG o.s.web.servlet.DispatcherServlet - GET "/api/auth/current/user", parameters={}
2025-03-14 10:42:47 [http-nio-8081-exec-4] DEBUG o.s.w.s.m.m.a.RequestMappingHandlerMapping - Mapped to org.guidewire.login.controller.AuthController#getCurrentUser(Principal)
2025-03-14 10:42:47 [http-nio-8081-exec-4] DEBUG o.s.o.j.s.OpenEntityManagerInViewInterceptor - Opening JPA EntityManager in OpenEntityManagerInViewInterceptor
2025-03-14 10:42:47 [http-nio-8081-exec-4] INFO  o.g.login.controller.AuthController - getCurrentUser: Fetching details for user: admin
2025-03-14 10:42:47 [http-nio-8081-exec-4] DEBUG o.g.login.services.AuthService - getUserDetails:Fetching user details for: admin
2025-03-14 10:42:47 [http-nio-8081-exec-4] DEBUG org.hibernate.SQL - select u1_0.id,u1_0.created_at,u1_0.email,u1_0.password,u1_0.updated_at,u1_0.username from users u1_0 where u1_0.username=?
2025-03-14 10:42:47 [http-nio-8081-exec-4] DEBUG org.hibernate.SQL - select r1_0.user_id,r1_1.id,r1_1.created_at,r1_1.name,p1_0.role_id,p1_1.id,p1_1.created_at,p1_1.description,p1_1.name,p1_1.updated_at,r1_1.updated_at from user_roles r1_0 join roles r1_1 on r1_1.id=r1_0.role_id left join role_permissions p1_0 on r1_1.id=p1_0.role_id left join permissions p1_1 on p1_1.id=p1_0.permission_id where r1_0.user_id=?
2025-03-14 10:42:47 [http-nio-8081-exec-4] INFO  o.g.login.controller.AuthController - getCurrentUser: Returning user details for admin
2025-03-14 10:42:47 [http-nio-8081-exec-4] DEBUG o.s.w.s.m.m.a.HttpEntityMethodProcessor - Using 'application/json', given [*/*] and supported [application/json, application/*+json]
2025-03-14 10:42:47 [http-nio-8081-exec-4] DEBUG o.s.w.s.m.m.a.HttpEntityMethodProcessor - Writing [org.guidewire.login.dto.responses.UserResponse@7a0e70e0]
2025-03-14 10:42:47 [http-nio-8081-exec-4] DEBUG o.s.o.j.s.OpenEntityManagerInViewInterceptor - Closing JPA EntityManager in OpenEntityManagerInViewInterceptor
2025-03-14 10:42:47 [http-nio-8081-exec-4] DEBUG o.s.web.servlet.DispatcherServlet - Completed 200 OK
2025-03-14 10:42:47 [http-nio-8081-exec-7] DEBUG o.s.security.web.FilterChainProxy - Securing GET /api/auth/users/list
2025-03-14 10:42:47 [http-nio-8081-exec-7] INFO  o.g.l.s.JwtAuthenticationFilter - doFilterInternal: Extracted username 'admin' from token.
2025-03-14 10:42:47 [http-nio-8081-exec-7] INFO  o.g.l.s.CustomUserDetailsService - loadUserByUsername: Searching for user: admin
2025-03-14 10:42:47 [http-nio-8081-exec-7] DEBUG o.s.o.j.SharedEntityManagerCreator$SharedEntityManagerInvocationHandler - Creating new EntityManager for shared EntityManager invocation
2025-03-14 10:42:47 [http-nio-8081-exec-7] DEBUG org.hibernate.SQL - select u1_0.id,u1_0.created_at,u1_0.email,u1_0.password,u1_0.updated_at,u1_0.username from users u1_0 where u1_0.username=?
2025-03-14 10:42:47 [http-nio-8081-exec-7] DEBUG org.hibernate.SQL - select r1_0.user_id,r1_1.id,r1_1.created_at,r1_1.name,p1_0.role_id,p1_1.id,p1_1.created_at,p1_1.description,p1_1.name,p1_1.updated_at,r1_1.updated_at from user_roles r1_0 join roles r1_1 on r1_1.id=r1_0.role_id left join role_permissions p1_0 on r1_1.id=p1_0.role_id left join permissions p1_1 on p1_1.id=p1_0.permission_id where r1_0.user_id=?
2025-03-14 10:42:47 [http-nio-8081-exec-7] INFO  o.g.l.s.CustomUserDetailsService - loadUserByUsername: User admin found with roles: [org.guidewire.login.model.Role@2653f7d]
2025-03-14 10:42:47 [http-nio-8081-exec-7] INFO  o.g.login.security.CustomUserDetails - Initializing CustomUserDetails for user: admin
2025-03-14 10:42:47 [http-nio-8081-exec-7] DEBUG o.g.login.security.CustomUserDetails - User admin has roles: [ADMIN]
2025-03-14 10:42:47 [http-nio-8081-exec-7] DEBUG o.g.login.security.CustomUserDetails - User admin has permissions: [DELETE_TASK, CREATE_TASK, VIEW_TASK, CLOSE_TASK, COMMENT_TASK, ASSIGN_TASK, EDIT_TASK]
2025-03-14 10:42:47 [http-nio-8081-exec-7] INFO  o.g.login.security.CustomUserDetails - CustomUserDetails initialized successfully for user: admin
2025-03-14 10:42:47 [http-nio-8081-exec-7] INFO  o.guidewire.login.security.JwtUtil - validateToken:JWT validated successfully for user: admin
2025-03-14 10:42:47 [http-nio-8081-exec-7] DEBUG o.g.login.security.CustomUserDetails - Fetching authorities for user: admin
2025-03-14 10:42:47 [http-nio-8081-exec-7] INFO  o.g.l.s.JwtAuthenticationFilter - doFilterInternal: Authentication successful for user 'admin'.
2025-03-14 10:42:47 [http-nio-8081-exec-7] DEBUG o.s.security.web.FilterChainProxy - Secured GET /api/auth/users/list
2025-03-14 10:42:47 [http-nio-8081-exec-7] DEBUG o.s.web.servlet.DispatcherServlet - GET "/api/auth/users/list", parameters={}
2025-03-14 10:42:47 [http-nio-8081-exec-7] DEBUG o.s.w.s.m.m.a.RequestMappingHandlerMapping - Mapped to org.guidewire.login.controller.UserController#getAllUsers()
2025-03-14 10:42:47 [http-nio-8081-exec-7] DEBUG o.s.o.j.s.OpenEntityManagerInViewInterceptor - Opening JPA EntityManager in OpenEntityManagerInViewInterceptor
2025-03-14 10:42:47 [http-nio-8081-exec-7] INFO  o.g.login.services.UserService - getAllUsers: Fetching all users from the database.
2025-03-14 10:42:47 [http-nio-8081-exec-7] DEBUG o.s.orm.jpa.JpaTransactionManager - Found thread-bound EntityManager [SessionImpl(1487183123<open>)] for JPA transaction
2025-03-14 10:42:47 [http-nio-8081-exec-7] DEBUG o.s.orm.jpa.JpaTransactionManager - Creating new transaction with name [org.springframework.data.jpa.repository.support.SimpleJpaRepository.findAll]: PROPAGATION_REQUIRED,ISOLATION_DEFAULT,readOnly
2025-03-14 10:42:47 [http-nio-8081-exec-7] DEBUG o.s.jdbc.datasource.DataSourceUtils - Setting JDBC Connection [HikariProxyConnection@2003578469 wrapping org.postgresql.jdbc.PgConnection@74473afa] read-only
2025-03-14 10:42:47 [http-nio-8081-exec-7] DEBUG o.s.orm.jpa.JpaTransactionManager - Exposing JPA transaction as JDBC [org.springframework.orm.jpa.vendor.HibernateJpaDialect$HibernateConnectionHandle@45d25160]
2025-03-14 10:42:47 [http-nio-8081-exec-7] DEBUG org.hibernate.SQL - select u1_0.id,u1_0.created_at,u1_0.email,u1_0.password,u1_0.updated_at,u1_0.username from users u1_0
2025-03-14 10:42:47 [http-nio-8081-exec-7] DEBUG org.hibernate.SQL - select r1_0.user_id,r1_1.id,r1_1.created_at,r1_1.name,p1_0.role_id,p1_1.id,p1_1.created_at,p1_1.description,p1_1.name,p1_1.updated_at,r1_1.updated_at from user_roles r1_0 join roles r1_1 on r1_1.id=r1_0.role_id left join role_permissions p1_0 on r1_1.id=p1_0.role_id left join permissions p1_1 on p1_1.id=p1_0.permission_id where r1_0.user_id=?
2025-03-14 10:42:47 [http-nio-8081-exec-7] DEBUG org.hibernate.SQL - select r1_0.user_id,r1_1.id,r1_1.created_at,r1_1.name,p1_0.role_id,p1_1.id,p1_1.created_at,p1_1.description,p1_1.name,p1_1.updated_at,r1_1.updated_at from user_roles r1_0 join roles r1_1 on r1_1.id=r1_0.role_id left join role_permissions p1_0 on r1_1.id=p1_0.role_id left join permissions p1_1 on p1_1.id=p1_0.permission_id where r1_0.user_id=?
2025-03-14 10:42:47 [http-nio-8081-exec-7] DEBUG org.hibernate.SQL - select r1_0.user_id,r1_1.id,r1_1.created_at,r1_1.name,p1_0.role_id,p1_1.id,p1_1.created_at,p1_1.description,p1_1.name,p1_1.updated_at,r1_1.updated_at from user_roles r1_0 join roles r1_1 on r1_1.id=r1_0.role_id left join role_permissions p1_0 on r1_1.id=p1_0.role_id left join permissions p1_1 on p1_1.id=p1_0.permission_id where r1_0.user_id=?
2025-03-14 10:42:47 [http-nio-8081-exec-7] DEBUG org.hibernate.SQL - select r1_0.user_id,r1_1.id,r1_1.created_at,r1_1.name,p1_0.role_id,p1_1.id,p1_1.created_at,p1_1.description,p1_1.name,p1_1.updated_at,r1_1.updated_at from user_roles r1_0 join roles r1_1 on r1_1.id=r1_0.role_id left join role_permissions p1_0 on r1_1.id=p1_0.role_id left join permissions p1_1 on p1_1.id=p1_0.permission_id where r1_0.user_id=?
2025-03-14 10:42:47 [http-nio-8081-exec-7] DEBUG org.hibernate.SQL - select r1_0.user_id,r1_1.id,r1_1.created_at,r1_1.name,p1_0.role_id,p1_1.id,p1_1.created_at,p1_1.description,p1_1.name,p1_1.updated_at,r1_1.updated_at from user_roles r1_0 join roles r1_1 on r1_1.id=r1_0.role_id left join role_permissions p1_0 on r1_1.id=p1_0.role_id left join permissions p1_1 on p1_1.id=p1_0.permission_id where r1_0.user_id=?
2025-03-14 10:42:47 [http-nio-8081-exec-7] DEBUG o.s.orm.jpa.JpaTransactionManager - Initiating transaction commit
2025-03-14 10:42:47 [http-nio-8081-exec-7] DEBUG o.s.orm.jpa.JpaTransactionManager - Committing JPA transaction on EntityManager [SessionImpl(1487183123<open>)]
2025-03-14 10:42:47 [http-nio-8081-exec-7] DEBUG o.s.jdbc.datasource.DataSourceUtils - Resetting read-only flag of JDBC Connection [HikariProxyConnection@2003578469 wrapping org.postgresql.jdbc.PgConnection@74473afa]
2025-03-14 10:42:47 [http-nio-8081-exec-7] DEBUG o.s.orm.jpa.JpaTransactionManager - Not closing pre-bound JPA EntityManager after transaction
2025-03-14 10:42:47 [http-nio-8081-exec-7] INFO  o.g.login.services.UserService - getAllUsers: Retrieved 5 users.
2025-03-14 10:42:47 [http-nio-8081-exec-7] DEBUG o.s.w.s.m.m.a.HttpEntityMethodProcessor - Using 'application/json', given [*/*] and supported [application/json, application/*+json]
2025-03-14 10:42:47 [http-nio-8081-exec-7] DEBUG o.s.w.s.m.m.a.HttpEntityMethodProcessor - Writing [[org.guidewire.login.dto.responses.UserResponse@66e2ddf5, org.guidewire.login.dto.responses.UserResp (truncated)...]
2025-03-14 10:42:47 [http-nio-8081-exec-7] DEBUG o.s.o.j.s.OpenEntityManagerInViewInterceptor - Closing JPA EntityManager in OpenEntityManagerInViewInterceptor
2025-03-14 10:42:47 [http-nio-8081-exec-7] DEBUG o.s.web.servlet.DispatcherServlet - Completed 200 OK
2025-03-14 10:42:49 [http-nio-8081-exec-6] DEBUG o.s.security.web.FilterChainProxy - Securing GET /api/auth/users/list
2025-03-14 10:42:49 [http-nio-8081-exec-6] INFO  o.g.l.s.JwtAuthenticationFilter - doFilterInternal: Extracted username 'admin' from token.
2025-03-14 10:42:49 [http-nio-8081-exec-6] INFO  o.g.l.s.CustomUserDetailsService - loadUserByUsername: Searching for user: admin
2025-03-14 10:42:49 [http-nio-8081-exec-6] DEBUG o.s.o.j.SharedEntityManagerCreator$SharedEntityManagerInvocationHandler - Creating new EntityManager for shared EntityManager invocation
2025-03-14 10:42:49 [http-nio-8081-exec-6] DEBUG org.hibernate.SQL - select u1_0.id,u1_0.created_at,u1_0.email,u1_0.password,u1_0.updated_at,u1_0.username from users u1_0 where u1_0.username=?
2025-03-14 10:42:49 [http-nio-8081-exec-6] DEBUG org.hibernate.SQL - select r1_0.user_id,r1_1.id,r1_1.created_at,r1_1.name,p1_0.role_id,p1_1.id,p1_1.created_at,p1_1.description,p1_1.name,p1_1.updated_at,r1_1.updated_at from user_roles r1_0 join roles r1_1 on r1_1.id=r1_0.role_id left join role_permissions p1_0 on r1_1.id=p1_0.role_id left join permissions p1_1 on p1_1.id=p1_0.permission_id where r1_0.user_id=?
2025-03-14 10:42:49 [http-nio-8081-exec-6] INFO  o.g.l.s.CustomUserDetailsService - loadUserByUsername: User admin found with roles: [org.guidewire.login.model.Role@331799cc]
2025-03-14 10:42:49 [http-nio-8081-exec-6] INFO  o.g.login.security.CustomUserDetails - Initializing CustomUserDetails for user: admin
2025-03-14 10:42:49 [http-nio-8081-exec-6] DEBUG o.g.login.security.CustomUserDetails - User admin has roles: [ADMIN]
2025-03-14 10:42:49 [http-nio-8081-exec-6] DEBUG o.g.login.security.CustomUserDetails - User admin has permissions: [DELETE_TASK, CREATE_TASK, VIEW_TASK, CLOSE_TASK, COMMENT_TASK, ASSIGN_TASK, EDIT_TASK]
2025-03-14 10:42:49 [http-nio-8081-exec-6] INFO  o.g.login.security.CustomUserDetails - CustomUserDetails initialized successfully for user: admin
2025-03-14 10:42:49 [http-nio-8081-exec-6] INFO  o.guidewire.login.security.JwtUtil - validateToken:JWT validated successfully for user: admin
2025-03-14 10:42:49 [http-nio-8081-exec-6] DEBUG o.g.login.security.CustomUserDetails - Fetching authorities for user: admin
2025-03-14 10:42:49 [http-nio-8081-exec-6] INFO  o.g.l.s.JwtAuthenticationFilter - doFilterInternal: Authentication successful for user 'admin'.
2025-03-14 10:42:49 [http-nio-8081-exec-6] DEBUG o.s.security.web.FilterChainProxy - Secured GET /api/auth/users/list
2025-03-14 10:42:49 [http-nio-8081-exec-6] DEBUG o.s.web.servlet.DispatcherServlet - GET "/api/auth/users/list", parameters={}
2025-03-14 10:42:49 [http-nio-8081-exec-6] DEBUG o.s.w.s.m.m.a.RequestMappingHandlerMapping - Mapped to org.guidewire.login.controller.UserController#getAllUsers()
2025-03-14 10:42:49 [http-nio-8081-exec-6] DEBUG o.s.o.j.s.OpenEntityManagerInViewInterceptor - Opening JPA EntityManager in OpenEntityManagerInViewInterceptor
2025-03-14 10:42:49 [http-nio-8081-exec-6] INFO  o.g.login.services.UserService - getAllUsers: Fetching all users from the database.
2025-03-14 10:42:49 [http-nio-8081-exec-6] DEBUG o.s.orm.jpa.JpaTransactionManager - Found thread-bound EntityManager [SessionImpl(1239616286<open>)] for JPA transaction
2025-03-14 10:42:49 [http-nio-8081-exec-6] DEBUG o.s.orm.jpa.JpaTransactionManager - Creating new transaction with name [org.springframework.data.jpa.repository.support.SimpleJpaRepository.findAll]: PROPAGATION_REQUIRED,ISOLATION_DEFAULT,readOnly
2025-03-14 10:42:49 [http-nio-8081-exec-6] DEBUG o.s.jdbc.datasource.DataSourceUtils - Setting JDBC Connection [HikariProxyConnection@1047288171 wrapping org.postgresql.jdbc.PgConnection@74473afa] read-only
2025-03-14 10:42:49 [http-nio-8081-exec-6] DEBUG o.s.orm.jpa.JpaTransactionManager - Exposing JPA transaction as JDBC [org.springframework.orm.jpa.vendor.HibernateJpaDialect$HibernateConnectionHandle@5476d089]
2025-03-14 10:42:49 [http-nio-8081-exec-6] DEBUG org.hibernate.SQL - select u1_0.id,u1_0.created_at,u1_0.email,u1_0.password,u1_0.updated_at,u1_0.username from users u1_0
2025-03-14 10:42:49 [http-nio-8081-exec-6] DEBUG org.hibernate.SQL - select r1_0.user_id,r1_1.id,r1_1.created_at,r1_1.name,p1_0.role_id,p1_1.id,p1_1.created_at,p1_1.description,p1_1.name,p1_1.updated_at,r1_1.updated_at from user_roles r1_0 join roles r1_1 on r1_1.id=r1_0.role_id left join role_permissions p1_0 on r1_1.id=p1_0.role_id left join permissions p1_1 on p1_1.id=p1_0.permission_id where r1_0.user_id=?
2025-03-14 10:42:49 [http-nio-8081-exec-6] DEBUG org.hibernate.SQL - select r1_0.user_id,r1_1.id,r1_1.created_at,r1_1.name,p1_0.role_id,p1_1.id,p1_1.created_at,p1_1.description,p1_1.name,p1_1.updated_at,r1_1.updated_at from user_roles r1_0 join roles r1_1 on r1_1.id=r1_0.role_id left join role_permissions p1_0 on r1_1.id=p1_0.role_id left join permissions p1_1 on p1_1.id=p1_0.permission_id where r1_0.user_id=?
2025-03-14 10:42:49 [http-nio-8081-exec-6] DEBUG org.hibernate.SQL - select r1_0.user_id,r1_1.id,r1_1.created_at,r1_1.name,p1_0.role_id,p1_1.id,p1_1.created_at,p1_1.description,p1_1.name,p1_1.updated_at,r1_1.updated_at from user_roles r1_0 join roles r1_1 on r1_1.id=r1_0.role_id left join role_permissions p1_0 on r1_1.id=p1_0.role_id left join permissions p1_1 on p1_1.id=p1_0.permission_id where r1_0.user_id=?
2025-03-14 10:42:49 [http-nio-8081-exec-6] DEBUG org.hibernate.SQL - select r1_0.user_id,r1_1.id,r1_1.created_at,r1_1.name,p1_0.role_id,p1_1.id,p1_1.created_at,p1_1.description,p1_1.name,p1_1.updated_at,r1_1.updated_at from user_roles r1_0 join roles r1_1 on r1_1.id=r1_0.role_id left join role_permissions p1_0 on r1_1.id=p1_0.role_id left join permissions p1_1 on p1_1.id=p1_0.permission_id where r1_0.user_id=?
2025-03-14 10:42:49 [http-nio-8081-exec-6] DEBUG org.hibernate.SQL - select r1_0.user_id,r1_1.id,r1_1.created_at,r1_1.name,p1_0.role_id,p1_1.id,p1_1.created_at,p1_1.description,p1_1.name,p1_1.updated_at,r1_1.updated_at from user_roles r1_0 join roles r1_1 on r1_1.id=r1_0.role_id left join role_permissions p1_0 on r1_1.id=p1_0.role_id left join permissions p1_1 on p1_1.id=p1_0.permission_id where r1_0.user_id=?
2025-03-14 10:42:49 [http-nio-8081-exec-6] DEBUG o.s.orm.jpa.JpaTransactionManager - Initiating transaction commit
2025-03-14 10:42:49 [http-nio-8081-exec-6] DEBUG o.s.orm.jpa.JpaTransactionManager - Committing JPA transaction on EntityManager [SessionImpl(1239616286<open>)]
2025-03-14 10:42:49 [http-nio-8081-exec-6] DEBUG o.s.jdbc.datasource.DataSourceUtils - Resetting read-only flag of JDBC Connection [HikariProxyConnection@1047288171 wrapping org.postgresql.jdbc.PgConnection@74473afa]
2025-03-14 10:42:49 [http-nio-8081-exec-6] DEBUG o.s.orm.jpa.JpaTransactionManager - Not closing pre-bound JPA EntityManager after transaction
2025-03-14 10:42:49 [http-nio-8081-exec-6] INFO  o.g.login.services.UserService - getAllUsers: Retrieved 5 users.
2025-03-14 10:42:49 [http-nio-8081-exec-6] DEBUG o.s.w.s.m.m.a.HttpEntityMethodProcessor - Using 'application/json', given [*/*] and supported [application/json, application/*+json]
2025-03-14 10:42:49 [http-nio-8081-exec-6] DEBUG o.s.w.s.m.m.a.HttpEntityMethodProcessor - Writing [[org.guidewire.login.dto.responses.UserResponse@2ca8d4f, org.guidewire.login.dto.responses.UserRespo (truncated)...]
2025-03-14 10:42:49 [http-nio-8081-exec-6] DEBUG o.s.o.j.s.OpenEntityManagerInViewInterceptor - Closing JPA EntityManager in OpenEntityManagerInViewInterceptor
2025-03-14 10:42:49 [http-nio-8081-exec-6] DEBUG o.s.web.servlet.DispatcherServlet - Completed 200 OK
2025-03-14 10:42:49 [http-nio-8081-exec-8] DEBUG o.s.security.web.FilterChainProxy - Securing GET /api/auth/user/details
2025-03-14 10:42:49 [http-nio-8081-exec-8] DEBUG o.g.l.s.JwtAuthenticationFilter - doFilterInternal: No valid Authorization header found, skipping JWT processing.
2025-03-14 10:42:49 [http-nio-8081-exec-8] DEBUG o.s.s.w.a.AnonymousAuthenticationFilter - Set SecurityContextHolder to anonymous SecurityContext
2025-03-14 10:42:49 [http-nio-8081-exec-8] DEBUG o.s.security.web.FilterChainProxy - Secured GET /api/auth/user/details
2025-03-14 10:42:49 [http-nio-8081-exec-8] DEBUG o.s.web.servlet.DispatcherServlet - GET "/api/auth/user/details", parameters={}
2025-03-14 10:42:49 [http-nio-8081-exec-8] DEBUG o.s.w.s.m.m.a.RequestMappingHandlerMapping - Mapped to org.guidewire.login.controller.AuthController#fetchUserDetails(List)
2025-03-14 10:42:49 [http-nio-8081-exec-8] DEBUG o.s.o.j.s.OpenEntityManagerInViewInterceptor - Opening JPA EntityManager in OpenEntityManagerInViewInterceptor
2025-03-14 10:42:49 [http-nio-8081-exec-8] DEBUG o.s.w.s.m.m.a.RequestResponseBodyMethodProcessor - Read "application/json;charset=UTF-8" to [[3d480867-d12b-4c5f-a725-da17dd7e5590]]
2025-03-14 10:42:49 [http-nio-8081-exec-8] INFO  o.g.login.controller.AuthController - fetchUserDetails: Fetching details for users with IDs: [3d480867-d12b-4c5f-a725-da17dd7e5590]
2025-03-14 10:42:49 [http-nio-8081-exec-8] DEBUG o.s.orm.jpa.JpaTransactionManager - Found thread-bound EntityManager [SessionImpl(1124200039<open>)] for JPA transaction
2025-03-14 10:42:49 [http-nio-8081-exec-8] DEBUG o.s.orm.jpa.JpaTransactionManager - Creating new transaction with name [org.springframework.data.jpa.repository.support.SimpleJpaRepository.findAllById]: PROPAGATION_REQUIRED,ISOLATION_DEFAULT,readOnly
2025-03-14 10:42:49 [http-nio-8081-exec-8] DEBUG o.s.jdbc.datasource.DataSourceUtils - Setting JDBC Connection [HikariProxyConnection@72872778 wrapping org.postgresql.jdbc.PgConnection@74473afa] read-only
2025-03-14 10:42:49 [http-nio-8081-exec-8] DEBUG o.s.orm.jpa.JpaTransactionManager - Exposing JPA transaction as JDBC [org.springframework.orm.jpa.vendor.HibernateJpaDialect$HibernateConnectionHandle@7d606153]
2025-03-14 10:42:49 [http-nio-8081-exec-8] DEBUG org.hibernate.SQL - select u1_0.id,u1_0.created_at,u1_0.email,u1_0.password,u1_0.updated_at,u1_0.username from users u1_0 where u1_0.id in (?)
2025-03-14 10:42:49 [http-nio-8081-exec-8] DEBUG org.hibernate.SQL - select r1_0.user_id,r1_1.id,r1_1.created_at,r1_1.name,p1_0.role_id,p1_1.id,p1_1.created_at,p1_1.description,p1_1.name,p1_1.updated_at,r1_1.updated_at from user_roles r1_0 join roles r1_1 on r1_1.id=r1_0.role_id left join role_permissions p1_0 on r1_1.id=p1_0.role_id left join permissions p1_1 on p1_1.id=p1_0.permission_id where r1_0.user_id=?
2025-03-14 10:42:49 [http-nio-8081-exec-8] DEBUG o.s.orm.jpa.JpaTransactionManager - Initiating transaction commit
2025-03-14 10:42:49 [http-nio-8081-exec-8] DEBUG o.s.orm.jpa.JpaTransactionManager - Committing JPA transaction on EntityManager [SessionImpl(1124200039<open>)]
2025-03-14 10:42:49 [http-nio-8081-exec-8] DEBUG o.s.jdbc.datasource.DataSourceUtils - Resetting read-only flag of JDBC Connection [HikariProxyConnection@72872778 wrapping org.postgresql.jdbc.PgConnection@74473afa]
2025-03-14 10:42:49 [http-nio-8081-exec-8] DEBUG o.s.orm.jpa.JpaTransactionManager - Not closing pre-bound JPA EntityManager after transaction
2025-03-14 10:42:49 [http-nio-8081-exec-8] INFO  o.g.login.controller.AuthController - fetchUserDetails: Returning user details for users: [org.guidewire.login.dto.responses.UserResponse@6772619e]
2025-03-14 10:42:49 [http-nio-8081-exec-8] DEBUG o.s.w.s.m.m.a.HttpEntityMethodProcessor - Using 'application/json', given [*/*] and supported [application/json, application/*+json]
2025-03-14 10:42:49 [http-nio-8081-exec-8] DEBUG o.s.w.s.m.m.a.HttpEntityMethodProcessor - Writing [[org.guidewire.login.dto.responses.UserResponse@6772619e]]
2025-03-14 10:42:49 [http-nio-8081-exec-8] DEBUG o.s.o.j.s.OpenEntityManagerInViewInterceptor - Closing JPA EntityManager in OpenEntityManagerInViewInterceptor
2025-03-14 10:42:49 [http-nio-8081-exec-8] DEBUG o.s.web.servlet.DispatcherServlet - Completed 200 OK
2025-03-14 10:45:11 [http-nio-8081-exec-1] DEBUG o.s.security.web.FilterChainProxy - Securing GET /api/auth/users/list
2025-03-14 10:45:11 [http-nio-8081-exec-1] INFO  o.g.l.s.JwtAuthenticationFilter - doFilterInternal: Extracted username 'admin' from token.
2025-03-14 10:45:11 [http-nio-8081-exec-1] INFO  o.g.l.s.CustomUserDetailsService - loadUserByUsername: Searching for user: admin
2025-03-14 10:45:11 [http-nio-8081-exec-1] DEBUG o.s.o.j.SharedEntityManagerCreator$SharedEntityManagerInvocationHandler - Creating new EntityManager for shared EntityManager invocation
2025-03-14 10:45:11 [http-nio-8081-exec-1] DEBUG org.hibernate.SQL - select u1_0.id,u1_0.created_at,u1_0.email,u1_0.password,u1_0.updated_at,u1_0.username from users u1_0 where u1_0.username=?
2025-03-14 10:45:11 [http-nio-8081-exec-1] DEBUG org.hibernate.SQL - select r1_0.user_id,r1_1.id,r1_1.created_at,r1_1.name,p1_0.role_id,p1_1.id,p1_1.created_at,p1_1.description,p1_1.name,p1_1.updated_at,r1_1.updated_at from user_roles r1_0 join roles r1_1 on r1_1.id=r1_0.role_id left join role_permissions p1_0 on r1_1.id=p1_0.role_id left join permissions p1_1 on p1_1.id=p1_0.permission_id where r1_0.user_id=?
2025-03-14 10:45:11 [http-nio-8081-exec-1] INFO  o.g.l.s.CustomUserDetailsService - loadUserByUsername: User admin found with roles: [org.guidewire.login.model.Role@68d8f3cf]
2025-03-14 10:45:11 [http-nio-8081-exec-1] INFO  o.g.login.security.CustomUserDetails - Initializing CustomUserDetails for user: admin
2025-03-14 10:45:11 [http-nio-8081-exec-1] DEBUG o.g.login.security.CustomUserDetails - User admin has roles: [ADMIN]
2025-03-14 10:45:11 [http-nio-8081-exec-1] DEBUG o.g.login.security.CustomUserDetails - User admin has permissions: [DELETE_TASK, CREATE_TASK, CLOSE_TASK, VIEW_TASK, ASSIGN_TASK, COMMENT_TASK, EDIT_TASK]
2025-03-14 10:45:11 [http-nio-8081-exec-1] INFO  o.g.login.security.CustomUserDetails - CustomUserDetails initialized successfully for user: admin
2025-03-14 10:45:11 [http-nio-8081-exec-1] INFO  o.guidewire.login.security.JwtUtil - validateToken:JWT validated successfully for user: admin
2025-03-14 10:45:11 [http-nio-8081-exec-1] DEBUG o.g.login.security.CustomUserDetails - Fetching authorities for user: admin
2025-03-14 10:45:11 [http-nio-8081-exec-1] INFO  o.g.l.s.JwtAuthenticationFilter - doFilterInternal: Authentication successful for user 'admin'.
2025-03-14 10:45:11 [http-nio-8081-exec-1] DEBUG o.s.security.web.FilterChainProxy - Secured GET /api/auth/users/list
2025-03-14 10:45:11 [http-nio-8081-exec-1] DEBUG o.s.web.servlet.DispatcherServlet - GET "/api/auth/users/list", parameters={}
2025-03-14 10:45:11 [http-nio-8081-exec-1] DEBUG o.s.w.s.m.m.a.RequestMappingHandlerMapping - Mapped to org.guidewire.login.controller.UserController#getAllUsers()
2025-03-14 10:45:11 [http-nio-8081-exec-1] DEBUG o.s.o.j.s.OpenEntityManagerInViewInterceptor - Opening JPA EntityManager in OpenEntityManagerInViewInterceptor
2025-03-14 10:45:11 [http-nio-8081-exec-1] INFO  o.g.login.services.UserService - getAllUsers: Fetching all users from the database.
2025-03-14 10:45:11 [http-nio-8081-exec-1] DEBUG o.s.orm.jpa.JpaTransactionManager - Found thread-bound EntityManager [SessionImpl(1214342864<open>)] for JPA transaction
2025-03-14 10:45:11 [http-nio-8081-exec-1] DEBUG o.s.orm.jpa.JpaTransactionManager - Creating new transaction with name [org.springframework.data.jpa.repository.support.SimpleJpaRepository.findAll]: PROPAGATION_REQUIRED,ISOLATION_DEFAULT,readOnly
2025-03-14 10:45:11 [http-nio-8081-exec-1] DEBUG o.s.jdbc.datasource.DataSourceUtils - Setting JDBC Connection [HikariProxyConnection@747121880 wrapping org.postgresql.jdbc.PgConnection@74473afa] read-only
2025-03-14 10:45:11 [http-nio-8081-exec-1] DEBUG o.s.orm.jpa.JpaTransactionManager - Exposing JPA transaction as JDBC [org.springframework.orm.jpa.vendor.HibernateJpaDialect$HibernateConnectionHandle@3c33932d]
2025-03-14 10:45:11 [http-nio-8081-exec-1] DEBUG org.hibernate.SQL - select u1_0.id,u1_0.created_at,u1_0.email,u1_0.password,u1_0.updated_at,u1_0.username from users u1_0
2025-03-14 10:45:11 [http-nio-8081-exec-1] DEBUG org.hibernate.SQL - select r1_0.user_id,r1_1.id,r1_1.created_at,r1_1.name,p1_0.role_id,p1_1.id,p1_1.created_at,p1_1.description,p1_1.name,p1_1.updated_at,r1_1.updated_at from user_roles r1_0 join roles r1_1 on r1_1.id=r1_0.role_id left join role_permissions p1_0 on r1_1.id=p1_0.role_id left join permissions p1_1 on p1_1.id=p1_0.permission_id where r1_0.user_id=?
2025-03-14 10:45:11 [http-nio-8081-exec-1] DEBUG org.hibernate.SQL - select r1_0.user_id,r1_1.id,r1_1.created_at,r1_1.name,p1_0.role_id,p1_1.id,p1_1.created_at,p1_1.description,p1_1.name,p1_1.updated_at,r1_1.updated_at from user_roles r1_0 join roles r1_1 on r1_1.id=r1_0.role_id left join role_permissions p1_0 on r1_1.id=p1_0.role_id left join permissions p1_1 on p1_1.id=p1_0.permission_id where r1_0.user_id=?
2025-03-14 10:45:11 [http-nio-8081-exec-1] DEBUG org.hibernate.SQL - select r1_0.user_id,r1_1.id,r1_1.created_at,r1_1.name,p1_0.role_id,p1_1.id,p1_1.created_at,p1_1.description,p1_1.name,p1_1.updated_at,r1_1.updated_at from user_roles r1_0 join roles r1_1 on r1_1.id=r1_0.role_id left join role_permissions p1_0 on r1_1.id=p1_0.role_id left join permissions p1_1 on p1_1.id=p1_0.permission_id where r1_0.user_id=?
2025-03-14 10:45:11 [http-nio-8081-exec-1] DEBUG org.hibernate.SQL - select r1_0.user_id,r1_1.id,r1_1.created_at,r1_1.name,p1_0.role_id,p1_1.id,p1_1.created_at,p1_1.description,p1_1.name,p1_1.updated_at,r1_1.updated_at from user_roles r1_0 join roles r1_1 on r1_1.id=r1_0.role_id left join role_permissions p1_0 on r1_1.id=p1_0.role_id left join permissions p1_1 on p1_1.id=p1_0.permission_id where r1_0.user_id=?
2025-03-14 10:45:11 [http-nio-8081-exec-1] DEBUG org.hibernate.SQL - select r1_0.user_id,r1_1.id,r1_1.created_at,r1_1.name,p1_0.role_id,p1_1.id,p1_1.created_at,p1_1.description,p1_1.name,p1_1.updated_at,r1_1.updated_at from user_roles r1_0 join roles r1_1 on r1_1.id=r1_0.role_id left join role_permissions p1_0 on r1_1.id=p1_0.role_id left join permissions p1_1 on p1_1.id=p1_0.permission_id where r1_0.user_id=?
2025-03-14 10:45:11 [http-nio-8081-exec-1] DEBUG o.s.orm.jpa.JpaTransactionManager - Initiating transaction commit
2025-03-14 10:45:11 [http-nio-8081-exec-1] DEBUG o.s.orm.jpa.JpaTransactionManager - Committing JPA transaction on EntityManager [SessionImpl(1214342864<open>)]
2025-03-14 10:45:11 [http-nio-8081-exec-1] DEBUG o.s.jdbc.datasource.DataSourceUtils - Resetting read-only flag of JDBC Connection [HikariProxyConnection@747121880 wrapping org.postgresql.jdbc.PgConnection@74473afa]
2025-03-14 10:45:11 [http-nio-8081-exec-1] DEBUG o.s.orm.jpa.JpaTransactionManager - Not closing pre-bound JPA EntityManager after transaction
2025-03-14 10:45:11 [http-nio-8081-exec-1] INFO  o.g.login.services.UserService - getAllUsers: Retrieved 5 users.
2025-03-14 10:45:11 [http-nio-8081-exec-1] DEBUG o.s.w.s.m.m.a.HttpEntityMethodProcessor - Using 'application/json', given [*/*] and supported [application/json, application/*+json]
2025-03-14 10:45:11 [http-nio-8081-exec-1] DEBUG o.s.w.s.m.m.a.HttpEntityMethodProcessor - Writing [[org.guidewire.login.dto.responses.UserResponse@46399865, org.guidewire.login.dto.responses.UserResp (truncated)...]
2025-03-14 10:45:11 [http-nio-8081-exec-1] DEBUG o.s.o.j.s.OpenEntityManagerInViewInterceptor - Closing JPA EntityManager in OpenEntityManagerInViewInterceptor
2025-03-14 10:45:11 [http-nio-8081-exec-1] DEBUG o.s.web.servlet.DispatcherServlet - Completed 200 OK
2025-03-14 10:45:11 [http-nio-8081-exec-10] DEBUG o.s.security.web.FilterChainProxy - Securing GET /api/auth/user/details
2025-03-14 10:45:11 [http-nio-8081-exec-10] INFO  o.g.l.s.JwtAuthenticationFilter - doFilterInternal: Extracted username 'admin' from token.
2025-03-14 10:45:11 [http-nio-8081-exec-10] INFO  o.g.l.s.CustomUserDetailsService - loadUserByUsername: Searching for user: admin
2025-03-14 10:45:11 [http-nio-8081-exec-10] DEBUG o.s.o.j.SharedEntityManagerCreator$SharedEntityManagerInvocationHandler - Creating new EntityManager for shared EntityManager invocation
2025-03-14 10:45:11 [http-nio-8081-exec-10] DEBUG org.hibernate.SQL - select u1_0.id,u1_0.created_at,u1_0.email,u1_0.password,u1_0.updated_at,u1_0.username from users u1_0 where u1_0.username=?
2025-03-14 10:45:11 [http-nio-8081-exec-10] DEBUG org.hibernate.SQL - select r1_0.user_id,r1_1.id,r1_1.created_at,r1_1.name,p1_0.role_id,p1_1.id,p1_1.created_at,p1_1.description,p1_1.name,p1_1.updated_at,r1_1.updated_at from user_roles r1_0 join roles r1_1 on r1_1.id=r1_0.role_id left join role_permissions p1_0 on r1_1.id=p1_0.role_id left join permissions p1_1 on p1_1.id=p1_0.permission_id where r1_0.user_id=?
2025-03-14 10:45:11 [http-nio-8081-exec-10] INFO  o.g.l.s.CustomUserDetailsService - loadUserByUsername: User admin found with roles: [org.guidewire.login.model.Role@295bd969]
2025-03-14 10:45:11 [http-nio-8081-exec-10] INFO  o.g.login.security.CustomUserDetails - Initializing CustomUserDetails for user: admin
2025-03-14 10:45:11 [http-nio-8081-exec-10] DEBUG o.g.login.security.CustomUserDetails - User admin has roles: [ADMIN]
2025-03-14 10:45:11 [http-nio-8081-exec-10] DEBUG o.g.login.security.CustomUserDetails - User admin has permissions: [DELETE_TASK, CREATE_TASK, VIEW_TASK, CLOSE_TASK, COMMENT_TASK, ASSIGN_TASK, EDIT_TASK]
2025-03-14 10:45:11 [http-nio-8081-exec-10] INFO  o.g.login.security.CustomUserDetails - CustomUserDetails initialized successfully for user: admin
2025-03-14 10:45:11 [http-nio-8081-exec-10] INFO  o.guidewire.login.security.JwtUtil - validateToken:JWT validated successfully for user: admin
2025-03-14 10:45:11 [http-nio-8081-exec-10] DEBUG o.g.login.security.CustomUserDetails - Fetching authorities for user: admin
2025-03-14 10:45:11 [http-nio-8081-exec-10] INFO  o.g.l.s.JwtAuthenticationFilter - doFilterInternal: Authentication successful for user 'admin'.
2025-03-14 10:45:11 [http-nio-8081-exec-10] DEBUG o.s.security.web.FilterChainProxy - Secured GET /api/auth/user/details
2025-03-14 10:45:11 [http-nio-8081-exec-10] DEBUG o.s.web.servlet.DispatcherServlet - GET "/api/auth/user/details", parameters={}
2025-03-14 10:45:11 [http-nio-8081-exec-10] DEBUG o.s.w.s.m.m.a.RequestMappingHandlerMapping - Mapped to org.guidewire.login.controller.AuthController#fetchUserDetails(List)
2025-03-14 10:45:11 [http-nio-8081-exec-10] DEBUG o.s.o.j.s.OpenEntityManagerInViewInterceptor - Opening JPA EntityManager in OpenEntityManagerInViewInterceptor
2025-03-14 10:45:11 [http-nio-8081-exec-10] DEBUG o.s.w.s.m.m.a.RequestResponseBodyMethodProcessor - Read "application/json;charset=UTF-8" to [[3d480867-d12b-4c5f-a725-da17dd7e5590]]
2025-03-14 10:45:11 [http-nio-8081-exec-10] INFO  o.g.login.controller.AuthController - fetchUserDetails: Fetching details for users with IDs: [3d480867-d12b-4c5f-a725-da17dd7e5590]
2025-03-14 10:45:11 [http-nio-8081-exec-10] DEBUG o.s.orm.jpa.JpaTransactionManager - Found thread-bound EntityManager [SessionImpl(623273921<open>)] for JPA transaction
2025-03-14 10:45:11 [http-nio-8081-exec-10] DEBUG o.s.orm.jpa.JpaTransactionManager - Creating new transaction with name [org.springframework.data.jpa.repository.support.SimpleJpaRepository.findAllById]: PROPAGATION_REQUIRED,ISOLATION_DEFAULT,readOnly
2025-03-14 10:45:11 [http-nio-8081-exec-10] DEBUG o.s.jdbc.datasource.DataSourceUtils - Setting JDBC Connection [HikariProxyConnection@2013725323 wrapping org.postgresql.jdbc.PgConnection@74473afa] read-only
2025-03-14 10:45:11 [http-nio-8081-exec-10] DEBUG o.s.orm.jpa.JpaTransactionManager - Exposing JPA transaction as JDBC [org.springframework.orm.jpa.vendor.HibernateJpaDialect$HibernateConnectionHandle@519b2193]
2025-03-14 10:45:11 [http-nio-8081-exec-10] DEBUG org.hibernate.SQL - select u1_0.id,u1_0.created_at,u1_0.email,u1_0.password,u1_0.updated_at,u1_0.username from users u1_0 where u1_0.id in (?)
2025-03-14 10:45:11 [http-nio-8081-exec-10] DEBUG org.hibernate.SQL - select r1_0.user_id,r1_1.id,r1_1.created_at,r1_1.name,p1_0.role_id,p1_1.id,p1_1.created_at,p1_1.description,p1_1.name,p1_1.updated_at,r1_1.updated_at from user_roles r1_0 join roles r1_1 on r1_1.id=r1_0.role_id left join role_permissions p1_0 on r1_1.id=p1_0.role_id left join permissions p1_1 on p1_1.id=p1_0.permission_id where r1_0.user_id=?
2025-03-14 10:45:11 [http-nio-8081-exec-10] DEBUG o.s.orm.jpa.JpaTransactionManager - Initiating transaction commit
2025-03-14 10:45:11 [http-nio-8081-exec-10] DEBUG o.s.orm.jpa.JpaTransactionManager - Committing JPA transaction on EntityManager [SessionImpl(623273921<open>)]
2025-03-14 10:45:11 [http-nio-8081-exec-10] DEBUG o.s.jdbc.datasource.DataSourceUtils - Resetting read-only flag of JDBC Connection [HikariProxyConnection@2013725323 wrapping org.postgresql.jdbc.PgConnection@74473afa]
2025-03-14 10:45:11 [http-nio-8081-exec-10] DEBUG o.s.orm.jpa.JpaTransactionManager - Not closing pre-bound JPA EntityManager after transaction
2025-03-14 10:45:11 [http-nio-8081-exec-10] INFO  o.g.login.controller.AuthController - fetchUserDetails: Returning user details for users: [org.guidewire.login.dto.responses.UserResponse@591abaac]
2025-03-14 10:45:11 [http-nio-8081-exec-10] DEBUG o.s.w.s.m.m.a.HttpEntityMethodProcessor - Using 'application/json', given [*/*] and supported [application/json, application/*+json]
2025-03-14 10:45:11 [http-nio-8081-exec-10] DEBUG o.s.w.s.m.m.a.HttpEntityMethodProcessor - Writing [[org.guidewire.login.dto.responses.UserResponse@591abaac]]
2025-03-14 10:45:11 [http-nio-8081-exec-10] DEBUG o.s.o.j.s.OpenEntityManagerInViewInterceptor - Closing JPA EntityManager in OpenEntityManagerInViewInterceptor
2025-03-14 10:45:11 [http-nio-8081-exec-10] DEBUG o.s.web.servlet.DispatcherServlet - Completed 200 OK
2025-03-14 10:45:29 [http-nio-8081-exec-3] DEBUG o.s.security.web.FilterChainProxy - Securing GET /api/auth/check-admin
2025-03-14 10:45:29 [http-nio-8081-exec-3] INFO  o.g.l.s.JwtAuthenticationFilter - doFilterInternal: Extracted username 'admin' from token.
2025-03-14 10:45:29 [http-nio-8081-exec-3] INFO  o.g.l.s.CustomUserDetailsService - loadUserByUsername: Searching for user: admin
2025-03-14 10:45:29 [http-nio-8081-exec-3] DEBUG o.s.o.j.SharedEntityManagerCreator$SharedEntityManagerInvocationHandler - Creating new EntityManager for shared EntityManager invocation
2025-03-14 10:45:29 [http-nio-8081-exec-3] DEBUG org.hibernate.SQL - select u1_0.id,u1_0.created_at,u1_0.email,u1_0.password,u1_0.updated_at,u1_0.username from users u1_0 where u1_0.username=?
2025-03-14 10:45:29 [http-nio-8081-exec-3] DEBUG org.hibernate.SQL - select r1_0.user_id,r1_1.id,r1_1.created_at,r1_1.name,p1_0.role_id,p1_1.id,p1_1.created_at,p1_1.description,p1_1.name,p1_1.updated_at,r1_1.updated_at from user_roles r1_0 join roles r1_1 on r1_1.id=r1_0.role_id left join role_permissions p1_0 on r1_1.id=p1_0.role_id left join permissions p1_1 on p1_1.id=p1_0.permission_id where r1_0.user_id=?
2025-03-14 10:45:29 [http-nio-8081-exec-3] INFO  o.g.l.s.CustomUserDetailsService - loadUserByUsername: User admin found with roles: [org.guidewire.login.model.Role@667d2059]
2025-03-14 10:45:29 [http-nio-8081-exec-3] INFO  o.g.login.security.CustomUserDetails - Initializing CustomUserDetails for user: admin
2025-03-14 10:45:29 [http-nio-8081-exec-3] DEBUG o.g.login.security.CustomUserDetails - User admin has roles: [ADMIN]
2025-03-14 10:45:29 [http-nio-8081-exec-3] DEBUG o.g.login.security.CustomUserDetails - User admin has permissions: [DELETE_TASK, CREATE_TASK, CLOSE_TASK, VIEW_TASK, COMMENT_TASK, ASSIGN_TASK, EDIT_TASK]
2025-03-14 10:45:29 [http-nio-8081-exec-3] INFO  o.g.login.security.CustomUserDetails - CustomUserDetails initialized successfully for user: admin
2025-03-14 10:45:29 [http-nio-8081-exec-3] INFO  o.guidewire.login.security.JwtUtil - validateToken:JWT validated successfully for user: admin
2025-03-14 10:45:29 [http-nio-8081-exec-3] DEBUG o.g.login.security.CustomUserDetails - Fetching authorities for user: admin
2025-03-14 10:45:29 [http-nio-8081-exec-3] INFO  o.g.l.s.JwtAuthenticationFilter - doFilterInternal: Authentication successful for user 'admin'.
2025-03-14 10:45:29 [http-nio-8081-exec-3] DEBUG o.s.security.web.FilterChainProxy - Secured GET /api/auth/check-admin
2025-03-14 10:45:29 [http-nio-8081-exec-3] DEBUG o.s.web.servlet.DispatcherServlet - GET "/api/auth/check-admin", parameters={}
2025-03-14 10:45:29 [http-nio-8081-exec-3] DEBUG o.s.w.s.m.m.a.RequestMappingHandlerMapping - Mapped to org.guidewire.login.controller.AuthController#checkIfAdmin(UserDetails)
2025-03-14 10:45:29 [http-nio-8081-exec-3] DEBUG o.s.o.j.s.OpenEntityManagerInViewInterceptor - Opening JPA EntityManager in OpenEntityManagerInViewInterceptor
2025-03-14 10:45:29 [http-nio-8081-exec-3] DEBUG o.g.login.security.CustomUserDetails - Fetching authorities for user: admin
2025-03-14 10:45:29 [http-nio-8081-exec-3] DEBUG o.s.w.s.m.m.a.HttpEntityMethodProcessor - Using 'application/json', given [*/*] and supported [application/json, application/*+json]
2025-03-14 10:45:29 [http-nio-8081-exec-3] DEBUG o.s.w.s.m.m.a.HttpEntityMethodProcessor - Writing [org.guidewire.login.dto.responses.UserRoleResponse@7d5e0b14]
2025-03-14 10:45:29 [http-nio-8081-exec-3] DEBUG o.s.o.j.s.OpenEntityManagerInViewInterceptor - Closing JPA EntityManager in OpenEntityManagerInViewInterceptor
2025-03-14 10:45:29 [http-nio-8081-exec-3] DEBUG o.s.web.servlet.DispatcherServlet - Completed 200 OK
2025-03-14 10:45:29 [http-nio-8081-exec-2] DEBUG o.s.security.web.FilterChainProxy - Securing GET /api/auth/users/list
2025-03-14 10:45:29 [http-nio-8081-exec-2] INFO  o.g.l.s.JwtAuthenticationFilter - doFilterInternal: Extracted username 'admin' from token.
2025-03-14 10:45:29 [http-nio-8081-exec-2] INFO  o.g.l.s.CustomUserDetailsService - loadUserByUsername: Searching for user: admin
2025-03-14 10:45:29 [http-nio-8081-exec-2] DEBUG o.s.o.j.SharedEntityManagerCreator$SharedEntityManagerInvocationHandler - Creating new EntityManager for shared EntityManager invocation
2025-03-14 10:45:29 [http-nio-8081-exec-2] DEBUG org.hibernate.SQL - select u1_0.id,u1_0.created_at,u1_0.email,u1_0.password,u1_0.updated_at,u1_0.username from users u1_0 where u1_0.username=?
2025-03-14 10:45:29 [http-nio-8081-exec-2] DEBUG org.hibernate.SQL - select r1_0.user_id,r1_1.id,r1_1.created_at,r1_1.name,p1_0.role_id,p1_1.id,p1_1.created_at,p1_1.description,p1_1.name,p1_1.updated_at,r1_1.updated_at from user_roles r1_0 join roles r1_1 on r1_1.id=r1_0.role_id left join role_permissions p1_0 on r1_1.id=p1_0.role_id left join permissions p1_1 on p1_1.id=p1_0.permission_id where r1_0.user_id=?
2025-03-14 10:45:29 [http-nio-8081-exec-2] INFO  o.g.l.s.CustomUserDetailsService - loadUserByUsername: User admin found with roles: [org.guidewire.login.model.Role@30579792]
2025-03-14 10:45:29 [http-nio-8081-exec-2] INFO  o.g.login.security.CustomUserDetails - Initializing CustomUserDetails for user: admin
2025-03-14 10:45:29 [http-nio-8081-exec-2] DEBUG o.g.login.security.CustomUserDetails - User admin has roles: [ADMIN]
2025-03-14 10:45:29 [http-nio-8081-exec-2] DEBUG o.g.login.security.CustomUserDetails - User admin has permissions: [DELETE_TASK, CREATE_TASK, CLOSE_TASK, VIEW_TASK, ASSIGN_TASK, COMMENT_TASK, EDIT_TASK]
2025-03-14 10:45:29 [http-nio-8081-exec-2] INFO  o.g.login.security.CustomUserDetails - CustomUserDetails initialized successfully for user: admin
2025-03-14 10:45:29 [http-nio-8081-exec-2] INFO  o.guidewire.login.security.JwtUtil - validateToken:JWT validated successfully for user: admin
2025-03-14 10:45:29 [http-nio-8081-exec-2] DEBUG o.g.login.security.CustomUserDetails - Fetching authorities for user: admin
2025-03-14 10:45:29 [http-nio-8081-exec-2] INFO  o.g.l.s.JwtAuthenticationFilter - doFilterInternal: Authentication successful for user 'admin'.
2025-03-14 10:45:29 [http-nio-8081-exec-2] DEBUG o.s.security.web.FilterChainProxy - Secured GET /api/auth/users/list
2025-03-14 10:45:29 [http-nio-8081-exec-2] DEBUG o.s.web.servlet.DispatcherServlet - GET "/api/auth/users/list", parameters={}
2025-03-14 10:45:29 [http-nio-8081-exec-2] DEBUG o.s.w.s.m.m.a.RequestMappingHandlerMapping - Mapped to org.guidewire.login.controller.UserController#getAllUsers()
2025-03-14 10:45:29 [http-nio-8081-exec-2] DEBUG o.s.o.j.s.OpenEntityManagerInViewInterceptor - Opening JPA EntityManager in OpenEntityManagerInViewInterceptor
2025-03-14 10:45:29 [http-nio-8081-exec-2] INFO  o.g.login.services.UserService - getAllUsers: Fetching all users from the database.
2025-03-14 10:45:29 [http-nio-8081-exec-2] DEBUG o.s.orm.jpa.JpaTransactionManager - Found thread-bound EntityManager [SessionImpl(2023372066<open>)] for JPA transaction
2025-03-14 10:45:29 [http-nio-8081-exec-2] DEBUG o.s.orm.jpa.JpaTransactionManager - Creating new transaction with name [org.springframework.data.jpa.repository.support.SimpleJpaRepository.findAll]: PROPAGATION_REQUIRED,ISOLATION_DEFAULT,readOnly
2025-03-14 10:45:29 [http-nio-8081-exec-2] DEBUG o.s.jdbc.datasource.DataSourceUtils - Setting JDBC Connection [HikariProxyConnection@294287795 wrapping org.postgresql.jdbc.PgConnection@74473afa] read-only
2025-03-14 10:45:29 [http-nio-8081-exec-2] DEBUG o.s.orm.jpa.JpaTransactionManager - Exposing JPA transaction as JDBC [org.springframework.orm.jpa.vendor.HibernateJpaDialect$HibernateConnectionHandle@3ed2617d]
2025-03-14 10:45:29 [http-nio-8081-exec-2] DEBUG org.hibernate.SQL - select u1_0.id,u1_0.created_at,u1_0.email,u1_0.password,u1_0.updated_at,u1_0.username from users u1_0
2025-03-14 10:45:29 [http-nio-8081-exec-2] DEBUG org.hibernate.SQL - select r1_0.user_id,r1_1.id,r1_1.created_at,r1_1.name,p1_0.role_id,p1_1.id,p1_1.created_at,p1_1.description,p1_1.name,p1_1.updated_at,r1_1.updated_at from user_roles r1_0 join roles r1_1 on r1_1.id=r1_0.role_id left join role_permissions p1_0 on r1_1.id=p1_0.role_id left join permissions p1_1 on p1_1.id=p1_0.permission_id where r1_0.user_id=?
2025-03-14 10:45:29 [http-nio-8081-exec-2] DEBUG org.hibernate.SQL - select r1_0.user_id,r1_1.id,r1_1.created_at,r1_1.name,p1_0.role_id,p1_1.id,p1_1.created_at,p1_1.description,p1_1.name,p1_1.updated_at,r1_1.updated_at from user_roles r1_0 join roles r1_1 on r1_1.id=r1_0.role_id left join role_permissions p1_0 on r1_1.id=p1_0.role_id left join permissions p1_1 on p1_1.id=p1_0.permission_id where r1_0.user_id=?
2025-03-14 10:45:29 [http-nio-8081-exec-2] DEBUG org.hibernate.SQL - select r1_0.user_id,r1_1.id,r1_1.created_at,r1_1.name,p1_0.role_id,p1_1.id,p1_1.created_at,p1_1.description,p1_1.name,p1_1.updated_at,r1_1.updated_at from user_roles r1_0 join roles r1_1 on r1_1.id=r1_0.role_id left join role_permissions p1_0 on r1_1.id=p1_0.role_id left join permissions p1_1 on p1_1.id=p1_0.permission_id where r1_0.user_id=?
2025-03-14 10:45:29 [http-nio-8081-exec-2] DEBUG org.hibernate.SQL - select r1_0.user_id,r1_1.id,r1_1.created_at,r1_1.name,p1_0.role_id,p1_1.id,p1_1.created_at,p1_1.description,p1_1.name,p1_1.updated_at,r1_1.updated_at from user_roles r1_0 join roles r1_1 on r1_1.id=r1_0.role_id left join role_permissions p1_0 on r1_1.id=p1_0.role_id left join permissions p1_1 on p1_1.id=p1_0.permission_id where r1_0.user_id=?
2025-03-14 10:45:29 [http-nio-8081-exec-2] DEBUG org.hibernate.SQL - select r1_0.user_id,r1_1.id,r1_1.created_at,r1_1.name,p1_0.role_id,p1_1.id,p1_1.created_at,p1_1.description,p1_1.name,p1_1.updated_at,r1_1.updated_at from user_roles r1_0 join roles r1_1 on r1_1.id=r1_0.role_id left join role_permissions p1_0 on r1_1.id=p1_0.role_id left join permissions p1_1 on p1_1.id=p1_0.permission_id where r1_0.user_id=?
2025-03-14 10:45:29 [http-nio-8081-exec-2] DEBUG o.s.orm.jpa.JpaTransactionManager - Initiating transaction commit
2025-03-14 10:45:29 [http-nio-8081-exec-2] DEBUG o.s.orm.jpa.JpaTransactionManager - Committing JPA transaction on EntityManager [SessionImpl(2023372066<open>)]
2025-03-14 10:45:29 [http-nio-8081-exec-2] DEBUG o.s.jdbc.datasource.DataSourceUtils - Resetting read-only flag of JDBC Connection [HikariProxyConnection@294287795 wrapping org.postgresql.jdbc.PgConnection@74473afa]
2025-03-14 10:45:29 [http-nio-8081-exec-2] DEBUG o.s.orm.jpa.JpaTransactionManager - Not closing pre-bound JPA EntityManager after transaction
2025-03-14 10:45:29 [http-nio-8081-exec-2] INFO  o.g.login.services.UserService - getAllUsers: Retrieved 5 users.
2025-03-14 10:45:29 [http-nio-8081-exec-2] DEBUG o.s.w.s.m.m.a.HttpEntityMethodProcessor - Using 'application/json', given [*/*] and supported [application/json, application/*+json]
2025-03-14 10:45:29 [http-nio-8081-exec-2] DEBUG o.s.w.s.m.m.a.HttpEntityMethodProcessor - Writing [[org.guidewire.login.dto.responses.UserResponse@27670d4e, org.guidewire.login.dto.responses.UserResp (truncated)...]
2025-03-14 10:45:29 [http-nio-8081-exec-2] DEBUG o.s.o.j.s.OpenEntityManagerInViewInterceptor - Closing JPA EntityManager in OpenEntityManagerInViewInterceptor
2025-03-14 10:45:29 [http-nio-8081-exec-2] DEBUG o.s.web.servlet.DispatcherServlet - Completed 200 OK
2025-03-14 10:45:29 [http-nio-8081-exec-5] DEBUG o.s.security.web.FilterChainProxy - Securing GET /api/auth/current/user
2025-03-14 10:45:29 [http-nio-8081-exec-5] INFO  o.g.l.s.JwtAuthenticationFilter - doFilterInternal: Extracted username 'admin' from token.
2025-03-14 10:45:29 [http-nio-8081-exec-5] INFO  o.g.l.s.CustomUserDetailsService - loadUserByUsername: Searching for user: admin
2025-03-14 10:45:29 [http-nio-8081-exec-5] DEBUG o.s.o.j.SharedEntityManagerCreator$SharedEntityManagerInvocationHandler - Creating new EntityManager for shared EntityManager invocation
2025-03-14 10:45:29 [http-nio-8081-exec-5] DEBUG org.hibernate.SQL - select u1_0.id,u1_0.created_at,u1_0.email,u1_0.password,u1_0.updated_at,u1_0.username from users u1_0 where u1_0.username=?
2025-03-14 10:45:29 [http-nio-8081-exec-5] DEBUG org.hibernate.SQL - select r1_0.user_id,r1_1.id,r1_1.created_at,r1_1.name,p1_0.role_id,p1_1.id,p1_1.created_at,p1_1.description,p1_1.name,p1_1.updated_at,r1_1.updated_at from user_roles r1_0 join roles r1_1 on r1_1.id=r1_0.role_id left join role_permissions p1_0 on r1_1.id=p1_0.role_id left join permissions p1_1 on p1_1.id=p1_0.permission_id where r1_0.user_id=?
2025-03-14 10:45:29 [http-nio-8081-exec-5] INFO  o.g.l.s.CustomUserDetailsService - loadUserByUsername: User admin found with roles: [org.guidewire.login.model.Role@33b28e85]
2025-03-14 10:45:29 [http-nio-8081-exec-5] INFO  o.g.login.security.CustomUserDetails - Initializing CustomUserDetails for user: admin
2025-03-14 10:45:29 [http-nio-8081-exec-5] DEBUG o.g.login.security.CustomUserDetails - User admin has roles: [ADMIN]
2025-03-14 10:45:29 [http-nio-8081-exec-5] DEBUG o.g.login.security.CustomUserDetails - User admin has permissions: [DELETE_TASK, CREATE_TASK, VIEW_TASK, CLOSE_TASK, COMMENT_TASK, ASSIGN_TASK, EDIT_TASK]
2025-03-14 10:45:29 [http-nio-8081-exec-5] INFO  o.g.login.security.CustomUserDetails - CustomUserDetails initialized successfully for user: admin
2025-03-14 10:45:29 [http-nio-8081-exec-5] INFO  o.guidewire.login.security.JwtUtil - validateToken:JWT validated successfully for user: admin
2025-03-14 10:45:29 [http-nio-8081-exec-5] DEBUG o.g.login.security.CustomUserDetails - Fetching authorities for user: admin
2025-03-14 10:45:29 [http-nio-8081-exec-5] INFO  o.g.l.s.JwtAuthenticationFilter - doFilterInternal: Authentication successful for user 'admin'.
2025-03-14 10:45:29 [http-nio-8081-exec-5] DEBUG o.s.security.web.FilterChainProxy - Secured GET /api/auth/current/user
2025-03-14 10:45:29 [http-nio-8081-exec-5] DEBUG o.s.web.servlet.DispatcherServlet - GET "/api/auth/current/user", parameters={}
2025-03-14 10:45:29 [http-nio-8081-exec-5] DEBUG o.s.w.s.m.m.a.RequestMappingHandlerMapping - Mapped to org.guidewire.login.controller.AuthController#getCurrentUser(Principal)
2025-03-14 10:45:29 [http-nio-8081-exec-5] DEBUG o.s.o.j.s.OpenEntityManagerInViewInterceptor - Opening JPA EntityManager in OpenEntityManagerInViewInterceptor
2025-03-14 10:45:29 [http-nio-8081-exec-5] INFO  o.g.login.controller.AuthController - getCurrentUser: Fetching details for user: admin
2025-03-14 10:45:29 [http-nio-8081-exec-5] DEBUG o.g.login.services.AuthService - getUserDetails:Fetching user details for: admin
2025-03-14 10:45:29 [http-nio-8081-exec-5] DEBUG org.hibernate.SQL - select u1_0.id,u1_0.created_at,u1_0.email,u1_0.password,u1_0.updated_at,u1_0.username from users u1_0 where u1_0.username=?
2025-03-14 10:45:29 [http-nio-8081-exec-5] DEBUG org.hibernate.SQL - select r1_0.user_id,r1_1.id,r1_1.created_at,r1_1.name,p1_0.role_id,p1_1.id,p1_1.created_at,p1_1.description,p1_1.name,p1_1.updated_at,r1_1.updated_at from user_roles r1_0 join roles r1_1 on r1_1.id=r1_0.role_id left join role_permissions p1_0 on r1_1.id=p1_0.role_id left join permissions p1_1 on p1_1.id=p1_0.permission_id where r1_0.user_id=?
2025-03-14 10:45:29 [http-nio-8081-exec-5] INFO  o.g.login.controller.AuthController - getCurrentUser: Returning user details for admin
2025-03-14 10:45:29 [http-nio-8081-exec-5] DEBUG o.s.w.s.m.m.a.HttpEntityMethodProcessor - Using 'application/json', given [*/*] and supported [application/json, application/*+json]
2025-03-14 10:45:29 [http-nio-8081-exec-5] DEBUG o.s.w.s.m.m.a.HttpEntityMethodProcessor - Writing [org.guidewire.login.dto.responses.UserResponse@1fc0d3e0]
2025-03-14 10:45:29 [http-nio-8081-exec-5] DEBUG o.s.o.j.s.OpenEntityManagerInViewInterceptor - Closing JPA EntityManager in OpenEntityManagerInViewInterceptor
2025-03-14 10:45:29 [http-nio-8081-exec-5] DEBUG o.s.web.servlet.DispatcherServlet - Completed 200 OK
2025-03-14 10:45:32 [http-nio-8081-exec-4] DEBUG o.s.security.web.FilterChainProxy - Securing GET /api/auth/users/list
2025-03-14 10:45:32 [http-nio-8081-exec-4] INFO  o.g.l.s.JwtAuthenticationFilter - doFilterInternal: Extracted username 'admin' from token.
2025-03-14 10:45:32 [http-nio-8081-exec-4] INFO  o.g.l.s.CustomUserDetailsService - loadUserByUsername: Searching for user: admin
2025-03-14 10:45:32 [http-nio-8081-exec-4] DEBUG o.s.o.j.SharedEntityManagerCreator$SharedEntityManagerInvocationHandler - Creating new EntityManager for shared EntityManager invocation
2025-03-14 10:45:32 [http-nio-8081-exec-4] DEBUG org.hibernate.SQL - select u1_0.id,u1_0.created_at,u1_0.email,u1_0.password,u1_0.updated_at,u1_0.username from users u1_0 where u1_0.username=?
2025-03-14 10:45:32 [http-nio-8081-exec-4] DEBUG org.hibernate.SQL - select r1_0.user_id,r1_1.id,r1_1.created_at,r1_1.name,p1_0.role_id,p1_1.id,p1_1.created_at,p1_1.description,p1_1.name,p1_1.updated_at,r1_1.updated_at from user_roles r1_0 join roles r1_1 on r1_1.id=r1_0.role_id left join role_permissions p1_0 on r1_1.id=p1_0.role_id left join permissions p1_1 on p1_1.id=p1_0.permission_id where r1_0.user_id=?
2025-03-14 10:45:32 [http-nio-8081-exec-4] INFO  o.g.l.s.CustomUserDetailsService - loadUserByUsername: User admin found with roles: [org.guidewire.login.model.Role@66aefbbd]
2025-03-14 10:45:32 [http-nio-8081-exec-4] INFO  o.g.login.security.CustomUserDetails - Initializing CustomUserDetails for user: admin
2025-03-14 10:45:32 [http-nio-8081-exec-4] DEBUG o.g.login.security.CustomUserDetails - User admin has roles: [ADMIN]
2025-03-14 10:45:32 [http-nio-8081-exec-4] DEBUG o.g.login.security.CustomUserDetails - User admin has permissions: [DELETE_TASK, CREATE_TASK, VIEW_TASK, CLOSE_TASK, COMMENT_TASK, ASSIGN_TASK, EDIT_TASK]
2025-03-14 10:45:32 [http-nio-8081-exec-4] INFO  o.g.login.security.CustomUserDetails - CustomUserDetails initialized successfully for user: admin
2025-03-14 10:45:32 [http-nio-8081-exec-4] INFO  o.guidewire.login.security.JwtUtil - validateToken:JWT validated successfully for user: admin
2025-03-14 10:45:32 [http-nio-8081-exec-4] DEBUG o.g.login.security.CustomUserDetails - Fetching authorities for user: admin
2025-03-14 10:45:32 [http-nio-8081-exec-4] INFO  o.g.l.s.JwtAuthenticationFilter - doFilterInternal: Authentication successful for user 'admin'.
2025-03-14 10:45:32 [http-nio-8081-exec-4] DEBUG o.s.security.web.FilterChainProxy - Secured GET /api/auth/users/list
2025-03-14 10:45:32 [http-nio-8081-exec-4] DEBUG o.s.web.servlet.DispatcherServlet - GET "/api/auth/users/list", parameters={}
2025-03-14 10:45:32 [http-nio-8081-exec-4] DEBUG o.s.w.s.m.m.a.RequestMappingHandlerMapping - Mapped to org.guidewire.login.controller.UserController#getAllUsers()
2025-03-14 10:45:32 [http-nio-8081-exec-4] DEBUG o.s.o.j.s.OpenEntityManagerInViewInterceptor - Opening JPA EntityManager in OpenEntityManagerInViewInterceptor
2025-03-14 10:45:32 [http-nio-8081-exec-4] INFO  o.g.login.services.UserService - getAllUsers: Fetching all users from the database.
2025-03-14 10:45:32 [http-nio-8081-exec-4] DEBUG o.s.orm.jpa.JpaTransactionManager - Found thread-bound EntityManager [SessionImpl(1892288433<open>)] for JPA transaction
2025-03-14 10:45:32 [http-nio-8081-exec-4] DEBUG o.s.orm.jpa.JpaTransactionManager - Creating new transaction with name [org.springframework.data.jpa.repository.support.SimpleJpaRepository.findAll]: PROPAGATION_REQUIRED,ISOLATION_DEFAULT,readOnly
2025-03-14 10:45:32 [http-nio-8081-exec-4] DEBUG o.s.jdbc.datasource.DataSourceUtils - Setting JDBC Connection [HikariProxyConnection@794754483 wrapping org.postgresql.jdbc.PgConnection@74473afa] read-only
2025-03-14 10:45:32 [http-nio-8081-exec-4] DEBUG o.s.orm.jpa.JpaTransactionManager - Exposing JPA transaction as JDBC [org.springframework.orm.jpa.vendor.HibernateJpaDialect$HibernateConnectionHandle@761e94e]
2025-03-14 10:45:32 [http-nio-8081-exec-4] DEBUG org.hibernate.SQL - select u1_0.id,u1_0.created_at,u1_0.email,u1_0.password,u1_0.updated_at,u1_0.username from users u1_0
2025-03-14 10:45:32 [http-nio-8081-exec-4] DEBUG org.hibernate.SQL - select r1_0.user_id,r1_1.id,r1_1.created_at,r1_1.name,p1_0.role_id,p1_1.id,p1_1.created_at,p1_1.description,p1_1.name,p1_1.updated_at,r1_1.updated_at from user_roles r1_0 join roles r1_1 on r1_1.id=r1_0.role_id left join role_permissions p1_0 on r1_1.id=p1_0.role_id left join permissions p1_1 on p1_1.id=p1_0.permission_id where r1_0.user_id=?
2025-03-14 10:45:32 [http-nio-8081-exec-4] DEBUG org.hibernate.SQL - select r1_0.user_id,r1_1.id,r1_1.created_at,r1_1.name,p1_0.role_id,p1_1.id,p1_1.created_at,p1_1.description,p1_1.name,p1_1.updated_at,r1_1.updated_at from user_roles r1_0 join roles r1_1 on r1_1.id=r1_0.role_id left join role_permissions p1_0 on r1_1.id=p1_0.role_id left join permissions p1_1 on p1_1.id=p1_0.permission_id where r1_0.user_id=?
2025-03-14 10:45:32 [http-nio-8081-exec-4] DEBUG org.hibernate.SQL - select r1_0.user_id,r1_1.id,r1_1.created_at,r1_1.name,p1_0.role_id,p1_1.id,p1_1.created_at,p1_1.description,p1_1.name,p1_1.updated_at,r1_1.updated_at from user_roles r1_0 join roles r1_1 on r1_1.id=r1_0.role_id left join role_permissions p1_0 on r1_1.id=p1_0.role_id left join permissions p1_1 on p1_1.id=p1_0.permission_id where r1_0.user_id=?
2025-03-14 10:45:32 [http-nio-8081-exec-4] DEBUG org.hibernate.SQL - select r1_0.user_id,r1_1.id,r1_1.created_at,r1_1.name,p1_0.role_id,p1_1.id,p1_1.created_at,p1_1.description,p1_1.name,p1_1.updated_at,r1_1.updated_at from user_roles r1_0 join roles r1_1 on r1_1.id=r1_0.role_id left join role_permissions p1_0 on r1_1.id=p1_0.role_id left join permissions p1_1 on p1_1.id=p1_0.permission_id where r1_0.user_id=?
2025-03-14 10:45:32 [http-nio-8081-exec-4] DEBUG org.hibernate.SQL - select r1_0.user_id,r1_1.id,r1_1.created_at,r1_1.name,p1_0.role_id,p1_1.id,p1_1.created_at,p1_1.description,p1_1.name,p1_1.updated_at,r1_1.updated_at from user_roles r1_0 join roles r1_1 on r1_1.id=r1_0.role_id left join role_permissions p1_0 on r1_1.id=p1_0.role_id left join permissions p1_1 on p1_1.id=p1_0.permission_id where r1_0.user_id=?
2025-03-14 10:45:32 [http-nio-8081-exec-4] DEBUG o.s.orm.jpa.JpaTransactionManager - Initiating transaction commit
2025-03-14 10:45:32 [http-nio-8081-exec-4] DEBUG o.s.orm.jpa.JpaTransactionManager - Committing JPA transaction on EntityManager [SessionImpl(1892288433<open>)]
2025-03-14 10:45:32 [http-nio-8081-exec-4] DEBUG o.s.jdbc.datasource.DataSourceUtils - Resetting read-only flag of JDBC Connection [HikariProxyConnection@794754483 wrapping org.postgresql.jdbc.PgConnection@74473afa]
2025-03-14 10:45:32 [http-nio-8081-exec-4] DEBUG o.s.orm.jpa.JpaTransactionManager - Not closing pre-bound JPA EntityManager after transaction
2025-03-14 10:45:32 [http-nio-8081-exec-4] INFO  o.g.login.services.UserService - getAllUsers: Retrieved 5 users.
2025-03-14 10:45:32 [http-nio-8081-exec-4] DEBUG o.s.w.s.m.m.a.HttpEntityMethodProcessor - Using 'application/json', given [*/*] and supported [application/json, application/*+json]
2025-03-14 10:45:32 [http-nio-8081-exec-4] DEBUG o.s.w.s.m.m.a.HttpEntityMethodProcessor - Writing [[org.guidewire.login.dto.responses.UserResponse@755c9348, org.guidewire.login.dto.responses.UserResp (truncated)...]
2025-03-14 10:45:32 [http-nio-8081-exec-4] DEBUG o.s.o.j.s.OpenEntityManagerInViewInterceptor - Closing JPA EntityManager in OpenEntityManagerInViewInterceptor
2025-03-14 10:45:32 [http-nio-8081-exec-4] DEBUG o.s.web.servlet.DispatcherServlet - Completed 200 OK
2025-03-14 10:45:33 [http-nio-8081-exec-7] DEBUG o.s.security.web.FilterChainProxy - Securing GET /api/auth/user/details
2025-03-14 10:45:33 [http-nio-8081-exec-7] INFO  o.g.l.s.JwtAuthenticationFilter - doFilterInternal: Extracted username 'admin' from token.
2025-03-14 10:45:33 [http-nio-8081-exec-7] INFO  o.g.l.s.CustomUserDetailsService - loadUserByUsername: Searching for user: admin
2025-03-14 10:45:33 [http-nio-8081-exec-7] DEBUG o.s.o.j.SharedEntityManagerCreator$SharedEntityManagerInvocationHandler - Creating new EntityManager for shared EntityManager invocation
2025-03-14 10:45:33 [http-nio-8081-exec-7] DEBUG org.hibernate.SQL - select u1_0.id,u1_0.created_at,u1_0.email,u1_0.password,u1_0.updated_at,u1_0.username from users u1_0 where u1_0.username=?
2025-03-14 10:45:33 [http-nio-8081-exec-7] DEBUG org.hibernate.SQL - select r1_0.user_id,r1_1.id,r1_1.created_at,r1_1.name,p1_0.role_id,p1_1.id,p1_1.created_at,p1_1.description,p1_1.name,p1_1.updated_at,r1_1.updated_at from user_roles r1_0 join roles r1_1 on r1_1.id=r1_0.role_id left join role_permissions p1_0 on r1_1.id=p1_0.role_id left join permissions p1_1 on p1_1.id=p1_0.permission_id where r1_0.user_id=?
2025-03-14 10:45:33 [http-nio-8081-exec-7] INFO  o.g.l.s.CustomUserDetailsService - loadUserByUsername: User admin found with roles: [org.guidewire.login.model.Role@59e42e45]
2025-03-14 10:45:33 [http-nio-8081-exec-7] INFO  o.g.login.security.CustomUserDetails - Initializing CustomUserDetails for user: admin
2025-03-14 10:45:33 [http-nio-8081-exec-7] DEBUG o.g.login.security.CustomUserDetails - User admin has roles: [ADMIN]
2025-03-14 10:45:33 [http-nio-8081-exec-7] DEBUG o.g.login.security.CustomUserDetails - User admin has permissions: [DELETE_TASK, CREATE_TASK, VIEW_TASK, CLOSE_TASK, ASSIGN_TASK, COMMENT_TASK, EDIT_TASK]
2025-03-14 10:45:33 [http-nio-8081-exec-7] INFO  o.g.login.security.CustomUserDetails - CustomUserDetails initialized successfully for user: admin
2025-03-14 10:45:33 [http-nio-8081-exec-7] INFO  o.guidewire.login.security.JwtUtil - validateToken:JWT validated successfully for user: admin
2025-03-14 10:45:33 [http-nio-8081-exec-7] DEBUG o.g.login.security.CustomUserDetails - Fetching authorities for user: admin
2025-03-14 10:45:33 [http-nio-8081-exec-7] INFO  o.g.l.s.JwtAuthenticationFilter - doFilterInternal: Authentication successful for user 'admin'.
2025-03-14 10:45:33 [http-nio-8081-exec-7] DEBUG o.s.security.web.FilterChainProxy - Secured GET /api/auth/user/details
2025-03-14 10:45:33 [http-nio-8081-exec-7] DEBUG o.s.web.servlet.DispatcherServlet - GET "/api/auth/user/details", parameters={}
2025-03-14 10:45:33 [http-nio-8081-exec-7] DEBUG o.s.w.s.m.m.a.RequestMappingHandlerMapping - Mapped to org.guidewire.login.controller.AuthController#fetchUserDetails(List)
2025-03-14 10:45:33 [http-nio-8081-exec-7] DEBUG o.s.o.j.s.OpenEntityManagerInViewInterceptor - Opening JPA EntityManager in OpenEntityManagerInViewInterceptor
2025-03-14 10:45:33 [http-nio-8081-exec-7] DEBUG o.s.w.s.m.m.a.RequestResponseBodyMethodProcessor - Read "application/json;charset=UTF-8" to [[3d480867-d12b-4c5f-a725-da17dd7e5590]]
2025-03-14 10:45:33 [http-nio-8081-exec-7] INFO  o.g.login.controller.AuthController - fetchUserDetails: Fetching details for users with IDs: [3d480867-d12b-4c5f-a725-da17dd7e5590]
2025-03-14 10:45:33 [http-nio-8081-exec-7] DEBUG o.s.orm.jpa.JpaTransactionManager - Found thread-bound EntityManager [SessionImpl(1176637346<open>)] for JPA transaction
2025-03-14 10:45:33 [http-nio-8081-exec-7] DEBUG o.s.orm.jpa.JpaTransactionManager - Creating new transaction with name [org.springframework.data.jpa.repository.support.SimpleJpaRepository.findAllById]: PROPAGATION_REQUIRED,ISOLATION_DEFAULT,readOnly
2025-03-14 10:45:33 [http-nio-8081-exec-7] DEBUG o.s.jdbc.datasource.DataSourceUtils - Setting JDBC Connection [HikariProxyConnection@448766051 wrapping org.postgresql.jdbc.PgConnection@74473afa] read-only
2025-03-14 10:45:33 [http-nio-8081-exec-7] DEBUG o.s.orm.jpa.JpaTransactionManager - Exposing JPA transaction as JDBC [org.springframework.orm.jpa.vendor.HibernateJpaDialect$HibernateConnectionHandle@39c8fc29]
2025-03-14 10:45:33 [http-nio-8081-exec-7] DEBUG org.hibernate.SQL - select u1_0.id,u1_0.created_at,u1_0.email,u1_0.password,u1_0.updated_at,u1_0.username from users u1_0 where u1_0.id in (?)
2025-03-14 10:45:33 [http-nio-8081-exec-7] DEBUG org.hibernate.SQL - select r1_0.user_id,r1_1.id,r1_1.created_at,r1_1.name,p1_0.role_id,p1_1.id,p1_1.created_at,p1_1.description,p1_1.name,p1_1.updated_at,r1_1.updated_at from user_roles r1_0 join roles r1_1 on r1_1.id=r1_0.role_id left join role_permissions p1_0 on r1_1.id=p1_0.role_id left join permissions p1_1 on p1_1.id=p1_0.permission_id where r1_0.user_id=?
2025-03-14 10:45:33 [http-nio-8081-exec-7] DEBUG o.s.orm.jpa.JpaTransactionManager - Initiating transaction commit
2025-03-14 10:45:33 [http-nio-8081-exec-7] DEBUG o.s.orm.jpa.JpaTransactionManager - Committing JPA transaction on EntityManager [SessionImpl(1176637346<open>)]
2025-03-14 10:45:33 [http-nio-8081-exec-7] DEBUG o.s.jdbc.datasource.DataSourceUtils - Resetting read-only flag of JDBC Connection [HikariProxyConnection@448766051 wrapping org.postgresql.jdbc.PgConnection@74473afa]
2025-03-14 10:45:33 [http-nio-8081-exec-7] DEBUG o.s.orm.jpa.JpaTransactionManager - Not closing pre-bound JPA EntityManager after transaction
2025-03-14 10:45:33 [http-nio-8081-exec-7] INFO  o.g.login.controller.AuthController - fetchUserDetails: Returning user details for users: [org.guidewire.login.dto.responses.UserResponse@294ae800]
2025-03-14 10:45:33 [http-nio-8081-exec-7] DEBUG o.s.w.s.m.m.a.HttpEntityMethodProcessor - Using 'application/json', given [*/*] and supported [application/json, application/*+json]
2025-03-14 10:45:33 [http-nio-8081-exec-7] DEBUG o.s.w.s.m.m.a.HttpEntityMethodProcessor - Writing [[org.guidewire.login.dto.responses.UserResponse@294ae800]]
2025-03-14 10:45:33 [http-nio-8081-exec-7] DEBUG o.s.o.j.s.OpenEntityManagerInViewInterceptor - Closing JPA EntityManager in OpenEntityManagerInViewInterceptor
2025-03-14 10:45:33 [http-nio-8081-exec-7] DEBUG o.s.web.servlet.DispatcherServlet - Completed 200 OK
2025-03-14 10:45:52 [http-nio-8081-exec-6] DEBUG o.s.security.web.FilterChainProxy - Securing GET /api/auth/users/list
2025-03-14 10:45:52 [http-nio-8081-exec-6] INFO  o.g.l.s.JwtAuthenticationFilter - doFilterInternal: Extracted username 'admin' from token.
2025-03-14 10:45:52 [http-nio-8081-exec-6] INFO  o.g.l.s.CustomUserDetailsService - loadUserByUsername: Searching for user: admin
2025-03-14 10:45:52 [http-nio-8081-exec-6] DEBUG o.s.o.j.SharedEntityManagerCreator$SharedEntityManagerInvocationHandler - Creating new EntityManager for shared EntityManager invocation
2025-03-14 10:45:52 [http-nio-8081-exec-6] DEBUG org.hibernate.SQL - select u1_0.id,u1_0.created_at,u1_0.email,u1_0.password,u1_0.updated_at,u1_0.username from users u1_0 where u1_0.username=?
2025-03-14 10:45:52 [http-nio-8081-exec-6] DEBUG org.hibernate.SQL - select r1_0.user_id,r1_1.id,r1_1.created_at,r1_1.name,p1_0.role_id,p1_1.id,p1_1.created_at,p1_1.description,p1_1.name,p1_1.updated_at,r1_1.updated_at from user_roles r1_0 join roles r1_1 on r1_1.id=r1_0.role_id left join role_permissions p1_0 on r1_1.id=p1_0.role_id left join permissions p1_1 on p1_1.id=p1_0.permission_id where r1_0.user_id=?
2025-03-14 10:45:52 [http-nio-8081-exec-6] INFO  o.g.l.s.CustomUserDetailsService - loadUserByUsername: User admin found with roles: [org.guidewire.login.model.Role@2d06ea5b]
2025-03-14 10:45:52 [http-nio-8081-exec-6] INFO  o.g.login.security.CustomUserDetails - Initializing CustomUserDetails for user: admin
2025-03-14 10:45:52 [http-nio-8081-exec-6] DEBUG o.g.login.security.CustomUserDetails - User admin has roles: [ADMIN]
2025-03-14 10:45:52 [http-nio-8081-exec-6] DEBUG o.g.login.security.CustomUserDetails - User admin has permissions: [DELETE_TASK, CREATE_TASK, CLOSE_TASK, VIEW_TASK, COMMENT_TASK, ASSIGN_TASK, EDIT_TASK]
2025-03-14 10:45:52 [http-nio-8081-exec-6] INFO  o.g.login.security.CustomUserDetails - CustomUserDetails initialized successfully for user: admin
2025-03-14 10:45:52 [http-nio-8081-exec-6] INFO  o.guidewire.login.security.JwtUtil - validateToken:JWT validated successfully for user: admin
2025-03-14 10:45:52 [http-nio-8081-exec-6] DEBUG o.g.login.security.CustomUserDetails - Fetching authorities for user: admin
2025-03-14 10:45:52 [http-nio-8081-exec-6] INFO  o.g.l.s.JwtAuthenticationFilter - doFilterInternal: Authentication successful for user 'admin'.
2025-03-14 10:45:52 [http-nio-8081-exec-6] DEBUG o.s.security.web.FilterChainProxy - Secured GET /api/auth/users/list
2025-03-14 10:45:52 [http-nio-8081-exec-6] DEBUG o.s.web.servlet.DispatcherServlet - GET "/api/auth/users/list", parameters={}
2025-03-14 10:45:52 [http-nio-8081-exec-6] DEBUG o.s.w.s.m.m.a.RequestMappingHandlerMapping - Mapped to org.guidewire.login.controller.UserController#getAllUsers()
2025-03-14 10:45:52 [http-nio-8081-exec-6] DEBUG o.s.o.j.s.OpenEntityManagerInViewInterceptor - Opening JPA EntityManager in OpenEntityManagerInViewInterceptor
2025-03-14 10:45:52 [http-nio-8081-exec-6] INFO  o.g.login.services.UserService - getAllUsers: Fetching all users from the database.
2025-03-14 10:45:52 [http-nio-8081-exec-6] DEBUG o.s.orm.jpa.JpaTransactionManager - Found thread-bound EntityManager [SessionImpl(262162141<open>)] for JPA transaction
2025-03-14 10:45:52 [http-nio-8081-exec-6] DEBUG o.s.orm.jpa.JpaTransactionManager - Creating new transaction with name [org.springframework.data.jpa.repository.support.SimpleJpaRepository.findAll]: PROPAGATION_REQUIRED,ISOLATION_DEFAULT,readOnly
2025-03-14 10:45:52 [http-nio-8081-exec-6] DEBUG o.s.jdbc.datasource.DataSourceUtils - Setting JDBC Connection [HikariProxyConnection@1604414257 wrapping org.postgresql.jdbc.PgConnection@74473afa] read-only
2025-03-14 10:45:52 [http-nio-8081-exec-6] DEBUG o.s.orm.jpa.JpaTransactionManager - Exposing JPA transaction as JDBC [org.springframework.orm.jpa.vendor.HibernateJpaDialect$HibernateConnectionHandle@60af066d]
2025-03-14 10:45:52 [http-nio-8081-exec-6] DEBUG org.hibernate.SQL - select u1_0.id,u1_0.created_at,u1_0.email,u1_0.password,u1_0.updated_at,u1_0.username from users u1_0
2025-03-14 10:45:52 [http-nio-8081-exec-6] DEBUG org.hibernate.SQL - select r1_0.user_id,r1_1.id,r1_1.created_at,r1_1.name,p1_0.role_id,p1_1.id,p1_1.created_at,p1_1.description,p1_1.name,p1_1.updated_at,r1_1.updated_at from user_roles r1_0 join roles r1_1 on r1_1.id=r1_0.role_id left join role_permissions p1_0 on r1_1.id=p1_0.role_id left join permissions p1_1 on p1_1.id=p1_0.permission_id where r1_0.user_id=?
2025-03-14 10:45:52 [http-nio-8081-exec-6] DEBUG org.hibernate.SQL - select r1_0.user_id,r1_1.id,r1_1.created_at,r1_1.name,p1_0.role_id,p1_1.id,p1_1.created_at,p1_1.description,p1_1.name,p1_1.updated_at,r1_1.updated_at from user_roles r1_0 join roles r1_1 on r1_1.id=r1_0.role_id left join role_permissions p1_0 on r1_1.id=p1_0.role_id left join permissions p1_1 on p1_1.id=p1_0.permission_id where r1_0.user_id=?
2025-03-14 10:45:52 [http-nio-8081-exec-6] DEBUG org.hibernate.SQL - select r1_0.user_id,r1_1.id,r1_1.created_at,r1_1.name,p1_0.role_id,p1_1.id,p1_1.created_at,p1_1.description,p1_1.name,p1_1.updated_at,r1_1.updated_at from user_roles r1_0 join roles r1_1 on r1_1.id=r1_0.role_id left join role_permissions p1_0 on r1_1.id=p1_0.role_id left join permissions p1_1 on p1_1.id=p1_0.permission_id where r1_0.user_id=?
2025-03-14 10:45:52 [http-nio-8081-exec-6] DEBUG org.hibernate.SQL - select r1_0.user_id,r1_1.id,r1_1.created_at,r1_1.name,p1_0.role_id,p1_1.id,p1_1.created_at,p1_1.description,p1_1.name,p1_1.updated_at,r1_1.updated_at from user_roles r1_0 join roles r1_1 on r1_1.id=r1_0.role_id left join role_permissions p1_0 on r1_1.id=p1_0.role_id left join permissions p1_1 on p1_1.id=p1_0.permission_id where r1_0.user_id=?
2025-03-14 10:45:52 [http-nio-8081-exec-6] DEBUG org.hibernate.SQL - select r1_0.user_id,r1_1.id,r1_1.created_at,r1_1.name,p1_0.role_id,p1_1.id,p1_1.created_at,p1_1.description,p1_1.name,p1_1.updated_at,r1_1.updated_at from user_roles r1_0 join roles r1_1 on r1_1.id=r1_0.role_id left join role_permissions p1_0 on r1_1.id=p1_0.role_id left join permissions p1_1 on p1_1.id=p1_0.permission_id where r1_0.user_id=?
2025-03-14 10:45:52 [http-nio-8081-exec-6] DEBUG o.s.orm.jpa.JpaTransactionManager - Initiating transaction commit
2025-03-14 10:45:52 [http-nio-8081-exec-6] DEBUG o.s.orm.jpa.JpaTransactionManager - Committing JPA transaction on EntityManager [SessionImpl(262162141<open>)]
2025-03-14 10:45:52 [http-nio-8081-exec-6] DEBUG o.s.jdbc.datasource.DataSourceUtils - Resetting read-only flag of JDBC Connection [HikariProxyConnection@1604414257 wrapping org.postgresql.jdbc.PgConnection@74473afa]
2025-03-14 10:45:52 [http-nio-8081-exec-6] DEBUG o.s.orm.jpa.JpaTransactionManager - Not closing pre-bound JPA EntityManager after transaction
2025-03-14 10:45:52 [http-nio-8081-exec-6] INFO  o.g.login.services.UserService - getAllUsers: Retrieved 5 users.
2025-03-14 10:45:52 [http-nio-8081-exec-6] DEBUG o.s.w.s.m.m.a.HttpEntityMethodProcessor - Using 'application/json', given [*/*] and supported [application/json, application/*+json]
2025-03-14 10:45:52 [http-nio-8081-exec-6] DEBUG o.s.w.s.m.m.a.HttpEntityMethodProcessor - Writing [[org.guidewire.login.dto.responses.UserResponse@19ecbff9, org.guidewire.login.dto.responses.UserResp (truncated)...]
2025-03-14 10:45:52 [http-nio-8081-exec-6] DEBUG o.s.o.j.s.OpenEntityManagerInViewInterceptor - Closing JPA EntityManager in OpenEntityManagerInViewInterceptor
2025-03-14 10:45:52 [http-nio-8081-exec-6] DEBUG o.s.web.servlet.DispatcherServlet - Completed 200 OK
2025-03-14 10:45:53 [http-nio-8081-exec-8] DEBUG o.s.security.web.FilterChainProxy - Securing GET /api/auth/user/details
2025-03-14 10:45:53 [http-nio-8081-exec-8] DEBUG o.g.l.s.JwtAuthenticationFilter - doFilterInternal: No valid Authorization header found, skipping JWT processing.
2025-03-14 10:45:53 [http-nio-8081-exec-8] DEBUG o.s.s.w.a.AnonymousAuthenticationFilter - Set SecurityContextHolder to anonymous SecurityContext
2025-03-14 10:45:53 [http-nio-8081-exec-8] DEBUG o.s.security.web.FilterChainProxy - Secured GET /api/auth/user/details
2025-03-14 10:45:53 [http-nio-8081-exec-8] DEBUG o.s.web.servlet.DispatcherServlet - GET "/api/auth/user/details", parameters={}
2025-03-14 10:45:53 [http-nio-8081-exec-8] DEBUG o.s.w.s.m.m.a.RequestMappingHandlerMapping - Mapped to org.guidewire.login.controller.AuthController#fetchUserDetails(List)
2025-03-14 10:45:53 [http-nio-8081-exec-8] DEBUG o.s.o.j.s.OpenEntityManagerInViewInterceptor - Opening JPA EntityManager in OpenEntityManagerInViewInterceptor
2025-03-14 10:45:53 [http-nio-8081-exec-8] DEBUG o.s.w.s.m.m.a.RequestResponseBodyMethodProcessor - Read "application/json;charset=UTF-8" to [[null]]
2025-03-14 10:45:53 [http-nio-8081-exec-8] INFO  o.g.login.controller.AuthController - fetchUserDetails: Fetching details for users with IDs: [null]
2025-03-14 10:45:53 [http-nio-8081-exec-8] DEBUG o.s.orm.jpa.JpaTransactionManager - Found thread-bound EntityManager [SessionImpl(334747949<open>)] for JPA transaction
2025-03-14 10:45:53 [http-nio-8081-exec-8] DEBUG o.s.orm.jpa.JpaTransactionManager - Creating new transaction with name [org.springframework.data.jpa.repository.support.SimpleJpaRepository.findAllById]: PROPAGATION_REQUIRED,ISOLATION_DEFAULT,readOnly
2025-03-14 10:45:53 [http-nio-8081-exec-8] DEBUG o.s.jdbc.datasource.DataSourceUtils - Setting JDBC Connection [HikariProxyConnection@1455692882 wrapping org.postgresql.jdbc.PgConnection@74473afa] read-only
2025-03-14 10:45:53 [http-nio-8081-exec-8] DEBUG o.s.orm.jpa.JpaTransactionManager - Exposing JPA transaction as JDBC [org.springframework.orm.jpa.vendor.HibernateJpaDialect$HibernateConnectionHandle@1f585b1b]
2025-03-14 10:45:53 [http-nio-8081-exec-8] DEBUG org.hibernate.SQL - select u1_0.id,u1_0.created_at,u1_0.email,u1_0.password,u1_0.updated_at,u1_0.username from users u1_0 where u1_0.id in (?)
2025-03-14 10:45:53 [http-nio-8081-exec-8] DEBUG o.s.orm.jpa.JpaTransactionManager - Initiating transaction commit
2025-03-14 10:45:53 [http-nio-8081-exec-8] DEBUG o.s.orm.jpa.JpaTransactionManager - Committing JPA transaction on EntityManager [SessionImpl(334747949<open>)]
2025-03-14 10:45:53 [http-nio-8081-exec-8] DEBUG o.s.jdbc.datasource.DataSourceUtils - Resetting read-only flag of JDBC Connection [HikariProxyConnection@1455692882 wrapping org.postgresql.jdbc.PgConnection@74473afa]
2025-03-14 10:45:53 [http-nio-8081-exec-8] DEBUG o.s.orm.jpa.JpaTransactionManager - Not closing pre-bound JPA EntityManager after transaction
2025-03-14 10:45:53 [http-nio-8081-exec-8] INFO  o.g.login.controller.AuthController - fetchUserDetails: Returning user details for users: []
2025-03-14 10:45:53 [http-nio-8081-exec-8] DEBUG o.s.w.s.m.m.a.HttpEntityMethodProcessor - Using 'application/json', given [*/*] and supported [application/json, application/*+json]
2025-03-14 10:45:53 [http-nio-8081-exec-8] DEBUG o.s.w.s.m.m.a.HttpEntityMethodProcessor - Writing [[]]
2025-03-14 10:45:53 [http-nio-8081-exec-8] DEBUG o.s.o.j.s.OpenEntityManagerInViewInterceptor - Closing JPA EntityManager in OpenEntityManagerInViewInterceptor
2025-03-14 10:45:53 [http-nio-8081-exec-8] DEBUG o.s.web.servlet.DispatcherServlet - Completed 200 OK
2025-03-14 10:45:57 [http-nio-8081-exec-9] DEBUG o.s.security.web.FilterChainProxy - Securing GET /api/auth/check-admin
2025-03-14 10:45:57 [http-nio-8081-exec-9] INFO  o.g.l.s.JwtAuthenticationFilter - doFilterInternal: Extracted username 'admin' from token.
2025-03-14 10:45:57 [http-nio-8081-exec-9] INFO  o.g.l.s.CustomUserDetailsService - loadUserByUsername: Searching for user: admin
2025-03-14 10:45:57 [http-nio-8081-exec-9] DEBUG o.s.o.j.SharedEntityManagerCreator$SharedEntityManagerInvocationHandler - Creating new EntityManager for shared EntityManager invocation
2025-03-14 10:45:57 [http-nio-8081-exec-9] DEBUG org.hibernate.SQL - select u1_0.id,u1_0.created_at,u1_0.email,u1_0.password,u1_0.updated_at,u1_0.username from users u1_0 where u1_0.username=?
2025-03-14 10:45:57 [http-nio-8081-exec-9] DEBUG org.hibernate.SQL - select r1_0.user_id,r1_1.id,r1_1.created_at,r1_1.name,p1_0.role_id,p1_1.id,p1_1.created_at,p1_1.description,p1_1.name,p1_1.updated_at,r1_1.updated_at from user_roles r1_0 join roles r1_1 on r1_1.id=r1_0.role_id left join role_permissions p1_0 on r1_1.id=p1_0.role_id left join permissions p1_1 on p1_1.id=p1_0.permission_id where r1_0.user_id=?
2025-03-14 10:45:57 [http-nio-8081-exec-9] INFO  o.g.l.s.CustomUserDetailsService - loadUserByUsername: User admin found with roles: [org.guidewire.login.model.Role@14276079]
2025-03-14 10:45:57 [http-nio-8081-exec-9] INFO  o.g.login.security.CustomUserDetails - Initializing CustomUserDetails for user: admin
2025-03-14 10:45:57 [http-nio-8081-exec-9] DEBUG o.g.login.security.CustomUserDetails - User admin has roles: [ADMIN]
2025-03-14 10:45:57 [http-nio-8081-exec-9] DEBUG o.g.login.security.CustomUserDetails - User admin has permissions: [DELETE_TASK, CREATE_TASK, VIEW_TASK, CLOSE_TASK, COMMENT_TASK, ASSIGN_TASK, EDIT_TASK]
2025-03-14 10:45:57 [http-nio-8081-exec-9] INFO  o.g.login.security.CustomUserDetails - CustomUserDetails initialized successfully for user: admin
2025-03-14 10:45:57 [http-nio-8081-exec-9] INFO  o.guidewire.login.security.JwtUtil - validateToken:JWT validated successfully for user: admin
2025-03-14 10:45:57 [http-nio-8081-exec-9] DEBUG o.g.login.security.CustomUserDetails - Fetching authorities for user: admin
2025-03-14 10:45:57 [http-nio-8081-exec-9] INFO  o.g.l.s.JwtAuthenticationFilter - doFilterInternal: Authentication successful for user 'admin'.
2025-03-14 10:45:57 [http-nio-8081-exec-9] DEBUG o.s.security.web.FilterChainProxy - Secured GET /api/auth/check-admin
2025-03-14 10:45:57 [http-nio-8081-exec-9] DEBUG o.s.web.servlet.DispatcherServlet - GET "/api/auth/check-admin", parameters={}
2025-03-14 10:45:57 [http-nio-8081-exec-9] DEBUG o.s.w.s.m.m.a.RequestMappingHandlerMapping - Mapped to org.guidewire.login.controller.AuthController#checkIfAdmin(UserDetails)
2025-03-14 10:45:57 [http-nio-8081-exec-9] DEBUG o.s.o.j.s.OpenEntityManagerInViewInterceptor - Opening JPA EntityManager in OpenEntityManagerInViewInterceptor
2025-03-14 10:45:57 [http-nio-8081-exec-9] DEBUG o.g.login.security.CustomUserDetails - Fetching authorities for user: admin
2025-03-14 10:45:57 [http-nio-8081-exec-9] DEBUG o.s.w.s.m.m.a.HttpEntityMethodProcessor - Using 'application/json', given [*/*] and supported [application/json, application/*+json]
2025-03-14 10:45:57 [http-nio-8081-exec-9] DEBUG o.s.w.s.m.m.a.HttpEntityMethodProcessor - Writing [org.guidewire.login.dto.responses.UserRoleResponse@7003ed82]
2025-03-14 10:45:57 [http-nio-8081-exec-9] DEBUG o.s.o.j.s.OpenEntityManagerInViewInterceptor - Closing JPA EntityManager in OpenEntityManagerInViewInterceptor
2025-03-14 10:45:57 [http-nio-8081-exec-9] DEBUG o.s.web.servlet.DispatcherServlet - Completed 200 OK
2025-03-14 10:45:57 [http-nio-8081-exec-1] DEBUG o.s.security.web.FilterChainProxy - Securing GET /api/auth/current/user
2025-03-14 10:45:57 [http-nio-8081-exec-1] INFO  o.g.l.s.JwtAuthenticationFilter - doFilterInternal: Extracted username 'admin' from token.
2025-03-14 10:45:57 [http-nio-8081-exec-1] INFO  o.g.l.s.CustomUserDetailsService - loadUserByUsername: Searching for user: admin
2025-03-14 10:45:57 [http-nio-8081-exec-1] DEBUG o.s.o.j.SharedEntityManagerCreator$SharedEntityManagerInvocationHandler - Creating new EntityManager for shared EntityManager invocation
2025-03-14 10:45:57 [http-nio-8081-exec-1] DEBUG org.hibernate.SQL - select u1_0.id,u1_0.created_at,u1_0.email,u1_0.password,u1_0.updated_at,u1_0.username from users u1_0 where u1_0.username=?
2025-03-14 10:45:57 [http-nio-8081-exec-1] DEBUG org.hibernate.SQL - select r1_0.user_id,r1_1.id,r1_1.created_at,r1_1.name,p1_0.role_id,p1_1.id,p1_1.created_at,p1_1.description,p1_1.name,p1_1.updated_at,r1_1.updated_at from user_roles r1_0 join roles r1_1 on r1_1.id=r1_0.role_id left join role_permissions p1_0 on r1_1.id=p1_0.role_id left join permissions p1_1 on p1_1.id=p1_0.permission_id where r1_0.user_id=?
2025-03-14 10:45:57 [http-nio-8081-exec-1] INFO  o.g.l.s.CustomUserDetailsService - loadUserByUsername: User admin found with roles: [org.guidewire.login.model.Role@577cb3e4]
2025-03-14 10:45:57 [http-nio-8081-exec-1] INFO  o.g.login.security.CustomUserDetails - Initializing CustomUserDetails for user: admin
2025-03-14 10:45:57 [http-nio-8081-exec-1] DEBUG o.g.login.security.CustomUserDetails - User admin has roles: [ADMIN]
2025-03-14 10:45:57 [http-nio-8081-exec-1] DEBUG o.g.login.security.CustomUserDetails - User admin has permissions: [DELETE_TASK, CREATE_TASK, VIEW_TASK, CLOSE_TASK, ASSIGN_TASK, COMMENT_TASK, EDIT_TASK]
2025-03-14 10:45:57 [http-nio-8081-exec-1] INFO  o.g.login.security.CustomUserDetails - CustomUserDetails initialized successfully for user: admin
2025-03-14 10:45:57 [http-nio-8081-exec-1] INFO  o.guidewire.login.security.JwtUtil - validateToken:JWT validated successfully for user: admin
2025-03-14 10:45:57 [http-nio-8081-exec-1] DEBUG o.g.login.security.CustomUserDetails - Fetching authorities for user: admin
2025-03-14 10:45:57 [http-nio-8081-exec-1] INFO  o.g.l.s.JwtAuthenticationFilter - doFilterInternal: Authentication successful for user 'admin'.
2025-03-14 10:45:57 [http-nio-8081-exec-1] DEBUG o.s.security.web.FilterChainProxy - Secured GET /api/auth/current/user
2025-03-14 10:45:57 [http-nio-8081-exec-1] DEBUG o.s.web.servlet.DispatcherServlet - GET "/api/auth/current/user", parameters={}
2025-03-14 10:45:57 [http-nio-8081-exec-1] DEBUG o.s.w.s.m.m.a.RequestMappingHandlerMapping - Mapped to org.guidewire.login.controller.AuthController#getCurrentUser(Principal)
2025-03-14 10:45:57 [http-nio-8081-exec-1] DEBUG o.s.o.j.s.OpenEntityManagerInViewInterceptor - Opening JPA EntityManager in OpenEntityManagerInViewInterceptor
2025-03-14 10:45:57 [http-nio-8081-exec-1] INFO  o.g.login.controller.AuthController - getCurrentUser: Fetching details for user: admin
2025-03-14 10:45:57 [http-nio-8081-exec-1] DEBUG o.g.login.services.AuthService - getUserDetails:Fetching user details for: admin
2025-03-14 10:45:57 [http-nio-8081-exec-1] DEBUG org.hibernate.SQL - select u1_0.id,u1_0.created_at,u1_0.email,u1_0.password,u1_0.updated_at,u1_0.username from users u1_0 where u1_0.username=?
2025-03-14 10:45:57 [http-nio-8081-exec-1] DEBUG org.hibernate.SQL - select r1_0.user_id,r1_1.id,r1_1.created_at,r1_1.name,p1_0.role_id,p1_1.id,p1_1.created_at,p1_1.description,p1_1.name,p1_1.updated_at,r1_1.updated_at from user_roles r1_0 join roles r1_1 on r1_1.id=r1_0.role_id left join role_permissions p1_0 on r1_1.id=p1_0.role_id left join permissions p1_1 on p1_1.id=p1_0.permission_id where r1_0.user_id=?
2025-03-14 10:45:57 [http-nio-8081-exec-1] INFO  o.g.login.controller.AuthController - getCurrentUser: Returning user details for admin
2025-03-14 10:45:57 [http-nio-8081-exec-1] DEBUG o.s.w.s.m.m.a.HttpEntityMethodProcessor - Using 'application/json', given [*/*] and supported [application/json, application/*+json]
2025-03-14 10:45:57 [http-nio-8081-exec-1] DEBUG o.s.w.s.m.m.a.HttpEntityMethodProcessor - Writing [org.guidewire.login.dto.responses.UserResponse@4100e88e]
2025-03-14 10:45:57 [http-nio-8081-exec-1] DEBUG o.s.o.j.s.OpenEntityManagerInViewInterceptor - Closing JPA EntityManager in OpenEntityManagerInViewInterceptor
2025-03-14 10:45:57 [http-nio-8081-exec-1] DEBUG o.s.web.servlet.DispatcherServlet - Completed 200 OK
2025-03-14 10:45:57 [http-nio-8081-exec-10] DEBUG o.s.security.web.FilterChainProxy - Securing GET /api/auth/users/list
2025-03-14 10:45:57 [http-nio-8081-exec-10] INFO  o.g.l.s.JwtAuthenticationFilter - doFilterInternal: Extracted username 'admin' from token.
2025-03-14 10:45:57 [http-nio-8081-exec-10] INFO  o.g.l.s.CustomUserDetailsService - loadUserByUsername: Searching for user: admin
2025-03-14 10:45:57 [http-nio-8081-exec-10] DEBUG o.s.o.j.SharedEntityManagerCreator$SharedEntityManagerInvocationHandler - Creating new EntityManager for shared EntityManager invocation
2025-03-14 10:45:57 [http-nio-8081-exec-10] DEBUG org.hibernate.SQL - select u1_0.id,u1_0.created_at,u1_0.email,u1_0.password,u1_0.updated_at,u1_0.username from users u1_0 where u1_0.username=?
2025-03-14 10:45:57 [http-nio-8081-exec-10] DEBUG org.hibernate.SQL - select r1_0.user_id,r1_1.id,r1_1.created_at,r1_1.name,p1_0.role_id,p1_1.id,p1_1.created_at,p1_1.description,p1_1.name,p1_1.updated_at,r1_1.updated_at from user_roles r1_0 join roles r1_1 on r1_1.id=r1_0.role_id left join role_permissions p1_0 on r1_1.id=p1_0.role_id left join permissions p1_1 on p1_1.id=p1_0.permission_id where r1_0.user_id=?
2025-03-14 10:45:57 [http-nio-8081-exec-10] INFO  o.g.l.s.CustomUserDetailsService - loadUserByUsername: User admin found with roles: [org.guidewire.login.model.Role@4e0d215b]
2025-03-14 10:45:57 [http-nio-8081-exec-10] INFO  o.g.login.security.CustomUserDetails - Initializing CustomUserDetails for user: admin
2025-03-14 10:45:57 [http-nio-8081-exec-10] DEBUG o.g.login.security.CustomUserDetails - User admin has roles: [ADMIN]
2025-03-14 10:45:57 [http-nio-8081-exec-10] DEBUG o.g.login.security.CustomUserDetails - User admin has permissions: [DELETE_TASK, CREATE_TASK, VIEW_TASK, CLOSE_TASK, COMMENT_TASK, ASSIGN_TASK, EDIT_TASK]
2025-03-14 10:45:57 [http-nio-8081-exec-10] INFO  o.g.login.security.CustomUserDetails - CustomUserDetails initialized successfully for user: admin
2025-03-14 10:45:57 [http-nio-8081-exec-10] INFO  o.guidewire.login.security.JwtUtil - validateToken:JWT validated successfully for user: admin
2025-03-14 10:45:57 [http-nio-8081-exec-10] DEBUG o.g.login.security.CustomUserDetails - Fetching authorities for user: admin
2025-03-14 10:45:57 [http-nio-8081-exec-10] INFO  o.g.l.s.JwtAuthenticationFilter - doFilterInternal: Authentication successful for user 'admin'.
2025-03-14 10:45:57 [http-nio-8081-exec-10] DEBUG o.s.security.web.FilterChainProxy - Secured GET /api/auth/users/list
2025-03-14 10:45:57 [http-nio-8081-exec-10] DEBUG o.s.web.servlet.DispatcherServlet - GET "/api/auth/users/list", parameters={}
2025-03-14 10:45:57 [http-nio-8081-exec-10] DEBUG o.s.w.s.m.m.a.RequestMappingHandlerMapping - Mapped to org.guidewire.login.controller.UserController#getAllUsers()
2025-03-14 10:45:57 [http-nio-8081-exec-10] DEBUG o.s.o.j.s.OpenEntityManagerInViewInterceptor - Opening JPA EntityManager in OpenEntityManagerInViewInterceptor
2025-03-14 10:45:57 [http-nio-8081-exec-10] INFO  o.g.login.services.UserService - getAllUsers: Fetching all users from the database.
2025-03-14 10:45:57 [http-nio-8081-exec-10] DEBUG o.s.orm.jpa.JpaTransactionManager - Found thread-bound EntityManager [SessionImpl(1475134895<open>)] for JPA transaction
2025-03-14 10:45:57 [http-nio-8081-exec-10] DEBUG o.s.orm.jpa.JpaTransactionManager - Creating new transaction with name [org.springframework.data.jpa.repository.support.SimpleJpaRepository.findAll]: PROPAGATION_REQUIRED,ISOLATION_DEFAULT,readOnly
2025-03-14 10:45:57 [http-nio-8081-exec-10] DEBUG o.s.jdbc.datasource.DataSourceUtils - Setting JDBC Connection [HikariProxyConnection@95816249 wrapping org.postgresql.jdbc.PgConnection@74473afa] read-only
2025-03-14 10:45:57 [http-nio-8081-exec-10] DEBUG o.s.orm.jpa.JpaTransactionManager - Exposing JPA transaction as JDBC [org.springframework.orm.jpa.vendor.HibernateJpaDialect$HibernateConnectionHandle@4fee217b]
2025-03-14 10:45:57 [http-nio-8081-exec-10] DEBUG org.hibernate.SQL - select u1_0.id,u1_0.created_at,u1_0.email,u1_0.password,u1_0.updated_at,u1_0.username from users u1_0
2025-03-14 10:45:57 [http-nio-8081-exec-10] DEBUG org.hibernate.SQL - select r1_0.user_id,r1_1.id,r1_1.created_at,r1_1.name,p1_0.role_id,p1_1.id,p1_1.created_at,p1_1.description,p1_1.name,p1_1.updated_at,r1_1.updated_at from user_roles r1_0 join roles r1_1 on r1_1.id=r1_0.role_id left join role_permissions p1_0 on r1_1.id=p1_0.role_id left join permissions p1_1 on p1_1.id=p1_0.permission_id where r1_0.user_id=?
2025-03-14 10:45:57 [http-nio-8081-exec-10] DEBUG org.hibernate.SQL - select r1_0.user_id,r1_1.id,r1_1.created_at,r1_1.name,p1_0.role_id,p1_1.id,p1_1.created_at,p1_1.description,p1_1.name,p1_1.updated_at,r1_1.updated_at from user_roles r1_0 join roles r1_1 on r1_1.id=r1_0.role_id left join role_permissions p1_0 on r1_1.id=p1_0.role_id left join permissions p1_1 on p1_1.id=p1_0.permission_id where r1_0.user_id=?
2025-03-14 10:45:57 [http-nio-8081-exec-10] DEBUG org.hibernate.SQL - select r1_0.user_id,r1_1.id,r1_1.created_at,r1_1.name,p1_0.role_id,p1_1.id,p1_1.created_at,p1_1.description,p1_1.name,p1_1.updated_at,r1_1.updated_at from user_roles r1_0 join roles r1_1 on r1_1.id=r1_0.role_id left join role_permissions p1_0 on r1_1.id=p1_0.role_id left join permissions p1_1 on p1_1.id=p1_0.permission_id where r1_0.user_id=?
2025-03-14 10:45:57 [http-nio-8081-exec-10] DEBUG org.hibernate.SQL - select r1_0.user_id,r1_1.id,r1_1.created_at,r1_1.name,p1_0.role_id,p1_1.id,p1_1.created_at,p1_1.description,p1_1.name,p1_1.updated_at,r1_1.updated_at from user_roles r1_0 join roles r1_1 on r1_1.id=r1_0.role_id left join role_permissions p1_0 on r1_1.id=p1_0.role_id left join permissions p1_1 on p1_1.id=p1_0.permission_id where r1_0.user_id=?
2025-03-14 10:45:57 [http-nio-8081-exec-10] DEBUG org.hibernate.SQL - select r1_0.user_id,r1_1.id,r1_1.created_at,r1_1.name,p1_0.role_id,p1_1.id,p1_1.created_at,p1_1.description,p1_1.name,p1_1.updated_at,r1_1.updated_at from user_roles r1_0 join roles r1_1 on r1_1.id=r1_0.role_id left join role_permissions p1_0 on r1_1.id=p1_0.role_id left join permissions p1_1 on p1_1.id=p1_0.permission_id where r1_0.user_id=?
2025-03-14 10:45:57 [http-nio-8081-exec-10] DEBUG o.s.orm.jpa.JpaTransactionManager - Initiating transaction commit
2025-03-14 10:45:57 [http-nio-8081-exec-10] DEBUG o.s.orm.jpa.JpaTransactionManager - Committing JPA transaction on EntityManager [SessionImpl(1475134895<open>)]
2025-03-14 10:45:57 [http-nio-8081-exec-10] DEBUG o.s.jdbc.datasource.DataSourceUtils - Resetting read-only flag of JDBC Connection [HikariProxyConnection@95816249 wrapping org.postgresql.jdbc.PgConnection@74473afa]
2025-03-14 10:45:57 [http-nio-8081-exec-10] DEBUG o.s.orm.jpa.JpaTransactionManager - Not closing pre-bound JPA EntityManager after transaction
2025-03-14 10:45:57 [http-nio-8081-exec-10] INFO  o.g.login.services.UserService - getAllUsers: Retrieved 5 users.
2025-03-14 10:45:57 [http-nio-8081-exec-10] DEBUG o.s.w.s.m.m.a.HttpEntityMethodProcessor - Using 'application/json', given [*/*] and supported [application/json, application/*+json]
2025-03-14 10:45:57 [http-nio-8081-exec-10] DEBUG o.s.w.s.m.m.a.HttpEntityMethodProcessor - Writing [[org.guidewire.login.dto.responses.UserResponse@18f00ef2, org.guidewire.login.dto.responses.UserResp (truncated)...]
2025-03-14 10:45:57 [http-nio-8081-exec-10] DEBUG o.s.o.j.s.OpenEntityManagerInViewInterceptor - Closing JPA EntityManager in OpenEntityManagerInViewInterceptor
2025-03-14 10:45:57 [http-nio-8081-exec-10] DEBUG o.s.web.servlet.DispatcherServlet - Completed 200 OK
2025-03-14 10:46:01 [http-nio-8081-exec-3] DEBUG o.s.security.web.FilterChainProxy - Securing GET /api/auth/users/list
2025-03-14 10:46:01 [http-nio-8081-exec-3] INFO  o.g.l.s.JwtAuthenticationFilter - doFilterInternal: Extracted username 'admin' from token.
2025-03-14 10:46:01 [http-nio-8081-exec-3] INFO  o.g.l.s.CustomUserDetailsService - loadUserByUsername: Searching for user: admin
2025-03-14 10:46:01 [http-nio-8081-exec-3] DEBUG o.s.o.j.SharedEntityManagerCreator$SharedEntityManagerInvocationHandler - Creating new EntityManager for shared EntityManager invocation
2025-03-14 10:46:01 [http-nio-8081-exec-3] DEBUG org.hibernate.SQL - select u1_0.id,u1_0.created_at,u1_0.email,u1_0.password,u1_0.updated_at,u1_0.username from users u1_0 where u1_0.username=?
2025-03-14 10:46:01 [http-nio-8081-exec-3] DEBUG org.hibernate.SQL - select r1_0.user_id,r1_1.id,r1_1.created_at,r1_1.name,p1_0.role_id,p1_1.id,p1_1.created_at,p1_1.description,p1_1.name,p1_1.updated_at,r1_1.updated_at from user_roles r1_0 join roles r1_1 on r1_1.id=r1_0.role_id left join role_permissions p1_0 on r1_1.id=p1_0.role_id left join permissions p1_1 on p1_1.id=p1_0.permission_id where r1_0.user_id=?
2025-03-14 10:46:01 [http-nio-8081-exec-3] INFO  o.g.l.s.CustomUserDetailsService - loadUserByUsername: User admin found with roles: [org.guidewire.login.model.Role@33e956e1]
2025-03-14 10:46:01 [http-nio-8081-exec-3] INFO  o.g.login.security.CustomUserDetails - Initializing CustomUserDetails for user: admin
2025-03-14 10:46:01 [http-nio-8081-exec-3] DEBUG o.g.login.security.CustomUserDetails - User admin has roles: [ADMIN]
2025-03-14 10:46:01 [http-nio-8081-exec-3] DEBUG o.g.login.security.CustomUserDetails - User admin has permissions: [DELETE_TASK, CREATE_TASK, VIEW_TASK, CLOSE_TASK, ASSIGN_TASK, COMMENT_TASK, EDIT_TASK]
2025-03-14 10:46:01 [http-nio-8081-exec-3] INFO  o.g.login.security.CustomUserDetails - CustomUserDetails initialized successfully for user: admin
2025-03-14 10:46:01 [http-nio-8081-exec-3] INFO  o.guidewire.login.security.JwtUtil - validateToken:JWT validated successfully for user: admin
2025-03-14 10:46:01 [http-nio-8081-exec-3] DEBUG o.g.login.security.CustomUserDetails - Fetching authorities for user: admin
2025-03-14 10:46:01 [http-nio-8081-exec-3] INFO  o.g.l.s.JwtAuthenticationFilter - doFilterInternal: Authentication successful for user 'admin'.
2025-03-14 10:46:01 [http-nio-8081-exec-3] DEBUG o.s.security.web.FilterChainProxy - Secured GET /api/auth/users/list
2025-03-14 10:46:01 [http-nio-8081-exec-3] DEBUG o.s.web.servlet.DispatcherServlet - GET "/api/auth/users/list", parameters={}
2025-03-14 10:46:01 [http-nio-8081-exec-3] DEBUG o.s.w.s.m.m.a.RequestMappingHandlerMapping - Mapped to org.guidewire.login.controller.UserController#getAllUsers()
2025-03-14 10:46:01 [http-nio-8081-exec-3] DEBUG o.s.o.j.s.OpenEntityManagerInViewInterceptor - Opening JPA EntityManager in OpenEntityManagerInViewInterceptor
2025-03-14 10:46:01 [http-nio-8081-exec-3] INFO  o.g.login.services.UserService - getAllUsers: Fetching all users from the database.
2025-03-14 10:46:01 [http-nio-8081-exec-3] DEBUG o.s.orm.jpa.JpaTransactionManager - Found thread-bound EntityManager [SessionImpl(971138250<open>)] for JPA transaction
2025-03-14 10:46:01 [http-nio-8081-exec-3] DEBUG o.s.orm.jpa.JpaTransactionManager - Creating new transaction with name [org.springframework.data.jpa.repository.support.SimpleJpaRepository.findAll]: PROPAGATION_REQUIRED,ISOLATION_DEFAULT,readOnly
2025-03-14 10:46:01 [http-nio-8081-exec-3] DEBUG o.s.jdbc.datasource.DataSourceUtils - Setting JDBC Connection [HikariProxyConnection@1043747572 wrapping org.postgresql.jdbc.PgConnection@74473afa] read-only
2025-03-14 10:46:01 [http-nio-8081-exec-3] DEBUG o.s.orm.jpa.JpaTransactionManager - Exposing JPA transaction as JDBC [org.springframework.orm.jpa.vendor.HibernateJpaDialect$HibernateConnectionHandle@53e8bb49]
2025-03-14 10:46:01 [http-nio-8081-exec-3] DEBUG org.hibernate.SQL - select u1_0.id,u1_0.created_at,u1_0.email,u1_0.password,u1_0.updated_at,u1_0.username from users u1_0
2025-03-14 10:46:01 [http-nio-8081-exec-3] DEBUG org.hibernate.SQL - select r1_0.user_id,r1_1.id,r1_1.created_at,r1_1.name,p1_0.role_id,p1_1.id,p1_1.created_at,p1_1.description,p1_1.name,p1_1.updated_at,r1_1.updated_at from user_roles r1_0 join roles r1_1 on r1_1.id=r1_0.role_id left join role_permissions p1_0 on r1_1.id=p1_0.role_id left join permissions p1_1 on p1_1.id=p1_0.permission_id where r1_0.user_id=?
2025-03-14 10:46:01 [http-nio-8081-exec-3] DEBUG org.hibernate.SQL - select r1_0.user_id,r1_1.id,r1_1.created_at,r1_1.name,p1_0.role_id,p1_1.id,p1_1.created_at,p1_1.description,p1_1.name,p1_1.updated_at,r1_1.updated_at from user_roles r1_0 join roles r1_1 on r1_1.id=r1_0.role_id left join role_permissions p1_0 on r1_1.id=p1_0.role_id left join permissions p1_1 on p1_1.id=p1_0.permission_id where r1_0.user_id=?
2025-03-14 10:46:01 [http-nio-8081-exec-3] DEBUG org.hibernate.SQL - select r1_0.user_id,r1_1.id,r1_1.created_at,r1_1.name,p1_0.role_id,p1_1.id,p1_1.created_at,p1_1.description,p1_1.name,p1_1.updated_at,r1_1.updated_at from user_roles r1_0 join roles r1_1 on r1_1.id=r1_0.role_id left join role_permissions p1_0 on r1_1.id=p1_0.role_id left join permissions p1_1 on p1_1.id=p1_0.permission_id where r1_0.user_id=?
2025-03-14 10:46:01 [http-nio-8081-exec-3] DEBUG org.hibernate.SQL - select r1_0.user_id,r1_1.id,r1_1.created_at,r1_1.name,p1_0.role_id,p1_1.id,p1_1.created_at,p1_1.description,p1_1.name,p1_1.updated_at,r1_1.updated_at from user_roles r1_0 join roles r1_1 on r1_1.id=r1_0.role_id left join role_permissions p1_0 on r1_1.id=p1_0.role_id left join permissions p1_1 on p1_1.id=p1_0.permission_id where r1_0.user_id=?
2025-03-14 10:46:01 [http-nio-8081-exec-3] DEBUG org.hibernate.SQL - select r1_0.user_id,r1_1.id,r1_1.created_at,r1_1.name,p1_0.role_id,p1_1.id,p1_1.created_at,p1_1.description,p1_1.name,p1_1.updated_at,r1_1.updated_at from user_roles r1_0 join roles r1_1 on r1_1.id=r1_0.role_id left join role_permissions p1_0 on r1_1.id=p1_0.role_id left join permissions p1_1 on p1_1.id=p1_0.permission_id where r1_0.user_id=?
2025-03-14 10:46:01 [http-nio-8081-exec-3] DEBUG o.s.orm.jpa.JpaTransactionManager - Initiating transaction commit
2025-03-14 10:46:01 [http-nio-8081-exec-3] DEBUG o.s.orm.jpa.JpaTransactionManager - Committing JPA transaction on EntityManager [SessionImpl(971138250<open>)]
2025-03-14 10:46:01 [http-nio-8081-exec-3] DEBUG o.s.jdbc.datasource.DataSourceUtils - Resetting read-only flag of JDBC Connection [HikariProxyConnection@1043747572 wrapping org.postgresql.jdbc.PgConnection@74473afa]
2025-03-14 10:46:01 [http-nio-8081-exec-3] DEBUG o.s.orm.jpa.JpaTransactionManager - Not closing pre-bound JPA EntityManager after transaction
2025-03-14 10:46:01 [http-nio-8081-exec-3] INFO  o.g.login.services.UserService - getAllUsers: Retrieved 5 users.
2025-03-14 10:46:01 [http-nio-8081-exec-3] DEBUG o.s.w.s.m.m.a.HttpEntityMethodProcessor - Using 'application/json', given [*/*] and supported [application/json, application/*+json]
2025-03-14 10:46:01 [http-nio-8081-exec-3] DEBUG o.s.w.s.m.m.a.HttpEntityMethodProcessor - Writing [[org.guidewire.login.dto.responses.UserResponse@6d8225ed, org.guidewire.login.dto.responses.UserResp (truncated)...]
2025-03-14 10:46:01 [http-nio-8081-exec-3] DEBUG o.s.o.j.s.OpenEntityManagerInViewInterceptor - Closing JPA EntityManager in OpenEntityManagerInViewInterceptor
2025-03-14 10:46:01 [http-nio-8081-exec-3] DEBUG o.s.web.servlet.DispatcherServlet - Completed 200 OK
2025-03-14 10:46:01 [http-nio-8081-exec-2] DEBUG o.s.security.web.FilterChainProxy - Securing GET /api/auth/user/details
2025-03-14 10:46:01 [http-nio-8081-exec-2] DEBUG o.g.l.s.JwtAuthenticationFilter - doFilterInternal: No valid Authorization header found, skipping JWT processing.
2025-03-14 10:46:01 [http-nio-8081-exec-2] DEBUG o.s.s.w.a.AnonymousAuthenticationFilter - Set SecurityContextHolder to anonymous SecurityContext
2025-03-14 10:46:01 [http-nio-8081-exec-2] DEBUG o.s.security.web.FilterChainProxy - Secured GET /api/auth/user/details
2025-03-14 10:46:01 [http-nio-8081-exec-2] DEBUG o.s.web.servlet.DispatcherServlet - GET "/api/auth/user/details", parameters={}
2025-03-14 10:46:01 [http-nio-8081-exec-2] DEBUG o.s.w.s.m.m.a.RequestMappingHandlerMapping - Mapped to org.guidewire.login.controller.AuthController#fetchUserDetails(List)
2025-03-14 10:46:01 [http-nio-8081-exec-2] DEBUG o.s.o.j.s.OpenEntityManagerInViewInterceptor - Opening JPA EntityManager in OpenEntityManagerInViewInterceptor
2025-03-14 10:46:01 [http-nio-8081-exec-2] DEBUG o.s.w.s.m.m.a.RequestResponseBodyMethodProcessor - Read "application/json;charset=UTF-8" to [[null]]
2025-03-14 10:46:01 [http-nio-8081-exec-2] INFO  o.g.login.controller.AuthController - fetchUserDetails: Fetching details for users with IDs: [null]
2025-03-14 10:46:01 [http-nio-8081-exec-2] DEBUG o.s.orm.jpa.JpaTransactionManager - Found thread-bound EntityManager [SessionImpl(202415702<open>)] for JPA transaction
2025-03-14 10:46:01 [http-nio-8081-exec-2] DEBUG o.s.orm.jpa.JpaTransactionManager - Creating new transaction with name [org.springframework.data.jpa.repository.support.SimpleJpaRepository.findAllById]: PROPAGATION_REQUIRED,ISOLATION_DEFAULT,readOnly
2025-03-14 10:46:01 [http-nio-8081-exec-2] DEBUG o.s.jdbc.datasource.DataSourceUtils - Setting JDBC Connection [HikariProxyConnection@1675436941 wrapping org.postgresql.jdbc.PgConnection@74473afa] read-only
2025-03-14 10:46:01 [http-nio-8081-exec-2] DEBUG o.s.orm.jpa.JpaTransactionManager - Exposing JPA transaction as JDBC [org.springframework.orm.jpa.vendor.HibernateJpaDialect$HibernateConnectionHandle@95c7b94]
2025-03-14 10:46:01 [http-nio-8081-exec-2] DEBUG org.hibernate.SQL - select u1_0.id,u1_0.created_at,u1_0.email,u1_0.password,u1_0.updated_at,u1_0.username from users u1_0 where u1_0.id in (?)
2025-03-14 10:46:01 [http-nio-8081-exec-2] DEBUG o.s.orm.jpa.JpaTransactionManager - Initiating transaction commit
2025-03-14 10:46:01 [http-nio-8081-exec-2] DEBUG o.s.orm.jpa.JpaTransactionManager - Committing JPA transaction on EntityManager [SessionImpl(202415702<open>)]
2025-03-14 10:46:01 [http-nio-8081-exec-2] DEBUG o.s.jdbc.datasource.DataSourceUtils - Resetting read-only flag of JDBC Connection [HikariProxyConnection@1675436941 wrapping org.postgresql.jdbc.PgConnection@74473afa]
2025-03-14 10:46:01 [http-nio-8081-exec-2] DEBUG o.s.orm.jpa.JpaTransactionManager - Not closing pre-bound JPA EntityManager after transaction
2025-03-14 10:46:01 [http-nio-8081-exec-2] INFO  o.g.login.controller.AuthController - fetchUserDetails: Returning user details for users: []
2025-03-14 10:46:01 [http-nio-8081-exec-2] DEBUG o.s.w.s.m.m.a.HttpEntityMethodProcessor - Using 'application/json', given [*/*] and supported [application/json, application/*+json]
2025-03-14 10:46:01 [http-nio-8081-exec-2] DEBUG o.s.w.s.m.m.a.HttpEntityMethodProcessor - Writing [[]]
2025-03-14 10:46:01 [http-nio-8081-exec-2] DEBUG o.s.o.j.s.OpenEntityManagerInViewInterceptor - Closing JPA EntityManager in OpenEntityManagerInViewInterceptor
2025-03-14 10:46:01 [http-nio-8081-exec-2] DEBUG o.s.web.servlet.DispatcherServlet - Completed 200 OK
2025-03-14 10:46:04 [http-nio-8081-exec-5] DEBUG o.s.security.web.FilterChainProxy - Securing GET /api/auth/check-admin
2025-03-14 10:46:04 [http-nio-8081-exec-5] INFO  o.g.l.s.JwtAuthenticationFilter - doFilterInternal: Extracted username 'admin' from token.
2025-03-14 10:46:04 [http-nio-8081-exec-5] INFO  o.g.l.s.CustomUserDetailsService - loadUserByUsername: Searching for user: admin
2025-03-14 10:46:04 [http-nio-8081-exec-5] DEBUG o.s.o.j.SharedEntityManagerCreator$SharedEntityManagerInvocationHandler - Creating new EntityManager for shared EntityManager invocation
2025-03-14 10:46:04 [http-nio-8081-exec-5] DEBUG org.hibernate.SQL - select u1_0.id,u1_0.created_at,u1_0.email,u1_0.password,u1_0.updated_at,u1_0.username from users u1_0 where u1_0.username=?
2025-03-14 10:46:04 [http-nio-8081-exec-5] DEBUG org.hibernate.SQL - select r1_0.user_id,r1_1.id,r1_1.created_at,r1_1.name,p1_0.role_id,p1_1.id,p1_1.created_at,p1_1.description,p1_1.name,p1_1.updated_at,r1_1.updated_at from user_roles r1_0 join roles r1_1 on r1_1.id=r1_0.role_id left join role_permissions p1_0 on r1_1.id=p1_0.role_id left join permissions p1_1 on p1_1.id=p1_0.permission_id where r1_0.user_id=?
2025-03-14 10:46:04 [http-nio-8081-exec-5] INFO  o.g.l.s.CustomUserDetailsService - loadUserByUsername: User admin found with roles: [org.guidewire.login.model.Role@45e95f81]
2025-03-14 10:46:04 [http-nio-8081-exec-5] INFO  o.g.login.security.CustomUserDetails - Initializing CustomUserDetails for user: admin
2025-03-14 10:46:04 [http-nio-8081-exec-5] DEBUG o.g.login.security.CustomUserDetails - User admin has roles: [ADMIN]
2025-03-14 10:46:04 [http-nio-8081-exec-5] DEBUG o.g.login.security.CustomUserDetails - User admin has permissions: [DELETE_TASK, CREATE_TASK, VIEW_TASK, CLOSE_TASK, ASSIGN_TASK, COMMENT_TASK, EDIT_TASK]
2025-03-14 10:46:04 [http-nio-8081-exec-5] INFO  o.g.login.security.CustomUserDetails - CustomUserDetails initialized successfully for user: admin
2025-03-14 10:46:04 [http-nio-8081-exec-5] INFO  o.guidewire.login.security.JwtUtil - validateToken:JWT validated successfully for user: admin
2025-03-14 10:46:04 [http-nio-8081-exec-5] DEBUG o.g.login.security.CustomUserDetails - Fetching authorities for user: admin
2025-03-14 10:46:04 [http-nio-8081-exec-5] INFO  o.g.l.s.JwtAuthenticationFilter - doFilterInternal: Authentication successful for user 'admin'.
2025-03-14 10:46:04 [http-nio-8081-exec-5] DEBUG o.s.security.web.FilterChainProxy - Secured GET /api/auth/check-admin
2025-03-14 10:46:04 [http-nio-8081-exec-5] DEBUG o.s.web.servlet.DispatcherServlet - GET "/api/auth/check-admin", parameters={}
2025-03-14 10:46:04 [http-nio-8081-exec-5] DEBUG o.s.w.s.m.m.a.RequestMappingHandlerMapping - Mapped to org.guidewire.login.controller.AuthController#checkIfAdmin(UserDetails)
2025-03-14 10:46:04 [http-nio-8081-exec-5] DEBUG o.s.o.j.s.OpenEntityManagerInViewInterceptor - Opening JPA EntityManager in OpenEntityManagerInViewInterceptor
2025-03-14 10:46:04 [http-nio-8081-exec-5] DEBUG o.g.login.security.CustomUserDetails - Fetching authorities for user: admin
2025-03-14 10:46:04 [http-nio-8081-exec-5] DEBUG o.s.w.s.m.m.a.HttpEntityMethodProcessor - Using 'application/json', given [*/*] and supported [application/json, application/*+json]
2025-03-14 10:46:04 [http-nio-8081-exec-5] DEBUG o.s.w.s.m.m.a.HttpEntityMethodProcessor - Writing [org.guidewire.login.dto.responses.UserRoleResponse@7c982f0f]
2025-03-14 10:46:04 [http-nio-8081-exec-5] DEBUG o.s.o.j.s.OpenEntityManagerInViewInterceptor - Closing JPA EntityManager in OpenEntityManagerInViewInterceptor
2025-03-14 10:46:04 [http-nio-8081-exec-5] DEBUG o.s.web.servlet.DispatcherServlet - Completed 200 OK
2025-03-14 10:46:05 [http-nio-8081-exec-4] DEBUG o.s.security.web.FilterChainProxy - Securing GET /api/auth/current/user
2025-03-14 10:46:05 [http-nio-8081-exec-4] INFO  o.g.l.s.JwtAuthenticationFilter - doFilterInternal: Extracted username 'admin' from token.
2025-03-14 10:46:05 [http-nio-8081-exec-4] INFO  o.g.l.s.CustomUserDetailsService - loadUserByUsername: Searching for user: admin
2025-03-14 10:46:05 [http-nio-8081-exec-4] DEBUG o.s.o.j.SharedEntityManagerCreator$SharedEntityManagerInvocationHandler - Creating new EntityManager for shared EntityManager invocation
2025-03-14 10:46:05 [http-nio-8081-exec-4] DEBUG org.hibernate.SQL - select u1_0.id,u1_0.created_at,u1_0.email,u1_0.password,u1_0.updated_at,u1_0.username from users u1_0 where u1_0.username=?
2025-03-14 10:46:05 [http-nio-8081-exec-4] DEBUG org.hibernate.SQL - select r1_0.user_id,r1_1.id,r1_1.created_at,r1_1.name,p1_0.role_id,p1_1.id,p1_1.created_at,p1_1.description,p1_1.name,p1_1.updated_at,r1_1.updated_at from user_roles r1_0 join roles r1_1 on r1_1.id=r1_0.role_id left join role_permissions p1_0 on r1_1.id=p1_0.role_id left join permissions p1_1 on p1_1.id=p1_0.permission_id where r1_0.user_id=?
2025-03-14 10:46:05 [http-nio-8081-exec-4] INFO  o.g.l.s.CustomUserDetailsService - loadUserByUsername: User admin found with roles: [org.guidewire.login.model.Role@29caad7a]
2025-03-14 10:46:05 [http-nio-8081-exec-4] INFO  o.g.login.security.CustomUserDetails - Initializing CustomUserDetails for user: admin
2025-03-14 10:46:05 [http-nio-8081-exec-4] DEBUG o.g.login.security.CustomUserDetails - User admin has roles: [ADMIN]
2025-03-14 10:46:05 [http-nio-8081-exec-4] DEBUG o.g.login.security.CustomUserDetails - User admin has permissions: [DELETE_TASK, CREATE_TASK, VIEW_TASK, CLOSE_TASK, ASSIGN_TASK, COMMENT_TASK, EDIT_TASK]
2025-03-14 10:46:05 [http-nio-8081-exec-4] INFO  o.g.login.security.CustomUserDetails - CustomUserDetails initialized successfully for user: admin
2025-03-14 10:46:05 [http-nio-8081-exec-4] INFO  o.guidewire.login.security.JwtUtil - validateToken:JWT validated successfully for user: admin
2025-03-14 10:46:05 [http-nio-8081-exec-4] DEBUG o.g.login.security.CustomUserDetails - Fetching authorities for user: admin
2025-03-14 10:46:05 [http-nio-8081-exec-4] INFO  o.g.l.s.JwtAuthenticationFilter - doFilterInternal: Authentication successful for user 'admin'.
2025-03-14 10:46:05 [http-nio-8081-exec-4] DEBUG o.s.security.web.FilterChainProxy - Secured GET /api/auth/current/user
2025-03-14 10:46:05 [http-nio-8081-exec-4] DEBUG o.s.web.servlet.DispatcherServlet - GET "/api/auth/current/user", parameters={}
2025-03-14 10:46:05 [http-nio-8081-exec-4] DEBUG o.s.w.s.m.m.a.RequestMappingHandlerMapping - Mapped to org.guidewire.login.controller.AuthController#getCurrentUser(Principal)
2025-03-14 10:46:05 [http-nio-8081-exec-4] DEBUG o.s.o.j.s.OpenEntityManagerInViewInterceptor - Opening JPA EntityManager in OpenEntityManagerInViewInterceptor
2025-03-14 10:46:05 [http-nio-8081-exec-4] INFO  o.g.login.controller.AuthController - getCurrentUser: Fetching details for user: admin
2025-03-14 10:46:05 [http-nio-8081-exec-4] DEBUG o.g.login.services.AuthService - getUserDetails:Fetching user details for: admin
2025-03-14 10:46:05 [http-nio-8081-exec-4] DEBUG org.hibernate.SQL - select u1_0.id,u1_0.created_at,u1_0.email,u1_0.password,u1_0.updated_at,u1_0.username from users u1_0 where u1_0.username=?
2025-03-14 10:46:05 [http-nio-8081-exec-7] DEBUG o.s.security.web.FilterChainProxy - Securing GET /api/auth/users/list
2025-03-14 10:46:05 [http-nio-8081-exec-4] DEBUG org.hibernate.SQL - select r1_0.user_id,r1_1.id,r1_1.created_at,r1_1.name,p1_0.role_id,p1_1.id,p1_1.created_at,p1_1.description,p1_1.name,p1_1.updated_at,r1_1.updated_at from user_roles r1_0 join roles r1_1 on r1_1.id=r1_0.role_id left join role_permissions p1_0 on r1_1.id=p1_0.role_id left join permissions p1_1 on p1_1.id=p1_0.permission_id where r1_0.user_id=?
2025-03-14 10:46:05 [http-nio-8081-exec-7] INFO  o.g.l.s.JwtAuthenticationFilter - doFilterInternal: Extracted username 'admin' from token.
2025-03-14 10:46:05 [http-nio-8081-exec-7] INFO  o.g.l.s.CustomUserDetailsService - loadUserByUsername: Searching for user: admin
2025-03-14 10:46:05 [http-nio-8081-exec-4] INFO  o.g.login.controller.AuthController - getCurrentUser: Returning user details for admin
2025-03-14 10:46:05 [http-nio-8081-exec-7] DEBUG o.s.o.j.SharedEntityManagerCreator$SharedEntityManagerInvocationHandler - Creating new EntityManager for shared EntityManager invocation
2025-03-14 10:46:05 [http-nio-8081-exec-4] DEBUG o.s.w.s.m.m.a.HttpEntityMethodProcessor - Using 'application/json', given [*/*] and supported [application/json, application/*+json]
2025-03-14 10:46:05 [http-nio-8081-exec-4] DEBUG o.s.w.s.m.m.a.HttpEntityMethodProcessor - Writing [org.guidewire.login.dto.responses.UserResponse@4cee2099]
2025-03-14 10:46:05 [http-nio-8081-exec-7] DEBUG org.hibernate.SQL - select u1_0.id,u1_0.created_at,u1_0.email,u1_0.password,u1_0.updated_at,u1_0.username from users u1_0 where u1_0.username=?
2025-03-14 10:46:05 [http-nio-8081-exec-4] DEBUG o.s.o.j.s.OpenEntityManagerInViewInterceptor - Closing JPA EntityManager in OpenEntityManagerInViewInterceptor
2025-03-14 10:46:05 [http-nio-8081-exec-4] DEBUG o.s.web.servlet.DispatcherServlet - Completed 200 OK
2025-03-14 10:46:05 [http-nio-8081-exec-7] DEBUG org.hibernate.SQL - select r1_0.user_id,r1_1.id,r1_1.created_at,r1_1.name,p1_0.role_id,p1_1.id,p1_1.created_at,p1_1.description,p1_1.name,p1_1.updated_at,r1_1.updated_at from user_roles r1_0 join roles r1_1 on r1_1.id=r1_0.role_id left join role_permissions p1_0 on r1_1.id=p1_0.role_id left join permissions p1_1 on p1_1.id=p1_0.permission_id where r1_0.user_id=?
2025-03-14 10:46:05 [http-nio-8081-exec-7] INFO  o.g.l.s.CustomUserDetailsService - loadUserByUsername: User admin found with roles: [org.guidewire.login.model.Role@17d8756a]
2025-03-14 10:46:05 [http-nio-8081-exec-7] INFO  o.g.login.security.CustomUserDetails - Initializing CustomUserDetails for user: admin
2025-03-14 10:46:05 [http-nio-8081-exec-7] DEBUG o.g.login.security.CustomUserDetails - User admin has roles: [ADMIN]
2025-03-14 10:46:05 [http-nio-8081-exec-7] DEBUG o.g.login.security.CustomUserDetails - User admin has permissions: [DELETE_TASK, CREATE_TASK, VIEW_TASK, CLOSE_TASK, COMMENT_TASK, ASSIGN_TASK, EDIT_TASK]
2025-03-14 10:46:05 [http-nio-8081-exec-7] INFO  o.g.login.security.CustomUserDetails - CustomUserDetails initialized successfully for user: admin
2025-03-14 10:46:05 [http-nio-8081-exec-7] INFO  o.guidewire.login.security.JwtUtil - validateToken:JWT validated successfully for user: admin
2025-03-14 10:46:05 [http-nio-8081-exec-7] DEBUG o.g.login.security.CustomUserDetails - Fetching authorities for user: admin
2025-03-14 10:46:05 [http-nio-8081-exec-7] INFO  o.g.l.s.JwtAuthenticationFilter - doFilterInternal: Authentication successful for user 'admin'.
2025-03-14 10:46:05 [http-nio-8081-exec-7] DEBUG o.s.security.web.FilterChainProxy - Secured GET /api/auth/users/list
2025-03-14 10:46:05 [http-nio-8081-exec-7] DEBUG o.s.web.servlet.DispatcherServlet - GET "/api/auth/users/list", parameters={}
2025-03-14 10:46:05 [http-nio-8081-exec-7] DEBUG o.s.w.s.m.m.a.RequestMappingHandlerMapping - Mapped to org.guidewire.login.controller.UserController#getAllUsers()
2025-03-14 10:46:05 [http-nio-8081-exec-7] DEBUG o.s.o.j.s.OpenEntityManagerInViewInterceptor - Opening JPA EntityManager in OpenEntityManagerInViewInterceptor
2025-03-14 10:46:05 [http-nio-8081-exec-7] INFO  o.g.login.services.UserService - getAllUsers: Fetching all users from the database.
2025-03-14 10:46:05 [http-nio-8081-exec-7] DEBUG o.s.orm.jpa.JpaTransactionManager - Found thread-bound EntityManager [SessionImpl(810761544<open>)] for JPA transaction
2025-03-14 10:46:05 [http-nio-8081-exec-7] DEBUG o.s.orm.jpa.JpaTransactionManager - Creating new transaction with name [org.springframework.data.jpa.repository.support.SimpleJpaRepository.findAll]: PROPAGATION_REQUIRED,ISOLATION_DEFAULT,readOnly
2025-03-14 10:46:05 [http-nio-8081-exec-7] DEBUG o.s.jdbc.datasource.DataSourceUtils - Setting JDBC Connection [HikariProxyConnection@1198431883 wrapping org.postgresql.jdbc.PgConnection@4f51086e] read-only
2025-03-14 10:46:05 [http-nio-8081-exec-7] DEBUG o.s.orm.jpa.JpaTransactionManager - Exposing JPA transaction as JDBC [org.springframework.orm.jpa.vendor.HibernateJpaDialect$HibernateConnectionHandle@43c18ca1]
2025-03-14 10:46:05 [http-nio-8081-exec-7] DEBUG org.hibernate.SQL - select u1_0.id,u1_0.created_at,u1_0.email,u1_0.password,u1_0.updated_at,u1_0.username from users u1_0
2025-03-14 10:46:05 [http-nio-8081-exec-7] DEBUG org.hibernate.SQL - select r1_0.user_id,r1_1.id,r1_1.created_at,r1_1.name,p1_0.role_id,p1_1.id,p1_1.created_at,p1_1.description,p1_1.name,p1_1.updated_at,r1_1.updated_at from user_roles r1_0 join roles r1_1 on r1_1.id=r1_0.role_id left join role_permissions p1_0 on r1_1.id=p1_0.role_id left join permissions p1_1 on p1_1.id=p1_0.permission_id where r1_0.user_id=?
2025-03-14 10:46:05 [http-nio-8081-exec-7] DEBUG org.hibernate.SQL - select r1_0.user_id,r1_1.id,r1_1.created_at,r1_1.name,p1_0.role_id,p1_1.id,p1_1.created_at,p1_1.description,p1_1.name,p1_1.updated_at,r1_1.updated_at from user_roles r1_0 join roles r1_1 on r1_1.id=r1_0.role_id left join role_permissions p1_0 on r1_1.id=p1_0.role_id left join permissions p1_1 on p1_1.id=p1_0.permission_id where r1_0.user_id=?
2025-03-14 10:46:05 [http-nio-8081-exec-7] DEBUG org.hibernate.SQL - select r1_0.user_id,r1_1.id,r1_1.created_at,r1_1.name,p1_0.role_id,p1_1.id,p1_1.created_at,p1_1.description,p1_1.name,p1_1.updated_at,r1_1.updated_at from user_roles r1_0 join roles r1_1 on r1_1.id=r1_0.role_id left join role_permissions p1_0 on r1_1.id=p1_0.role_id left join permissions p1_1 on p1_1.id=p1_0.permission_id where r1_0.user_id=?
2025-03-14 10:46:05 [http-nio-8081-exec-7] DEBUG org.hibernate.SQL - select r1_0.user_id,r1_1.id,r1_1.created_at,r1_1.name,p1_0.role_id,p1_1.id,p1_1.created_at,p1_1.description,p1_1.name,p1_1.updated_at,r1_1.updated_at from user_roles r1_0 join roles r1_1 on r1_1.id=r1_0.role_id left join role_permissions p1_0 on r1_1.id=p1_0.role_id left join permissions p1_1 on p1_1.id=p1_0.permission_id where r1_0.user_id=?
2025-03-14 10:46:05 [http-nio-8081-exec-7] DEBUG org.hibernate.SQL - select r1_0.user_id,r1_1.id,r1_1.created_at,r1_1.name,p1_0.role_id,p1_1.id,p1_1.created_at,p1_1.description,p1_1.name,p1_1.updated_at,r1_1.updated_at from user_roles r1_0 join roles r1_1 on r1_1.id=r1_0.role_id left join role_permissions p1_0 on r1_1.id=p1_0.role_id left join permissions p1_1 on p1_1.id=p1_0.permission_id where r1_0.user_id=?
2025-03-14 10:46:05 [http-nio-8081-exec-7] DEBUG o.s.orm.jpa.JpaTransactionManager - Initiating transaction commit
2025-03-14 10:46:05 [http-nio-8081-exec-7] DEBUG o.s.orm.jpa.JpaTransactionManager - Committing JPA transaction on EntityManager [SessionImpl(810761544<open>)]
2025-03-14 10:46:05 [http-nio-8081-exec-7] DEBUG o.s.jdbc.datasource.DataSourceUtils - Resetting read-only flag of JDBC Connection [HikariProxyConnection@1198431883 wrapping org.postgresql.jdbc.PgConnection@4f51086e]
2025-03-14 10:46:05 [http-nio-8081-exec-7] DEBUG o.s.orm.jpa.JpaTransactionManager - Not closing pre-bound JPA EntityManager after transaction
2025-03-14 10:46:05 [http-nio-8081-exec-7] INFO  o.g.login.services.UserService - getAllUsers: Retrieved 5 users.
2025-03-14 10:46:05 [http-nio-8081-exec-7] DEBUG o.s.w.s.m.m.a.HttpEntityMethodProcessor - Using 'application/json', given [*/*] and supported [application/json, application/*+json]
2025-03-14 10:46:05 [http-nio-8081-exec-7] DEBUG o.s.w.s.m.m.a.HttpEntityMethodProcessor - Writing [[org.guidewire.login.dto.responses.UserResponse@76e9b1ea, org.guidewire.login.dto.responses.UserResp (truncated)...]
2025-03-14 10:46:05 [http-nio-8081-exec-7] DEBUG o.s.o.j.s.OpenEntityManagerInViewInterceptor - Closing JPA EntityManager in OpenEntityManagerInViewInterceptor
2025-03-14 10:46:05 [http-nio-8081-exec-7] DEBUG o.s.web.servlet.DispatcherServlet - Completed 200 OK
2025-03-14 10:46:07 [http-nio-8081-exec-6] DEBUG o.s.security.web.FilterChainProxy - Securing GET /api/auth/users/list
2025-03-14 10:46:07 [http-nio-8081-exec-6] INFO  o.g.l.s.JwtAuthenticationFilter - doFilterInternal: Extracted username 'admin' from token.
2025-03-14 10:46:07 [http-nio-8081-exec-6] INFO  o.g.l.s.CustomUserDetailsService - loadUserByUsername: Searching for user: admin
2025-03-14 10:46:07 [http-nio-8081-exec-6] DEBUG o.s.o.j.SharedEntityManagerCreator$SharedEntityManagerInvocationHandler - Creating new EntityManager for shared EntityManager invocation
2025-03-14 10:46:07 [http-nio-8081-exec-6] DEBUG org.hibernate.SQL - select u1_0.id,u1_0.created_at,u1_0.email,u1_0.password,u1_0.updated_at,u1_0.username from users u1_0 where u1_0.username=?
2025-03-14 10:46:07 [http-nio-8081-exec-6] DEBUG org.hibernate.SQL - select r1_0.user_id,r1_1.id,r1_1.created_at,r1_1.name,p1_0.role_id,p1_1.id,p1_1.created_at,p1_1.description,p1_1.name,p1_1.updated_at,r1_1.updated_at from user_roles r1_0 join roles r1_1 on r1_1.id=r1_0.role_id left join role_permissions p1_0 on r1_1.id=p1_0.role_id left join permissions p1_1 on p1_1.id=p1_0.permission_id where r1_0.user_id=?
2025-03-14 10:46:07 [http-nio-8081-exec-6] INFO  o.g.l.s.CustomUserDetailsService - loadUserByUsername: User admin found with roles: [org.guidewire.login.model.Role@7ccf81ea]
2025-03-14 10:46:07 [http-nio-8081-exec-6] INFO  o.g.login.security.CustomUserDetails - Initializing CustomUserDetails for user: admin
2025-03-14 10:46:07 [http-nio-8081-exec-6] DEBUG o.g.login.security.CustomUserDetails - User admin has roles: [ADMIN]
2025-03-14 10:46:07 [http-nio-8081-exec-6] DEBUG o.g.login.security.CustomUserDetails - User admin has permissions: [DELETE_TASK, CREATE_TASK, VIEW_TASK, CLOSE_TASK, COMMENT_TASK, ASSIGN_TASK, EDIT_TASK]
2025-03-14 10:46:07 [http-nio-8081-exec-6] INFO  o.g.login.security.CustomUserDetails - CustomUserDetails initialized successfully for user: admin
2025-03-14 10:46:07 [http-nio-8081-exec-6] INFO  o.guidewire.login.security.JwtUtil - validateToken:JWT validated successfully for user: admin
2025-03-14 10:46:07 [http-nio-8081-exec-6] DEBUG o.g.login.security.CustomUserDetails - Fetching authorities for user: admin
2025-03-14 10:46:07 [http-nio-8081-exec-6] INFO  o.g.l.s.JwtAuthenticationFilter - doFilterInternal: Authentication successful for user 'admin'.
2025-03-14 10:46:07 [http-nio-8081-exec-6] DEBUG o.s.security.web.FilterChainProxy - Secured GET /api/auth/users/list
2025-03-14 10:46:07 [http-nio-8081-exec-6] DEBUG o.s.web.servlet.DispatcherServlet - GET "/api/auth/users/list", parameters={}
2025-03-14 10:46:07 [http-nio-8081-exec-6] DEBUG o.s.w.s.m.m.a.RequestMappingHandlerMapping - Mapped to org.guidewire.login.controller.UserController#getAllUsers()
2025-03-14 10:46:07 [http-nio-8081-exec-6] DEBUG o.s.o.j.s.OpenEntityManagerInViewInterceptor - Opening JPA EntityManager in OpenEntityManagerInViewInterceptor
2025-03-14 10:46:07 [http-nio-8081-exec-6] INFO  o.g.login.services.UserService - getAllUsers: Fetching all users from the database.
2025-03-14 10:46:07 [http-nio-8081-exec-6] DEBUG o.s.orm.jpa.JpaTransactionManager - Found thread-bound EntityManager [SessionImpl(1291607930<open>)] for JPA transaction
2025-03-14 10:46:07 [http-nio-8081-exec-6] DEBUG o.s.orm.jpa.JpaTransactionManager - Creating new transaction with name [org.springframework.data.jpa.repository.support.SimpleJpaRepository.findAll]: PROPAGATION_REQUIRED,ISOLATION_DEFAULT,readOnly
2025-03-14 10:46:07 [http-nio-8081-exec-6] DEBUG o.s.jdbc.datasource.DataSourceUtils - Setting JDBC Connection [HikariProxyConnection@845665835 wrapping org.postgresql.jdbc.PgConnection@74473afa] read-only
2025-03-14 10:46:07 [http-nio-8081-exec-6] DEBUG o.s.orm.jpa.JpaTransactionManager - Exposing JPA transaction as JDBC [org.springframework.orm.jpa.vendor.HibernateJpaDialect$HibernateConnectionHandle@19587e1d]
2025-03-14 10:46:07 [http-nio-8081-exec-6] DEBUG org.hibernate.SQL - select u1_0.id,u1_0.created_at,u1_0.email,u1_0.password,u1_0.updated_at,u1_0.username from users u1_0
2025-03-14 10:46:07 [http-nio-8081-exec-6] DEBUG org.hibernate.SQL - select r1_0.user_id,r1_1.id,r1_1.created_at,r1_1.name,p1_0.role_id,p1_1.id,p1_1.created_at,p1_1.description,p1_1.name,p1_1.updated_at,r1_1.updated_at from user_roles r1_0 join roles r1_1 on r1_1.id=r1_0.role_id left join role_permissions p1_0 on r1_1.id=p1_0.role_id left join permissions p1_1 on p1_1.id=p1_0.permission_id where r1_0.user_id=?
2025-03-14 10:46:07 [http-nio-8081-exec-6] DEBUG org.hibernate.SQL - select r1_0.user_id,r1_1.id,r1_1.created_at,r1_1.name,p1_0.role_id,p1_1.id,p1_1.created_at,p1_1.description,p1_1.name,p1_1.updated_at,r1_1.updated_at from user_roles r1_0 join roles r1_1 on r1_1.id=r1_0.role_id left join role_permissions p1_0 on r1_1.id=p1_0.role_id left join permissions p1_1 on p1_1.id=p1_0.permission_id where r1_0.user_id=?
2025-03-14 10:46:07 [http-nio-8081-exec-6] DEBUG org.hibernate.SQL - select r1_0.user_id,r1_1.id,r1_1.created_at,r1_1.name,p1_0.role_id,p1_1.id,p1_1.created_at,p1_1.description,p1_1.name,p1_1.updated_at,r1_1.updated_at from user_roles r1_0 join roles r1_1 on r1_1.id=r1_0.role_id left join role_permissions p1_0 on r1_1.id=p1_0.role_id left join permissions p1_1 on p1_1.id=p1_0.permission_id where r1_0.user_id=?
2025-03-14 10:46:07 [http-nio-8081-exec-6] DEBUG org.hibernate.SQL - select r1_0.user_id,r1_1.id,r1_1.created_at,r1_1.name,p1_0.role_id,p1_1.id,p1_1.created_at,p1_1.description,p1_1.name,p1_1.updated_at,r1_1.updated_at from user_roles r1_0 join roles r1_1 on r1_1.id=r1_0.role_id left join role_permissions p1_0 on r1_1.id=p1_0.role_id left join permissions p1_1 on p1_1.id=p1_0.permission_id where r1_0.user_id=?
2025-03-14 10:46:07 [http-nio-8081-exec-6] DEBUG org.hibernate.SQL - select r1_0.user_id,r1_1.id,r1_1.created_at,r1_1.name,p1_0.role_id,p1_1.id,p1_1.created_at,p1_1.description,p1_1.name,p1_1.updated_at,r1_1.updated_at from user_roles r1_0 join roles r1_1 on r1_1.id=r1_0.role_id left join role_permissions p1_0 on r1_1.id=p1_0.role_id left join permissions p1_1 on p1_1.id=p1_0.permission_id where r1_0.user_id=?
2025-03-14 10:46:07 [http-nio-8081-exec-6] DEBUG o.s.orm.jpa.JpaTransactionManager - Initiating transaction commit
2025-03-14 10:46:07 [http-nio-8081-exec-6] DEBUG o.s.orm.jpa.JpaTransactionManager - Committing JPA transaction on EntityManager [SessionImpl(1291607930<open>)]
2025-03-14 10:46:07 [http-nio-8081-exec-6] DEBUG o.s.jdbc.datasource.DataSourceUtils - Resetting read-only flag of JDBC Connection [HikariProxyConnection@845665835 wrapping org.postgresql.jdbc.PgConnection@74473afa]
2025-03-14 10:46:07 [http-nio-8081-exec-6] DEBUG o.s.orm.jpa.JpaTransactionManager - Not closing pre-bound JPA EntityManager after transaction
2025-03-14 10:46:07 [http-nio-8081-exec-6] INFO  o.g.login.services.UserService - getAllUsers: Retrieved 5 users.
2025-03-14 10:46:07 [http-nio-8081-exec-6] DEBUG o.s.w.s.m.m.a.HttpEntityMethodProcessor - Using 'application/json', given [*/*] and supported [application/json, application/*+json]
2025-03-14 10:46:07 [http-nio-8081-exec-6] DEBUG o.s.w.s.m.m.a.HttpEntityMethodProcessor - Writing [[org.guidewire.login.dto.responses.UserResponse@5c5a0a36, org.guidewire.login.dto.responses.UserResp (truncated)...]
2025-03-14 10:46:07 [http-nio-8081-exec-6] DEBUG o.s.o.j.s.OpenEntityManagerInViewInterceptor - Closing JPA EntityManager in OpenEntityManagerInViewInterceptor
2025-03-14 10:46:07 [http-nio-8081-exec-6] DEBUG o.s.web.servlet.DispatcherServlet - Completed 200 OK
2025-03-14 10:46:07 [http-nio-8081-exec-8] DEBUG o.s.security.web.FilterChainProxy - Securing GET /api/auth/user/details
2025-03-14 10:46:07 [http-nio-8081-exec-8] DEBUG o.g.l.s.JwtAuthenticationFilter - doFilterInternal: No valid Authorization header found, skipping JWT processing.
2025-03-14 10:46:07 [http-nio-8081-exec-8] DEBUG o.s.s.w.a.AnonymousAuthenticationFilter - Set SecurityContextHolder to anonymous SecurityContext
2025-03-14 10:46:07 [http-nio-8081-exec-8] DEBUG o.s.security.web.FilterChainProxy - Secured GET /api/auth/user/details
2025-03-14 10:46:07 [http-nio-8081-exec-8] DEBUG o.s.web.servlet.DispatcherServlet - GET "/api/auth/user/details", parameters={}
2025-03-14 10:46:07 [http-nio-8081-exec-8] DEBUG o.s.w.s.m.m.a.RequestMappingHandlerMapping - Mapped to org.guidewire.login.controller.AuthController#fetchUserDetails(List)
2025-03-14 10:46:07 [http-nio-8081-exec-8] DEBUG o.s.o.j.s.OpenEntityManagerInViewInterceptor - Opening JPA EntityManager in OpenEntityManagerInViewInterceptor
2025-03-14 10:46:07 [http-nio-8081-exec-8] DEBUG o.s.w.s.m.m.a.RequestResponseBodyMethodProcessor - Read "application/json;charset=UTF-8" to [[null]]
2025-03-14 10:46:07 [http-nio-8081-exec-8] INFO  o.g.login.controller.AuthController - fetchUserDetails: Fetching details for users with IDs: [null]
2025-03-14 10:46:07 [http-nio-8081-exec-8] DEBUG o.s.orm.jpa.JpaTransactionManager - Found thread-bound EntityManager [SessionImpl(888570711<open>)] for JPA transaction
2025-03-14 10:46:07 [http-nio-8081-exec-8] DEBUG o.s.orm.jpa.JpaTransactionManager - Creating new transaction with name [org.springframework.data.jpa.repository.support.SimpleJpaRepository.findAllById]: PROPAGATION_REQUIRED,ISOLATION_DEFAULT,readOnly
2025-03-14 10:46:07 [http-nio-8081-exec-8] DEBUG o.s.jdbc.datasource.DataSourceUtils - Setting JDBC Connection [HikariProxyConnection@281741310 wrapping org.postgresql.jdbc.PgConnection@74473afa] read-only
2025-03-14 10:46:07 [http-nio-8081-exec-8] DEBUG o.s.orm.jpa.JpaTransactionManager - Exposing JPA transaction as JDBC [org.springframework.orm.jpa.vendor.HibernateJpaDialect$HibernateConnectionHandle@4572da]
2025-03-14 10:46:07 [http-nio-8081-exec-8] DEBUG org.hibernate.SQL - select u1_0.id,u1_0.created_at,u1_0.email,u1_0.password,u1_0.updated_at,u1_0.username from users u1_0 where u1_0.id in (?)
2025-03-14 10:46:07 [http-nio-8081-exec-8] DEBUG o.s.orm.jpa.JpaTransactionManager - Initiating transaction commit
2025-03-14 10:46:07 [http-nio-8081-exec-8] DEBUG o.s.orm.jpa.JpaTransactionManager - Committing JPA transaction on EntityManager [SessionImpl(888570711<open>)]
2025-03-14 10:46:07 [http-nio-8081-exec-8] DEBUG o.s.jdbc.datasource.DataSourceUtils - Resetting read-only flag of JDBC Connection [HikariProxyConnection@281741310 wrapping org.postgresql.jdbc.PgConnection@74473afa]
2025-03-14 10:46:07 [http-nio-8081-exec-8] DEBUG o.s.orm.jpa.JpaTransactionManager - Not closing pre-bound JPA EntityManager after transaction
2025-03-14 10:46:07 [http-nio-8081-exec-8] INFO  o.g.login.controller.AuthController - fetchUserDetails: Returning user details for users: []
2025-03-14 10:46:07 [http-nio-8081-exec-8] DEBUG o.s.w.s.m.m.a.HttpEntityMethodProcessor - Using 'application/json', given [*/*] and supported [application/json, application/*+json]
2025-03-14 10:46:07 [http-nio-8081-exec-8] DEBUG o.s.w.s.m.m.a.HttpEntityMethodProcessor - Writing [[]]
2025-03-14 10:46:07 [http-nio-8081-exec-8] DEBUG o.s.o.j.s.OpenEntityManagerInViewInterceptor - Closing JPA EntityManager in OpenEntityManagerInViewInterceptor
2025-03-14 10:46:07 [http-nio-8081-exec-8] DEBUG o.s.web.servlet.DispatcherServlet - Completed 200 OK
2025-03-14 10:46:43 [http-nio-8081-exec-9] DEBUG o.s.security.web.FilterChainProxy - Securing GET /api/auth/check-admin
2025-03-14 10:46:43 [http-nio-8081-exec-9] INFO  o.g.l.s.JwtAuthenticationFilter - doFilterInternal: Extracted username 'admin' from token.
2025-03-14 10:46:43 [http-nio-8081-exec-9] INFO  o.g.l.s.CustomUserDetailsService - loadUserByUsername: Searching for user: admin
2025-03-14 10:46:43 [http-nio-8081-exec-9] DEBUG o.s.o.j.SharedEntityManagerCreator$SharedEntityManagerInvocationHandler - Creating new EntityManager for shared EntityManager invocation
2025-03-14 10:46:43 [http-nio-8081-exec-9] DEBUG org.hibernate.SQL - select u1_0.id,u1_0.created_at,u1_0.email,u1_0.password,u1_0.updated_at,u1_0.username from users u1_0 where u1_0.username=?
2025-03-14 10:46:43 [http-nio-8081-exec-9] DEBUG org.hibernate.SQL - select r1_0.user_id,r1_1.id,r1_1.created_at,r1_1.name,p1_0.role_id,p1_1.id,p1_1.created_at,p1_1.description,p1_1.name,p1_1.updated_at,r1_1.updated_at from user_roles r1_0 join roles r1_1 on r1_1.id=r1_0.role_id left join role_permissions p1_0 on r1_1.id=p1_0.role_id left join permissions p1_1 on p1_1.id=p1_0.permission_id where r1_0.user_id=?
2025-03-14 10:46:43 [http-nio-8081-exec-9] INFO  o.g.l.s.CustomUserDetailsService - loadUserByUsername: User admin found with roles: [org.guidewire.login.model.Role@6d5ed285]
2025-03-14 10:46:43 [http-nio-8081-exec-9] INFO  o.g.login.security.CustomUserDetails - Initializing CustomUserDetails for user: admin
2025-03-14 10:46:43 [http-nio-8081-exec-9] DEBUG o.g.login.security.CustomUserDetails - User admin has roles: [ADMIN]
2025-03-14 10:46:43 [http-nio-8081-exec-9] DEBUG o.g.login.security.CustomUserDetails - User admin has permissions: [DELETE_TASK, CREATE_TASK, VIEW_TASK, CLOSE_TASK, ASSIGN_TASK, COMMENT_TASK, EDIT_TASK]
2025-03-14 10:46:43 [http-nio-8081-exec-9] INFO  o.g.login.security.CustomUserDetails - CustomUserDetails initialized successfully for user: admin
2025-03-14 10:46:43 [http-nio-8081-exec-9] INFO  o.guidewire.login.security.JwtUtil - validateToken:JWT validated successfully for user: admin
2025-03-14 10:46:43 [http-nio-8081-exec-9] DEBUG o.g.login.security.CustomUserDetails - Fetching authorities for user: admin
2025-03-14 10:46:43 [http-nio-8081-exec-9] INFO  o.g.l.s.JwtAuthenticationFilter - doFilterInternal: Authentication successful for user 'admin'.
2025-03-14 10:46:43 [http-nio-8081-exec-9] DEBUG o.s.security.web.FilterChainProxy - Secured GET /api/auth/check-admin
2025-03-14 10:46:43 [http-nio-8081-exec-9] DEBUG o.s.web.servlet.DispatcherServlet - GET "/api/auth/check-admin", parameters={}
2025-03-14 10:46:43 [http-nio-8081-exec-9] DEBUG o.s.w.s.m.m.a.RequestMappingHandlerMapping - Mapped to org.guidewire.login.controller.AuthController#checkIfAdmin(UserDetails)
2025-03-14 10:46:43 [http-nio-8081-exec-9] DEBUG o.s.o.j.s.OpenEntityManagerInViewInterceptor - Opening JPA EntityManager in OpenEntityManagerInViewInterceptor
2025-03-14 10:46:43 [http-nio-8081-exec-9] DEBUG o.g.login.security.CustomUserDetails - Fetching authorities for user: admin
2025-03-14 10:46:43 [http-nio-8081-exec-9] DEBUG o.s.w.s.m.m.a.HttpEntityMethodProcessor - Using 'application/json', given [*/*] and supported [application/json, application/*+json]
2025-03-14 10:46:43 [http-nio-8081-exec-9] DEBUG o.s.w.s.m.m.a.HttpEntityMethodProcessor - Writing [org.guidewire.login.dto.responses.UserRoleResponse@128e8efc]
2025-03-14 10:46:43 [http-nio-8081-exec-9] DEBUG o.s.o.j.s.OpenEntityManagerInViewInterceptor - Closing JPA EntityManager in OpenEntityManagerInViewInterceptor
2025-03-14 10:46:43 [http-nio-8081-exec-9] DEBUG o.s.web.servlet.DispatcherServlet - Completed 200 OK
2025-03-14 10:46:43 [http-nio-8081-exec-1] DEBUG o.s.security.web.FilterChainProxy - Securing GET /api/auth/users/list
2025-03-14 10:46:43 [http-nio-8081-exec-1] INFO  o.g.l.s.JwtAuthenticationFilter - doFilterInternal: Extracted username 'admin' from token.
2025-03-14 10:46:43 [http-nio-8081-exec-1] INFO  o.g.l.s.CustomUserDetailsService - loadUserByUsername: Searching for user: admin
2025-03-14 10:46:43 [http-nio-8081-exec-1] DEBUG o.s.o.j.SharedEntityManagerCreator$SharedEntityManagerInvocationHandler - Creating new EntityManager for shared EntityManager invocation
2025-03-14 10:46:43 [http-nio-8081-exec-1] DEBUG org.hibernate.SQL - select u1_0.id,u1_0.created_at,u1_0.email,u1_0.password,u1_0.updated_at,u1_0.username from users u1_0 where u1_0.username=?
2025-03-14 10:46:43 [http-nio-8081-exec-1] DEBUG org.hibernate.SQL - select r1_0.user_id,r1_1.id,r1_1.created_at,r1_1.name,p1_0.role_id,p1_1.id,p1_1.created_at,p1_1.description,p1_1.name,p1_1.updated_at,r1_1.updated_at from user_roles r1_0 join roles r1_1 on r1_1.id=r1_0.role_id left join role_permissions p1_0 on r1_1.id=p1_0.role_id left join permissions p1_1 on p1_1.id=p1_0.permission_id where r1_0.user_id=?
2025-03-14 10:46:43 [http-nio-8081-exec-1] INFO  o.g.l.s.CustomUserDetailsService - loadUserByUsername: User admin found with roles: [org.guidewire.login.model.Role@376f6b59]
2025-03-14 10:46:43 [http-nio-8081-exec-1] INFO  o.g.login.security.CustomUserDetails - Initializing CustomUserDetails for user: admin
2025-03-14 10:46:43 [http-nio-8081-exec-1] DEBUG o.g.login.security.CustomUserDetails - User admin has roles: [ADMIN]
2025-03-14 10:46:43 [http-nio-8081-exec-1] DEBUG o.g.login.security.CustomUserDetails - User admin has permissions: [DELETE_TASK, CREATE_TASK, CLOSE_TASK, VIEW_TASK, COMMENT_TASK, ASSIGN_TASK, EDIT_TASK]
2025-03-14 10:46:43 [http-nio-8081-exec-1] INFO  o.g.login.security.CustomUserDetails - CustomUserDetails initialized successfully for user: admin
2025-03-14 10:46:43 [http-nio-8081-exec-1] INFO  o.guidewire.login.security.JwtUtil - validateToken:JWT validated successfully for user: admin
2025-03-14 10:46:43 [http-nio-8081-exec-1] DEBUG o.g.login.security.CustomUserDetails - Fetching authorities for user: admin
2025-03-14 10:46:43 [http-nio-8081-exec-1] INFO  o.g.l.s.JwtAuthenticationFilter - doFilterInternal: Authentication successful for user 'admin'.
2025-03-14 10:46:43 [http-nio-8081-exec-1] DEBUG o.s.security.web.FilterChainProxy - Secured GET /api/auth/users/list
2025-03-14 10:46:43 [http-nio-8081-exec-1] DEBUG o.s.web.servlet.DispatcherServlet - GET "/api/auth/users/list", parameters={}
2025-03-14 10:46:43 [http-nio-8081-exec-1] DEBUG o.s.w.s.m.m.a.RequestMappingHandlerMapping - Mapped to org.guidewire.login.controller.UserController#getAllUsers()
2025-03-14 10:46:43 [http-nio-8081-exec-1] DEBUG o.s.o.j.s.OpenEntityManagerInViewInterceptor - Opening JPA EntityManager in OpenEntityManagerInViewInterceptor
2025-03-14 10:46:43 [http-nio-8081-exec-1] INFO  o.g.login.services.UserService - getAllUsers: Fetching all users from the database.
2025-03-14 10:46:43 [http-nio-8081-exec-1] DEBUG o.s.orm.jpa.JpaTransactionManager - Found thread-bound EntityManager [SessionImpl(1694560099<open>)] for JPA transaction
2025-03-14 10:46:43 [http-nio-8081-exec-1] DEBUG o.s.orm.jpa.JpaTransactionManager - Creating new transaction with name [org.springframework.data.jpa.repository.support.SimpleJpaRepository.findAll]: PROPAGATION_REQUIRED,ISOLATION_DEFAULT,readOnly
2025-03-14 10:46:43 [http-nio-8081-exec-1] DEBUG o.s.jdbc.datasource.DataSourceUtils - Setting JDBC Connection [HikariProxyConnection@675952987 wrapping org.postgresql.jdbc.PgConnection@74473afa] read-only
2025-03-14 10:46:43 [http-nio-8081-exec-1] DEBUG o.s.orm.jpa.JpaTransactionManager - Exposing JPA transaction as JDBC [org.springframework.orm.jpa.vendor.HibernateJpaDialect$HibernateConnectionHandle@584566a9]
2025-03-14 10:46:43 [http-nio-8081-exec-1] DEBUG org.hibernate.SQL - select u1_0.id,u1_0.created_at,u1_0.email,u1_0.password,u1_0.updated_at,u1_0.username from users u1_0
2025-03-14 10:46:43 [http-nio-8081-exec-1] DEBUG org.hibernate.SQL - select r1_0.user_id,r1_1.id,r1_1.created_at,r1_1.name,p1_0.role_id,p1_1.id,p1_1.created_at,p1_1.description,p1_1.name,p1_1.updated_at,r1_1.updated_at from user_roles r1_0 join roles r1_1 on r1_1.id=r1_0.role_id left join role_permissions p1_0 on r1_1.id=p1_0.role_id left join permissions p1_1 on p1_1.id=p1_0.permission_id where r1_0.user_id=?
2025-03-14 10:46:43 [http-nio-8081-exec-1] DEBUG org.hibernate.SQL - select r1_0.user_id,r1_1.id,r1_1.created_at,r1_1.name,p1_0.role_id,p1_1.id,p1_1.created_at,p1_1.description,p1_1.name,p1_1.updated_at,r1_1.updated_at from user_roles r1_0 join roles r1_1 on r1_1.id=r1_0.role_id left join role_permissions p1_0 on r1_1.id=p1_0.role_id left join permissions p1_1 on p1_1.id=p1_0.permission_id where r1_0.user_id=?
2025-03-14 10:46:43 [http-nio-8081-exec-1] DEBUG org.hibernate.SQL - select r1_0.user_id,r1_1.id,r1_1.created_at,r1_1.name,p1_0.role_id,p1_1.id,p1_1.created_at,p1_1.description,p1_1.name,p1_1.updated_at,r1_1.updated_at from user_roles r1_0 join roles r1_1 on r1_1.id=r1_0.role_id left join role_permissions p1_0 on r1_1.id=p1_0.role_id left join permissions p1_1 on p1_1.id=p1_0.permission_id where r1_0.user_id=?
2025-03-14 10:46:43 [http-nio-8081-exec-1] DEBUG org.hibernate.SQL - select r1_0.user_id,r1_1.id,r1_1.created_at,r1_1.name,p1_0.role_id,p1_1.id,p1_1.created_at,p1_1.description,p1_1.name,p1_1.updated_at,r1_1.updated_at from user_roles r1_0 join roles r1_1 on r1_1.id=r1_0.role_id left join role_permissions p1_0 on r1_1.id=p1_0.role_id left join permissions p1_1 on p1_1.id=p1_0.permission_id where r1_0.user_id=?
2025-03-14 10:46:43 [http-nio-8081-exec-1] DEBUG org.hibernate.SQL - select r1_0.user_id,r1_1.id,r1_1.created_at,r1_1.name,p1_0.role_id,p1_1.id,p1_1.created_at,p1_1.description,p1_1.name,p1_1.updated_at,r1_1.updated_at from user_roles r1_0 join roles r1_1 on r1_1.id=r1_0.role_id left join role_permissions p1_0 on r1_1.id=p1_0.role_id left join permissions p1_1 on p1_1.id=p1_0.permission_id where r1_0.user_id=?
2025-03-14 10:46:43 [http-nio-8081-exec-1] DEBUG o.s.orm.jpa.JpaTransactionManager - Initiating transaction commit
2025-03-14 10:46:43 [http-nio-8081-exec-1] DEBUG o.s.orm.jpa.JpaTransactionManager - Committing JPA transaction on EntityManager [SessionImpl(1694560099<open>)]
2025-03-14 10:46:43 [http-nio-8081-exec-1] DEBUG o.s.jdbc.datasource.DataSourceUtils - Resetting read-only flag of JDBC Connection [HikariProxyConnection@675952987 wrapping org.postgresql.jdbc.PgConnection@74473afa]
2025-03-14 10:46:43 [http-nio-8081-exec-1] DEBUG o.s.orm.jpa.JpaTransactionManager - Not closing pre-bound JPA EntityManager after transaction
2025-03-14 10:46:43 [http-nio-8081-exec-1] INFO  o.g.login.services.UserService - getAllUsers: Retrieved 5 users.
2025-03-14 10:46:43 [http-nio-8081-exec-1] DEBUG o.s.w.s.m.m.a.HttpEntityMethodProcessor - Using 'application/json', given [*/*] and supported [application/json, application/*+json]
2025-03-14 10:46:43 [http-nio-8081-exec-1] DEBUG o.s.w.s.m.m.a.HttpEntityMethodProcessor - Writing [[org.guidewire.login.dto.responses.UserResponse@6503aec9, org.guidewire.login.dto.responses.UserResp (truncated)...]
2025-03-14 10:46:43 [http-nio-8081-exec-1] DEBUG o.s.o.j.s.OpenEntityManagerInViewInterceptor - Closing JPA EntityManager in OpenEntityManagerInViewInterceptor
2025-03-14 10:46:43 [http-nio-8081-exec-1] DEBUG o.s.web.servlet.DispatcherServlet - Completed 200 OK
2025-03-14 10:46:43 [http-nio-8081-exec-10] DEBUG o.s.security.web.FilterChainProxy - Securing GET /api/auth/current/user
2025-03-14 10:46:43 [http-nio-8081-exec-10] INFO  o.g.l.s.JwtAuthenticationFilter - doFilterInternal: Extracted username 'admin' from token.
2025-03-14 10:46:43 [http-nio-8081-exec-10] INFO  o.g.l.s.CustomUserDetailsService - loadUserByUsername: Searching for user: admin
2025-03-14 10:46:43 [http-nio-8081-exec-10] DEBUG o.s.o.j.SharedEntityManagerCreator$SharedEntityManagerInvocationHandler - Creating new EntityManager for shared EntityManager invocation
2025-03-14 10:46:43 [http-nio-8081-exec-10] DEBUG org.hibernate.SQL - select u1_0.id,u1_0.created_at,u1_0.email,u1_0.password,u1_0.updated_at,u1_0.username from users u1_0 where u1_0.username=?
2025-03-14 10:46:43 [http-nio-8081-exec-10] DEBUG org.hibernate.SQL - select r1_0.user_id,r1_1.id,r1_1.created_at,r1_1.name,p1_0.role_id,p1_1.id,p1_1.created_at,p1_1.description,p1_1.name,p1_1.updated_at,r1_1.updated_at from user_roles r1_0 join roles r1_1 on r1_1.id=r1_0.role_id left join role_permissions p1_0 on r1_1.id=p1_0.role_id left join permissions p1_1 on p1_1.id=p1_0.permission_id where r1_0.user_id=?
2025-03-14 10:46:43 [http-nio-8081-exec-10] INFO  o.g.l.s.CustomUserDetailsService - loadUserByUsername: User admin found with roles: [org.guidewire.login.model.Role@4de10812]
2025-03-14 10:46:43 [http-nio-8081-exec-10] INFO  o.g.login.security.CustomUserDetails - Initializing CustomUserDetails for user: admin
2025-03-14 10:46:43 [http-nio-8081-exec-10] DEBUG o.g.login.security.CustomUserDetails - User admin has roles: [ADMIN]
2025-03-14 10:46:43 [http-nio-8081-exec-10] DEBUG o.g.login.security.CustomUserDetails - User admin has permissions: [DELETE_TASK, CREATE_TASK, VIEW_TASK, CLOSE_TASK, COMMENT_TASK, ASSIGN_TASK, EDIT_TASK]
2025-03-14 10:46:43 [http-nio-8081-exec-10] INFO  o.g.login.security.CustomUserDetails - CustomUserDetails initialized successfully for user: admin
2025-03-14 10:46:43 [http-nio-8081-exec-10] INFO  o.guidewire.login.security.JwtUtil - validateToken:JWT validated successfully for user: admin
2025-03-14 10:46:43 [http-nio-8081-exec-10] DEBUG o.g.login.security.CustomUserDetails - Fetching authorities for user: admin
2025-03-14 10:46:43 [http-nio-8081-exec-10] INFO  o.g.l.s.JwtAuthenticationFilter - doFilterInternal: Authentication successful for user 'admin'.
2025-03-14 10:46:43 [http-nio-8081-exec-10] DEBUG o.s.security.web.FilterChainProxy - Secured GET /api/auth/current/user
2025-03-14 10:46:43 [http-nio-8081-exec-10] DEBUG o.s.web.servlet.DispatcherServlet - GET "/api/auth/current/user", parameters={}
2025-03-14 10:46:43 [http-nio-8081-exec-10] DEBUG o.s.w.s.m.m.a.RequestMappingHandlerMapping - Mapped to org.guidewire.login.controller.AuthController#getCurrentUser(Principal)
2025-03-14 10:46:43 [http-nio-8081-exec-10] DEBUG o.s.o.j.s.OpenEntityManagerInViewInterceptor - Opening JPA EntityManager in OpenEntityManagerInViewInterceptor
2025-03-14 10:46:43 [http-nio-8081-exec-10] INFO  o.g.login.controller.AuthController - getCurrentUser: Fetching details for user: admin
2025-03-14 10:46:43 [http-nio-8081-exec-10] DEBUG o.g.login.services.AuthService - getUserDetails:Fetching user details for: admin
2025-03-14 10:46:43 [http-nio-8081-exec-10] DEBUG org.hibernate.SQL - select u1_0.id,u1_0.created_at,u1_0.email,u1_0.password,u1_0.updated_at,u1_0.username from users u1_0 where u1_0.username=?
2025-03-14 10:46:43 [http-nio-8081-exec-10] DEBUG org.hibernate.SQL - select r1_0.user_id,r1_1.id,r1_1.created_at,r1_1.name,p1_0.role_id,p1_1.id,p1_1.created_at,p1_1.description,p1_1.name,p1_1.updated_at,r1_1.updated_at from user_roles r1_0 join roles r1_1 on r1_1.id=r1_0.role_id left join role_permissions p1_0 on r1_1.id=p1_0.role_id left join permissions p1_1 on p1_1.id=p1_0.permission_id where r1_0.user_id=?
2025-03-14 10:46:43 [http-nio-8081-exec-10] INFO  o.g.login.controller.AuthController - getCurrentUser: Returning user details for admin
2025-03-14 10:46:43 [http-nio-8081-exec-10] DEBUG o.s.w.s.m.m.a.HttpEntityMethodProcessor - Using 'application/json', given [*/*] and supported [application/json, application/*+json]
2025-03-14 10:46:43 [http-nio-8081-exec-10] DEBUG o.s.w.s.m.m.a.HttpEntityMethodProcessor - Writing [org.guidewire.login.dto.responses.UserResponse@5e637af0]
2025-03-14 10:46:43 [http-nio-8081-exec-10] DEBUG o.s.o.j.s.OpenEntityManagerInViewInterceptor - Closing JPA EntityManager in OpenEntityManagerInViewInterceptor
2025-03-14 10:46:43 [http-nio-8081-exec-10] DEBUG o.s.web.servlet.DispatcherServlet - Completed 200 OK
2025-03-14 10:46:49 [http-nio-8081-exec-3] DEBUG o.s.security.web.FilterChainProxy - Securing GET /api/auth/users/list
2025-03-14 10:46:49 [http-nio-8081-exec-3] INFO  o.g.l.s.JwtAuthenticationFilter - doFilterInternal: Extracted username 'admin' from token.
2025-03-14 10:46:49 [http-nio-8081-exec-3] INFO  o.g.l.s.CustomUserDetailsService - loadUserByUsername: Searching for user: admin
2025-03-14 10:46:49 [http-nio-8081-exec-3] DEBUG o.s.o.j.SharedEntityManagerCreator$SharedEntityManagerInvocationHandler - Creating new EntityManager for shared EntityManager invocation
2025-03-14 10:46:49 [http-nio-8081-exec-3] DEBUG org.hibernate.SQL - select u1_0.id,u1_0.created_at,u1_0.email,u1_0.password,u1_0.updated_at,u1_0.username from users u1_0 where u1_0.username=?
2025-03-14 10:46:49 [http-nio-8081-exec-3] DEBUG org.hibernate.SQL - select r1_0.user_id,r1_1.id,r1_1.created_at,r1_1.name,p1_0.role_id,p1_1.id,p1_1.created_at,p1_1.description,p1_1.name,p1_1.updated_at,r1_1.updated_at from user_roles r1_0 join roles r1_1 on r1_1.id=r1_0.role_id left join role_permissions p1_0 on r1_1.id=p1_0.role_id left join permissions p1_1 on p1_1.id=p1_0.permission_id where r1_0.user_id=?
2025-03-14 10:46:49 [http-nio-8081-exec-3] INFO  o.g.l.s.CustomUserDetailsService - loadUserByUsername: User admin found with roles: [org.guidewire.login.model.Role@2b708514]
2025-03-14 10:46:49 [http-nio-8081-exec-3] INFO  o.g.login.security.CustomUserDetails - Initializing CustomUserDetails for user: admin
2025-03-14 10:46:49 [http-nio-8081-exec-3] DEBUG o.g.login.security.CustomUserDetails - User admin has roles: [ADMIN]
2025-03-14 10:46:49 [http-nio-8081-exec-3] DEBUG o.g.login.security.CustomUserDetails - User admin has permissions: [DELETE_TASK, CREATE_TASK, CLOSE_TASK, VIEW_TASK, ASSIGN_TASK, COMMENT_TASK, EDIT_TASK]
2025-03-14 10:46:49 [http-nio-8081-exec-3] INFO  o.g.login.security.CustomUserDetails - CustomUserDetails initialized successfully for user: admin
2025-03-14 10:46:49 [http-nio-8081-exec-3] INFO  o.guidewire.login.security.JwtUtil - validateToken:JWT validated successfully for user: admin
2025-03-14 10:46:49 [http-nio-8081-exec-3] DEBUG o.g.login.security.CustomUserDetails - Fetching authorities for user: admin
2025-03-14 10:46:49 [http-nio-8081-exec-3] INFO  o.g.l.s.JwtAuthenticationFilter - doFilterInternal: Authentication successful for user 'admin'.
2025-03-14 10:46:49 [http-nio-8081-exec-3] DEBUG o.s.security.web.FilterChainProxy - Secured GET /api/auth/users/list
2025-03-14 10:46:49 [http-nio-8081-exec-3] DEBUG o.s.web.servlet.DispatcherServlet - GET "/api/auth/users/list", parameters={}
2025-03-14 10:46:49 [http-nio-8081-exec-3] DEBUG o.s.w.s.m.m.a.RequestMappingHandlerMapping - Mapped to org.guidewire.login.controller.UserController#getAllUsers()
2025-03-14 10:46:49 [http-nio-8081-exec-3] DEBUG o.s.o.j.s.OpenEntityManagerInViewInterceptor - Opening JPA EntityManager in OpenEntityManagerInViewInterceptor
2025-03-14 10:46:49 [http-nio-8081-exec-3] INFO  o.g.login.services.UserService - getAllUsers: Fetching all users from the database.
2025-03-14 10:46:49 [http-nio-8081-exec-3] DEBUG o.s.orm.jpa.JpaTransactionManager - Found thread-bound EntityManager [SessionImpl(1458536103<open>)] for JPA transaction
2025-03-14 10:46:49 [http-nio-8081-exec-3] DEBUG o.s.orm.jpa.JpaTransactionManager - Creating new transaction with name [org.springframework.data.jpa.repository.support.SimpleJpaRepository.findAll]: PROPAGATION_REQUIRED,ISOLATION_DEFAULT,readOnly
2025-03-14 10:46:49 [http-nio-8081-exec-3] DEBUG o.s.jdbc.datasource.DataSourceUtils - Setting JDBC Connection [HikariProxyConnection@231212714 wrapping org.postgresql.jdbc.PgConnection@74473afa] read-only
2025-03-14 10:46:49 [http-nio-8081-exec-3] DEBUG o.s.orm.jpa.JpaTransactionManager - Exposing JPA transaction as JDBC [org.springframework.orm.jpa.vendor.HibernateJpaDialect$HibernateConnectionHandle@450d47d0]
2025-03-14 10:46:49 [http-nio-8081-exec-3] DEBUG org.hibernate.SQL - select u1_0.id,u1_0.created_at,u1_0.email,u1_0.password,u1_0.updated_at,u1_0.username from users u1_0
2025-03-14 10:46:49 [http-nio-8081-exec-3] DEBUG org.hibernate.SQL - select r1_0.user_id,r1_1.id,r1_1.created_at,r1_1.name,p1_0.role_id,p1_1.id,p1_1.created_at,p1_1.description,p1_1.name,p1_1.updated_at,r1_1.updated_at from user_roles r1_0 join roles r1_1 on r1_1.id=r1_0.role_id left join role_permissions p1_0 on r1_1.id=p1_0.role_id left join permissions p1_1 on p1_1.id=p1_0.permission_id where r1_0.user_id=?
2025-03-14 10:46:49 [http-nio-8081-exec-3] DEBUG org.hibernate.SQL - select r1_0.user_id,r1_1.id,r1_1.created_at,r1_1.name,p1_0.role_id,p1_1.id,p1_1.created_at,p1_1.description,p1_1.name,p1_1.updated_at,r1_1.updated_at from user_roles r1_0 join roles r1_1 on r1_1.id=r1_0.role_id left join role_permissions p1_0 on r1_1.id=p1_0.role_id left join permissions p1_1 on p1_1.id=p1_0.permission_id where r1_0.user_id=?
2025-03-14 10:46:49 [http-nio-8081-exec-3] DEBUG org.hibernate.SQL - select r1_0.user_id,r1_1.id,r1_1.created_at,r1_1.name,p1_0.role_id,p1_1.id,p1_1.created_at,p1_1.description,p1_1.name,p1_1.updated_at,r1_1.updated_at from user_roles r1_0 join roles r1_1 on r1_1.id=r1_0.role_id left join role_permissions p1_0 on r1_1.id=p1_0.role_id left join permissions p1_1 on p1_1.id=p1_0.permission_id where r1_0.user_id=?
2025-03-14 10:46:49 [http-nio-8081-exec-3] DEBUG org.hibernate.SQL - select r1_0.user_id,r1_1.id,r1_1.created_at,r1_1.name,p1_0.role_id,p1_1.id,p1_1.created_at,p1_1.description,p1_1.name,p1_1.updated_at,r1_1.updated_at from user_roles r1_0 join roles r1_1 on r1_1.id=r1_0.role_id left join role_permissions p1_0 on r1_1.id=p1_0.role_id left join permissions p1_1 on p1_1.id=p1_0.permission_id where r1_0.user_id=?
2025-03-14 10:46:49 [http-nio-8081-exec-3] DEBUG org.hibernate.SQL - select r1_0.user_id,r1_1.id,r1_1.created_at,r1_1.name,p1_0.role_id,p1_1.id,p1_1.created_at,p1_1.description,p1_1.name,p1_1.updated_at,r1_1.updated_at from user_roles r1_0 join roles r1_1 on r1_1.id=r1_0.role_id left join role_permissions p1_0 on r1_1.id=p1_0.role_id left join permissions p1_1 on p1_1.id=p1_0.permission_id where r1_0.user_id=?
2025-03-14 10:46:49 [http-nio-8081-exec-3] DEBUG o.s.orm.jpa.JpaTransactionManager - Initiating transaction commit
2025-03-14 10:46:49 [http-nio-8081-exec-3] DEBUG o.s.orm.jpa.JpaTransactionManager - Committing JPA transaction on EntityManager [SessionImpl(1458536103<open>)]
2025-03-14 10:46:49 [http-nio-8081-exec-3] DEBUG o.s.jdbc.datasource.DataSourceUtils - Resetting read-only flag of JDBC Connection [HikariProxyConnection@231212714 wrapping org.postgresql.jdbc.PgConnection@74473afa]
2025-03-14 10:46:49 [http-nio-8081-exec-3] DEBUG o.s.orm.jpa.JpaTransactionManager - Not closing pre-bound JPA EntityManager after transaction
2025-03-14 10:46:49 [http-nio-8081-exec-3] INFO  o.g.login.services.UserService - getAllUsers: Retrieved 5 users.
2025-03-14 10:46:49 [http-nio-8081-exec-3] DEBUG o.s.w.s.m.m.a.HttpEntityMethodProcessor - Using 'application/json', given [*/*] and supported [application/json, application/*+json]
2025-03-14 10:46:49 [http-nio-8081-exec-3] DEBUG o.s.w.s.m.m.a.HttpEntityMethodProcessor - Writing [[org.guidewire.login.dto.responses.UserResponse@99fc9c8, org.guidewire.login.dto.responses.UserRespo (truncated)...]
2025-03-14 10:46:49 [http-nio-8081-exec-3] DEBUG o.s.o.j.s.OpenEntityManagerInViewInterceptor - Closing JPA EntityManager in OpenEntityManagerInViewInterceptor
2025-03-14 10:46:49 [http-nio-8081-exec-3] DEBUG o.s.web.servlet.DispatcherServlet - Completed 200 OK
2025-03-14 10:46:49 [http-nio-8081-exec-2] DEBUG o.s.security.web.FilterChainProxy - Securing GET /api/auth/user/details
2025-03-14 10:46:49 [http-nio-8081-exec-2] DEBUG o.g.l.s.JwtAuthenticationFilter - doFilterInternal: No valid Authorization header found, skipping JWT processing.
2025-03-14 10:46:49 [http-nio-8081-exec-2] DEBUG o.s.s.w.a.AnonymousAuthenticationFilter - Set SecurityContextHolder to anonymous SecurityContext
2025-03-14 10:46:49 [http-nio-8081-exec-2] DEBUG o.s.security.web.FilterChainProxy - Secured GET /api/auth/user/details
2025-03-14 10:46:49 [http-nio-8081-exec-2] DEBUG o.s.web.servlet.DispatcherServlet - GET "/api/auth/user/details", parameters={}
2025-03-14 10:46:49 [http-nio-8081-exec-2] DEBUG o.s.w.s.m.m.a.RequestMappingHandlerMapping - Mapped to org.guidewire.login.controller.AuthController#fetchUserDetails(List)
2025-03-14 10:46:49 [http-nio-8081-exec-2] DEBUG o.s.o.j.s.OpenEntityManagerInViewInterceptor - Opening JPA EntityManager in OpenEntityManagerInViewInterceptor
2025-03-14 10:46:49 [http-nio-8081-exec-2] DEBUG o.s.w.s.m.m.a.RequestResponseBodyMethodProcessor - Read "application/json;charset=UTF-8" to [[null]]
2025-03-14 10:46:49 [http-nio-8081-exec-2] INFO  o.g.login.controller.AuthController - fetchUserDetails: Fetching details for users with IDs: [null]
2025-03-14 10:46:49 [http-nio-8081-exec-2] DEBUG o.s.orm.jpa.JpaTransactionManager - Found thread-bound EntityManager [SessionImpl(261602421<open>)] for JPA transaction
2025-03-14 10:46:49 [http-nio-8081-exec-2] DEBUG o.s.orm.jpa.JpaTransactionManager - Creating new transaction with name [org.springframework.data.jpa.repository.support.SimpleJpaRepository.findAllById]: PROPAGATION_REQUIRED,ISOLATION_DEFAULT,readOnly
2025-03-14 10:46:49 [http-nio-8081-exec-2] DEBUG o.s.jdbc.datasource.DataSourceUtils - Setting JDBC Connection [HikariProxyConnection@936676166 wrapping org.postgresql.jdbc.PgConnection@74473afa] read-only
2025-03-14 10:46:49 [http-nio-8081-exec-2] DEBUG o.s.orm.jpa.JpaTransactionManager - Exposing JPA transaction as JDBC [org.springframework.orm.jpa.vendor.HibernateJpaDialect$HibernateConnectionHandle@45f32f30]
2025-03-14 10:46:49 [http-nio-8081-exec-2] DEBUG org.hibernate.SQL - select u1_0.id,u1_0.created_at,u1_0.email,u1_0.password,u1_0.updated_at,u1_0.username from users u1_0 where u1_0.id in (?)
2025-03-14 10:46:49 [http-nio-8081-exec-2] DEBUG o.s.orm.jpa.JpaTransactionManager - Initiating transaction commit
2025-03-14 10:46:49 [http-nio-8081-exec-2] DEBUG o.s.orm.jpa.JpaTransactionManager - Committing JPA transaction on EntityManager [SessionImpl(261602421<open>)]
2025-03-14 10:46:49 [http-nio-8081-exec-2] DEBUG o.s.jdbc.datasource.DataSourceUtils - Resetting read-only flag of JDBC Connection [HikariProxyConnection@936676166 wrapping org.postgresql.jdbc.PgConnection@74473afa]
2025-03-14 10:46:49 [http-nio-8081-exec-2] DEBUG o.s.orm.jpa.JpaTransactionManager - Not closing pre-bound JPA EntityManager after transaction
2025-03-14 10:46:49 [http-nio-8081-exec-2] INFO  o.g.login.controller.AuthController - fetchUserDetails: Returning user details for users: []
2025-03-14 10:46:49 [http-nio-8081-exec-2] DEBUG o.s.w.s.m.m.a.HttpEntityMethodProcessor - Using 'application/json', given [*/*] and supported [application/json, application/*+json]
2025-03-14 10:46:49 [http-nio-8081-exec-2] DEBUG o.s.w.s.m.m.a.HttpEntityMethodProcessor - Writing [[]]
2025-03-14 10:46:49 [http-nio-8081-exec-2] DEBUG o.s.o.j.s.OpenEntityManagerInViewInterceptor - Closing JPA EntityManager in OpenEntityManagerInViewInterceptor
2025-03-14 10:46:49 [http-nio-8081-exec-2] DEBUG o.s.web.servlet.DispatcherServlet - Completed 200 OK
2025-03-14 10:49:36 [http-nio-8081-exec-7] DEBUG o.s.security.web.FilterChainProxy - Securing POST /api/auth/login
2025-03-14 10:49:36 [http-nio-8081-exec-7] DEBUG o.g.l.s.JwtAuthenticationFilter - doFilterInternal: No valid Authorization header found, skipping JWT processing.
2025-03-14 10:49:36 [http-nio-8081-exec-7] DEBUG o.s.s.w.a.AnonymousAuthenticationFilter - Set SecurityContextHolder to anonymous SecurityContext
2025-03-14 10:49:36 [http-nio-8081-exec-7] DEBUG o.s.security.web.FilterChainProxy - Secured POST /api/auth/login
2025-03-14 10:49:36 [http-nio-8081-exec-7] DEBUG o.s.web.servlet.DispatcherServlet - POST "/api/auth/login", parameters={}
2025-03-14 10:49:36 [http-nio-8081-exec-7] DEBUG o.s.w.s.m.m.a.RequestMappingHandlerMapping - Mapped to org.guidewire.login.controller.AuthController#loginUser(LoginRequest)
2025-03-14 10:49:36 [http-nio-8081-exec-7] DEBUG o.s.o.j.s.OpenEntityManagerInViewInterceptor - Opening JPA EntityManager in OpenEntityManagerInViewInterceptor
2025-03-14 10:49:36 [http-nio-8081-exec-7] DEBUG o.s.w.s.m.m.a.RequestResponseBodyMethodProcessor - Read "application/json;charset=UTF-8" to [org.guidewire.login.dto.requests.LoginRequest@18cd1e0a]
2025-03-14 10:49:36 [http-nio-8081-exec-7] INFO  o.g.login.controller.AuthController - loginUser: Login attempt for user: cyadav5
2025-03-14 10:49:36 [http-nio-8081-exec-7] INFO  o.g.login.services.AuthService - authenticateUser:Authenticating user: cyadav5
2025-03-14 10:49:36 [http-nio-8081-exec-7] INFO  o.g.l.s.CustomUserDetailsService - loadUserByUsername: Searching for user: cyadav5
2025-03-14 10:49:36 [http-nio-8081-exec-7] DEBUG org.hibernate.SQL - select u1_0.id,u1_0.created_at,u1_0.email,u1_0.password,u1_0.updated_at,u1_0.username from users u1_0 where u1_0.username=?
2025-03-14 10:49:36 [http-nio-8081-exec-7] WARN  o.g.l.s.CustomUserDetailsService - loadUserByUsername: User not found: cyadav5
2025-03-14 10:49:36 [http-nio-8081-exec-7] DEBUG o.s.s.a.d.DaoAuthenticationProvider - Failed to find user 'cyadav5'
2025-03-14 10:49:36 [http-nio-8081-exec-7] ERROR o.g.login.controller.AuthController - loginUser: Unexpected error during login
org.springframework.security.authentication.BadCredentialsException: Bad credentials
	at org.springframework.security.authentication.dao.AbstractUserDetailsAuthenticationProvider.authenticate(AbstractUserDetailsAuthenticationProvider.java:141)
	at org.springframework.security.authentication.ProviderManager.authenticate(ProviderManager.java:182)
	at org.guidewire.login.services.AuthService.authenticateUser(AuthService.java:91)
	at org.guidewire.login.controller.AuthController.loginUser(AuthController.java:73)
	at java.base/jdk.internal.reflect.NativeMethodAccessorImpl.invoke0(Native Method)
	at java.base/jdk.internal.reflect.NativeMethodAccessorImpl.invoke(NativeMethodAccessorImpl.java:77)
	at java.base/jdk.internal.reflect.DelegatingMethodAccessorImpl.invoke(DelegatingMethodAccessorImpl.java:43)
	at java.base/java.lang.reflect.Method.invoke(Method.java:568)
	at org.springframework.web.method.support.InvocableHandlerMethod.doInvoke(InvocableHandlerMethod.java:255)
	at org.springframework.web.method.support.InvocableHandlerMethod.invokeForRequest(InvocableHandlerMethod.java:188)
	at org.springframework.web.servlet.mvc.method.annotation.ServletInvocableHandlerMethod.invokeAndHandle(ServletInvocableHandlerMethod.java:118)
	at org.springframework.web.servlet.mvc.method.annotation.RequestMappingHandlerAdapter.invokeHandlerMethod(RequestMappingHandlerAdapter.java:926)
	at org.springframework.web.servlet.mvc.method.annotation.RequestMappingHandlerAdapter.handleInternal(RequestMappingHandlerAdapter.java:831)
	at org.springframework.web.servlet.mvc.method.AbstractHandlerMethodAdapter.handle(AbstractHandlerMethodAdapter.java:87)
	at org.springframework.web.servlet.DispatcherServlet.doDispatch(DispatcherServlet.java:1089)
	at org.springframework.web.servlet.DispatcherServlet.doService(DispatcherServlet.java:979)
	at org.springframework.web.servlet.FrameworkServlet.processRequest(FrameworkServlet.java:1014)
	at org.springframework.web.servlet.FrameworkServlet.doPost(FrameworkServlet.java:914)
	at jakarta.servlet.http.HttpServlet.service(HttpServlet.java:547)
	at org.springframework.web.servlet.FrameworkServlet.service(FrameworkServlet.java:885)
	at jakarta.servlet.http.HttpServlet.service(HttpServlet.java:614)
	at org.apache.catalina.core.ApplicationFilterChain.internalDoFilter(ApplicationFilterChain.java:195)
	at org.apache.catalina.core.ApplicationFilterChain.doFilter(ApplicationFilterChain.java:140)
	at org.apache.tomcat.websocket.server.WsFilter.doFilter(WsFilter.java:51)
	at org.apache.catalina.core.ApplicationFilterChain.internalDoFilter(ApplicationFilterChain.java:164)
	at org.apache.catalina.core.ApplicationFilterChain.doFilter(ApplicationFilterChain.java:140)
	at org.springframework.web.filter.OncePerRequestFilter.doFilter(OncePerRequestFilter.java:110)
	at org.apache.catalina.core.ApplicationFilterChain.internalDoFilter(ApplicationFilterChain.java:164)
	at org.apache.catalina.core.ApplicationFilterChain.doFilter(ApplicationFilterChain.java:140)
	at org.springframework.web.filter.CompositeFilter$VirtualFilterChain.doFilter(CompositeFilter.java:108)
	at org.springframework.security.web.FilterChainProxy.lambda$doFilterInternal$3(FilterChainProxy.java:231)
	at org.springframework.security.web.ObservationFilterChainDecorator$FilterObservation$SimpleFilterObservation.lambda$wrap$1(ObservationFilterChainDecorator.java:479)
	at org.springframework.security.web.ObservationFilterChainDecorator$AroundFilterObservation$SimpleAroundFilterObservation.lambda$wrap$1(ObservationFilterChainDecorator.java:340)
	at org.springframework.security.web.ObservationFilterChainDecorator.lambda$wrapSecured$0(ObservationFilterChainDecorator.java:82)
	at org.springframework.security.web.ObservationFilterChainDecorator$VirtualFilterChain.doFilter(ObservationFilterChainDecorator.java:128)
	at org.springframework.security.web.access.intercept.AuthorizationFilter.doFilter(AuthorizationFilter.java:100)
	at org.springframework.security.web.ObservationFilterChainDecorator$ObservationFilter.wrapFilter(ObservationFilterChainDecorator.java:240)
	at org.springframework.security.web.ObservationFilterChainDecorator$ObservationFilter.doFilter(ObservationFilterChainDecorator.java:227)
	at org.springframework.security.web.ObservationFilterChainDecorator$VirtualFilterChain.doFilter(ObservationFilterChainDecorator.java:137)
	at org.springframework.security.web.access.ExceptionTranslationFilter.doFilter(ExceptionTranslationFilter.java:126)
	at org.springframework.security.web.access.ExceptionTranslationFilter.doFilter(ExceptionTranslationFilter.java:120)
	at org.springframework.security.web.ObservationFilterChainDecorator$ObservationFilter.wrapFilter(ObservationFilterChainDecorator.java:240)
	at org.springframework.security.web.ObservationFilterChainDecorator$ObservationFilter.doFilter(ObservationFilterChainDecorator.java:227)
	at org.springframework.security.web.ObservationFilterChainDecorator$VirtualFilterChain.doFilter(ObservationFilterChainDecorator.java:137)
	at org.springframework.security.web.session.SessionManagementFilter.doFilter(SessionManagementFilter.java:131)
	at org.springframework.security.web.session.SessionManagementFilter.doFilter(SessionManagementFilter.java:85)
	at org.springframework.security.web.ObservationFilterChainDecorator$ObservationFilter.wrapFilter(ObservationFilterChainDecorator.java:240)
	at org.springframework.security.web.ObservationFilterChainDecorator$ObservationFilter.doFilter(ObservationFilterChainDecorator.java:227)
	at org.springframework.security.web.ObservationFilterChainDecorator$VirtualFilterChain.doFilter(ObservationFilterChainDecorator.java:137)
	at org.springframework.security.web.authentication.AnonymousAuthenticationFilter.doFilter(AnonymousAuthenticationFilter.java:100)
	at org.springframework.security.web.ObservationFilterChainDecorator$ObservationFilter.wrapFilter(ObservationFilterChainDecorator.java:240)
	at org.springframework.security.web.ObservationFilterChainDecorator$ObservationFilter.doFilter(ObservationFilterChainDecorator.java:227)
	at org.springframework.security.web.ObservationFilterChainDecorator$VirtualFilterChain.doFilter(ObservationFilterChainDecorator.java:137)
	at org.springframework.security.web.servletapi.SecurityContextHolderAwareRequestFilter.doFilter(SecurityContextHolderAwareRequestFilter.java:179)
	at org.springframework.security.web.ObservationFilterChainDecorator$ObservationFilter.wrapFilter(ObservationFilterChainDecorator.java:240)
	at org.springframework.security.web.ObservationFilterChainDecorator$ObservationFilter.doFilter(ObservationFilterChainDecorator.java:227)
	at org.springframework.security.web.ObservationFilterChainDecorator$VirtualFilterChain.doFilter(ObservationFilterChainDecorator.java:137)
	at org.springframework.security.web.savedrequest.RequestCacheAwareFilter.doFilter(RequestCacheAwareFilter.java:63)
	at org.springframework.security.web.ObservationFilterChainDecorator$ObservationFilter.wrapFilter(ObservationFilterChainDecorator.java:240)
	at org.springframework.security.web.ObservationFilterChainDecorator$ObservationFilter.doFilter(ObservationFilterChainDecorator.java:227)
	at org.springframework.security.web.ObservationFilterChainDecorator$VirtualFilterChain.doFilter(ObservationFilterChainDecorator.java:137)
	at org.guidewire.login.security.JwtAuthenticationFilter.doFilterInternal(JwtAuthenticationFilter.java:43)
	at org.springframework.web.filter.OncePerRequestFilter.doFilter(OncePerRequestFilter.java:116)
	at org.springframework.security.web.ObservationFilterChainDecorator$ObservationFilter.wrapFilter(ObservationFilterChainDecorator.java:240)
	at org.springframework.security.web.ObservationFilterChainDecorator$ObservationFilter.doFilter(ObservationFilterChainDecorator.java:227)
	at org.springframework.security.web.ObservationFilterChainDecorator$VirtualFilterChain.doFilter(ObservationFilterChainDecorator.java:137)
	at org.springframework.security.web.authentication.logout.LogoutFilter.doFilter(LogoutFilter.java:107)
	at org.springframework.security.web.authentication.logout.LogoutFilter.doFilter(LogoutFilter.java:93)
	at org.springframework.security.web.ObservationFilterChainDecorator$ObservationFilter.wrapFilter(ObservationFilterChainDecorator.java:240)
	at org.springframework.security.web.ObservationFilterChainDecorator$ObservationFilter.doFilter(ObservationFilterChainDecorator.java:227)
	at org.springframework.security.web.ObservationFilterChainDecorator$VirtualFilterChain.doFilter(ObservationFilterChainDecorator.java:137)
	at org.springframework.security.web.header.HeaderWriterFilter.doHeadersAfter(HeaderWriterFilter.java:90)
	at org.springframework.security.web.header.HeaderWriterFilter.doFilterInternal(HeaderWriterFilter.java:75)
	at org.springframework.web.filter.OncePerRequestFilter.doFilter(OncePerRequestFilter.java:116)
	at org.springframework.security.web.ObservationFilterChainDecorator$ObservationFilter.wrapFilter(ObservationFilterChainDecorator.java:240)
	at org.springframework.security.web.ObservationFilterChainDecorator$ObservationFilter.doFilter(ObservationFilterChainDecorator.java:227)
	at org.springframework.security.web.ObservationFilterChainDecorator$VirtualFilterChain.doFilter(ObservationFilterChainDecorator.java:137)
	at org.springframework.security.web.context.SecurityContextHolderFilter.doFilter(SecurityContextHolderFilter.java:82)
	at org.springframework.security.web.context.SecurityContextHolderFilter.doFilter(SecurityContextHolderFilter.java:69)
	at org.springframework.security.web.ObservationFilterChainDecorator$ObservationFilter.wrapFilter(ObservationFilterChainDecorator.java:240)
	at org.springframework.security.web.ObservationFilterChainDecorator$ObservationFilter.doFilter(ObservationFilterChainDecorator.java:227)
	at org.springframework.security.web.ObservationFilterChainDecorator$VirtualFilterChain.doFilter(ObservationFilterChainDecorator.java:137)
	at org.springframework.security.web.context.request.async.WebAsyncManagerIntegrationFilter.doFilterInternal(WebAsyncManagerIntegrationFilter.java:62)
	at org.springframework.web.filter.OncePerRequestFilter.doFilter(OncePerRequestFilter.java:116)
	at org.springframework.security.web.ObservationFilterChainDecorator$ObservationFilter.wrapFilter(ObservationFilterChainDecorator.java:240)
	at org.springframework.security.web.ObservationFilterChainDecorator$ObservationFilter.doFilter(ObservationFilterChainDecorator.java:227)
	at org.springframework.security.web.ObservationFilterChainDecorator$VirtualFilterChain.doFilter(ObservationFilterChainDecorator.java:137)
	at org.springframework.security.web.session.DisableEncodeUrlFilter.doFilterInternal(DisableEncodeUrlFilter.java:42)
	at org.springframework.web.filter.OncePerRequestFilter.doFilter(OncePerRequestFilter.java:116)
	at org.springframework.security.web.ObservationFilterChainDecorator$ObservationFilter.wrapFilter(ObservationFilterChainDecorator.java:240)
	at org.springframework.security.web.ObservationFilterChainDecorator$AroundFilterObservation$SimpleAroundFilterObservation.lambda$wrap$0(ObservationFilterChainDecorator.java:323)
	at org.springframework.security.web.ObservationFilterChainDecorator$ObservationFilter.doFilter(ObservationFilterChainDecorator.java:224)
	at org.springframework.security.web.ObservationFilterChainDecorator$VirtualFilterChain.doFilter(ObservationFilterChainDecorator.java:137)
	at org.springframework.security.web.FilterChainProxy.doFilterInternal(FilterChainProxy.java:233)
	at org.springframework.security.web.FilterChainProxy.doFilter(FilterChainProxy.java:191)
	at org.springframework.web.filter.CompositeFilter$VirtualFilterChain.doFilter(CompositeFilter.java:113)
	at org.springframework.web.servlet.handler.HandlerMappingIntrospector.lambda$createCacheFilter$3(HandlerMappingIntrospector.java:195)
	at org.springframework.web.filter.CompositeFilter$VirtualFilterChain.doFilter(CompositeFilter.java:113)
	at org.springframework.web.filter.CompositeFilter.doFilter(CompositeFilter.java:74)
	at org.springframework.security.config.annotation.web.configuration.WebMvcSecurityConfiguration$CompositeFilterChainProxy.doFilter(WebMvcSecurityConfiguration.java:230)
	at org.springframework.web.filter.DelegatingFilterProxy.invokeDelegate(DelegatingFilterProxy.java:352)
	at org.springframework.web.filter.DelegatingFilterProxy.doFilter(DelegatingFilterProxy.java:268)
	at org.apache.catalina.core.ApplicationFilterChain.internalDoFilter(ApplicationFilterChain.java:164)
	at org.apache.catalina.core.ApplicationFilterChain.doFilter(ApplicationFilterChain.java:140)
	at org.springframework.web.filter.RequestContextFilter.doFilterInternal(RequestContextFilter.java:100)
	at org.springframework.web.filter.OncePerRequestFilter.doFilter(OncePerRequestFilter.java:116)
	at org.apache.catalina.core.ApplicationFilterChain.internalDoFilter(ApplicationFilterChain.java:164)
	at org.apache.catalina.core.ApplicationFilterChain.doFilter(ApplicationFilterChain.java:140)
	at org.springframework.web.filter.FormContentFilter.doFilterInternal(FormContentFilter.java:93)
	at org.springframework.web.filter.OncePerRequestFilter.doFilter(OncePerRequestFilter.java:116)
	at org.apache.catalina.core.ApplicationFilterChain.internalDoFilter(ApplicationFilterChain.java:164)
	at org.apache.catalina.core.ApplicationFilterChain.doFilter(ApplicationFilterChain.java:140)
	at org.springframework.web.filter.ServerHttpObservationFilter.doFilterInternal(ServerHttpObservationFilter.java:113)
	at org.springframework.web.filter.OncePerRequestFilter.doFilter(OncePerRequestFilter.java:116)
	at org.apache.catalina.core.ApplicationFilterChain.internalDoFilter(ApplicationFilterChain.java:164)
	at org.apache.catalina.core.ApplicationFilterChain.doFilter(ApplicationFilterChain.java:140)
	at org.springframework.web.filter.CharacterEncodingFilter.doFilterInternal(CharacterEncodingFilter.java:201)
	at org.springframework.web.filter.OncePerRequestFilter.doFilter(OncePerRequestFilter.java:116)
	at org.apache.catalina.core.ApplicationFilterChain.internalDoFilter(ApplicationFilterChain.java:164)
	at org.apache.catalina.core.ApplicationFilterChain.doFilter(ApplicationFilterChain.java:140)
	at org.apache.catalina.core.StandardWrapperValve.invoke(StandardWrapperValve.java:167)
	at org.apache.catalina.core.StandardContextValve.invoke(StandardContextValve.java:90)
	at org.apache.catalina.authenticator.AuthenticatorBase.invoke(AuthenticatorBase.java:483)
	at org.apache.catalina.core.StandardHostValve.invoke(StandardHostValve.java:115)
	at org.apache.catalina.valves.ErrorReportValve.invoke(ErrorReportValve.java:93)
	at org.apache.catalina.core.StandardEngineValve.invoke(StandardEngineValve.java:74)
	at org.apache.catalina.connector.CoyoteAdapter.service(CoyoteAdapter.java:344)
	at org.apache.coyote.http11.Http11Processor.service(Http11Processor.java:384)
	at org.apache.coyote.AbstractProcessorLight.process(AbstractProcessorLight.java:63)
	at org.apache.coyote.AbstractProtocol$ConnectionHandler.process(AbstractProtocol.java:905)
	at org.apache.tomcat.util.net.NioEndpoint$SocketProcessor.doRun(NioEndpoint.java:1741)
	at org.apache.tomcat.util.net.SocketProcessorBase.run(SocketProcessorBase.java:52)
	at org.apache.tomcat.util.threads.ThreadPoolExecutor.runWorker(ThreadPoolExecutor.java:1190)
	at org.apache.tomcat.util.threads.ThreadPoolExecutor$Worker.run(ThreadPoolExecutor.java:659)
	at org.apache.tomcat.util.threads.TaskThread$WrappingRunnable.run(TaskThread.java:63)
	at java.base/java.lang.Thread.run(Thread.java:842)
2025-03-14 10:49:36 [http-nio-8081-exec-7] DEBUG o.s.w.s.m.m.a.HttpEntityMethodProcessor - Using 'application/json', given [*/*] and supported [application/json, application/*+json]
2025-03-14 10:49:36 [http-nio-8081-exec-7] DEBUG o.s.w.s.m.m.a.HttpEntityMethodProcessor - Writing [{error=Unexpected error occurred}]
2025-03-14 10:49:36 [http-nio-8081-exec-7] DEBUG o.s.o.j.s.OpenEntityManagerInViewInterceptor - Closing JPA EntityManager in OpenEntityManagerInViewInterceptor
2025-03-14 10:49:36 [http-nio-8081-exec-7] DEBUG o.s.web.servlet.DispatcherServlet - Completed 500 INTERNAL_SERVER_ERROR
2025-03-14 10:50:09 [http-nio-8081-exec-6] DEBUG o.s.security.web.FilterChainProxy - Securing POST /api/auth/login
2025-03-14 10:50:09 [http-nio-8081-exec-6] DEBUG o.g.l.s.JwtAuthenticationFilter - doFilterInternal: No valid Authorization header found, skipping JWT processing.
2025-03-14 10:50:09 [http-nio-8081-exec-6] DEBUG o.s.s.w.a.AnonymousAuthenticationFilter - Set SecurityContextHolder to anonymous SecurityContext
2025-03-14 10:50:09 [http-nio-8081-exec-6] DEBUG o.s.security.web.FilterChainProxy - Secured POST /api/auth/login
2025-03-14 10:50:09 [http-nio-8081-exec-6] DEBUG o.s.web.servlet.DispatcherServlet - POST "/api/auth/login", parameters={}
2025-03-14 10:50:09 [http-nio-8081-exec-6] DEBUG o.s.w.s.m.m.a.RequestMappingHandlerMapping - Mapped to org.guidewire.login.controller.AuthController#loginUser(LoginRequest)
2025-03-14 10:50:09 [http-nio-8081-exec-6] DEBUG o.s.o.j.s.OpenEntityManagerInViewInterceptor - Opening JPA EntityManager in OpenEntityManagerInViewInterceptor
2025-03-14 10:50:09 [http-nio-8081-exec-6] DEBUG o.s.w.s.m.m.a.RequestResponseBodyMethodProcessor - Read "application/json;charset=UTF-8" to [org.guidewire.login.dto.requests.LoginRequest@4754b1e7]
2025-03-14 10:50:09 [http-nio-8081-exec-6] INFO  o.g.login.controller.AuthController - loginUser: Login attempt for user: admin
2025-03-14 10:50:09 [http-nio-8081-exec-6] INFO  o.g.login.services.AuthService - authenticateUser:Authenticating user: admin
2025-03-14 10:50:09 [http-nio-8081-exec-6] INFO  o.g.l.s.CustomUserDetailsService - loadUserByUsername: Searching for user: admin
2025-03-14 10:50:09 [http-nio-8081-exec-6] DEBUG org.hibernate.SQL - select u1_0.id,u1_0.created_at,u1_0.email,u1_0.password,u1_0.updated_at,u1_0.username from users u1_0 where u1_0.username=?
2025-03-14 10:50:09 [http-nio-8081-exec-6] DEBUG org.hibernate.SQL - select r1_0.user_id,r1_1.id,r1_1.created_at,r1_1.name,p1_0.role_id,p1_1.id,p1_1.created_at,p1_1.description,p1_1.name,p1_1.updated_at,r1_1.updated_at from user_roles r1_0 join roles r1_1 on r1_1.id=r1_0.role_id left join role_permissions p1_0 on r1_1.id=p1_0.role_id left join permissions p1_1 on p1_1.id=p1_0.permission_id where r1_0.user_id=?
2025-03-14 10:50:09 [http-nio-8081-exec-6] INFO  o.g.l.s.CustomUserDetailsService - loadUserByUsername: User admin found with roles: [org.guidewire.login.model.Role@6eef989b]
2025-03-14 10:50:09 [http-nio-8081-exec-6] INFO  o.g.login.security.CustomUserDetails - Initializing CustomUserDetails for user: admin
2025-03-14 10:50:09 [http-nio-8081-exec-6] DEBUG o.g.login.security.CustomUserDetails - User admin has roles: [ADMIN]
2025-03-14 10:50:09 [http-nio-8081-exec-6] DEBUG o.g.login.security.CustomUserDetails - User admin has permissions: [DELETE_TASK, CREATE_TASK, VIEW_TASK, CLOSE_TASK, ASSIGN_TASK, COMMENT_TASK, EDIT_TASK]
2025-03-14 10:50:09 [http-nio-8081-exec-6] INFO  o.g.login.security.CustomUserDetails - CustomUserDetails initialized successfully for user: admin
2025-03-14 10:50:09 [http-nio-8081-exec-6] DEBUG o.g.login.security.CustomUserDetails - Fetching authorities for user: admin
2025-03-14 10:50:09 [http-nio-8081-exec-6] DEBUG o.s.s.a.d.DaoAuthenticationProvider - Authenticated user
2025-03-14 10:50:09 [http-nio-8081-exec-6] DEBUG org.hibernate.SQL - select u1_0.id,u1_0.created_at,u1_0.email,u1_0.password,u1_0.updated_at,u1_0.username from users u1_0 where u1_0.username=?
2025-03-14 10:50:09 [http-nio-8081-exec-6] INFO  o.g.login.security.CustomUserDetails - Initializing CustomUserDetails for user: admin
2025-03-14 10:50:09 [http-nio-8081-exec-6] DEBUG o.g.login.security.CustomUserDetails - User admin has roles: [ADMIN]
2025-03-14 10:50:09 [http-nio-8081-exec-6] DEBUG o.g.login.security.CustomUserDetails - User admin has permissions: [DELETE_TASK, CREATE_TASK, VIEW_TASK, CLOSE_TASK, ASSIGN_TASK, COMMENT_TASK, EDIT_TASK]
2025-03-14 10:50:09 [http-nio-8081-exec-6] INFO  o.g.login.security.CustomUserDetails - CustomUserDetails initialized successfully for user: admin
2025-03-14 10:50:09 [http-nio-8081-exec-6] DEBUG o.g.login.security.CustomUserDetails - Fetching authorities for user: admin
2025-03-14 10:50:09 [http-nio-8081-exec-6] DEBUG o.g.login.security.CustomUserDetails - Fetching authorities for user: admin
2025-03-14 10:50:09 [http-nio-8081-exec-6] INFO  o.guidewire.login.security.JwtUtil - generateToken:Generated JWT token for user: admin
2025-03-14 10:50:09 [http-nio-8081-exec-6] INFO  o.g.login.services.AuthService - authenticateUser:User authenticated successfully: admin
2025-03-14 10:50:09 [http-nio-8081-exec-6] INFO  o.g.login.controller.AuthController - loginUser: User admin logged in successfully
2025-03-14 10:50:09 [http-nio-8081-exec-6] DEBUG o.s.w.s.m.m.a.HttpEntityMethodProcessor - Using 'application/json', given [*/*] and supported [application/json, application/*+json]
2025-03-14 10:50:09 [http-nio-8081-exec-6] DEBUG o.s.w.s.m.m.a.HttpEntityMethodProcessor - Writing [org.guidewire.login.dto.responses.AuthResponse@1c54ccd2]
2025-03-14 10:50:09 [http-nio-8081-exec-6] DEBUG o.s.o.j.s.OpenEntityManagerInViewInterceptor - Closing JPA EntityManager in OpenEntityManagerInViewInterceptor
2025-03-14 10:50:09 [http-nio-8081-exec-6] DEBUG o.s.web.servlet.DispatcherServlet - Completed 200 OK
2025-03-14 10:50:10 [http-nio-8081-exec-8] DEBUG o.s.security.web.FilterChainProxy - Securing GET /api/auth/check-admin
2025-03-14 10:50:10 [http-nio-8081-exec-8] INFO  o.g.l.s.JwtAuthenticationFilter - doFilterInternal: Extracted username 'admin' from token.
2025-03-14 10:50:10 [http-nio-8081-exec-8] INFO  o.g.l.s.CustomUserDetailsService - loadUserByUsername: Searching for user: admin
2025-03-14 10:50:10 [http-nio-8081-exec-8] DEBUG o.s.o.j.SharedEntityManagerCreator$SharedEntityManagerInvocationHandler - Creating new EntityManager for shared EntityManager invocation
2025-03-14 10:50:10 [http-nio-8081-exec-8] DEBUG org.hibernate.SQL - select u1_0.id,u1_0.created_at,u1_0.email,u1_0.password,u1_0.updated_at,u1_0.username from users u1_0 where u1_0.username=?
2025-03-14 10:50:10 [http-nio-8081-exec-8] DEBUG org.hibernate.SQL - select r1_0.user_id,r1_1.id,r1_1.created_at,r1_1.name,p1_0.role_id,p1_1.id,p1_1.created_at,p1_1.description,p1_1.name,p1_1.updated_at,r1_1.updated_at from user_roles r1_0 join roles r1_1 on r1_1.id=r1_0.role_id left join role_permissions p1_0 on r1_1.id=p1_0.role_id left join permissions p1_1 on p1_1.id=p1_0.permission_id where r1_0.user_id=?
2025-03-14 10:50:10 [http-nio-8081-exec-8] INFO  o.g.l.s.CustomUserDetailsService - loadUserByUsername: User admin found with roles: [org.guidewire.login.model.Role@512ae6ab]
2025-03-14 10:50:10 [http-nio-8081-exec-8] INFO  o.g.login.security.CustomUserDetails - Initializing CustomUserDetails for user: admin
2025-03-14 10:50:10 [http-nio-8081-exec-8] DEBUG o.g.login.security.CustomUserDetails - User admin has roles: [ADMIN]
2025-03-14 10:50:10 [http-nio-8081-exec-8] DEBUG o.g.login.security.CustomUserDetails - User admin has permissions: [DELETE_TASK, CREATE_TASK, VIEW_TASK, CLOSE_TASK, COMMENT_TASK, ASSIGN_TASK, EDIT_TASK]
2025-03-14 10:50:10 [http-nio-8081-exec-8] INFO  o.g.login.security.CustomUserDetails - CustomUserDetails initialized successfully for user: admin
2025-03-14 10:50:10 [http-nio-8081-exec-8] INFO  o.guidewire.login.security.JwtUtil - validateToken:JWT validated successfully for user: admin
2025-03-14 10:50:10 [http-nio-8081-exec-8] DEBUG o.g.login.security.CustomUserDetails - Fetching authorities for user: admin
2025-03-14 10:50:10 [http-nio-8081-exec-8] INFO  o.g.l.s.JwtAuthenticationFilter - doFilterInternal: Authentication successful for user 'admin'.
2025-03-14 10:50:10 [http-nio-8081-exec-8] DEBUG o.s.security.web.FilterChainProxy - Secured GET /api/auth/check-admin
2025-03-14 10:50:10 [http-nio-8081-exec-8] DEBUG o.s.web.servlet.DispatcherServlet - GET "/api/auth/check-admin", parameters={}
2025-03-14 10:50:10 [http-nio-8081-exec-8] DEBUG o.s.w.s.m.m.a.RequestMappingHandlerMapping - Mapped to org.guidewire.login.controller.AuthController#checkIfAdmin(UserDetails)
2025-03-14 10:50:10 [http-nio-8081-exec-8] DEBUG o.s.o.j.s.OpenEntityManagerInViewInterceptor - Opening JPA EntityManager in OpenEntityManagerInViewInterceptor
2025-03-14 10:50:10 [http-nio-8081-exec-8] DEBUG o.g.login.security.CustomUserDetails - Fetching authorities for user: admin
2025-03-14 10:50:10 [http-nio-8081-exec-8] DEBUG o.s.w.s.m.m.a.HttpEntityMethodProcessor - Using 'application/json', given [*/*] and supported [application/json, application/*+json]
2025-03-14 10:50:10 [http-nio-8081-exec-8] DEBUG o.s.w.s.m.m.a.HttpEntityMethodProcessor - Writing [org.guidewire.login.dto.responses.UserRoleResponse@45fe5b71]
2025-03-14 10:50:10 [http-nio-8081-exec-8] DEBUG o.s.o.j.s.OpenEntityManagerInViewInterceptor - Closing JPA EntityManager in OpenEntityManagerInViewInterceptor
2025-03-14 10:50:10 [http-nio-8081-exec-8] DEBUG o.s.web.servlet.DispatcherServlet - Completed 200 OK
2025-03-14 10:50:11 [http-nio-8081-exec-9] DEBUG o.s.security.web.FilterChainProxy - Securing GET /api/auth/users/list
2025-03-14 10:50:11 [http-nio-8081-exec-9] INFO  o.g.l.s.JwtAuthenticationFilter - doFilterInternal: Extracted username 'admin' from token.
2025-03-14 10:50:11 [http-nio-8081-exec-9] INFO  o.g.l.s.CustomUserDetailsService - loadUserByUsername: Searching for user: admin
2025-03-14 10:50:11 [http-nio-8081-exec-9] DEBUG o.s.o.j.SharedEntityManagerCreator$SharedEntityManagerInvocationHandler - Creating new EntityManager for shared EntityManager invocation
2025-03-14 10:50:11 [http-nio-8081-exec-9] DEBUG org.hibernate.SQL - select u1_0.id,u1_0.created_at,u1_0.email,u1_0.password,u1_0.updated_at,u1_0.username from users u1_0 where u1_0.username=?
2025-03-14 10:50:11 [http-nio-8081-exec-9] DEBUG org.hibernate.SQL - select r1_0.user_id,r1_1.id,r1_1.created_at,r1_1.name,p1_0.role_id,p1_1.id,p1_1.created_at,p1_1.description,p1_1.name,p1_1.updated_at,r1_1.updated_at from user_roles r1_0 join roles r1_1 on r1_1.id=r1_0.role_id left join role_permissions p1_0 on r1_1.id=p1_0.role_id left join permissions p1_1 on p1_1.id=p1_0.permission_id where r1_0.user_id=?
2025-03-14 10:50:11 [http-nio-8081-exec-9] INFO  o.g.l.s.CustomUserDetailsService - loadUserByUsername: User admin found with roles: [org.guidewire.login.model.Role@1bb6fb12]
2025-03-14 10:50:11 [http-nio-8081-exec-9] INFO  o.g.login.security.CustomUserDetails - Initializing CustomUserDetails for user: admin
2025-03-14 10:50:11 [http-nio-8081-exec-9] DEBUG o.g.login.security.CustomUserDetails - User admin has roles: [ADMIN]
2025-03-14 10:50:11 [http-nio-8081-exec-9] DEBUG o.g.login.security.CustomUserDetails - User admin has permissions: [DELETE_TASK, CREATE_TASK, VIEW_TASK, CLOSE_TASK, COMMENT_TASK, ASSIGN_TASK, EDIT_TASK]
2025-03-14 10:50:11 [http-nio-8081-exec-9] INFO  o.g.login.security.CustomUserDetails - CustomUserDetails initialized successfully for user: admin
2025-03-14 10:50:11 [http-nio-8081-exec-9] INFO  o.guidewire.login.security.JwtUtil - validateToken:JWT validated successfully for user: admin
2025-03-14 10:50:11 [http-nio-8081-exec-9] DEBUG o.g.login.security.CustomUserDetails - Fetching authorities for user: admin
2025-03-14 10:50:11 [http-nio-8081-exec-9] INFO  o.g.l.s.JwtAuthenticationFilter - doFilterInternal: Authentication successful for user 'admin'.
2025-03-14 10:50:11 [http-nio-8081-exec-9] DEBUG o.s.security.web.FilterChainProxy - Secured GET /api/auth/users/list
2025-03-14 10:50:11 [http-nio-8081-exec-9] DEBUG o.s.web.servlet.DispatcherServlet - GET "/api/auth/users/list", parameters={}
2025-03-14 10:50:11 [http-nio-8081-exec-9] DEBUG o.s.w.s.m.m.a.RequestMappingHandlerMapping - Mapped to org.guidewire.login.controller.UserController#getAllUsers()
2025-03-14 10:50:11 [http-nio-8081-exec-9] DEBUG o.s.o.j.s.OpenEntityManagerInViewInterceptor - Opening JPA EntityManager in OpenEntityManagerInViewInterceptor
2025-03-14 10:50:11 [http-nio-8081-exec-9] INFO  o.g.login.services.UserService - getAllUsers: Fetching all users from the database.
2025-03-14 10:50:11 [http-nio-8081-exec-9] DEBUG o.s.orm.jpa.JpaTransactionManager - Found thread-bound EntityManager [SessionImpl(1137399502<open>)] for JPA transaction
2025-03-14 10:50:11 [http-nio-8081-exec-9] DEBUG o.s.orm.jpa.JpaTransactionManager - Creating new transaction with name [org.springframework.data.jpa.repository.support.SimpleJpaRepository.findAll]: PROPAGATION_REQUIRED,ISOLATION_DEFAULT,readOnly
2025-03-14 10:50:11 [http-nio-8081-exec-9] DEBUG o.s.jdbc.datasource.DataSourceUtils - Setting JDBC Connection [HikariProxyConnection@774378928 wrapping org.postgresql.jdbc.PgConnection@74473afa] read-only
2025-03-14 10:50:11 [http-nio-8081-exec-9] DEBUG o.s.orm.jpa.JpaTransactionManager - Exposing JPA transaction as JDBC [org.springframework.orm.jpa.vendor.HibernateJpaDialect$HibernateConnectionHandle@25cc279f]
2025-03-14 10:50:11 [http-nio-8081-exec-9] DEBUG org.hibernate.SQL - select u1_0.id,u1_0.created_at,u1_0.email,u1_0.password,u1_0.updated_at,u1_0.username from users u1_0
2025-03-14 10:50:11 [http-nio-8081-exec-9] DEBUG org.hibernate.SQL - select r1_0.user_id,r1_1.id,r1_1.created_at,r1_1.name,p1_0.role_id,p1_1.id,p1_1.created_at,p1_1.description,p1_1.name,p1_1.updated_at,r1_1.updated_at from user_roles r1_0 join roles r1_1 on r1_1.id=r1_0.role_id left join role_permissions p1_0 on r1_1.id=p1_0.role_id left join permissions p1_1 on p1_1.id=p1_0.permission_id where r1_0.user_id=?
2025-03-14 10:50:11 [http-nio-8081-exec-9] DEBUG org.hibernate.SQL - select r1_0.user_id,r1_1.id,r1_1.created_at,r1_1.name,p1_0.role_id,p1_1.id,p1_1.created_at,p1_1.description,p1_1.name,p1_1.updated_at,r1_1.updated_at from user_roles r1_0 join roles r1_1 on r1_1.id=r1_0.role_id left join role_permissions p1_0 on r1_1.id=p1_0.role_id left join permissions p1_1 on p1_1.id=p1_0.permission_id where r1_0.user_id=?
2025-03-14 10:50:11 [http-nio-8081-exec-9] DEBUG org.hibernate.SQL - select r1_0.user_id,r1_1.id,r1_1.created_at,r1_1.name,p1_0.role_id,p1_1.id,p1_1.created_at,p1_1.description,p1_1.name,p1_1.updated_at,r1_1.updated_at from user_roles r1_0 join roles r1_1 on r1_1.id=r1_0.role_id left join role_permissions p1_0 on r1_1.id=p1_0.role_id left join permissions p1_1 on p1_1.id=p1_0.permission_id where r1_0.user_id=?
2025-03-14 10:50:11 [http-nio-8081-exec-9] DEBUG org.hibernate.SQL - select r1_0.user_id,r1_1.id,r1_1.created_at,r1_1.name,p1_0.role_id,p1_1.id,p1_1.created_at,p1_1.description,p1_1.name,p1_1.updated_at,r1_1.updated_at from user_roles r1_0 join roles r1_1 on r1_1.id=r1_0.role_id left join role_permissions p1_0 on r1_1.id=p1_0.role_id left join permissions p1_1 on p1_1.id=p1_0.permission_id where r1_0.user_id=?
2025-03-14 10:50:11 [http-nio-8081-exec-9] DEBUG org.hibernate.SQL - select r1_0.user_id,r1_1.id,r1_1.created_at,r1_1.name,p1_0.role_id,p1_1.id,p1_1.created_at,p1_1.description,p1_1.name,p1_1.updated_at,r1_1.updated_at from user_roles r1_0 join roles r1_1 on r1_1.id=r1_0.role_id left join role_permissions p1_0 on r1_1.id=p1_0.role_id left join permissions p1_1 on p1_1.id=p1_0.permission_id where r1_0.user_id=?
2025-03-14 10:50:11 [http-nio-8081-exec-9] DEBUG o.s.orm.jpa.JpaTransactionManager - Initiating transaction commit
2025-03-14 10:50:11 [http-nio-8081-exec-9] DEBUG o.s.orm.jpa.JpaTransactionManager - Committing JPA transaction on EntityManager [SessionImpl(1137399502<open>)]
2025-03-14 10:50:11 [http-nio-8081-exec-9] DEBUG o.s.jdbc.datasource.DataSourceUtils - Resetting read-only flag of JDBC Connection [HikariProxyConnection@774378928 wrapping org.postgresql.jdbc.PgConnection@74473afa]
2025-03-14 10:50:11 [http-nio-8081-exec-9] DEBUG o.s.orm.jpa.JpaTransactionManager - Not closing pre-bound JPA EntityManager after transaction
2025-03-14 10:50:11 [http-nio-8081-exec-9] INFO  o.g.login.services.UserService - getAllUsers: Retrieved 5 users.
2025-03-14 10:50:11 [http-nio-8081-exec-9] DEBUG o.s.w.s.m.m.a.HttpEntityMethodProcessor - Using 'application/json', given [*/*] and supported [application/json, application/*+json]
2025-03-14 10:50:11 [http-nio-8081-exec-9] DEBUG o.s.w.s.m.m.a.HttpEntityMethodProcessor - Writing [[org.guidewire.login.dto.responses.UserResponse@6acac2bb, org.guidewire.login.dto.responses.UserResp (truncated)...]
2025-03-14 10:50:11 [http-nio-8081-exec-9] DEBUG o.s.o.j.s.OpenEntityManagerInViewInterceptor - Closing JPA EntityManager in OpenEntityManagerInViewInterceptor
2025-03-14 10:50:11 [http-nio-8081-exec-9] DEBUG o.s.web.servlet.DispatcherServlet - Completed 200 OK
2025-03-14 10:50:11 [http-nio-8081-exec-1] DEBUG o.s.security.web.FilterChainProxy - Securing GET /api/auth/current/user
2025-03-14 10:50:11 [http-nio-8081-exec-1] INFO  o.g.l.s.JwtAuthenticationFilter - doFilterInternal: Extracted username 'admin' from token.
2025-03-14 10:50:11 [http-nio-8081-exec-1] INFO  o.g.l.s.CustomUserDetailsService - loadUserByUsername: Searching for user: admin
2025-03-14 10:50:11 [http-nio-8081-exec-1] DEBUG o.s.o.j.SharedEntityManagerCreator$SharedEntityManagerInvocationHandler - Creating new EntityManager for shared EntityManager invocation
2025-03-14 10:50:11 [http-nio-8081-exec-1] DEBUG org.hibernate.SQL - select u1_0.id,u1_0.created_at,u1_0.email,u1_0.password,u1_0.updated_at,u1_0.username from users u1_0 where u1_0.username=?
2025-03-14 10:50:11 [http-nio-8081-exec-1] DEBUG org.hibernate.SQL - select r1_0.user_id,r1_1.id,r1_1.created_at,r1_1.name,p1_0.role_id,p1_1.id,p1_1.created_at,p1_1.description,p1_1.name,p1_1.updated_at,r1_1.updated_at from user_roles r1_0 join roles r1_1 on r1_1.id=r1_0.role_id left join role_permissions p1_0 on r1_1.id=p1_0.role_id left join permissions p1_1 on p1_1.id=p1_0.permission_id where r1_0.user_id=?
2025-03-14 10:50:11 [http-nio-8081-exec-1] INFO  o.g.l.s.CustomUserDetailsService - loadUserByUsername: User admin found with roles: [org.guidewire.login.model.Role@2bbc4a01]
2025-03-14 10:50:11 [http-nio-8081-exec-1] INFO  o.g.login.security.CustomUserDetails - Initializing CustomUserDetails for user: admin
2025-03-14 10:50:11 [http-nio-8081-exec-1] DEBUG o.g.login.security.CustomUserDetails - User admin has roles: [ADMIN]
2025-03-14 10:50:11 [http-nio-8081-exec-1] DEBUG o.g.login.security.CustomUserDetails - User admin has permissions: [DELETE_TASK, CREATE_TASK, CLOSE_TASK, VIEW_TASK, ASSIGN_TASK, COMMENT_TASK, EDIT_TASK]
2025-03-14 10:50:11 [http-nio-8081-exec-1] INFO  o.g.login.security.CustomUserDetails - CustomUserDetails initialized successfully for user: admin
2025-03-14 10:50:11 [http-nio-8081-exec-1] INFO  o.guidewire.login.security.JwtUtil - validateToken:JWT validated successfully for user: admin
2025-03-14 10:50:11 [http-nio-8081-exec-1] DEBUG o.g.login.security.CustomUserDetails - Fetching authorities for user: admin
2025-03-14 10:50:11 [http-nio-8081-exec-1] INFO  o.g.l.s.JwtAuthenticationFilter - doFilterInternal: Authentication successful for user 'admin'.
2025-03-14 10:50:11 [http-nio-8081-exec-1] DEBUG o.s.security.web.FilterChainProxy - Secured GET /api/auth/current/user
2025-03-14 10:50:11 [http-nio-8081-exec-1] DEBUG o.s.web.servlet.DispatcherServlet - GET "/api/auth/current/user", parameters={}
2025-03-14 10:50:11 [http-nio-8081-exec-1] DEBUG o.s.w.s.m.m.a.RequestMappingHandlerMapping - Mapped to org.guidewire.login.controller.AuthController#getCurrentUser(Principal)
2025-03-14 10:50:11 [http-nio-8081-exec-1] DEBUG o.s.o.j.s.OpenEntityManagerInViewInterceptor - Opening JPA EntityManager in OpenEntityManagerInViewInterceptor
2025-03-14 10:50:11 [http-nio-8081-exec-1] INFO  o.g.login.controller.AuthController - getCurrentUser: Fetching details for user: admin
2025-03-14 10:50:11 [http-nio-8081-exec-1] DEBUG o.g.login.services.AuthService - getUserDetails:Fetching user details for: admin
2025-03-14 10:50:11 [http-nio-8081-exec-1] DEBUG org.hibernate.SQL - select u1_0.id,u1_0.created_at,u1_0.email,u1_0.password,u1_0.updated_at,u1_0.username from users u1_0 where u1_0.username=?
2025-03-14 10:50:11 [http-nio-8081-exec-1] DEBUG org.hibernate.SQL - select r1_0.user_id,r1_1.id,r1_1.created_at,r1_1.name,p1_0.role_id,p1_1.id,p1_1.created_at,p1_1.description,p1_1.name,p1_1.updated_at,r1_1.updated_at from user_roles r1_0 join roles r1_1 on r1_1.id=r1_0.role_id left join role_permissions p1_0 on r1_1.id=p1_0.role_id left join permissions p1_1 on p1_1.id=p1_0.permission_id where r1_0.user_id=?
2025-03-14 10:50:11 [http-nio-8081-exec-1] INFO  o.g.login.controller.AuthController - getCurrentUser: Returning user details for admin
2025-03-14 10:50:11 [http-nio-8081-exec-1] DEBUG o.s.w.s.m.m.a.HttpEntityMethodProcessor - Using 'application/json', given [*/*] and supported [application/json, application/*+json]
2025-03-14 10:50:11 [http-nio-8081-exec-1] DEBUG o.s.w.s.m.m.a.HttpEntityMethodProcessor - Writing [org.guidewire.login.dto.responses.UserResponse@3f10b61e]
2025-03-14 10:50:11 [http-nio-8081-exec-1] DEBUG o.s.o.j.s.OpenEntityManagerInViewInterceptor - Closing JPA EntityManager in OpenEntityManagerInViewInterceptor
2025-03-14 10:50:11 [http-nio-8081-exec-1] DEBUG o.s.web.servlet.DispatcherServlet - Completed 200 OK
2025-03-14 10:50:14 [http-nio-8081-exec-10] DEBUG o.s.security.web.FilterChainProxy - Securing GET /api/auth/users/list
2025-03-14 10:50:14 [http-nio-8081-exec-10] INFO  o.g.l.s.JwtAuthenticationFilter - doFilterInternal: Extracted username 'admin' from token.
2025-03-14 10:50:14 [http-nio-8081-exec-10] INFO  o.g.l.s.CustomUserDetailsService - loadUserByUsername: Searching for user: admin
2025-03-14 10:50:14 [http-nio-8081-exec-10] DEBUG o.s.o.j.SharedEntityManagerCreator$SharedEntityManagerInvocationHandler - Creating new EntityManager for shared EntityManager invocation
2025-03-14 10:50:14 [http-nio-8081-exec-10] DEBUG org.hibernate.SQL - select u1_0.id,u1_0.created_at,u1_0.email,u1_0.password,u1_0.updated_at,u1_0.username from users u1_0 where u1_0.username=?
2025-03-14 10:50:14 [http-nio-8081-exec-10] DEBUG org.hibernate.SQL - select r1_0.user_id,r1_1.id,r1_1.created_at,r1_1.name,p1_0.role_id,p1_1.id,p1_1.created_at,p1_1.description,p1_1.name,p1_1.updated_at,r1_1.updated_at from user_roles r1_0 join roles r1_1 on r1_1.id=r1_0.role_id left join role_permissions p1_0 on r1_1.id=p1_0.role_id left join permissions p1_1 on p1_1.id=p1_0.permission_id where r1_0.user_id=?
2025-03-14 10:50:14 [http-nio-8081-exec-10] INFO  o.g.l.s.CustomUserDetailsService - loadUserByUsername: User admin found with roles: [org.guidewire.login.model.Role@55900c15]
2025-03-14 10:50:14 [http-nio-8081-exec-10] INFO  o.g.login.security.CustomUserDetails - Initializing CustomUserDetails for user: admin
2025-03-14 10:50:14 [http-nio-8081-exec-10] DEBUG o.g.login.security.CustomUserDetails - User admin has roles: [ADMIN]
2025-03-14 10:50:14 [http-nio-8081-exec-10] DEBUG o.g.login.security.CustomUserDetails - User admin has permissions: [DELETE_TASK, CREATE_TASK, VIEW_TASK, CLOSE_TASK, COMMENT_TASK, ASSIGN_TASK, EDIT_TASK]
2025-03-14 10:50:14 [http-nio-8081-exec-10] INFO  o.g.login.security.CustomUserDetails - CustomUserDetails initialized successfully for user: admin
2025-03-14 10:50:14 [http-nio-8081-exec-10] INFO  o.guidewire.login.security.JwtUtil - validateToken:JWT validated successfully for user: admin
2025-03-14 10:50:14 [http-nio-8081-exec-10] DEBUG o.g.login.security.CustomUserDetails - Fetching authorities for user: admin
2025-03-14 10:50:14 [http-nio-8081-exec-10] INFO  o.g.l.s.JwtAuthenticationFilter - doFilterInternal: Authentication successful for user 'admin'.
2025-03-14 10:50:14 [http-nio-8081-exec-10] DEBUG o.s.security.web.FilterChainProxy - Secured GET /api/auth/users/list
2025-03-14 10:50:14 [http-nio-8081-exec-10] DEBUG o.s.web.servlet.DispatcherServlet - GET "/api/auth/users/list", parameters={}
2025-03-14 10:50:14 [http-nio-8081-exec-10] DEBUG o.s.w.s.m.m.a.RequestMappingHandlerMapping - Mapped to org.guidewire.login.controller.UserController#getAllUsers()
2025-03-14 10:50:14 [http-nio-8081-exec-10] DEBUG o.s.o.j.s.OpenEntityManagerInViewInterceptor - Opening JPA EntityManager in OpenEntityManagerInViewInterceptor
2025-03-14 10:50:14 [http-nio-8081-exec-10] INFO  o.g.login.services.UserService - getAllUsers: Fetching all users from the database.
2025-03-14 10:50:14 [http-nio-8081-exec-10] DEBUG o.s.orm.jpa.JpaTransactionManager - Found thread-bound EntityManager [SessionImpl(1611813341<open>)] for JPA transaction
2025-03-14 10:50:14 [http-nio-8081-exec-10] DEBUG o.s.orm.jpa.JpaTransactionManager - Creating new transaction with name [org.springframework.data.jpa.repository.support.SimpleJpaRepository.findAll]: PROPAGATION_REQUIRED,ISOLATION_DEFAULT,readOnly
2025-03-14 10:50:14 [http-nio-8081-exec-10] DEBUG o.s.jdbc.datasource.DataSourceUtils - Setting JDBC Connection [HikariProxyConnection@743946711 wrapping org.postgresql.jdbc.PgConnection@74473afa] read-only
2025-03-14 10:50:14 [http-nio-8081-exec-10] DEBUG o.s.orm.jpa.JpaTransactionManager - Exposing JPA transaction as JDBC [org.springframework.orm.jpa.vendor.HibernateJpaDialect$HibernateConnectionHandle@4a1f1f82]
2025-03-14 10:50:14 [http-nio-8081-exec-10] DEBUG org.hibernate.SQL - select u1_0.id,u1_0.created_at,u1_0.email,u1_0.password,u1_0.updated_at,u1_0.username from users u1_0
2025-03-14 10:50:14 [http-nio-8081-exec-10] DEBUG org.hibernate.SQL - select r1_0.user_id,r1_1.id,r1_1.created_at,r1_1.name,p1_0.role_id,p1_1.id,p1_1.created_at,p1_1.description,p1_1.name,p1_1.updated_at,r1_1.updated_at from user_roles r1_0 join roles r1_1 on r1_1.id=r1_0.role_id left join role_permissions p1_0 on r1_1.id=p1_0.role_id left join permissions p1_1 on p1_1.id=p1_0.permission_id where r1_0.user_id=?
2025-03-14 10:50:14 [http-nio-8081-exec-10] DEBUG org.hibernate.SQL - select r1_0.user_id,r1_1.id,r1_1.created_at,r1_1.name,p1_0.role_id,p1_1.id,p1_1.created_at,p1_1.description,p1_1.name,p1_1.updated_at,r1_1.updated_at from user_roles r1_0 join roles r1_1 on r1_1.id=r1_0.role_id left join role_permissions p1_0 on r1_1.id=p1_0.role_id left join permissions p1_1 on p1_1.id=p1_0.permission_id where r1_0.user_id=?
2025-03-14 10:50:14 [http-nio-8081-exec-10] DEBUG org.hibernate.SQL - select r1_0.user_id,r1_1.id,r1_1.created_at,r1_1.name,p1_0.role_id,p1_1.id,p1_1.created_at,p1_1.description,p1_1.name,p1_1.updated_at,r1_1.updated_at from user_roles r1_0 join roles r1_1 on r1_1.id=r1_0.role_id left join role_permissions p1_0 on r1_1.id=p1_0.role_id left join permissions p1_1 on p1_1.id=p1_0.permission_id where r1_0.user_id=?
2025-03-14 10:50:14 [http-nio-8081-exec-10] DEBUG org.hibernate.SQL - select r1_0.user_id,r1_1.id,r1_1.created_at,r1_1.name,p1_0.role_id,p1_1.id,p1_1.created_at,p1_1.description,p1_1.name,p1_1.updated_at,r1_1.updated_at from user_roles r1_0 join roles r1_1 on r1_1.id=r1_0.role_id left join role_permissions p1_0 on r1_1.id=p1_0.role_id left join permissions p1_1 on p1_1.id=p1_0.permission_id where r1_0.user_id=?
2025-03-14 10:50:14 [http-nio-8081-exec-10] DEBUG org.hibernate.SQL - select r1_0.user_id,r1_1.id,r1_1.created_at,r1_1.name,p1_0.role_id,p1_1.id,p1_1.created_at,p1_1.description,p1_1.name,p1_1.updated_at,r1_1.updated_at from user_roles r1_0 join roles r1_1 on r1_1.id=r1_0.role_id left join role_permissions p1_0 on r1_1.id=p1_0.role_id left join permissions p1_1 on p1_1.id=p1_0.permission_id where r1_0.user_id=?
2025-03-14 10:50:14 [http-nio-8081-exec-10] DEBUG o.s.orm.jpa.JpaTransactionManager - Initiating transaction commit
2025-03-14 10:50:14 [http-nio-8081-exec-10] DEBUG o.s.orm.jpa.JpaTransactionManager - Committing JPA transaction on EntityManager [SessionImpl(1611813341<open>)]
2025-03-14 10:50:14 [http-nio-8081-exec-10] DEBUG o.s.jdbc.datasource.DataSourceUtils - Resetting read-only flag of JDBC Connection [HikariProxyConnection@743946711 wrapping org.postgresql.jdbc.PgConnection@74473afa]
2025-03-14 10:50:14 [http-nio-8081-exec-10] DEBUG o.s.orm.jpa.JpaTransactionManager - Not closing pre-bound JPA EntityManager after transaction
2025-03-14 10:50:14 [http-nio-8081-exec-10] INFO  o.g.login.services.UserService - getAllUsers: Retrieved 5 users.
2025-03-14 10:50:14 [http-nio-8081-exec-10] DEBUG o.s.w.s.m.m.a.HttpEntityMethodProcessor - Using 'application/json', given [*/*] and supported [application/json, application/*+json]
2025-03-14 10:50:14 [http-nio-8081-exec-10] DEBUG o.s.w.s.m.m.a.HttpEntityMethodProcessor - Writing [[org.guidewire.login.dto.responses.UserResponse@7520b4b6, org.guidewire.login.dto.responses.UserResp (truncated)...]
2025-03-14 10:50:14 [http-nio-8081-exec-10] DEBUG o.s.o.j.s.OpenEntityManagerInViewInterceptor - Closing JPA EntityManager in OpenEntityManagerInViewInterceptor
2025-03-14 10:50:14 [http-nio-8081-exec-10] DEBUG o.s.web.servlet.DispatcherServlet - Completed 200 OK
2025-03-14 10:50:15 [http-nio-8081-exec-3] DEBUG o.s.security.web.FilterChainProxy - Securing GET /api/auth/user/details
2025-03-14 10:50:15 [http-nio-8081-exec-3] DEBUG o.g.l.s.JwtAuthenticationFilter - doFilterInternal: No valid Authorization header found, skipping JWT processing.
2025-03-14 10:50:15 [http-nio-8081-exec-3] DEBUG o.s.s.w.a.AnonymousAuthenticationFilter - Set SecurityContextHolder to anonymous SecurityContext
2025-03-14 10:50:15 [http-nio-8081-exec-3] DEBUG o.s.security.web.FilterChainProxy - Secured GET /api/auth/user/details
2025-03-14 10:50:15 [http-nio-8081-exec-3] DEBUG o.s.web.servlet.DispatcherServlet - GET "/api/auth/user/details", parameters={}
2025-03-14 10:50:15 [http-nio-8081-exec-3] DEBUG o.s.w.s.m.m.a.RequestMappingHandlerMapping - Mapped to org.guidewire.login.controller.AuthController#fetchUserDetails(List)
2025-03-14 10:50:15 [http-nio-8081-exec-3] DEBUG o.s.o.j.s.OpenEntityManagerInViewInterceptor - Opening JPA EntityManager in OpenEntityManagerInViewInterceptor
2025-03-14 10:50:15 [http-nio-8081-exec-3] DEBUG o.s.w.s.m.m.a.RequestResponseBodyMethodProcessor - Read "application/json;charset=UTF-8" to [[null]]
2025-03-14 10:50:15 [http-nio-8081-exec-3] INFO  o.g.login.controller.AuthController - fetchUserDetails: Fetching details for users with IDs: [null]
2025-03-14 10:50:15 [http-nio-8081-exec-3] DEBUG o.s.orm.jpa.JpaTransactionManager - Found thread-bound EntityManager [SessionImpl(1230827582<open>)] for JPA transaction
2025-03-14 10:50:15 [http-nio-8081-exec-3] DEBUG o.s.orm.jpa.JpaTransactionManager - Creating new transaction with name [org.springframework.data.jpa.repository.support.SimpleJpaRepository.findAllById]: PROPAGATION_REQUIRED,ISOLATION_DEFAULT,readOnly
2025-03-14 10:50:15 [http-nio-8081-exec-3] DEBUG o.s.jdbc.datasource.DataSourceUtils - Setting JDBC Connection [HikariProxyConnection@249385997 wrapping org.postgresql.jdbc.PgConnection@74473afa] read-only
2025-03-14 10:50:15 [http-nio-8081-exec-3] DEBUG o.s.orm.jpa.JpaTransactionManager - Exposing JPA transaction as JDBC [org.springframework.orm.jpa.vendor.HibernateJpaDialect$HibernateConnectionHandle@3736907d]
2025-03-14 10:50:15 [http-nio-8081-exec-3] DEBUG org.hibernate.SQL - select u1_0.id,u1_0.created_at,u1_0.email,u1_0.password,u1_0.updated_at,u1_0.username from users u1_0 where u1_0.id in (?)
2025-03-14 10:50:15 [http-nio-8081-exec-3] DEBUG o.s.orm.jpa.JpaTransactionManager - Initiating transaction commit
2025-03-14 10:50:15 [http-nio-8081-exec-3] DEBUG o.s.orm.jpa.JpaTransactionManager - Committing JPA transaction on EntityManager [SessionImpl(1230827582<open>)]
2025-03-14 10:50:15 [http-nio-8081-exec-3] DEBUG o.s.jdbc.datasource.DataSourceUtils - Resetting read-only flag of JDBC Connection [HikariProxyConnection@249385997 wrapping org.postgresql.jdbc.PgConnection@74473afa]
2025-03-14 10:50:15 [http-nio-8081-exec-3] DEBUG o.s.orm.jpa.JpaTransactionManager - Not closing pre-bound JPA EntityManager after transaction
2025-03-14 10:50:15 [http-nio-8081-exec-3] INFO  o.g.login.controller.AuthController - fetchUserDetails: Returning user details for users: []
2025-03-14 10:50:15 [http-nio-8081-exec-3] DEBUG o.s.w.s.m.m.a.HttpEntityMethodProcessor - Using 'application/json', given [*/*] and supported [application/json, application/*+json]
2025-03-14 10:50:15 [http-nio-8081-exec-3] DEBUG o.s.w.s.m.m.a.HttpEntityMethodProcessor - Writing [[]]
2025-03-14 10:50:15 [http-nio-8081-exec-3] DEBUG o.s.o.j.s.OpenEntityManagerInViewInterceptor - Closing JPA EntityManager in OpenEntityManagerInViewInterceptor
2025-03-14 10:50:15 [http-nio-8081-exec-3] DEBUG o.s.web.servlet.DispatcherServlet - Completed 200 OK
2025-03-14 11:24:38 [http-nio-8081-exec-4] DEBUG o.s.security.web.FilterChainProxy - Securing GET /api/auth/users/list
2025-03-14 11:24:38 [http-nio-8081-exec-5] DEBUG o.s.security.web.FilterChainProxy - Securing GET /api/auth/current/user
2025-03-14 11:24:38 [http-nio-8081-exec-4] INFO  o.g.l.s.JwtAuthenticationFilter - doFilterInternal: Extracted username 'admin' from token.
2025-03-14 11:24:38 [http-nio-8081-exec-4] INFO  o.g.l.s.CustomUserDetailsService - loadUserByUsername: Searching for user: admin
2025-03-14 11:24:38 [http-nio-8081-exec-5] INFO  o.g.l.s.JwtAuthenticationFilter - doFilterInternal: Extracted username 'admin' from token.
2025-03-14 11:24:38 [http-nio-8081-exec-5] INFO  o.g.l.s.CustomUserDetailsService - loadUserByUsername: Searching for user: admin
2025-03-14 11:24:38 [http-nio-8081-exec-4] DEBUG o.s.o.j.SharedEntityManagerCreator$SharedEntityManagerInvocationHandler - Creating new EntityManager for shared EntityManager invocation
2025-03-14 11:24:38 [http-nio-8081-exec-5] DEBUG o.s.o.j.SharedEntityManagerCreator$SharedEntityManagerInvocationHandler - Creating new EntityManager for shared EntityManager invocation
2025-03-14 11:24:38 [http-nio-8081-exec-5] DEBUG org.hibernate.SQL - select u1_0.id,u1_0.created_at,u1_0.email,u1_0.password,u1_0.updated_at,u1_0.username from users u1_0 where u1_0.username=?
2025-03-14 11:24:38 [http-nio-8081-exec-4] DEBUG org.hibernate.SQL - select u1_0.id,u1_0.created_at,u1_0.email,u1_0.password,u1_0.updated_at,u1_0.username from users u1_0 where u1_0.username=?
2025-03-14 11:24:38 [http-nio-8081-exec-5] DEBUG org.hibernate.SQL - select r1_0.user_id,r1_1.id,r1_1.created_at,r1_1.name,p1_0.role_id,p1_1.id,p1_1.created_at,p1_1.description,p1_1.name,p1_1.updated_at,r1_1.updated_at from user_roles r1_0 join roles r1_1 on r1_1.id=r1_0.role_id left join role_permissions p1_0 on r1_1.id=p1_0.role_id left join permissions p1_1 on p1_1.id=p1_0.permission_id where r1_0.user_id=?
2025-03-14 11:24:38 [http-nio-8081-exec-4] DEBUG org.hibernate.SQL - select r1_0.user_id,r1_1.id,r1_1.created_at,r1_1.name,p1_0.role_id,p1_1.id,p1_1.created_at,p1_1.description,p1_1.name,p1_1.updated_at,r1_1.updated_at from user_roles r1_0 join roles r1_1 on r1_1.id=r1_0.role_id left join role_permissions p1_0 on r1_1.id=p1_0.role_id left join permissions p1_1 on p1_1.id=p1_0.permission_id where r1_0.user_id=?
2025-03-14 11:24:38 [http-nio-8081-exec-4] INFO  o.g.l.s.CustomUserDetailsService - loadUserByUsername: User admin found with roles: [org.guidewire.login.model.Role@4021ff8]
2025-03-14 11:24:38 [http-nio-8081-exec-5] INFO  o.g.l.s.CustomUserDetailsService - loadUserByUsername: User admin found with roles: [org.guidewire.login.model.Role@7be6e484]
2025-03-14 11:24:38 [http-nio-8081-exec-4] INFO  o.g.login.security.CustomUserDetails - Initializing CustomUserDetails for user: admin
2025-03-14 11:24:38 [http-nio-8081-exec-5] INFO  o.g.login.security.CustomUserDetails - Initializing CustomUserDetails for user: admin
2025-03-14 11:24:38 [http-nio-8081-exec-4] DEBUG o.g.login.security.CustomUserDetails - User admin has roles: [ADMIN]
2025-03-14 11:24:38 [http-nio-8081-exec-5] DEBUG o.g.login.security.CustomUserDetails - User admin has roles: [ADMIN]
2025-03-14 11:24:38 [http-nio-8081-exec-5] DEBUG o.g.login.security.CustomUserDetails - User admin has permissions: [DELETE_TASK, CREATE_TASK, CLOSE_TASK, VIEW_TASK, COMMENT_TASK, ASSIGN_TASK, EDIT_TASK]
2025-03-14 11:24:38 [http-nio-8081-exec-4] DEBUG o.g.login.security.CustomUserDetails - User admin has permissions: [DELETE_TASK, CREATE_TASK, VIEW_TASK, CLOSE_TASK, COMMENT_TASK, ASSIGN_TASK, EDIT_TASK]
2025-03-14 11:24:38 [http-nio-8081-exec-5] INFO  o.g.login.security.CustomUserDetails - CustomUserDetails initialized successfully for user: admin
2025-03-14 11:24:38 [http-nio-8081-exec-4] INFO  o.g.login.security.CustomUserDetails - CustomUserDetails initialized successfully for user: admin
2025-03-14 11:24:38 [http-nio-8081-exec-4] INFO  o.guidewire.login.security.JwtUtil - validateToken:JWT validated successfully for user: admin
2025-03-14 11:24:38 [http-nio-8081-exec-5] INFO  o.guidewire.login.security.JwtUtil - validateToken:JWT validated successfully for user: admin
2025-03-14 11:24:38 [http-nio-8081-exec-5] DEBUG o.g.login.security.CustomUserDetails - Fetching authorities for user: admin
2025-03-14 11:24:38 [http-nio-8081-exec-4] DEBUG o.g.login.security.CustomUserDetails - Fetching authorities for user: admin
2025-03-14 11:24:38 [http-nio-8081-exec-4] INFO  o.g.l.s.JwtAuthenticationFilter - doFilterInternal: Authentication successful for user 'admin'.
2025-03-14 11:24:38 [http-nio-8081-exec-5] INFO  o.g.l.s.JwtAuthenticationFilter - doFilterInternal: Authentication successful for user 'admin'.
2025-03-14 11:24:38 [http-nio-8081-exec-5] DEBUG o.s.security.web.FilterChainProxy - Secured GET /api/auth/current/user
2025-03-14 11:24:38 [http-nio-8081-exec-4] DEBUG o.s.security.web.FilterChainProxy - Secured GET /api/auth/users/list
2025-03-14 11:24:38 [http-nio-8081-exec-5] DEBUG o.s.web.servlet.DispatcherServlet - GET "/api/auth/current/user", parameters={}
2025-03-14 11:24:38 [http-nio-8081-exec-4] DEBUG o.s.web.servlet.DispatcherServlet - GET "/api/auth/users/list", parameters={}
2025-03-14 11:24:38 [http-nio-8081-exec-5] DEBUG o.s.w.s.m.m.a.RequestMappingHandlerMapping - Mapped to org.guidewire.login.controller.AuthController#getCurrentUser(Principal)
2025-03-14 11:24:38 [http-nio-8081-exec-4] DEBUG o.s.w.s.m.m.a.RequestMappingHandlerMapping - Mapped to org.guidewire.login.controller.UserController#getAllUsers()
2025-03-14 11:24:38 [http-nio-8081-exec-4] DEBUG o.s.o.j.s.OpenEntityManagerInViewInterceptor - Opening JPA EntityManager in OpenEntityManagerInViewInterceptor
2025-03-14 11:24:38 [http-nio-8081-exec-5] DEBUG o.s.o.j.s.OpenEntityManagerInViewInterceptor - Opening JPA EntityManager in OpenEntityManagerInViewInterceptor
2025-03-14 11:24:38 [http-nio-8081-exec-4] INFO  o.g.login.services.UserService - getAllUsers: Fetching all users from the database.
2025-03-14 11:24:38 [http-nio-8081-exec-5] INFO  o.g.login.controller.AuthController - getCurrentUser: Fetching details for user: admin
2025-03-14 11:24:38 [http-nio-8081-exec-5] DEBUG o.g.login.services.AuthService - getUserDetails:Fetching user details for: admin
2025-03-14 11:24:38 [http-nio-8081-exec-4] DEBUG o.s.orm.jpa.JpaTransactionManager - Found thread-bound EntityManager [SessionImpl(1069172658<open>)] for JPA transaction
2025-03-14 11:24:38 [http-nio-8081-exec-4] DEBUG o.s.orm.jpa.JpaTransactionManager - Creating new transaction with name [org.springframework.data.jpa.repository.support.SimpleJpaRepository.findAll]: PROPAGATION_REQUIRED,ISOLATION_DEFAULT,readOnly
2025-03-14 11:24:38 [http-nio-8081-exec-4] DEBUG o.s.jdbc.datasource.DataSourceUtils - Setting JDBC Connection [HikariProxyConnection@1254906134 wrapping org.postgresql.jdbc.PgConnection@15a115bd] read-only
2025-03-14 11:24:38 [http-nio-8081-exec-4] DEBUG o.s.orm.jpa.JpaTransactionManager - Exposing JPA transaction as JDBC [org.springframework.orm.jpa.vendor.HibernateJpaDialect$HibernateConnectionHandle@600c2a46]
2025-03-14 11:24:38 [http-nio-8081-exec-5] DEBUG org.hibernate.SQL - select u1_0.id,u1_0.created_at,u1_0.email,u1_0.password,u1_0.updated_at,u1_0.username from users u1_0 where u1_0.username=?
2025-03-14 11:24:38 [http-nio-8081-exec-4] DEBUG org.hibernate.SQL - select u1_0.id,u1_0.created_at,u1_0.email,u1_0.password,u1_0.updated_at,u1_0.username from users u1_0
2025-03-14 11:24:38 [http-nio-8081-exec-5] DEBUG org.hibernate.SQL - select r1_0.user_id,r1_1.id,r1_1.created_at,r1_1.name,p1_0.role_id,p1_1.id,p1_1.created_at,p1_1.description,p1_1.name,p1_1.updated_at,r1_1.updated_at from user_roles r1_0 join roles r1_1 on r1_1.id=r1_0.role_id left join role_permissions p1_0 on r1_1.id=p1_0.role_id left join permissions p1_1 on p1_1.id=p1_0.permission_id where r1_0.user_id=?
2025-03-14 11:24:38 [http-nio-8081-exec-4] DEBUG org.hibernate.SQL - select r1_0.user_id,r1_1.id,r1_1.created_at,r1_1.name,p1_0.role_id,p1_1.id,p1_1.created_at,p1_1.description,p1_1.name,p1_1.updated_at,r1_1.updated_at from user_roles r1_0 join roles r1_1 on r1_1.id=r1_0.role_id left join role_permissions p1_0 on r1_1.id=p1_0.role_id left join permissions p1_1 on p1_1.id=p1_0.permission_id where r1_0.user_id=?
2025-03-14 11:24:38 [http-nio-8081-exec-4] DEBUG org.hibernate.SQL - select r1_0.user_id,r1_1.id,r1_1.created_at,r1_1.name,p1_0.role_id,p1_1.id,p1_1.created_at,p1_1.description,p1_1.name,p1_1.updated_at,r1_1.updated_at from user_roles r1_0 join roles r1_1 on r1_1.id=r1_0.role_id left join role_permissions p1_0 on r1_1.id=p1_0.role_id left join permissions p1_1 on p1_1.id=p1_0.permission_id where r1_0.user_id=?
2025-03-14 11:24:38 [http-nio-8081-exec-5] INFO  o.g.login.controller.AuthController - getCurrentUser: Returning user details for admin
2025-03-14 11:24:38 [http-nio-8081-exec-5] DEBUG o.s.w.s.m.m.a.HttpEntityMethodProcessor - Using 'application/json', given [*/*] and supported [application/json, application/*+json]
2025-03-14 11:24:38 [http-nio-8081-exec-5] DEBUG o.s.w.s.m.m.a.HttpEntityMethodProcessor - Writing [org.guidewire.login.dto.responses.UserResponse@540dbae8]
2025-03-14 11:24:38 [http-nio-8081-exec-4] DEBUG org.hibernate.SQL - select r1_0.user_id,r1_1.id,r1_1.created_at,r1_1.name,p1_0.role_id,p1_1.id,p1_1.created_at,p1_1.description,p1_1.name,p1_1.updated_at,r1_1.updated_at from user_roles r1_0 join roles r1_1 on r1_1.id=r1_0.role_id left join role_permissions p1_0 on r1_1.id=p1_0.role_id left join permissions p1_1 on p1_1.id=p1_0.permission_id where r1_0.user_id=?
2025-03-14 11:24:38 [http-nio-8081-exec-4] DEBUG org.hibernate.SQL - select r1_0.user_id,r1_1.id,r1_1.created_at,r1_1.name,p1_0.role_id,p1_1.id,p1_1.created_at,p1_1.description,p1_1.name,p1_1.updated_at,r1_1.updated_at from user_roles r1_0 join roles r1_1 on r1_1.id=r1_0.role_id left join role_permissions p1_0 on r1_1.id=p1_0.role_id left join permissions p1_1 on p1_1.id=p1_0.permission_id where r1_0.user_id=?
2025-03-14 11:24:38 [http-nio-8081-exec-4] DEBUG org.hibernate.SQL - select r1_0.user_id,r1_1.id,r1_1.created_at,r1_1.name,p1_0.role_id,p1_1.id,p1_1.created_at,p1_1.description,p1_1.name,p1_1.updated_at,r1_1.updated_at from user_roles r1_0 join roles r1_1 on r1_1.id=r1_0.role_id left join role_permissions p1_0 on r1_1.id=p1_0.role_id left join permissions p1_1 on p1_1.id=p1_0.permission_id where r1_0.user_id=?
2025-03-14 11:24:38 [http-nio-8081-exec-5] DEBUG o.s.o.j.s.OpenEntityManagerInViewInterceptor - Closing JPA EntityManager in OpenEntityManagerInViewInterceptor
2025-03-14 11:24:38 [http-nio-8081-exec-4] DEBUG o.s.orm.jpa.JpaTransactionManager - Initiating transaction commit
2025-03-14 11:24:38 [http-nio-8081-exec-4] DEBUG o.s.orm.jpa.JpaTransactionManager - Committing JPA transaction on EntityManager [SessionImpl(1069172658<open>)]
2025-03-14 11:24:38 [http-nio-8081-exec-5] DEBUG o.s.web.servlet.DispatcherServlet - Completed 200 OK
2025-03-14 11:24:38 [http-nio-8081-exec-4] DEBUG o.s.jdbc.datasource.DataSourceUtils - Resetting read-only flag of JDBC Connection [HikariProxyConnection@1254906134 wrapping org.postgresql.jdbc.PgConnection@15a115bd]
2025-03-14 11:24:38 [http-nio-8081-exec-4] DEBUG o.s.orm.jpa.JpaTransactionManager - Not closing pre-bound JPA EntityManager after transaction
2025-03-14 11:24:38 [http-nio-8081-exec-4] INFO  o.g.login.services.UserService - getAllUsers: Retrieved 5 users.
2025-03-14 11:24:38 [http-nio-8081-exec-4] DEBUG o.s.w.s.m.m.a.HttpEntityMethodProcessor - Using 'application/json', given [*/*] and supported [application/json, application/*+json]
2025-03-14 11:24:38 [http-nio-8081-exec-4] DEBUG o.s.w.s.m.m.a.HttpEntityMethodProcessor - Writing [[org.guidewire.login.dto.responses.UserResponse@5840ca21, org.guidewire.login.dto.responses.UserResp (truncated)...]
2025-03-14 11:24:38 [http-nio-8081-exec-4] DEBUG o.s.o.j.s.OpenEntityManagerInViewInterceptor - Closing JPA EntityManager in OpenEntityManagerInViewInterceptor
2025-03-14 11:24:38 [http-nio-8081-exec-4] DEBUG o.s.web.servlet.DispatcherServlet - Completed 200 OK
2025-03-14 11:25:55 [http-nio-8081-exec-9] DEBUG o.s.security.web.FilterChainProxy - Securing GET /api/auth/current/user
2025-03-14 11:25:55 [http-nio-8081-exec-8] DEBUG o.s.security.web.FilterChainProxy - Securing GET /api/auth/users/list
2025-03-14 11:25:55 [http-nio-8081-exec-9] INFO  o.g.l.s.JwtAuthenticationFilter - doFilterInternal: Extracted username 'admin' from token.
2025-03-14 11:25:55 [http-nio-8081-exec-9] INFO  o.g.l.s.CustomUserDetailsService - loadUserByUsername: Searching for user: admin
2025-03-14 11:25:55 [http-nio-8081-exec-8] INFO  o.g.l.s.JwtAuthenticationFilter - doFilterInternal: Extracted username 'admin' from token.
2025-03-14 11:25:55 [http-nio-8081-exec-8] INFO  o.g.l.s.CustomUserDetailsService - loadUserByUsername: Searching for user: admin
2025-03-14 11:25:55 [http-nio-8081-exec-8] DEBUG o.s.o.j.SharedEntityManagerCreator$SharedEntityManagerInvocationHandler - Creating new EntityManager for shared EntityManager invocation
2025-03-14 11:25:55 [http-nio-8081-exec-9] DEBUG o.s.o.j.SharedEntityManagerCreator$SharedEntityManagerInvocationHandler - Creating new EntityManager for shared EntityManager invocation
2025-03-14 11:25:55 [http-nio-8081-exec-8] DEBUG org.hibernate.SQL - select u1_0.id,u1_0.created_at,u1_0.email,u1_0.password,u1_0.updated_at,u1_0.username from users u1_0 where u1_0.username=?
2025-03-14 11:25:55 [http-nio-8081-exec-9] DEBUG org.hibernate.SQL - select u1_0.id,u1_0.created_at,u1_0.email,u1_0.password,u1_0.updated_at,u1_0.username from users u1_0 where u1_0.username=?
2025-03-14 11:25:55 [http-nio-8081-exec-8] DEBUG org.hibernate.SQL - select r1_0.user_id,r1_1.id,r1_1.created_at,r1_1.name,p1_0.role_id,p1_1.id,p1_1.created_at,p1_1.description,p1_1.name,p1_1.updated_at,r1_1.updated_at from user_roles r1_0 join roles r1_1 on r1_1.id=r1_0.role_id left join role_permissions p1_0 on r1_1.id=p1_0.role_id left join permissions p1_1 on p1_1.id=p1_0.permission_id where r1_0.user_id=?
2025-03-14 11:25:55 [http-nio-8081-exec-9] DEBUG org.hibernate.SQL - select r1_0.user_id,r1_1.id,r1_1.created_at,r1_1.name,p1_0.role_id,p1_1.id,p1_1.created_at,p1_1.description,p1_1.name,p1_1.updated_at,r1_1.updated_at from user_roles r1_0 join roles r1_1 on r1_1.id=r1_0.role_id left join role_permissions p1_0 on r1_1.id=p1_0.role_id left join permissions p1_1 on p1_1.id=p1_0.permission_id where r1_0.user_id=?
2025-03-14 11:25:55 [http-nio-8081-exec-9] INFO  o.g.l.s.CustomUserDetailsService - loadUserByUsername: User admin found with roles: [org.guidewire.login.model.Role@5b915174]
2025-03-14 11:25:55 [http-nio-8081-exec-8] INFO  o.g.l.s.CustomUserDetailsService - loadUserByUsername: User admin found with roles: [org.guidewire.login.model.Role@589f0da1]
2025-03-14 11:25:55 [http-nio-8081-exec-9] INFO  o.g.login.security.CustomUserDetails - Initializing CustomUserDetails for user: admin
2025-03-14 11:25:55 [http-nio-8081-exec-8] INFO  o.g.login.security.CustomUserDetails - Initializing CustomUserDetails for user: admin
2025-03-14 11:25:55 [http-nio-8081-exec-8] DEBUG o.g.login.security.CustomUserDetails - User admin has roles: [ADMIN]
2025-03-14 11:25:55 [http-nio-8081-exec-9] DEBUG o.g.login.security.CustomUserDetails - User admin has roles: [ADMIN]
2025-03-14 11:25:55 [http-nio-8081-exec-8] DEBUG o.g.login.security.CustomUserDetails - User admin has permissions: [DELETE_TASK, CREATE_TASK, VIEW_TASK, CLOSE_TASK, ASSIGN_TASK, COMMENT_TASK, EDIT_TASK]
2025-03-14 11:25:55 [http-nio-8081-exec-9] DEBUG o.g.login.security.CustomUserDetails - User admin has permissions: [DELETE_TASK, CREATE_TASK, VIEW_TASK, CLOSE_TASK, COMMENT_TASK, ASSIGN_TASK, EDIT_TASK]
2025-03-14 11:25:55 [http-nio-8081-exec-8] INFO  o.g.login.security.CustomUserDetails - CustomUserDetails initialized successfully for user: admin
2025-03-14 11:25:55 [http-nio-8081-exec-9] INFO  o.g.login.security.CustomUserDetails - CustomUserDetails initialized successfully for user: admin
2025-03-14 11:25:55 [http-nio-8081-exec-9] INFO  o.guidewire.login.security.JwtUtil - validateToken:JWT validated successfully for user: admin
2025-03-14 11:25:55 [http-nio-8081-exec-9] DEBUG o.g.login.security.CustomUserDetails - Fetching authorities for user: admin
2025-03-14 11:25:55 [http-nio-8081-exec-8] INFO  o.guidewire.login.security.JwtUtil - validateToken:JWT validated successfully for user: admin
2025-03-14 11:25:55 [http-nio-8081-exec-8] DEBUG o.g.login.security.CustomUserDetails - Fetching authorities for user: admin
2025-03-14 11:25:55 [http-nio-8081-exec-9] INFO  o.g.l.s.JwtAuthenticationFilter - doFilterInternal: Authentication successful for user 'admin'.
2025-03-14 11:25:55 [http-nio-8081-exec-8] INFO  o.g.l.s.JwtAuthenticationFilter - doFilterInternal: Authentication successful for user 'admin'.
2025-03-14 11:25:55 [http-nio-8081-exec-9] DEBUG o.s.security.web.FilterChainProxy - Secured GET /api/auth/current/user
2025-03-14 11:25:55 [http-nio-8081-exec-8] DEBUG o.s.security.web.FilterChainProxy - Secured GET /api/auth/users/list
2025-03-14 11:25:55 [http-nio-8081-exec-9] DEBUG o.s.web.servlet.DispatcherServlet - GET "/api/auth/current/user", parameters={}
2025-03-14 11:25:55 [http-nio-8081-exec-8] DEBUG o.s.web.servlet.DispatcherServlet - GET "/api/auth/users/list", parameters={}
2025-03-14 11:25:55 [http-nio-8081-exec-9] DEBUG o.s.w.s.m.m.a.RequestMappingHandlerMapping - Mapped to org.guidewire.login.controller.AuthController#getCurrentUser(Principal)
2025-03-14 11:25:55 [http-nio-8081-exec-8] DEBUG o.s.w.s.m.m.a.RequestMappingHandlerMapping - Mapped to org.guidewire.login.controller.UserController#getAllUsers()
2025-03-14 11:25:55 [http-nio-8081-exec-8] DEBUG o.s.o.j.s.OpenEntityManagerInViewInterceptor - Opening JPA EntityManager in OpenEntityManagerInViewInterceptor
2025-03-14 11:25:55 [http-nio-8081-exec-9] DEBUG o.s.o.j.s.OpenEntityManagerInViewInterceptor - Opening JPA EntityManager in OpenEntityManagerInViewInterceptor
2025-03-14 11:25:55 [http-nio-8081-exec-8] INFO  o.g.login.services.UserService - getAllUsers: Fetching all users from the database.
2025-03-14 11:25:55 [http-nio-8081-exec-9] INFO  o.g.login.controller.AuthController - getCurrentUser: Fetching details for user: admin
2025-03-14 11:25:55 [http-nio-8081-exec-9] DEBUG o.g.login.services.AuthService - getUserDetails:Fetching user details for: admin
2025-03-14 11:25:55 [http-nio-8081-exec-8] DEBUG o.s.orm.jpa.JpaTransactionManager - Found thread-bound EntityManager [SessionImpl(483996831<open>)] for JPA transaction
2025-03-14 11:25:55 [http-nio-8081-exec-8] DEBUG o.s.orm.jpa.JpaTransactionManager - Creating new transaction with name [org.springframework.data.jpa.repository.support.SimpleJpaRepository.findAll]: PROPAGATION_REQUIRED,ISOLATION_DEFAULT,readOnly
2025-03-14 11:25:55 [http-nio-8081-exec-8] DEBUG o.s.jdbc.datasource.DataSourceUtils - Setting JDBC Connection [HikariProxyConnection@1354216617 wrapping org.postgresql.jdbc.PgConnection@15a115bd] read-only
2025-03-14 11:25:55 [http-nio-8081-exec-8] DEBUG o.s.orm.jpa.JpaTransactionManager - Exposing JPA transaction as JDBC [org.springframework.orm.jpa.vendor.HibernateJpaDialect$HibernateConnectionHandle@7c4a5a20]
2025-03-14 11:25:55 [http-nio-8081-exec-9] DEBUG org.hibernate.SQL - select u1_0.id,u1_0.created_at,u1_0.email,u1_0.password,u1_0.updated_at,u1_0.username from users u1_0 where u1_0.username=?
2025-03-14 11:25:55 [http-nio-8081-exec-9] DEBUG org.hibernate.SQL - select r1_0.user_id,r1_1.id,r1_1.created_at,r1_1.name,p1_0.role_id,p1_1.id,p1_1.created_at,p1_1.description,p1_1.name,p1_1.updated_at,r1_1.updated_at from user_roles r1_0 join roles r1_1 on r1_1.id=r1_0.role_id left join role_permissions p1_0 on r1_1.id=p1_0.role_id left join permissions p1_1 on p1_1.id=p1_0.permission_id where r1_0.user_id=?
2025-03-14 11:25:55 [http-nio-8081-exec-8] DEBUG org.hibernate.SQL - select u1_0.id,u1_0.created_at,u1_0.email,u1_0.password,u1_0.updated_at,u1_0.username from users u1_0
2025-03-14 11:25:55 [http-nio-8081-exec-9] INFO  o.g.login.controller.AuthController - getCurrentUser: Returning user details for admin
2025-03-14 11:25:55 [http-nio-8081-exec-8] DEBUG org.hibernate.SQL - select r1_0.user_id,r1_1.id,r1_1.created_at,r1_1.name,p1_0.role_id,p1_1.id,p1_1.created_at,p1_1.description,p1_1.name,p1_1.updated_at,r1_1.updated_at from user_roles r1_0 join roles r1_1 on r1_1.id=r1_0.role_id left join role_permissions p1_0 on r1_1.id=p1_0.role_id left join permissions p1_1 on p1_1.id=p1_0.permission_id where r1_0.user_id=?
2025-03-14 11:25:55 [http-nio-8081-exec-8] DEBUG org.hibernate.SQL - select r1_0.user_id,r1_1.id,r1_1.created_at,r1_1.name,p1_0.role_id,p1_1.id,p1_1.created_at,p1_1.description,p1_1.name,p1_1.updated_at,r1_1.updated_at from user_roles r1_0 join roles r1_1 on r1_1.id=r1_0.role_id left join role_permissions p1_0 on r1_1.id=p1_0.role_id left join permissions p1_1 on p1_1.id=p1_0.permission_id where r1_0.user_id=?
2025-03-14 11:25:55 [http-nio-8081-exec-9] DEBUG o.s.w.s.m.m.a.HttpEntityMethodProcessor - Using 'application/json', given [*/*] and supported [application/json, application/*+json]
2025-03-14 11:25:55 [http-nio-8081-exec-9] DEBUG o.s.w.s.m.m.a.HttpEntityMethodProcessor - Writing [org.guidewire.login.dto.responses.UserResponse@944e228]
2025-03-14 11:25:55 [http-nio-8081-exec-8] DEBUG org.hibernate.SQL - select r1_0.user_id,r1_1.id,r1_1.created_at,r1_1.name,p1_0.role_id,p1_1.id,p1_1.created_at,p1_1.description,p1_1.name,p1_1.updated_at,r1_1.updated_at from user_roles r1_0 join roles r1_1 on r1_1.id=r1_0.role_id left join role_permissions p1_0 on r1_1.id=p1_0.role_id left join permissions p1_1 on p1_1.id=p1_0.permission_id where r1_0.user_id=?
2025-03-14 11:25:55 [http-nio-8081-exec-9] DEBUG o.s.o.j.s.OpenEntityManagerInViewInterceptor - Closing JPA EntityManager in OpenEntityManagerInViewInterceptor
2025-03-14 11:25:55 [http-nio-8081-exec-9] DEBUG o.s.web.servlet.DispatcherServlet - Completed 200 OK
2025-03-14 11:25:55 [http-nio-8081-exec-8] DEBUG org.hibernate.SQL - select r1_0.user_id,r1_1.id,r1_1.created_at,r1_1.name,p1_0.role_id,p1_1.id,p1_1.created_at,p1_1.description,p1_1.name,p1_1.updated_at,r1_1.updated_at from user_roles r1_0 join roles r1_1 on r1_1.id=r1_0.role_id left join role_permissions p1_0 on r1_1.id=p1_0.role_id left join permissions p1_1 on p1_1.id=p1_0.permission_id where r1_0.user_id=?
2025-03-14 11:25:55 [http-nio-8081-exec-8] DEBUG org.hibernate.SQL - select r1_0.user_id,r1_1.id,r1_1.created_at,r1_1.name,p1_0.role_id,p1_1.id,p1_1.created_at,p1_1.description,p1_1.name,p1_1.updated_at,r1_1.updated_at from user_roles r1_0 join roles r1_1 on r1_1.id=r1_0.role_id left join role_permissions p1_0 on r1_1.id=p1_0.role_id left join permissions p1_1 on p1_1.id=p1_0.permission_id where r1_0.user_id=?
2025-03-14 11:25:55 [http-nio-8081-exec-8] DEBUG o.s.orm.jpa.JpaTransactionManager - Initiating transaction commit
2025-03-14 11:25:55 [http-nio-8081-exec-8] DEBUG o.s.orm.jpa.JpaTransactionManager - Committing JPA transaction on EntityManager [SessionImpl(483996831<open>)]
2025-03-14 11:25:55 [http-nio-8081-exec-8] DEBUG o.s.jdbc.datasource.DataSourceUtils - Resetting read-only flag of JDBC Connection [HikariProxyConnection@1354216617 wrapping org.postgresql.jdbc.PgConnection@15a115bd]
2025-03-14 11:25:55 [http-nio-8081-exec-8] DEBUG o.s.orm.jpa.JpaTransactionManager - Not closing pre-bound JPA EntityManager after transaction
2025-03-14 11:25:55 [http-nio-8081-exec-8] INFO  o.g.login.services.UserService - getAllUsers: Retrieved 5 users.
2025-03-14 11:25:55 [http-nio-8081-exec-8] DEBUG o.s.w.s.m.m.a.HttpEntityMethodProcessor - Using 'application/json', given [*/*] and supported [application/json, application/*+json]
2025-03-14 11:25:55 [http-nio-8081-exec-8] DEBUG o.s.w.s.m.m.a.HttpEntityMethodProcessor - Writing [[org.guidewire.login.dto.responses.UserResponse@2bbde65b, org.guidewire.login.dto.responses.UserResp (truncated)...]
2025-03-14 11:25:55 [http-nio-8081-exec-8] DEBUG o.s.o.j.s.OpenEntityManagerInViewInterceptor - Closing JPA EntityManager in OpenEntityManagerInViewInterceptor
2025-03-14 11:25:55 [http-nio-8081-exec-8] DEBUG o.s.web.servlet.DispatcherServlet - Completed 200 OK
2025-03-14 11:26:13 [http-nio-8081-exec-1] DEBUG o.s.security.web.FilterChainProxy - Securing GET /api/auth/users/list
2025-03-14 11:26:13 [http-nio-8081-exec-1] INFO  o.g.l.s.JwtAuthenticationFilter - doFilterInternal: Extracted username 'admin' from token.
2025-03-14 11:26:13 [http-nio-8081-exec-1] INFO  o.g.l.s.CustomUserDetailsService - loadUserByUsername: Searching for user: admin
2025-03-14 11:26:13 [http-nio-8081-exec-1] DEBUG o.s.o.j.SharedEntityManagerCreator$SharedEntityManagerInvocationHandler - Creating new EntityManager for shared EntityManager invocation
2025-03-14 11:26:13 [http-nio-8081-exec-1] DEBUG org.hibernate.SQL - select u1_0.id,u1_0.created_at,u1_0.email,u1_0.password,u1_0.updated_at,u1_0.username from users u1_0 where u1_0.username=?
2025-03-14 11:26:13 [http-nio-8081-exec-1] DEBUG org.hibernate.SQL - select r1_0.user_id,r1_1.id,r1_1.created_at,r1_1.name,p1_0.role_id,p1_1.id,p1_1.created_at,p1_1.description,p1_1.name,p1_1.updated_at,r1_1.updated_at from user_roles r1_0 join roles r1_1 on r1_1.id=r1_0.role_id left join role_permissions p1_0 on r1_1.id=p1_0.role_id left join permissions p1_1 on p1_1.id=p1_0.permission_id where r1_0.user_id=?
2025-03-14 11:26:13 [http-nio-8081-exec-1] INFO  o.g.l.s.CustomUserDetailsService - loadUserByUsername: User admin found with roles: [org.guidewire.login.model.Role@699ed86f]
2025-03-14 11:26:13 [http-nio-8081-exec-1] INFO  o.g.login.security.CustomUserDetails - Initializing CustomUserDetails for user: admin
2025-03-14 11:26:13 [http-nio-8081-exec-1] DEBUG o.g.login.security.CustomUserDetails - User admin has roles: [ADMIN]
2025-03-14 11:26:13 [http-nio-8081-exec-1] DEBUG o.g.login.security.CustomUserDetails - User admin has permissions: [DELETE_TASK, CREATE_TASK, VIEW_TASK, CLOSE_TASK, COMMENT_TASK, ASSIGN_TASK, EDIT_TASK]
2025-03-14 11:26:13 [http-nio-8081-exec-1] INFO  o.g.login.security.CustomUserDetails - CustomUserDetails initialized successfully for user: admin
2025-03-14 11:26:13 [http-nio-8081-exec-1] INFO  o.guidewire.login.security.JwtUtil - validateToken:JWT validated successfully for user: admin
2025-03-14 11:26:13 [http-nio-8081-exec-1] DEBUG o.g.login.security.CustomUserDetails - Fetching authorities for user: admin
2025-03-14 11:26:13 [http-nio-8081-exec-1] INFO  o.g.l.s.JwtAuthenticationFilter - doFilterInternal: Authentication successful for user 'admin'.
2025-03-14 11:26:13 [http-nio-8081-exec-1] DEBUG o.s.security.web.FilterChainProxy - Secured GET /api/auth/users/list
2025-03-14 11:26:13 [http-nio-8081-exec-1] DEBUG o.s.web.servlet.DispatcherServlet - GET "/api/auth/users/list", parameters={}
2025-03-14 11:26:13 [http-nio-8081-exec-1] DEBUG o.s.w.s.m.m.a.RequestMappingHandlerMapping - Mapped to org.guidewire.login.controller.UserController#getAllUsers()
2025-03-14 11:26:13 [http-nio-8081-exec-1] DEBUG o.s.o.j.s.OpenEntityManagerInViewInterceptor - Opening JPA EntityManager in OpenEntityManagerInViewInterceptor
2025-03-14 11:26:13 [http-nio-8081-exec-1] INFO  o.g.login.services.UserService - getAllUsers: Fetching all users from the database.
2025-03-14 11:26:13 [http-nio-8081-exec-1] DEBUG o.s.orm.jpa.JpaTransactionManager - Found thread-bound EntityManager [SessionImpl(1391475709<open>)] for JPA transaction
2025-03-14 11:26:13 [http-nio-8081-exec-1] DEBUG o.s.orm.jpa.JpaTransactionManager - Creating new transaction with name [org.springframework.data.jpa.repository.support.SimpleJpaRepository.findAll]: PROPAGATION_REQUIRED,ISOLATION_DEFAULT,readOnly
2025-03-14 11:26:13 [http-nio-8081-exec-1] DEBUG o.s.jdbc.datasource.DataSourceUtils - Setting JDBC Connection [HikariProxyConnection@1259113250 wrapping org.postgresql.jdbc.PgConnection@15a115bd] read-only
2025-03-14 11:26:13 [http-nio-8081-exec-1] DEBUG o.s.orm.jpa.JpaTransactionManager - Exposing JPA transaction as JDBC [org.springframework.orm.jpa.vendor.HibernateJpaDialect$HibernateConnectionHandle@6ca385ab]
2025-03-14 11:26:13 [http-nio-8081-exec-1] DEBUG org.hibernate.SQL - select u1_0.id,u1_0.created_at,u1_0.email,u1_0.password,u1_0.updated_at,u1_0.username from users u1_0
2025-03-14 11:26:13 [http-nio-8081-exec-1] DEBUG org.hibernate.SQL - select r1_0.user_id,r1_1.id,r1_1.created_at,r1_1.name,p1_0.role_id,p1_1.id,p1_1.created_at,p1_1.description,p1_1.name,p1_1.updated_at,r1_1.updated_at from user_roles r1_0 join roles r1_1 on r1_1.id=r1_0.role_id left join role_permissions p1_0 on r1_1.id=p1_0.role_id left join permissions p1_1 on p1_1.id=p1_0.permission_id where r1_0.user_id=?
2025-03-14 11:26:13 [http-nio-8081-exec-1] DEBUG org.hibernate.SQL - select r1_0.user_id,r1_1.id,r1_1.created_at,r1_1.name,p1_0.role_id,p1_1.id,p1_1.created_at,p1_1.description,p1_1.name,p1_1.updated_at,r1_1.updated_at from user_roles r1_0 join roles r1_1 on r1_1.id=r1_0.role_id left join role_permissions p1_0 on r1_1.id=p1_0.role_id left join permissions p1_1 on p1_1.id=p1_0.permission_id where r1_0.user_id=?
2025-03-14 11:26:13 [http-nio-8081-exec-1] DEBUG org.hibernate.SQL - select r1_0.user_id,r1_1.id,r1_1.created_at,r1_1.name,p1_0.role_id,p1_1.id,p1_1.created_at,p1_1.description,p1_1.name,p1_1.updated_at,r1_1.updated_at from user_roles r1_0 join roles r1_1 on r1_1.id=r1_0.role_id left join role_permissions p1_0 on r1_1.id=p1_0.role_id left join permissions p1_1 on p1_1.id=p1_0.permission_id where r1_0.user_id=?
2025-03-14 11:26:13 [http-nio-8081-exec-1] DEBUG org.hibernate.SQL - select r1_0.user_id,r1_1.id,r1_1.created_at,r1_1.name,p1_0.role_id,p1_1.id,p1_1.created_at,p1_1.description,p1_1.name,p1_1.updated_at,r1_1.updated_at from user_roles r1_0 join roles r1_1 on r1_1.id=r1_0.role_id left join role_permissions p1_0 on r1_1.id=p1_0.role_id left join permissions p1_1 on p1_1.id=p1_0.permission_id where r1_0.user_id=?
2025-03-14 11:26:13 [http-nio-8081-exec-1] DEBUG org.hibernate.SQL - select r1_0.user_id,r1_1.id,r1_1.created_at,r1_1.name,p1_0.role_id,p1_1.id,p1_1.created_at,p1_1.description,p1_1.name,p1_1.updated_at,r1_1.updated_at from user_roles r1_0 join roles r1_1 on r1_1.id=r1_0.role_id left join role_permissions p1_0 on r1_1.id=p1_0.role_id left join permissions p1_1 on p1_1.id=p1_0.permission_id where r1_0.user_id=?
2025-03-14 11:26:13 [http-nio-8081-exec-1] DEBUG o.s.orm.jpa.JpaTransactionManager - Initiating transaction commit
2025-03-14 11:26:13 [http-nio-8081-exec-1] DEBUG o.s.orm.jpa.JpaTransactionManager - Committing JPA transaction on EntityManager [SessionImpl(1391475709<open>)]
2025-03-14 11:26:13 [http-nio-8081-exec-1] DEBUG o.s.jdbc.datasource.DataSourceUtils - Resetting read-only flag of JDBC Connection [HikariProxyConnection@1259113250 wrapping org.postgresql.jdbc.PgConnection@15a115bd]
2025-03-14 11:26:13 [http-nio-8081-exec-1] DEBUG o.s.orm.jpa.JpaTransactionManager - Not closing pre-bound JPA EntityManager after transaction
2025-03-14 11:26:13 [http-nio-8081-exec-1] INFO  o.g.login.services.UserService - getAllUsers: Retrieved 5 users.
2025-03-14 11:26:13 [http-nio-8081-exec-1] DEBUG o.s.w.s.m.m.a.HttpEntityMethodProcessor - Using 'application/json', given [*/*] and supported [application/json, application/*+json]
2025-03-14 11:26:13 [http-nio-8081-exec-1] DEBUG o.s.w.s.m.m.a.HttpEntityMethodProcessor - Writing [[org.guidewire.login.dto.responses.UserResponse@3aff40f5, org.guidewire.login.dto.responses.UserResp (truncated)...]
2025-03-14 11:26:13 [http-nio-8081-exec-1] DEBUG o.s.o.j.s.OpenEntityManagerInViewInterceptor - Closing JPA EntityManager in OpenEntityManagerInViewInterceptor
2025-03-14 11:26:13 [http-nio-8081-exec-1] DEBUG o.s.web.servlet.DispatcherServlet - Completed 200 OK
2025-03-14 11:26:15 [http-nio-8081-exec-10] DEBUG o.s.security.web.FilterChainProxy - Securing GET /api/auth/user/details
2025-03-14 11:26:15 [http-nio-8081-exec-10] DEBUG o.g.l.s.JwtAuthenticationFilter - doFilterInternal: No valid Authorization header found, skipping JWT processing.
2025-03-14 11:26:15 [http-nio-8081-exec-10] DEBUG o.s.s.w.a.AnonymousAuthenticationFilter - Set SecurityContextHolder to anonymous SecurityContext
2025-03-14 11:26:15 [http-nio-8081-exec-10] DEBUG o.s.security.web.FilterChainProxy - Secured GET /api/auth/user/details
2025-03-14 11:26:15 [http-nio-8081-exec-10] DEBUG o.s.web.servlet.DispatcherServlet - GET "/api/auth/user/details", parameters={}
2025-03-14 11:26:15 [http-nio-8081-exec-10] DEBUG o.s.w.s.m.m.a.RequestMappingHandlerMapping - Mapped to org.guidewire.login.controller.AuthController#fetchUserDetails(List)
2025-03-14 11:26:15 [http-nio-8081-exec-10] DEBUG o.s.o.j.s.OpenEntityManagerInViewInterceptor - Opening JPA EntityManager in OpenEntityManagerInViewInterceptor
2025-03-14 11:26:15 [http-nio-8081-exec-10] DEBUG o.s.w.s.m.m.a.RequestResponseBodyMethodProcessor - Read "application/json;charset=UTF-8" to [[3d480867-d12b-4c5f-a725-da17dd7e5590]]
2025-03-14 11:26:15 [http-nio-8081-exec-10] INFO  o.g.login.controller.AuthController - fetchUserDetails: Fetching details for users with IDs: [3d480867-d12b-4c5f-a725-da17dd7e5590]
2025-03-14 11:26:15 [http-nio-8081-exec-10] DEBUG o.s.orm.jpa.JpaTransactionManager - Found thread-bound EntityManager [SessionImpl(1012432932<open>)] for JPA transaction
2025-03-14 11:26:15 [http-nio-8081-exec-10] DEBUG o.s.orm.jpa.JpaTransactionManager - Creating new transaction with name [org.springframework.data.jpa.repository.support.SimpleJpaRepository.findAllById]: PROPAGATION_REQUIRED,ISOLATION_DEFAULT,readOnly
2025-03-14 11:26:15 [http-nio-8081-exec-10] DEBUG o.s.jdbc.datasource.DataSourceUtils - Setting JDBC Connection [HikariProxyConnection@1853460925 wrapping org.postgresql.jdbc.PgConnection@15a115bd] read-only
2025-03-14 11:26:15 [http-nio-8081-exec-10] DEBUG o.s.orm.jpa.JpaTransactionManager - Exposing JPA transaction as JDBC [org.springframework.orm.jpa.vendor.HibernateJpaDialect$HibernateConnectionHandle@592e7db]
2025-03-14 11:26:15 [http-nio-8081-exec-10] DEBUG org.hibernate.SQL - select u1_0.id,u1_0.created_at,u1_0.email,u1_0.password,u1_0.updated_at,u1_0.username from users u1_0 where u1_0.id in (?)
2025-03-14 11:26:15 [http-nio-8081-exec-10] DEBUG org.hibernate.SQL - select r1_0.user_id,r1_1.id,r1_1.created_at,r1_1.name,p1_0.role_id,p1_1.id,p1_1.created_at,p1_1.description,p1_1.name,p1_1.updated_at,r1_1.updated_at from user_roles r1_0 join roles r1_1 on r1_1.id=r1_0.role_id left join role_permissions p1_0 on r1_1.id=p1_0.role_id left join permissions p1_1 on p1_1.id=p1_0.permission_id where r1_0.user_id=?
2025-03-14 11:26:15 [http-nio-8081-exec-10] DEBUG o.s.orm.jpa.JpaTransactionManager - Initiating transaction commit
2025-03-14 11:26:15 [http-nio-8081-exec-10] DEBUG o.s.orm.jpa.JpaTransactionManager - Committing JPA transaction on EntityManager [SessionImpl(1012432932<open>)]
2025-03-14 11:26:15 [http-nio-8081-exec-10] DEBUG o.s.jdbc.datasource.DataSourceUtils - Resetting read-only flag of JDBC Connection [HikariProxyConnection@1853460925 wrapping org.postgresql.jdbc.PgConnection@15a115bd]
2025-03-14 11:26:15 [http-nio-8081-exec-10] DEBUG o.s.orm.jpa.JpaTransactionManager - Not closing pre-bound JPA EntityManager after transaction
2025-03-14 11:26:15 [http-nio-8081-exec-10] INFO  o.g.login.controller.AuthController - fetchUserDetails: Returning user details for users: [org.guidewire.login.dto.responses.UserResponse@30003464]
2025-03-14 11:26:15 [http-nio-8081-exec-10] DEBUG o.s.w.s.m.m.a.HttpEntityMethodProcessor - Using 'application/json', given [*/*] and supported [application/json, application/*+json]
2025-03-14 11:26:15 [http-nio-8081-exec-10] DEBUG o.s.w.s.m.m.a.HttpEntityMethodProcessor - Writing [[org.guidewire.login.dto.responses.UserResponse@30003464]]
2025-03-14 11:26:15 [http-nio-8081-exec-10] DEBUG o.s.o.j.s.OpenEntityManagerInViewInterceptor - Closing JPA EntityManager in OpenEntityManagerInViewInterceptor
2025-03-14 11:26:15 [http-nio-8081-exec-10] DEBUG o.s.web.servlet.DispatcherServlet - Completed 200 OK
2025-03-14 11:26:22 [http-nio-8081-exec-3] DEBUG o.s.security.web.FilterChainProxy - Securing GET /api/auth/check-admin
2025-03-14 11:26:22 [http-nio-8081-exec-3] INFO  o.g.l.s.JwtAuthenticationFilter - doFilterInternal: Extracted username 'admin' from token.
2025-03-14 11:26:22 [http-nio-8081-exec-3] INFO  o.g.l.s.CustomUserDetailsService - loadUserByUsername: Searching for user: admin
2025-03-14 11:26:22 [http-nio-8081-exec-3] DEBUG o.s.o.j.SharedEntityManagerCreator$SharedEntityManagerInvocationHandler - Creating new EntityManager for shared EntityManager invocation
2025-03-14 11:26:22 [http-nio-8081-exec-3] DEBUG org.hibernate.SQL - select u1_0.id,u1_0.created_at,u1_0.email,u1_0.password,u1_0.updated_at,u1_0.username from users u1_0 where u1_0.username=?
2025-03-14 11:26:22 [http-nio-8081-exec-3] DEBUG org.hibernate.SQL - select r1_0.user_id,r1_1.id,r1_1.created_at,r1_1.name,p1_0.role_id,p1_1.id,p1_1.created_at,p1_1.description,p1_1.name,p1_1.updated_at,r1_1.updated_at from user_roles r1_0 join roles r1_1 on r1_1.id=r1_0.role_id left join role_permissions p1_0 on r1_1.id=p1_0.role_id left join permissions p1_1 on p1_1.id=p1_0.permission_id where r1_0.user_id=?
2025-03-14 11:26:22 [http-nio-8081-exec-3] INFO  o.g.l.s.CustomUserDetailsService - loadUserByUsername: User admin found with roles: [org.guidewire.login.model.Role@1dede8db]
2025-03-14 11:26:22 [http-nio-8081-exec-3] INFO  o.g.login.security.CustomUserDetails - Initializing CustomUserDetails for user: admin
2025-03-14 11:26:22 [http-nio-8081-exec-3] DEBUG o.g.login.security.CustomUserDetails - User admin has roles: [ADMIN]
2025-03-14 11:26:22 [http-nio-8081-exec-3] DEBUG o.g.login.security.CustomUserDetails - User admin has permissions: [DELETE_TASK, CREATE_TASK, CLOSE_TASK, VIEW_TASK, ASSIGN_TASK, COMMENT_TASK, EDIT_TASK]
2025-03-14 11:26:22 [http-nio-8081-exec-3] INFO  o.g.login.security.CustomUserDetails - CustomUserDetails initialized successfully for user: admin
2025-03-14 11:26:22 [http-nio-8081-exec-3] INFO  o.guidewire.login.security.JwtUtil - validateToken:JWT validated successfully for user: admin
2025-03-14 11:26:22 [http-nio-8081-exec-3] DEBUG o.g.login.security.CustomUserDetails - Fetching authorities for user: admin
2025-03-14 11:26:22 [http-nio-8081-exec-3] INFO  o.g.l.s.JwtAuthenticationFilter - doFilterInternal: Authentication successful for user 'admin'.
2025-03-14 11:26:22 [http-nio-8081-exec-3] DEBUG o.s.security.web.FilterChainProxy - Secured GET /api/auth/check-admin
2025-03-14 11:26:22 [http-nio-8081-exec-3] DEBUG o.s.web.servlet.DispatcherServlet - GET "/api/auth/check-admin", parameters={}
2025-03-14 11:26:22 [http-nio-8081-exec-3] DEBUG o.s.w.s.m.m.a.RequestMappingHandlerMapping - Mapped to org.guidewire.login.controller.AuthController#checkIfAdmin(UserDetails)
2025-03-14 11:26:22 [http-nio-8081-exec-3] DEBUG o.s.o.j.s.OpenEntityManagerInViewInterceptor - Opening JPA EntityManager in OpenEntityManagerInViewInterceptor
2025-03-14 11:26:22 [http-nio-8081-exec-3] DEBUG o.g.login.security.CustomUserDetails - Fetching authorities for user: admin
2025-03-14 11:26:22 [http-nio-8081-exec-3] DEBUG o.s.w.s.m.m.a.HttpEntityMethodProcessor - Using 'application/json', given [*/*] and supported [application/json, application/*+json]
2025-03-14 11:26:22 [http-nio-8081-exec-3] DEBUG o.s.w.s.m.m.a.HttpEntityMethodProcessor - Writing [org.guidewire.login.dto.responses.UserRoleResponse@5264f8fd]
2025-03-14 11:26:22 [http-nio-8081-exec-3] DEBUG o.s.o.j.s.OpenEntityManagerInViewInterceptor - Closing JPA EntityManager in OpenEntityManagerInViewInterceptor
2025-03-14 11:26:22 [http-nio-8081-exec-3] DEBUG o.s.web.servlet.DispatcherServlet - Completed 200 OK
2025-03-14 11:26:25 [http-nio-8081-exec-2] DEBUG o.s.security.web.FilterChainProxy - Securing GET /api/auth/users/list
2025-03-14 11:26:25 [http-nio-8081-exec-2] INFO  o.g.l.s.JwtAuthenticationFilter - doFilterInternal: Extracted username 'admin' from token.
2025-03-14 11:26:25 [http-nio-8081-exec-2] INFO  o.g.l.s.CustomUserDetailsService - loadUserByUsername: Searching for user: admin
2025-03-14 11:26:25 [http-nio-8081-exec-2] DEBUG o.s.o.j.SharedEntityManagerCreator$SharedEntityManagerInvocationHandler - Creating new EntityManager for shared EntityManager invocation
2025-03-14 11:26:25 [http-nio-8081-exec-2] DEBUG org.hibernate.SQL - select u1_0.id,u1_0.created_at,u1_0.email,u1_0.password,u1_0.updated_at,u1_0.username from users u1_0 where u1_0.username=?
2025-03-14 11:26:25 [http-nio-8081-exec-2] DEBUG org.hibernate.SQL - select r1_0.user_id,r1_1.id,r1_1.created_at,r1_1.name,p1_0.role_id,p1_1.id,p1_1.created_at,p1_1.description,p1_1.name,p1_1.updated_at,r1_1.updated_at from user_roles r1_0 join roles r1_1 on r1_1.id=r1_0.role_id left join role_permissions p1_0 on r1_1.id=p1_0.role_id left join permissions p1_1 on p1_1.id=p1_0.permission_id where r1_0.user_id=?
2025-03-14 11:26:25 [http-nio-8081-exec-2] INFO  o.g.l.s.CustomUserDetailsService - loadUserByUsername: User admin found with roles: [org.guidewire.login.model.Role@566c9e4b]
2025-03-14 11:26:25 [http-nio-8081-exec-2] INFO  o.g.login.security.CustomUserDetails - Initializing CustomUserDetails for user: admin
2025-03-14 11:26:25 [http-nio-8081-exec-2] DEBUG o.g.login.security.CustomUserDetails - User admin has roles: [ADMIN]
2025-03-14 11:26:25 [http-nio-8081-exec-2] DEBUG o.g.login.security.CustomUserDetails - User admin has permissions: [DELETE_TASK, CREATE_TASK, VIEW_TASK, CLOSE_TASK, COMMENT_TASK, ASSIGN_TASK, EDIT_TASK]
2025-03-14 11:26:25 [http-nio-8081-exec-2] INFO  o.g.login.security.CustomUserDetails - CustomUserDetails initialized successfully for user: admin
2025-03-14 11:26:25 [http-nio-8081-exec-2] INFO  o.guidewire.login.security.JwtUtil - validateToken:JWT validated successfully for user: admin
2025-03-14 11:26:25 [http-nio-8081-exec-2] DEBUG o.g.login.security.CustomUserDetails - Fetching authorities for user: admin
2025-03-14 11:26:25 [http-nio-8081-exec-2] INFO  o.g.l.s.JwtAuthenticationFilter - doFilterInternal: Authentication successful for user 'admin'.
2025-03-14 11:26:25 [http-nio-8081-exec-2] DEBUG o.s.security.web.FilterChainProxy - Secured GET /api/auth/users/list
2025-03-14 11:26:25 [http-nio-8081-exec-2] DEBUG o.s.web.servlet.DispatcherServlet - GET "/api/auth/users/list", parameters={}
2025-03-14 11:26:25 [http-nio-8081-exec-2] DEBUG o.s.w.s.m.m.a.RequestMappingHandlerMapping - Mapped to org.guidewire.login.controller.UserController#getAllUsers()
2025-03-14 11:26:25 [http-nio-8081-exec-2] DEBUG o.s.o.j.s.OpenEntityManagerInViewInterceptor - Opening JPA EntityManager in OpenEntityManagerInViewInterceptor
2025-03-14 11:26:25 [http-nio-8081-exec-2] INFO  o.g.login.services.UserService - getAllUsers: Fetching all users from the database.
2025-03-14 11:26:25 [http-nio-8081-exec-2] DEBUG o.s.orm.jpa.JpaTransactionManager - Found thread-bound EntityManager [SessionImpl(1909090497<open>)] for JPA transaction
2025-03-14 11:26:25 [http-nio-8081-exec-2] DEBUG o.s.orm.jpa.JpaTransactionManager - Creating new transaction with name [org.springframework.data.jpa.repository.support.SimpleJpaRepository.findAll]: PROPAGATION_REQUIRED,ISOLATION_DEFAULT,readOnly
2025-03-14 11:26:25 [http-nio-8081-exec-2] DEBUG o.s.jdbc.datasource.DataSourceUtils - Setting JDBC Connection [HikariProxyConnection@1442794898 wrapping org.postgresql.jdbc.PgConnection@15a115bd] read-only
2025-03-14 11:26:25 [http-nio-8081-exec-2] DEBUG o.s.orm.jpa.JpaTransactionManager - Exposing JPA transaction as JDBC [org.springframework.orm.jpa.vendor.HibernateJpaDialect$HibernateConnectionHandle@75cec347]
2025-03-14 11:26:25 [http-nio-8081-exec-2] DEBUG org.hibernate.SQL - select u1_0.id,u1_0.created_at,u1_0.email,u1_0.password,u1_0.updated_at,u1_0.username from users u1_0
2025-03-14 11:26:25 [http-nio-8081-exec-2] DEBUG org.hibernate.SQL - select r1_0.user_id,r1_1.id,r1_1.created_at,r1_1.name,p1_0.role_id,p1_1.id,p1_1.created_at,p1_1.description,p1_1.name,p1_1.updated_at,r1_1.updated_at from user_roles r1_0 join roles r1_1 on r1_1.id=r1_0.role_id left join role_permissions p1_0 on r1_1.id=p1_0.role_id left join permissions p1_1 on p1_1.id=p1_0.permission_id where r1_0.user_id=?
2025-03-14 11:26:25 [http-nio-8081-exec-2] DEBUG org.hibernate.SQL - select r1_0.user_id,r1_1.id,r1_1.created_at,r1_1.name,p1_0.role_id,p1_1.id,p1_1.created_at,p1_1.description,p1_1.name,p1_1.updated_at,r1_1.updated_at from user_roles r1_0 join roles r1_1 on r1_1.id=r1_0.role_id left join role_permissions p1_0 on r1_1.id=p1_0.role_id left join permissions p1_1 on p1_1.id=p1_0.permission_id where r1_0.user_id=?
2025-03-14 11:26:25 [http-nio-8081-exec-2] DEBUG org.hibernate.SQL - select r1_0.user_id,r1_1.id,r1_1.created_at,r1_1.name,p1_0.role_id,p1_1.id,p1_1.created_at,p1_1.description,p1_1.name,p1_1.updated_at,r1_1.updated_at from user_roles r1_0 join roles r1_1 on r1_1.id=r1_0.role_id left join role_permissions p1_0 on r1_1.id=p1_0.role_id left join permissions p1_1 on p1_1.id=p1_0.permission_id where r1_0.user_id=?
2025-03-14 11:26:25 [http-nio-8081-exec-2] DEBUG org.hibernate.SQL - select r1_0.user_id,r1_1.id,r1_1.created_at,r1_1.name,p1_0.role_id,p1_1.id,p1_1.created_at,p1_1.description,p1_1.name,p1_1.updated_at,r1_1.updated_at from user_roles r1_0 join roles r1_1 on r1_1.id=r1_0.role_id left join role_permissions p1_0 on r1_1.id=p1_0.role_id left join permissions p1_1 on p1_1.id=p1_0.permission_id where r1_0.user_id=?
2025-03-14 11:26:25 [http-nio-8081-exec-2] DEBUG org.hibernate.SQL - select r1_0.user_id,r1_1.id,r1_1.created_at,r1_1.name,p1_0.role_id,p1_1.id,p1_1.created_at,p1_1.description,p1_1.name,p1_1.updated_at,r1_1.updated_at from user_roles r1_0 join roles r1_1 on r1_1.id=r1_0.role_id left join role_permissions p1_0 on r1_1.id=p1_0.role_id left join permissions p1_1 on p1_1.id=p1_0.permission_id where r1_0.user_id=?
2025-03-14 11:26:25 [http-nio-8081-exec-2] DEBUG o.s.orm.jpa.JpaTransactionManager - Initiating transaction commit
2025-03-14 11:26:25 [http-nio-8081-exec-2] DEBUG o.s.orm.jpa.JpaTransactionManager - Committing JPA transaction on EntityManager [SessionImpl(1909090497<open>)]
2025-03-14 11:26:25 [http-nio-8081-exec-2] DEBUG o.s.jdbc.datasource.DataSourceUtils - Resetting read-only flag of JDBC Connection [HikariProxyConnection@1442794898 wrapping org.postgresql.jdbc.PgConnection@15a115bd]
2025-03-14 11:26:25 [http-nio-8081-exec-2] DEBUG o.s.orm.jpa.JpaTransactionManager - Not closing pre-bound JPA EntityManager after transaction
2025-03-14 11:26:25 [http-nio-8081-exec-2] INFO  o.g.login.services.UserService - getAllUsers: Retrieved 5 users.
2025-03-14 11:26:25 [http-nio-8081-exec-2] DEBUG o.s.w.s.m.m.a.HttpEntityMethodProcessor - Using 'application/json', given [*/*] and supported [application/json, application/*+json]
2025-03-14 11:26:25 [http-nio-8081-exec-2] DEBUG o.s.w.s.m.m.a.HttpEntityMethodProcessor - Writing [[org.guidewire.login.dto.responses.UserResponse@4173c73f, org.guidewire.login.dto.responses.UserResp (truncated)...]
2025-03-14 11:26:25 [http-nio-8081-exec-2] DEBUG o.s.o.j.s.OpenEntityManagerInViewInterceptor - Closing JPA EntityManager in OpenEntityManagerInViewInterceptor
2025-03-14 11:26:25 [http-nio-8081-exec-2] DEBUG o.s.web.servlet.DispatcherServlet - Completed 200 OK
2025-03-14 11:26:25 [http-nio-8081-exec-5] DEBUG o.s.security.web.FilterChainProxy - Securing GET /api/auth/current/user
2025-03-14 11:26:25 [http-nio-8081-exec-5] INFO  o.g.l.s.JwtAuthenticationFilter - doFilterInternal: Extracted username 'admin' from token.
2025-03-14 11:26:25 [http-nio-8081-exec-5] INFO  o.g.l.s.CustomUserDetailsService - loadUserByUsername: Searching for user: admin
2025-03-14 11:26:25 [http-nio-8081-exec-5] DEBUG o.s.o.j.SharedEntityManagerCreator$SharedEntityManagerInvocationHandler - Creating new EntityManager for shared EntityManager invocation
2025-03-14 11:26:25 [http-nio-8081-exec-5] DEBUG org.hibernate.SQL - select u1_0.id,u1_0.created_at,u1_0.email,u1_0.password,u1_0.updated_at,u1_0.username from users u1_0 where u1_0.username=?
2025-03-14 11:26:25 [http-nio-8081-exec-5] DEBUG org.hibernate.SQL - select r1_0.user_id,r1_1.id,r1_1.created_at,r1_1.name,p1_0.role_id,p1_1.id,p1_1.created_at,p1_1.description,p1_1.name,p1_1.updated_at,r1_1.updated_at from user_roles r1_0 join roles r1_1 on r1_1.id=r1_0.role_id left join role_permissions p1_0 on r1_1.id=p1_0.role_id left join permissions p1_1 on p1_1.id=p1_0.permission_id where r1_0.user_id=?
2025-03-14 11:26:25 [http-nio-8081-exec-5] INFO  o.g.l.s.CustomUserDetailsService - loadUserByUsername: User admin found with roles: [org.guidewire.login.model.Role@74c4cf52]
2025-03-14 11:26:25 [http-nio-8081-exec-5] INFO  o.g.login.security.CustomUserDetails - Initializing CustomUserDetails for user: admin
2025-03-14 11:26:25 [http-nio-8081-exec-5] DEBUG o.g.login.security.CustomUserDetails - User admin has roles: [ADMIN]
2025-03-14 11:26:25 [http-nio-8081-exec-5] DEBUG o.g.login.security.CustomUserDetails - User admin has permissions: [DELETE_TASK, CREATE_TASK, VIEW_TASK, CLOSE_TASK, ASSIGN_TASK, COMMENT_TASK, EDIT_TASK]
2025-03-14 11:26:25 [http-nio-8081-exec-5] INFO  o.g.login.security.CustomUserDetails - CustomUserDetails initialized successfully for user: admin
2025-03-14 11:26:25 [http-nio-8081-exec-5] INFO  o.guidewire.login.security.JwtUtil - validateToken:JWT validated successfully for user: admin
2025-03-14 11:26:25 [http-nio-8081-exec-5] DEBUG o.g.login.security.CustomUserDetails - Fetching authorities for user: admin
2025-03-14 11:26:25 [http-nio-8081-exec-5] INFO  o.g.l.s.JwtAuthenticationFilter - doFilterInternal: Authentication successful for user 'admin'.
2025-03-14 11:26:25 [http-nio-8081-exec-5] DEBUG o.s.security.web.FilterChainProxy - Secured GET /api/auth/current/user
2025-03-14 11:26:25 [http-nio-8081-exec-5] DEBUG o.s.web.servlet.DispatcherServlet - GET "/api/auth/current/user", parameters={}
2025-03-14 11:26:25 [http-nio-8081-exec-5] DEBUG o.s.w.s.m.m.a.RequestMappingHandlerMapping - Mapped to org.guidewire.login.controller.AuthController#getCurrentUser(Principal)
2025-03-14 11:26:25 [http-nio-8081-exec-5] DEBUG o.s.o.j.s.OpenEntityManagerInViewInterceptor - Opening JPA EntityManager in OpenEntityManagerInViewInterceptor
2025-03-14 11:26:25 [http-nio-8081-exec-5] INFO  o.g.login.controller.AuthController - getCurrentUser: Fetching details for user: admin
2025-03-14 11:26:25 [http-nio-8081-exec-5] DEBUG o.g.login.services.AuthService - getUserDetails:Fetching user details for: admin
2025-03-14 11:26:25 [http-nio-8081-exec-5] DEBUG org.hibernate.SQL - select u1_0.id,u1_0.created_at,u1_0.email,u1_0.password,u1_0.updated_at,u1_0.username from users u1_0 where u1_0.username=?
2025-03-14 11:26:25 [http-nio-8081-exec-5] DEBUG org.hibernate.SQL - select r1_0.user_id,r1_1.id,r1_1.created_at,r1_1.name,p1_0.role_id,p1_1.id,p1_1.created_at,p1_1.description,p1_1.name,p1_1.updated_at,r1_1.updated_at from user_roles r1_0 join roles r1_1 on r1_1.id=r1_0.role_id left join role_permissions p1_0 on r1_1.id=p1_0.role_id left join permissions p1_1 on p1_1.id=p1_0.permission_id where r1_0.user_id=?
2025-03-14 11:26:25 [http-nio-8081-exec-5] INFO  o.g.login.controller.AuthController - getCurrentUser: Returning user details for admin
2025-03-14 11:26:25 [http-nio-8081-exec-5] DEBUG o.s.w.s.m.m.a.HttpEntityMethodProcessor - Using 'application/json', given [*/*] and supported [application/json, application/*+json]
2025-03-14 11:26:25 [http-nio-8081-exec-5] DEBUG o.s.w.s.m.m.a.HttpEntityMethodProcessor - Writing [org.guidewire.login.dto.responses.UserResponse@14c54adc]
2025-03-14 11:26:25 [http-nio-8081-exec-5] DEBUG o.s.o.j.s.OpenEntityManagerInViewInterceptor - Closing JPA EntityManager in OpenEntityManagerInViewInterceptor
2025-03-14 11:26:25 [http-nio-8081-exec-5] DEBUG o.s.web.servlet.DispatcherServlet - Completed 200 OK
2025-03-14 11:26:27 [http-nio-8081-exec-4] DEBUG o.s.security.web.FilterChainProxy - Securing GET /api/auth/users/list
2025-03-14 11:26:27 [http-nio-8081-exec-4] INFO  o.g.l.s.JwtAuthenticationFilter - doFilterInternal: Extracted username 'admin' from token.
2025-03-14 11:26:27 [http-nio-8081-exec-4] INFO  o.g.l.s.CustomUserDetailsService - loadUserByUsername: Searching for user: admin
2025-03-14 11:26:27 [http-nio-8081-exec-4] DEBUG o.s.o.j.SharedEntityManagerCreator$SharedEntityManagerInvocationHandler - Creating new EntityManager for shared EntityManager invocation
2025-03-14 11:26:27 [http-nio-8081-exec-4] DEBUG org.hibernate.SQL - select u1_0.id,u1_0.created_at,u1_0.email,u1_0.password,u1_0.updated_at,u1_0.username from users u1_0 where u1_0.username=?
2025-03-14 11:26:27 [http-nio-8081-exec-4] DEBUG org.hibernate.SQL - select r1_0.user_id,r1_1.id,r1_1.created_at,r1_1.name,p1_0.role_id,p1_1.id,p1_1.created_at,p1_1.description,p1_1.name,p1_1.updated_at,r1_1.updated_at from user_roles r1_0 join roles r1_1 on r1_1.id=r1_0.role_id left join role_permissions p1_0 on r1_1.id=p1_0.role_id left join permissions p1_1 on p1_1.id=p1_0.permission_id where r1_0.user_id=?
2025-03-14 11:26:27 [http-nio-8081-exec-4] INFO  o.g.l.s.CustomUserDetailsService - loadUserByUsername: User admin found with roles: [org.guidewire.login.model.Role@4e9c5820]
2025-03-14 11:26:27 [http-nio-8081-exec-4] INFO  o.g.login.security.CustomUserDetails - Initializing CustomUserDetails for user: admin
2025-03-14 11:26:27 [http-nio-8081-exec-4] DEBUG o.g.login.security.CustomUserDetails - User admin has roles: [ADMIN]
2025-03-14 11:26:27 [http-nio-8081-exec-4] DEBUG o.g.login.security.CustomUserDetails - User admin has permissions: [DELETE_TASK, CREATE_TASK, VIEW_TASK, CLOSE_TASK, ASSIGN_TASK, COMMENT_TASK, EDIT_TASK]
2025-03-14 11:26:27 [http-nio-8081-exec-4] INFO  o.g.login.security.CustomUserDetails - CustomUserDetails initialized successfully for user: admin
2025-03-14 11:26:27 [http-nio-8081-exec-4] INFO  o.guidewire.login.security.JwtUtil - validateToken:JWT validated successfully for user: admin
2025-03-14 11:26:27 [http-nio-8081-exec-4] DEBUG o.g.login.security.CustomUserDetails - Fetching authorities for user: admin
2025-03-14 11:26:27 [http-nio-8081-exec-4] INFO  o.g.l.s.JwtAuthenticationFilter - doFilterInternal: Authentication successful for user 'admin'.
2025-03-14 11:26:27 [http-nio-8081-exec-4] DEBUG o.s.security.web.FilterChainProxy - Secured GET /api/auth/users/list
2025-03-14 11:26:27 [http-nio-8081-exec-4] DEBUG o.s.web.servlet.DispatcherServlet - GET "/api/auth/users/list", parameters={}
2025-03-14 11:26:27 [http-nio-8081-exec-4] DEBUG o.s.w.s.m.m.a.RequestMappingHandlerMapping - Mapped to org.guidewire.login.controller.UserController#getAllUsers()
2025-03-14 11:26:27 [http-nio-8081-exec-4] DEBUG o.s.o.j.s.OpenEntityManagerInViewInterceptor - Opening JPA EntityManager in OpenEntityManagerInViewInterceptor
2025-03-14 11:26:27 [http-nio-8081-exec-4] INFO  o.g.login.services.UserService - getAllUsers: Fetching all users from the database.
2025-03-14 11:26:27 [http-nio-8081-exec-4] DEBUG o.s.orm.jpa.JpaTransactionManager - Found thread-bound EntityManager [SessionImpl(375014301<open>)] for JPA transaction
2025-03-14 11:26:27 [http-nio-8081-exec-4] DEBUG o.s.orm.jpa.JpaTransactionManager - Creating new transaction with name [org.springframework.data.jpa.repository.support.SimpleJpaRepository.findAll]: PROPAGATION_REQUIRED,ISOLATION_DEFAULT,readOnly
2025-03-14 11:26:27 [http-nio-8081-exec-4] DEBUG o.s.jdbc.datasource.DataSourceUtils - Setting JDBC Connection [HikariProxyConnection@1753100614 wrapping org.postgresql.jdbc.PgConnection@15a115bd] read-only
2025-03-14 11:26:27 [http-nio-8081-exec-4] DEBUG o.s.orm.jpa.JpaTransactionManager - Exposing JPA transaction as JDBC [org.springframework.orm.jpa.vendor.HibernateJpaDialect$HibernateConnectionHandle@6c1e0284]
2025-03-14 11:26:27 [http-nio-8081-exec-4] DEBUG org.hibernate.SQL - select u1_0.id,u1_0.created_at,u1_0.email,u1_0.password,u1_0.updated_at,u1_0.username from users u1_0
2025-03-14 11:26:27 [http-nio-8081-exec-4] DEBUG org.hibernate.SQL - select r1_0.user_id,r1_1.id,r1_1.created_at,r1_1.name,p1_0.role_id,p1_1.id,p1_1.created_at,p1_1.description,p1_1.name,p1_1.updated_at,r1_1.updated_at from user_roles r1_0 join roles r1_1 on r1_1.id=r1_0.role_id left join role_permissions p1_0 on r1_1.id=p1_0.role_id left join permissions p1_1 on p1_1.id=p1_0.permission_id where r1_0.user_id=?
2025-03-14 11:26:27 [http-nio-8081-exec-4] DEBUG org.hibernate.SQL - select r1_0.user_id,r1_1.id,r1_1.created_at,r1_1.name,p1_0.role_id,p1_1.id,p1_1.created_at,p1_1.description,p1_1.name,p1_1.updated_at,r1_1.updated_at from user_roles r1_0 join roles r1_1 on r1_1.id=r1_0.role_id left join role_permissions p1_0 on r1_1.id=p1_0.role_id left join permissions p1_1 on p1_1.id=p1_0.permission_id where r1_0.user_id=?
2025-03-14 11:26:27 [http-nio-8081-exec-4] DEBUG org.hibernate.SQL - select r1_0.user_id,r1_1.id,r1_1.created_at,r1_1.name,p1_0.role_id,p1_1.id,p1_1.created_at,p1_1.description,p1_1.name,p1_1.updated_at,r1_1.updated_at from user_roles r1_0 join roles r1_1 on r1_1.id=r1_0.role_id left join role_permissions p1_0 on r1_1.id=p1_0.role_id left join permissions p1_1 on p1_1.id=p1_0.permission_id where r1_0.user_id=?
2025-03-14 11:26:27 [http-nio-8081-exec-4] DEBUG org.hibernate.SQL - select r1_0.user_id,r1_1.id,r1_1.created_at,r1_1.name,p1_0.role_id,p1_1.id,p1_1.created_at,p1_1.description,p1_1.name,p1_1.updated_at,r1_1.updated_at from user_roles r1_0 join roles r1_1 on r1_1.id=r1_0.role_id left join role_permissions p1_0 on r1_1.id=p1_0.role_id left join permissions p1_1 on p1_1.id=p1_0.permission_id where r1_0.user_id=?
2025-03-14 11:26:27 [http-nio-8081-exec-4] DEBUG org.hibernate.SQL - select r1_0.user_id,r1_1.id,r1_1.created_at,r1_1.name,p1_0.role_id,p1_1.id,p1_1.created_at,p1_1.description,p1_1.name,p1_1.updated_at,r1_1.updated_at from user_roles r1_0 join roles r1_1 on r1_1.id=r1_0.role_id left join role_permissions p1_0 on r1_1.id=p1_0.role_id left join permissions p1_1 on p1_1.id=p1_0.permission_id where r1_0.user_id=?
2025-03-14 11:26:27 [http-nio-8081-exec-4] DEBUG o.s.orm.jpa.JpaTransactionManager - Initiating transaction commit
2025-03-14 11:26:27 [http-nio-8081-exec-4] DEBUG o.s.orm.jpa.JpaTransactionManager - Committing JPA transaction on EntityManager [SessionImpl(375014301<open>)]
2025-03-14 11:26:27 [http-nio-8081-exec-4] DEBUG o.s.jdbc.datasource.DataSourceUtils - Resetting read-only flag of JDBC Connection [HikariProxyConnection@1753100614 wrapping org.postgresql.jdbc.PgConnection@15a115bd]
2025-03-14 11:26:27 [http-nio-8081-exec-4] DEBUG o.s.orm.jpa.JpaTransactionManager - Not closing pre-bound JPA EntityManager after transaction
2025-03-14 11:26:27 [http-nio-8081-exec-4] INFO  o.g.login.services.UserService - getAllUsers: Retrieved 5 users.
2025-03-14 11:26:27 [http-nio-8081-exec-4] DEBUG o.s.w.s.m.m.a.HttpEntityMethodProcessor - Using 'application/json', given [*/*] and supported [application/json, application/*+json]
2025-03-14 11:26:27 [http-nio-8081-exec-4] DEBUG o.s.w.s.m.m.a.HttpEntityMethodProcessor - Writing [[org.guidewire.login.dto.responses.UserResponse@10a2daf1, org.guidewire.login.dto.responses.UserResp (truncated)...]
2025-03-14 11:26:27 [http-nio-8081-exec-4] DEBUG o.s.o.j.s.OpenEntityManagerInViewInterceptor - Closing JPA EntityManager in OpenEntityManagerInViewInterceptor
2025-03-14 11:26:27 [http-nio-8081-exec-4] DEBUG o.s.web.servlet.DispatcherServlet - Completed 200 OK
2025-03-14 11:26:27 [http-nio-8081-exec-6] DEBUG o.s.security.web.FilterChainProxy - Securing GET /api/auth/user/details
2025-03-14 11:26:27 [http-nio-8081-exec-6] DEBUG o.g.l.s.JwtAuthenticationFilter - doFilterInternal: No valid Authorization header found, skipping JWT processing.
2025-03-14 11:26:27 [http-nio-8081-exec-6] DEBUG o.s.s.w.a.AnonymousAuthenticationFilter - Set SecurityContextHolder to anonymous SecurityContext
2025-03-14 11:26:27 [http-nio-8081-exec-6] DEBUG o.s.security.web.FilterChainProxy - Secured GET /api/auth/user/details
2025-03-14 11:26:27 [http-nio-8081-exec-6] DEBUG o.s.web.servlet.DispatcherServlet - GET "/api/auth/user/details", parameters={}
2025-03-14 11:26:27 [http-nio-8081-exec-6] DEBUG o.s.w.s.m.m.a.RequestMappingHandlerMapping - Mapped to org.guidewire.login.controller.AuthController#fetchUserDetails(List)
2025-03-14 11:26:27 [http-nio-8081-exec-6] DEBUG o.s.o.j.s.OpenEntityManagerInViewInterceptor - Opening JPA EntityManager in OpenEntityManagerInViewInterceptor
2025-03-14 11:26:27 [http-nio-8081-exec-6] DEBUG o.s.w.s.m.m.a.RequestResponseBodyMethodProcessor - Read "application/json;charset=UTF-8" to [[3d480867-d12b-4c5f-a725-da17dd7e5590]]
2025-03-14 11:26:27 [http-nio-8081-exec-6] INFO  o.g.login.controller.AuthController - fetchUserDetails: Fetching details for users with IDs: [3d480867-d12b-4c5f-a725-da17dd7e5590]
2025-03-14 11:26:27 [http-nio-8081-exec-6] DEBUG o.s.orm.jpa.JpaTransactionManager - Found thread-bound EntityManager [SessionImpl(563526524<open>)] for JPA transaction
2025-03-14 11:26:27 [http-nio-8081-exec-6] DEBUG o.s.orm.jpa.JpaTransactionManager - Creating new transaction with name [org.springframework.data.jpa.repository.support.SimpleJpaRepository.findAllById]: PROPAGATION_REQUIRED,ISOLATION_DEFAULT,readOnly
2025-03-14 11:26:27 [http-nio-8081-exec-6] DEBUG o.s.jdbc.datasource.DataSourceUtils - Setting JDBC Connection [HikariProxyConnection@1749971158 wrapping org.postgresql.jdbc.PgConnection@15a115bd] read-only
2025-03-14 11:26:27 [http-nio-8081-exec-6] DEBUG o.s.orm.jpa.JpaTransactionManager - Exposing JPA transaction as JDBC [org.springframework.orm.jpa.vendor.HibernateJpaDialect$HibernateConnectionHandle@4bf17ecf]
2025-03-14 11:26:27 [http-nio-8081-exec-6] DEBUG org.hibernate.SQL - select u1_0.id,u1_0.created_at,u1_0.email,u1_0.password,u1_0.updated_at,u1_0.username from users u1_0 where u1_0.id in (?)
2025-03-14 11:26:27 [http-nio-8081-exec-6] DEBUG org.hibernate.SQL - select r1_0.user_id,r1_1.id,r1_1.created_at,r1_1.name,p1_0.role_id,p1_1.id,p1_1.created_at,p1_1.description,p1_1.name,p1_1.updated_at,r1_1.updated_at from user_roles r1_0 join roles r1_1 on r1_1.id=r1_0.role_id left join role_permissions p1_0 on r1_1.id=p1_0.role_id left join permissions p1_1 on p1_1.id=p1_0.permission_id where r1_0.user_id=?
2025-03-14 11:26:27 [http-nio-8081-exec-6] DEBUG o.s.orm.jpa.JpaTransactionManager - Initiating transaction commit
2025-03-14 11:26:27 [http-nio-8081-exec-6] DEBUG o.s.orm.jpa.JpaTransactionManager - Committing JPA transaction on EntityManager [SessionImpl(563526524<open>)]
2025-03-14 11:26:27 [http-nio-8081-exec-6] DEBUG o.s.jdbc.datasource.DataSourceUtils - Resetting read-only flag of JDBC Connection [HikariProxyConnection@1749971158 wrapping org.postgresql.jdbc.PgConnection@15a115bd]
2025-03-14 11:26:27 [http-nio-8081-exec-6] DEBUG o.s.orm.jpa.JpaTransactionManager - Not closing pre-bound JPA EntityManager after transaction
2025-03-14 11:26:27 [http-nio-8081-exec-6] INFO  o.g.login.controller.AuthController - fetchUserDetails: Returning user details for users: [org.guidewire.login.dto.responses.UserResponse@1335d22a]
2025-03-14 11:26:27 [http-nio-8081-exec-6] DEBUG o.s.w.s.m.m.a.HttpEntityMethodProcessor - Using 'application/json', given [*/*] and supported [application/json, application/*+json]
2025-03-14 11:26:27 [http-nio-8081-exec-6] DEBUG o.s.w.s.m.m.a.HttpEntityMethodProcessor - Writing [[org.guidewire.login.dto.responses.UserResponse@1335d22a]]
2025-03-14 11:26:27 [http-nio-8081-exec-6] DEBUG o.s.o.j.s.OpenEntityManagerInViewInterceptor - Closing JPA EntityManager in OpenEntityManagerInViewInterceptor
2025-03-14 11:26:27 [http-nio-8081-exec-6] DEBUG o.s.web.servlet.DispatcherServlet - Completed 200 OK
2025-03-14 14:42:33 [HikariPool-1 housekeeper] WARN  com.zaxxer.hikari.pool.HikariPool - HikariPool-1 - Thread starvation or clock leap detected (housekeeper delta=15m27s420ms).
2025-03-14 14:58:01 [HikariPool-1 housekeeper] WARN  com.zaxxer.hikari.pool.HikariPool - HikariPool-1 - Thread starvation or clock leap detected (housekeeper delta=15m28s181ms).
2025-03-14 15:03:38 [HikariPool-1 housekeeper] WARN  com.zaxxer.hikari.pool.HikariPool - HikariPool-1 - Thread starvation or clock leap detected (housekeeper delta=5m6s755ms).
2025-03-14 15:59:38 [SpringApplicationShutdownHook] DEBUG o.s.b.a.ApplicationAvailabilityBean - Application availability state ReadinessState changed from ACCEPTING_TRAFFIC to REFUSING_TRAFFIC
2025-03-14 15:59:38 [SpringApplicationShutdownHook] DEBUG o.s.b.w.s.c.AnnotationConfigServletWebServerApplicationContext - Closing org.springframework.boot.web.servlet.context.AnnotationConfigServletWebServerApplicationContext@47186193, started on Thu Mar 13 15:51:23 IST 2025
2025-03-14 15:59:38 [SpringApplicationShutdownHook] DEBUG o.s.c.s.DefaultLifecycleProcessor - Stopping beans in phase 2147483647
2025-03-14 15:59:38 [SpringApplicationShutdownHook] DEBUG o.s.c.s.DefaultLifecycleProcessor - Bean 'applicationTaskExecutor' completed its stop procedure
2025-03-14 15:59:38 [SpringApplicationShutdownHook] DEBUG o.s.c.s.DefaultLifecycleProcessor - Stopping beans in phase 2147482623
2025-03-14 15:59:38 [SpringApplicationShutdownHook] DEBUG o.s.c.s.DefaultLifecycleProcessor - Bean 'webServerGracefulShutdown' completed its stop procedure
2025-03-14 15:59:38 [SpringApplicationShutdownHook] DEBUG o.s.c.s.DefaultLifecycleProcessor - Stopping beans in phase 2147481599
2025-03-14 15:59:38 [SpringApplicationShutdownHook] DEBUG o.s.c.s.DefaultLifecycleProcessor - Bean 'webServerStartStop' completed its stop procedure
2025-03-14 15:59:38 [SpringApplicationShutdownHook] DEBUG o.s.c.s.DefaultLifecycleProcessor - Stopping beans in phase -2147483647
2025-03-14 15:59:38 [SpringApplicationShutdownHook] DEBUG o.s.c.s.DefaultLifecycleProcessor - Bean 'springBootLoggingLifecycle' completed its stop procedure
2025-03-14 15:59:38 [SpringApplicationShutdownHook] DEBUG o.s.b.a.e.jmx.JmxEndpointExporter - Unregister endpoint with ObjectName 'org.springframework.boot:type=Endpoint,name=Beans' from the JMX domain
2025-03-14 15:59:38 [SpringApplicationShutdownHook] DEBUG o.s.b.a.e.jmx.JmxEndpointExporter - Unregister endpoint with ObjectName 'org.springframework.boot:type=Endpoint,name=Caches' from the JMX domain
2025-03-14 15:59:38 [SpringApplicationShutdownHook] DEBUG o.s.b.a.e.jmx.JmxEndpointExporter - Unregister endpoint with ObjectName 'org.springframework.boot:type=Endpoint,name=Health' from the JMX domain
2025-03-14 15:59:38 [SpringApplicationShutdownHook] DEBUG o.s.b.a.e.jmx.JmxEndpointExporter - Unregister endpoint with ObjectName 'org.springframework.boot:type=Endpoint,name=Info' from the JMX domain
2025-03-14 15:59:38 [SpringApplicationShutdownHook] DEBUG o.s.b.a.e.jmx.JmxEndpointExporter - Unregister endpoint with ObjectName 'org.springframework.boot:type=Endpoint,name=Conditions' from the JMX domain
2025-03-14 15:59:38 [SpringApplicationShutdownHook] DEBUG o.s.b.a.e.jmx.JmxEndpointExporter - Unregister endpoint with ObjectName 'org.springframework.boot:type=Endpoint,name=Configprops' from the JMX domain
2025-03-14 15:59:38 [SpringApplicationShutdownHook] DEBUG o.s.b.a.e.jmx.JmxEndpointExporter - Unregister endpoint with ObjectName 'org.springframework.boot:type=Endpoint,name=Env' from the JMX domain
2025-03-14 15:59:38 [SpringApplicationShutdownHook] DEBUG o.s.b.a.e.jmx.JmxEndpointExporter - Unregister endpoint with ObjectName 'org.springframework.boot:type=Endpoint,name=Loggers' from the JMX domain
2025-03-14 15:59:38 [SpringApplicationShutdownHook] DEBUG o.s.b.a.e.jmx.JmxEndpointExporter - Unregister endpoint with ObjectName 'org.springframework.boot:type=Endpoint,name=Threaddump' from the JMX domain
2025-03-14 15:59:38 [SpringApplicationShutdownHook] DEBUG o.s.b.a.e.jmx.JmxEndpointExporter - Unregister endpoint with ObjectName 'org.springframework.boot:type=Endpoint,name=Metrics' from the JMX domain
2025-03-14 15:59:38 [SpringApplicationShutdownHook] DEBUG o.s.b.a.e.jmx.JmxEndpointExporter - Unregister endpoint with ObjectName 'org.springframework.boot:type=Endpoint,name=Sbom' from the JMX domain
2025-03-14 15:59:38 [SpringApplicationShutdownHook] DEBUG o.s.b.a.e.jmx.JmxEndpointExporter - Unregister endpoint with ObjectName 'org.springframework.boot:type=Endpoint,name=Scheduledtasks' from the JMX domain
2025-03-14 15:59:38 [SpringApplicationShutdownHook] DEBUG o.s.b.a.e.jmx.JmxEndpointExporter - Unregister endpoint with ObjectName 'org.springframework.boot:type=Endpoint,name=Mappings' from the JMX domain
2025-03-14 15:59:38 [SpringApplicationShutdownHook] DEBUG o.s.j.e.a.AnnotationMBeanExporter - Unregistering JMX-exposed beans on shutdown
2025-03-14 15:59:38 [SpringApplicationShutdownHook] DEBUG o.s.j.e.a.AnnotationMBeanExporter - Unregistering JMX-exposed beans
2025-03-14 15:59:38 [SpringApplicationShutdownHook] DEBUG o.s.s.c.ThreadPoolTaskExecutor - Shutting down ExecutorService 'applicationTaskExecutor'
2025-03-14 15:59:38 [SpringApplicationShutdownHook] INFO  o.s.o.j.LocalContainerEntityManagerFactoryBean - Closing JPA EntityManagerFactory for persistence unit 'default'
2025-03-14 15:59:39 [SpringApplicationShutdownHook] INFO  com.zaxxer.hikari.HikariDataSource - HikariPool-1 - Shutdown initiated...
2025-03-14 15:59:39 [SpringApplicationShutdownHook] INFO  com.zaxxer.hikari.HikariDataSource - HikariPool-1 - Shutdown completed.
2025-03-14 15:59:39 [SpringApplicationShutdownHook] DEBUG o.s.b.f.s.DisposableBeanAdapter - Custom destroy method 'close' on bean with name 'simpleMeterRegistry' completed
2025-03-14 17:42:00 [SpringApplicationShutdownHook] DEBUG o.s.b.a.ApplicationAvailabilityBean - Application availability state ReadinessState changed from ACCEPTING_TRAFFIC to REFUSING_TRAFFIC
2025-03-14 17:42:00 [SpringApplicationShutdownHook] DEBUG o.s.b.w.s.c.AnnotationConfigServletWebServerApplicationContext - Closing org.springframework.boot.web.servlet.context.AnnotationConfigServletWebServerApplicationContext@394e5f0d, started on Fri Mar 14 16:03:49 IST 2025
2025-03-14 17:42:00 [SpringApplicationShutdownHook] DEBUG o.s.c.s.DefaultLifecycleProcessor - Stopping beans in phase 2147483647
2025-03-14 17:42:00 [SpringApplicationShutdownHook] DEBUG o.s.c.s.DefaultLifecycleProcessor - Bean 'applicationTaskExecutor' completed its stop procedure
2025-03-14 17:42:00 [SpringApplicationShutdownHook] DEBUG o.s.c.s.DefaultLifecycleProcessor - Stopping beans in phase 2147482623
2025-03-14 17:42:00 [SpringApplicationShutdownHook] DEBUG o.s.c.s.DefaultLifecycleProcessor - Bean 'webServerGracefulShutdown' completed its stop procedure
2025-03-14 17:42:00 [SpringApplicationShutdownHook] DEBUG o.s.c.s.DefaultLifecycleProcessor - Stopping beans in phase 2147481599
2025-03-14 17:42:00 [SpringApplicationShutdownHook] DEBUG o.s.c.s.DefaultLifecycleProcessor - Bean 'webServerStartStop' completed its stop procedure
2025-03-14 17:42:00 [SpringApplicationShutdownHook] DEBUG o.s.c.s.DefaultLifecycleProcessor - Stopping beans in phase -2147483647
2025-03-14 17:42:00 [SpringApplicationShutdownHook] DEBUG o.s.c.s.DefaultLifecycleProcessor - Bean 'springBootLoggingLifecycle' completed its stop procedure
2025-03-14 17:42:00 [SpringApplicationShutdownHook] DEBUG o.s.b.a.e.jmx.JmxEndpointExporter - Unregister endpoint with ObjectName 'org.springframework.boot:type=Endpoint,name=Beans' from the JMX domain
2025-03-14 17:42:00 [SpringApplicationShutdownHook] DEBUG o.s.b.a.e.jmx.JmxEndpointExporter - Unregister endpoint with ObjectName 'org.springframework.boot:type=Endpoint,name=Caches' from the JMX domain
2025-03-14 17:42:00 [SpringApplicationShutdownHook] DEBUG o.s.b.a.e.jmx.JmxEndpointExporter - Unregister endpoint with ObjectName 'org.springframework.boot:type=Endpoint,name=Health' from the JMX domain
2025-03-14 17:42:00 [SpringApplicationShutdownHook] DEBUG o.s.b.a.e.jmx.JmxEndpointExporter - Unregister endpoint with ObjectName 'org.springframework.boot:type=Endpoint,name=Info' from the JMX domain
2025-03-14 17:42:00 [SpringApplicationShutdownHook] DEBUG o.s.b.a.e.jmx.JmxEndpointExporter - Unregister endpoint with ObjectName 'org.springframework.boot:type=Endpoint,name=Conditions' from the JMX domain
2025-03-14 17:42:00 [SpringApplicationShutdownHook] DEBUG o.s.b.a.e.jmx.JmxEndpointExporter - Unregister endpoint with ObjectName 'org.springframework.boot:type=Endpoint,name=Configprops' from the JMX domain
2025-03-14 17:42:00 [SpringApplicationShutdownHook] DEBUG o.s.b.a.e.jmx.JmxEndpointExporter - Unregister endpoint with ObjectName 'org.springframework.boot:type=Endpoint,name=Env' from the JMX domain
2025-03-14 17:42:00 [SpringApplicationShutdownHook] DEBUG o.s.b.a.e.jmx.JmxEndpointExporter - Unregister endpoint with ObjectName 'org.springframework.boot:type=Endpoint,name=Loggers' from the JMX domain
2025-03-14 17:42:00 [SpringApplicationShutdownHook] DEBUG o.s.b.a.e.jmx.JmxEndpointExporter - Unregister endpoint with ObjectName 'org.springframework.boot:type=Endpoint,name=Threaddump' from the JMX domain
2025-03-14 17:42:00 [SpringApplicationShutdownHook] DEBUG o.s.b.a.e.jmx.JmxEndpointExporter - Unregister endpoint with ObjectName 'org.springframework.boot:type=Endpoint,name=Metrics' from the JMX domain
2025-03-14 17:42:00 [SpringApplicationShutdownHook] DEBUG o.s.b.a.e.jmx.JmxEndpointExporter - Unregister endpoint with ObjectName 'org.springframework.boot:type=Endpoint,name=Sbom' from the JMX domain
2025-03-14 17:42:00 [SpringApplicationShutdownHook] DEBUG o.s.b.a.e.jmx.JmxEndpointExporter - Unregister endpoint with ObjectName 'org.springframework.boot:type=Endpoint,name=Scheduledtasks' from the JMX domain
2025-03-14 17:42:00 [SpringApplicationShutdownHook] DEBUG o.s.b.a.e.jmx.JmxEndpointExporter - Unregister endpoint with ObjectName 'org.springframework.boot:type=Endpoint,name=Mappings' from the JMX domain
2025-03-14 17:42:00 [SpringApplicationShutdownHook] DEBUG o.s.j.e.a.AnnotationMBeanExporter - Unregistering JMX-exposed beans on shutdown
2025-03-14 17:42:00 [SpringApplicationShutdownHook] DEBUG o.s.j.e.a.AnnotationMBeanExporter - Unregistering JMX-exposed beans
2025-03-14 17:42:00 [SpringApplicationShutdownHook] DEBUG o.s.s.c.ThreadPoolTaskExecutor - Shutting down ExecutorService 'applicationTaskExecutor'
2025-03-14 17:42:00 [SpringApplicationShutdownHook] INFO  o.s.o.j.LocalContainerEntityManagerFactoryBean - Closing JPA EntityManagerFactory for persistence unit 'default'
2025-03-14 17:42:00 [SpringApplicationShutdownHook] INFO  com.zaxxer.hikari.HikariDataSource - HikariPool-1 - Shutdown initiated...
2025-03-14 17:42:00 [SpringApplicationShutdownHook] INFO  com.zaxxer.hikari.HikariDataSource - HikariPool-1 - Shutdown completed.
2025-03-14 17:42:00 [SpringApplicationShutdownHook] DEBUG o.s.b.f.s.DisposableBeanAdapter - Custom destroy method 'close' on bean with name 'simpleMeterRegistry' completed
