2025-03-17 00:27:00 [HikariPool-1 housekeeper] WARN  com.zaxxer.hikari.pool.HikariPool - HikariPool-1 - Thread starvation or clock leap detected (housekeeper delta=44m8s914ms).
2025-03-17 01:17:58 [HikariPool-1 housekeeper] WARN  com.zaxxer.hikari.pool.HikariPool - HikariPool-1 - Thread starvation or clock leap detected (housekeeper delta=50m58s709ms).
2025-03-17 01:35:34 [HikariPool-1 housekeeper] WARN  com.zaxxer.hikari.pool.HikariPool - HikariPool-1 - Thread starvation or clock leap detected (housekeeper delta=17m36s142ms).
2025-03-17 02:24:10 [HikariPool-1 housekeeper] WARN  com.zaxxer.hikari.pool.HikariPool - HikariPool-1 - Thread starvation or clock leap detected (housekeeper delta=48m35s692ms).
2025-03-17 03:28:12 [HikariPool-1 housekeeper] WARN  com.zaxxer.hikari.pool.HikariPool - HikariPool-1 - Thread starvation or clock leap detected (housekeeper delta=1h4m1s750ms).
2025-03-17 03:45:01 [HikariPool-1 housekeeper] WARN  com.zaxxer.hikari.pool.HikariPool - HikariPool-1 - Thread starvation or clock leap detected (housekeeper delta=16m49s405ms).
2025-03-17 04:17:45 [HikariPool-1 housekeeper] WARN  com.zaxxer.hikari.pool.HikariPool - HikariPool-1 - Thread starvation or clock leap detected (housekeeper delta=32m43s832ms).
2025-03-17 05:06:47 [HikariPool-1 housekeeper] WARN  com.zaxxer.hikari.pool.HikariPool - HikariPool-1 - Thread starvation or clock leap detected (housekeeper delta=49m1s797ms).
2025-03-17 05:41:42 [HikariPool-1 housekeeper] WARN  com.zaxxer.hikari.pool.HikariPool - HikariPool-1 - Thread starvation or clock leap detected (housekeeper delta=34m19s524ms).
2025-03-17 06:25:52 [HikariPool-1 housekeeper] WARN  com.zaxxer.hikari.pool.HikariPool - HikariPool-1 - Thread starvation or clock leap detected (housekeeper delta=44m10s269ms).
2025-03-17 06:43:46 [HikariPool-1 housekeeper] WARN  com.zaxxer.hikari.pool.HikariPool - HikariPool-1 - Thread starvation or clock leap detected (housekeeper delta=17m54s55ms).
2025-03-17 07:04:41 [HikariPool-1 housekeeper] WARN  com.zaxxer.hikari.pool.HikariPool - HikariPool-1 - Thread starvation or clock leap detected (housekeeper delta=20m54s741ms).
2025-03-17 07:38:50 [HikariPool-1 housekeeper] WARN  com.zaxxer.hikari.pool.HikariPool - HikariPool-1 - Thread starvation or clock leap detected (housekeeper delta=34m9s658ms).
2025-03-17 07:54:02 [HikariPool-1 housekeeper] WARN  com.zaxxer.hikari.pool.HikariPool - HikariPool-1 - Thread starvation or clock leap detected (housekeeper delta=15m11s849ms).
2025-03-17 13:41:21 [http-nio-8081-exec-6] DEBUG o.s.security.web.FilterChainProxy - Securing POST /api/auth/login
2025-03-17 13:41:21 [http-nio-8081-exec-6] DEBUG o.g.l.s.JwtAuthenticationFilter - doFilterInternal: No valid Authorization header found, skipping JWT processing.
2025-03-17 13:41:21 [http-nio-8081-exec-6] DEBUG o.s.s.w.a.AnonymousAuthenticationFilter - Set SecurityContextHolder to anonymous SecurityContext
2025-03-17 13:41:21 [http-nio-8081-exec-6] DEBUG o.s.security.web.FilterChainProxy - Secured POST /api/auth/login
2025-03-17 13:41:21 [http-nio-8081-exec-6] DEBUG o.s.web.servlet.DispatcherServlet - POST "/api/auth/login", parameters={}
2025-03-17 13:41:21 [http-nio-8081-exec-6] DEBUG o.s.w.s.m.m.a.RequestMappingHandlerMapping - Mapped to org.guidewire.login.controller.AuthController#loginUser(LoginRequest)
2025-03-17 13:41:21 [http-nio-8081-exec-6] DEBUG o.s.o.j.s.OpenEntityManagerInViewInterceptor - Opening JPA EntityManager in OpenEntityManagerInViewInterceptor
2025-03-17 13:41:21 [http-nio-8081-exec-6] DEBUG o.s.w.s.m.m.a.RequestResponseBodyMethodProcessor - Read "application/json;charset=UTF-8" to [org.guidewire.login.dto.requests.LoginRequest@640c37ad]
2025-03-17 13:41:21 [http-nio-8081-exec-6] INFO  o.g.login.controller.AuthController - loginUser: Login attempt for user: admin
2025-03-17 13:41:21 [http-nio-8081-exec-6] INFO  o.g.login.services.AuthService - authenticateUser:Authenticating user: admin
2025-03-17 13:41:21 [http-nio-8081-exec-6] INFO  o.g.l.s.CustomUserDetailsService - loadUserByUsername: Searching for user: admin
2025-03-17 13:41:21 [http-nio-8081-exec-6] DEBUG org.hibernate.SQL - select u1_0.id,u1_0.created_at,u1_0.email,u1_0.password,u1_0.updated_at,u1_0.username from users u1_0 where u1_0.username=?
2025-03-17 13:41:22 [http-nio-8081-exec-6] DEBUG org.hibernate.SQL - select r1_0.user_id,r1_1.id,r1_1.created_at,r1_1.name,p1_0.role_id,p1_1.id,p1_1.created_at,p1_1.description,p1_1.name,p1_1.updated_at,r1_1.updated_at from user_roles r1_0 join roles r1_1 on r1_1.id=r1_0.role_id left join role_permissions p1_0 on r1_1.id=p1_0.role_id left join permissions p1_1 on p1_1.id=p1_0.permission_id where r1_0.user_id=?
2025-03-17 13:41:22 [http-nio-8081-exec-6] INFO  o.g.l.s.CustomUserDetailsService - loadUserByUsername: User admin found with roles: [org.guidewire.login.model.Role@521b69f2]
2025-03-17 13:41:22 [http-nio-8081-exec-6] INFO  o.g.login.security.CustomUserDetails - Initializing CustomUserDetails for user: admin
2025-03-17 13:41:22 [http-nio-8081-exec-6] DEBUG o.g.login.security.CustomUserDetails - User admin has roles: [ADMIN]
2025-03-17 13:41:22 [http-nio-8081-exec-6] DEBUG o.g.login.security.CustomUserDetails - User admin has permissions: [DELETE_TASK, CREATE_TASK, VIEW_TASK, CLOSE_TASK, COMMENT_TASK, ASSIGN_TASK, EDIT_TASK]
2025-03-17 13:41:22 [http-nio-8081-exec-6] INFO  o.g.login.security.CustomUserDetails - CustomUserDetails initialized successfully for user: admin
2025-03-17 13:41:22 [http-nio-8081-exec-6] DEBUG o.g.login.security.CustomUserDetails - Fetching authorities for user: admin
2025-03-17 13:41:22 [http-nio-8081-exec-6] DEBUG o.s.s.a.d.DaoAuthenticationProvider - Authenticated user
2025-03-17 13:41:22 [http-nio-8081-exec-6] DEBUG org.hibernate.SQL - select u1_0.id,u1_0.created_at,u1_0.email,u1_0.password,u1_0.updated_at,u1_0.username from users u1_0 where u1_0.username=?
2025-03-17 13:41:22 [http-nio-8081-exec-6] INFO  o.g.login.security.CustomUserDetails - Initializing CustomUserDetails for user: admin
2025-03-17 13:41:22 [http-nio-8081-exec-6] DEBUG o.g.login.security.CustomUserDetails - User admin has roles: [ADMIN]
2025-03-17 13:41:22 [http-nio-8081-exec-6] DEBUG o.g.login.security.CustomUserDetails - User admin has permissions: [DELETE_TASK, CREATE_TASK, VIEW_TASK, CLOSE_TASK, COMMENT_TASK, ASSIGN_TASK, EDIT_TASK]
2025-03-17 13:41:22 [http-nio-8081-exec-6] INFO  o.g.login.security.CustomUserDetails - CustomUserDetails initialized successfully for user: admin
2025-03-17 13:41:22 [http-nio-8081-exec-6] DEBUG o.g.login.security.CustomUserDetails - Fetching authorities for user: admin
2025-03-17 13:41:22 [http-nio-8081-exec-6] DEBUG o.g.login.security.CustomUserDetails - Fetching authorities for user: admin
2025-03-17 13:41:22 [http-nio-8081-exec-6] INFO  o.guidewire.login.security.JwtUtil - generateToken:Generated JWT token for user: admin
2025-03-17 13:41:22 [http-nio-8081-exec-6] INFO  o.g.login.services.AuthService - authenticateUser:User authenticated successfully: admin
2025-03-17 13:41:22 [http-nio-8081-exec-6] INFO  o.g.login.controller.AuthController - loginUser: User admin logged in successfully
2025-03-17 13:41:22 [http-nio-8081-exec-6] DEBUG o.s.w.s.m.m.a.HttpEntityMethodProcessor - Using 'application/json', given [*/*] and supported [application/json, application/*+json]
2025-03-17 13:41:22 [http-nio-8081-exec-6] DEBUG o.s.w.s.m.m.a.HttpEntityMethodProcessor - Writing [org.guidewire.login.dto.responses.AuthResponse@68e8ab4a]
2025-03-17 13:41:22 [http-nio-8081-exec-6] DEBUG o.s.o.j.s.OpenEntityManagerInViewInterceptor - Closing JPA EntityManager in OpenEntityManagerInViewInterceptor
2025-03-17 13:41:22 [http-nio-8081-exec-6] DEBUG o.s.web.servlet.DispatcherServlet - Completed 200 OK
2025-03-17 13:41:22 [http-nio-8081-exec-7] DEBUG o.s.security.web.FilterChainProxy - Securing GET /api/auth/check-admin
2025-03-17 13:41:22 [http-nio-8081-exec-7] INFO  o.g.l.s.JwtAuthenticationFilter - doFilterInternal: Extracted username 'admin' from token.
2025-03-17 13:41:22 [http-nio-8081-exec-7] INFO  o.g.l.s.CustomUserDetailsService - loadUserByUsername: Searching for user: admin
2025-03-17 13:41:22 [http-nio-8081-exec-7] DEBUG o.s.o.j.SharedEntityManagerCreator$SharedEntityManagerInvocationHandler - Creating new EntityManager for shared EntityManager invocation
2025-03-17 13:41:22 [http-nio-8081-exec-7] DEBUG org.hibernate.SQL - select u1_0.id,u1_0.created_at,u1_0.email,u1_0.password,u1_0.updated_at,u1_0.username from users u1_0 where u1_0.username=?
2025-03-17 13:41:22 [http-nio-8081-exec-7] DEBUG org.hibernate.SQL - select r1_0.user_id,r1_1.id,r1_1.created_at,r1_1.name,p1_0.role_id,p1_1.id,p1_1.created_at,p1_1.description,p1_1.name,p1_1.updated_at,r1_1.updated_at from user_roles r1_0 join roles r1_1 on r1_1.id=r1_0.role_id left join role_permissions p1_0 on r1_1.id=p1_0.role_id left join permissions p1_1 on p1_1.id=p1_0.permission_id where r1_0.user_id=?
2025-03-17 13:41:22 [http-nio-8081-exec-7] INFO  o.g.l.s.CustomUserDetailsService - loadUserByUsername: User admin found with roles: [org.guidewire.login.model.Role@3c07aab3]
2025-03-17 13:41:22 [http-nio-8081-exec-7] INFO  o.g.login.security.CustomUserDetails - Initializing CustomUserDetails for user: admin
2025-03-17 13:41:22 [http-nio-8081-exec-7] DEBUG o.g.login.security.CustomUserDetails - User admin has roles: [ADMIN]
2025-03-17 13:41:22 [http-nio-8081-exec-7] DEBUG o.g.login.security.CustomUserDetails - User admin has permissions: [DELETE_TASK, CREATE_TASK, VIEW_TASK, CLOSE_TASK, ASSIGN_TASK, COMMENT_TASK, EDIT_TASK]
2025-03-17 13:41:22 [http-nio-8081-exec-7] INFO  o.g.login.security.CustomUserDetails - CustomUserDetails initialized successfully for user: admin
2025-03-17 13:41:22 [http-nio-8081-exec-7] INFO  o.guidewire.login.security.JwtUtil - validateToken:JWT validated successfully for user: admin
2025-03-17 13:41:22 [http-nio-8081-exec-7] DEBUG o.g.login.security.CustomUserDetails - Fetching authorities for user: admin
2025-03-17 13:41:22 [http-nio-8081-exec-7] INFO  o.g.l.s.JwtAuthenticationFilter - doFilterInternal: Authentication successful for user 'admin'.
2025-03-17 13:41:22 [http-nio-8081-exec-7] DEBUG o.s.security.web.FilterChainProxy - Secured GET /api/auth/check-admin
2025-03-17 13:41:22 [http-nio-8081-exec-7] DEBUG o.s.web.servlet.DispatcherServlet - GET "/api/auth/check-admin", parameters={}
2025-03-17 13:41:22 [http-nio-8081-exec-7] DEBUG o.s.w.s.m.m.a.RequestMappingHandlerMapping - Mapped to org.guidewire.login.controller.AuthController#checkIfAdmin(UserDetails)
2025-03-17 13:41:22 [http-nio-8081-exec-7] DEBUG o.s.o.j.s.OpenEntityManagerInViewInterceptor - Opening JPA EntityManager in OpenEntityManagerInViewInterceptor
2025-03-17 13:41:22 [http-nio-8081-exec-7] DEBUG o.g.login.security.CustomUserDetails - Fetching authorities for user: admin
2025-03-17 13:41:22 [http-nio-8081-exec-7] DEBUG o.s.w.s.m.m.a.HttpEntityMethodProcessor - Using 'application/json', given [*/*] and supported [application/json, application/*+json]
2025-03-17 13:41:22 [http-nio-8081-exec-7] DEBUG o.s.w.s.m.m.a.HttpEntityMethodProcessor - Writing [org.guidewire.login.dto.responses.UserRoleResponse@3842a18f]
2025-03-17 13:41:22 [http-nio-8081-exec-7] DEBUG o.s.o.j.s.OpenEntityManagerInViewInterceptor - Closing JPA EntityManager in OpenEntityManagerInViewInterceptor
2025-03-17 13:41:22 [http-nio-8081-exec-7] DEBUG o.s.web.servlet.DispatcherServlet - Completed 200 OK
2025-03-17 13:41:23 [http-nio-8081-exec-8] DEBUG o.s.security.web.FilterChainProxy - Securing GET /api/auth/users/list
2025-03-17 13:41:23 [http-nio-8081-exec-8] INFO  o.g.l.s.JwtAuthenticationFilter - doFilterInternal: Extracted username 'admin' from token.
2025-03-17 13:41:23 [http-nio-8081-exec-8] INFO  o.g.l.s.CustomUserDetailsService - loadUserByUsername: Searching for user: admin
2025-03-17 13:41:23 [http-nio-8081-exec-8] DEBUG o.s.o.j.SharedEntityManagerCreator$SharedEntityManagerInvocationHandler - Creating new EntityManager for shared EntityManager invocation
2025-03-17 13:41:23 [http-nio-8081-exec-8] DEBUG org.hibernate.SQL - select u1_0.id,u1_0.created_at,u1_0.email,u1_0.password,u1_0.updated_at,u1_0.username from users u1_0 where u1_0.username=?
2025-03-17 13:41:23 [http-nio-8081-exec-8] DEBUG org.hibernate.SQL - select r1_0.user_id,r1_1.id,r1_1.created_at,r1_1.name,p1_0.role_id,p1_1.id,p1_1.created_at,p1_1.description,p1_1.name,p1_1.updated_at,r1_1.updated_at from user_roles r1_0 join roles r1_1 on r1_1.id=r1_0.role_id left join role_permissions p1_0 on r1_1.id=p1_0.role_id left join permissions p1_1 on p1_1.id=p1_0.permission_id where r1_0.user_id=?
2025-03-17 13:41:23 [http-nio-8081-exec-8] INFO  o.g.l.s.CustomUserDetailsService - loadUserByUsername: User admin found with roles: [org.guidewire.login.model.Role@373d5434]
2025-03-17 13:41:23 [http-nio-8081-exec-8] INFO  o.g.login.security.CustomUserDetails - Initializing CustomUserDetails for user: admin
2025-03-17 13:41:23 [http-nio-8081-exec-8] DEBUG o.g.login.security.CustomUserDetails - User admin has roles: [ADMIN]
2025-03-17 13:41:23 [http-nio-8081-exec-8] DEBUG o.g.login.security.CustomUserDetails - User admin has permissions: [DELETE_TASK, CREATE_TASK, CLOSE_TASK, VIEW_TASK, ASSIGN_TASK, COMMENT_TASK, EDIT_TASK]
2025-03-17 13:41:23 [http-nio-8081-exec-8] INFO  o.g.login.security.CustomUserDetails - CustomUserDetails initialized successfully for user: admin
2025-03-17 13:41:23 [http-nio-8081-exec-8] INFO  o.guidewire.login.security.JwtUtil - validateToken:JWT validated successfully for user: admin
2025-03-17 13:41:23 [http-nio-8081-exec-8] DEBUG o.g.login.security.CustomUserDetails - Fetching authorities for user: admin
2025-03-17 13:41:23 [http-nio-8081-exec-8] INFO  o.g.l.s.JwtAuthenticationFilter - doFilterInternal: Authentication successful for user 'admin'.
2025-03-17 13:41:23 [http-nio-8081-exec-8] DEBUG o.s.security.web.FilterChainProxy - Secured GET /api/auth/users/list
2025-03-17 13:41:23 [http-nio-8081-exec-8] DEBUG o.s.web.servlet.DispatcherServlet - GET "/api/auth/users/list", parameters={}
2025-03-17 13:41:23 [http-nio-8081-exec-8] DEBUG o.s.w.s.m.m.a.RequestMappingHandlerMapping - Mapped to org.guidewire.login.controller.UserController#getAllUsers()
2025-03-17 13:41:23 [http-nio-8081-exec-8] DEBUG o.s.o.j.s.OpenEntityManagerInViewInterceptor - Opening JPA EntityManager in OpenEntityManagerInViewInterceptor
2025-03-17 13:41:23 [http-nio-8081-exec-8] INFO  o.g.login.services.UserService - getAllUsers: Fetching all users from the database.
2025-03-17 13:41:23 [http-nio-8081-exec-8] DEBUG o.s.orm.jpa.JpaTransactionManager - Found thread-bound EntityManager [SessionImpl(1294796299<open>)] for JPA transaction
2025-03-17 13:41:23 [http-nio-8081-exec-8] DEBUG o.s.orm.jpa.JpaTransactionManager - Creating new transaction with name [org.springframework.data.jpa.repository.support.SimpleJpaRepository.findAll]: PROPAGATION_REQUIRED,ISOLATION_DEFAULT,readOnly
2025-03-17 13:41:23 [http-nio-8081-exec-8] DEBUG o.s.jdbc.datasource.DataSourceUtils - Setting JDBC Connection [HikariProxyConnection@514097018 wrapping org.postgresql.jdbc.PgConnection@71cbd7b2] read-only
2025-03-17 13:41:23 [http-nio-8081-exec-8] DEBUG o.s.orm.jpa.JpaTransactionManager - Exposing JPA transaction as JDBC [org.springframework.orm.jpa.vendor.HibernateJpaDialect$HibernateConnectionHandle@b915291]
2025-03-17 13:41:23 [http-nio-8081-exec-8] DEBUG org.hibernate.SQL - select u1_0.id,u1_0.created_at,u1_0.email,u1_0.password,u1_0.updated_at,u1_0.username from users u1_0
2025-03-17 13:41:23 [http-nio-8081-exec-8] DEBUG org.hibernate.SQL - select r1_0.user_id,r1_1.id,r1_1.created_at,r1_1.name,p1_0.role_id,p1_1.id,p1_1.created_at,p1_1.description,p1_1.name,p1_1.updated_at,r1_1.updated_at from user_roles r1_0 join roles r1_1 on r1_1.id=r1_0.role_id left join role_permissions p1_0 on r1_1.id=p1_0.role_id left join permissions p1_1 on p1_1.id=p1_0.permission_id where r1_0.user_id=?
2025-03-17 13:41:23 [http-nio-8081-exec-8] DEBUG org.hibernate.SQL - select r1_0.user_id,r1_1.id,r1_1.created_at,r1_1.name,p1_0.role_id,p1_1.id,p1_1.created_at,p1_1.description,p1_1.name,p1_1.updated_at,r1_1.updated_at from user_roles r1_0 join roles r1_1 on r1_1.id=r1_0.role_id left join role_permissions p1_0 on r1_1.id=p1_0.role_id left join permissions p1_1 on p1_1.id=p1_0.permission_id where r1_0.user_id=?
2025-03-17 13:41:23 [http-nio-8081-exec-8] DEBUG org.hibernate.SQL - select r1_0.user_id,r1_1.id,r1_1.created_at,r1_1.name,p1_0.role_id,p1_1.id,p1_1.created_at,p1_1.description,p1_1.name,p1_1.updated_at,r1_1.updated_at from user_roles r1_0 join roles r1_1 on r1_1.id=r1_0.role_id left join role_permissions p1_0 on r1_1.id=p1_0.role_id left join permissions p1_1 on p1_1.id=p1_0.permission_id where r1_0.user_id=?
2025-03-17 13:41:23 [http-nio-8081-exec-8] DEBUG org.hibernate.SQL - select r1_0.user_id,r1_1.id,r1_1.created_at,r1_1.name,p1_0.role_id,p1_1.id,p1_1.created_at,p1_1.description,p1_1.name,p1_1.updated_at,r1_1.updated_at from user_roles r1_0 join roles r1_1 on r1_1.id=r1_0.role_id left join role_permissions p1_0 on r1_1.id=p1_0.role_id left join permissions p1_1 on p1_1.id=p1_0.permission_id where r1_0.user_id=?
2025-03-17 13:41:23 [http-nio-8081-exec-8] DEBUG org.hibernate.SQL - select r1_0.user_id,r1_1.id,r1_1.created_at,r1_1.name,p1_0.role_id,p1_1.id,p1_1.created_at,p1_1.description,p1_1.name,p1_1.updated_at,r1_1.updated_at from user_roles r1_0 join roles r1_1 on r1_1.id=r1_0.role_id left join role_permissions p1_0 on r1_1.id=p1_0.role_id left join permissions p1_1 on p1_1.id=p1_0.permission_id where r1_0.user_id=?
2025-03-17 13:41:23 [http-nio-8081-exec-8] DEBUG o.s.orm.jpa.JpaTransactionManager - Initiating transaction commit
2025-03-17 13:41:23 [http-nio-8081-exec-8] DEBUG o.s.orm.jpa.JpaTransactionManager - Committing JPA transaction on EntityManager [SessionImpl(1294796299<open>)]
2025-03-17 13:41:23 [http-nio-8081-exec-8] DEBUG o.s.jdbc.datasource.DataSourceUtils - Resetting read-only flag of JDBC Connection [HikariProxyConnection@514097018 wrapping org.postgresql.jdbc.PgConnection@71cbd7b2]
2025-03-17 13:41:23 [http-nio-8081-exec-8] DEBUG o.s.orm.jpa.JpaTransactionManager - Not closing pre-bound JPA EntityManager after transaction
2025-03-17 13:41:23 [http-nio-8081-exec-8] INFO  o.g.login.services.UserService - getAllUsers: Retrieved 5 users.
2025-03-17 13:41:23 [http-nio-8081-exec-8] DEBUG o.s.w.s.m.m.a.HttpEntityMethodProcessor - Using 'application/json', given [*/*] and supported [application/json, application/*+json]
2025-03-17 13:41:23 [http-nio-8081-exec-8] DEBUG o.s.w.s.m.m.a.HttpEntityMethodProcessor - Writing [[org.guidewire.login.dto.responses.UserResponse@63398267, org.guidewire.login.dto.responses.UserResp (truncated)...]
2025-03-17 13:41:23 [http-nio-8081-exec-8] DEBUG o.s.o.j.s.OpenEntityManagerInViewInterceptor - Closing JPA EntityManager in OpenEntityManagerInViewInterceptor
2025-03-17 13:41:23 [http-nio-8081-exec-8] DEBUG o.s.web.servlet.DispatcherServlet - Completed 200 OK
2025-03-17 13:41:23 [http-nio-8081-exec-9] DEBUG o.s.security.web.FilterChainProxy - Securing GET /api/auth/current/user
2025-03-17 13:41:23 [http-nio-8081-exec-9] INFO  o.g.l.s.JwtAuthenticationFilter - doFilterInternal: Extracted username 'admin' from token.
2025-03-17 13:41:23 [http-nio-8081-exec-9] INFO  o.g.l.s.CustomUserDetailsService - loadUserByUsername: Searching for user: admin
2025-03-17 13:41:23 [http-nio-8081-exec-9] DEBUG o.s.o.j.SharedEntityManagerCreator$SharedEntityManagerInvocationHandler - Creating new EntityManager for shared EntityManager invocation
2025-03-17 13:41:23 [http-nio-8081-exec-9] DEBUG org.hibernate.SQL - select u1_0.id,u1_0.created_at,u1_0.email,u1_0.password,u1_0.updated_at,u1_0.username from users u1_0 where u1_0.username=?
2025-03-17 13:41:23 [http-nio-8081-exec-9] DEBUG org.hibernate.SQL - select r1_0.user_id,r1_1.id,r1_1.created_at,r1_1.name,p1_0.role_id,p1_1.id,p1_1.created_at,p1_1.description,p1_1.name,p1_1.updated_at,r1_1.updated_at from user_roles r1_0 join roles r1_1 on r1_1.id=r1_0.role_id left join role_permissions p1_0 on r1_1.id=p1_0.role_id left join permissions p1_1 on p1_1.id=p1_0.permission_id where r1_0.user_id=?
2025-03-17 13:41:23 [http-nio-8081-exec-9] INFO  o.g.l.s.CustomUserDetailsService - loadUserByUsername: User admin found with roles: [org.guidewire.login.model.Role@7f2b62a2]
2025-03-17 13:41:23 [http-nio-8081-exec-9] INFO  o.g.login.security.CustomUserDetails - Initializing CustomUserDetails for user: admin
2025-03-17 13:41:23 [http-nio-8081-exec-9] DEBUG o.g.login.security.CustomUserDetails - User admin has roles: [ADMIN]
2025-03-17 13:41:23 [http-nio-8081-exec-9] DEBUG o.g.login.security.CustomUserDetails - User admin has permissions: [DELETE_TASK, CREATE_TASK, VIEW_TASK, CLOSE_TASK, ASSIGN_TASK, COMMENT_TASK, EDIT_TASK]
2025-03-17 13:41:23 [http-nio-8081-exec-9] INFO  o.g.login.security.CustomUserDetails - CustomUserDetails initialized successfully for user: admin
2025-03-17 13:41:23 [http-nio-8081-exec-9] INFO  o.guidewire.login.security.JwtUtil - validateToken:JWT validated successfully for user: admin
2025-03-17 13:41:23 [http-nio-8081-exec-9] DEBUG o.g.login.security.CustomUserDetails - Fetching authorities for user: admin
2025-03-17 13:41:23 [http-nio-8081-exec-9] INFO  o.g.l.s.JwtAuthenticationFilter - doFilterInternal: Authentication successful for user 'admin'.
2025-03-17 13:41:23 [http-nio-8081-exec-9] DEBUG o.s.security.web.FilterChainProxy - Secured GET /api/auth/current/user
2025-03-17 13:41:23 [http-nio-8081-exec-9] DEBUG o.s.web.servlet.DispatcherServlet - GET "/api/auth/current/user", parameters={}
2025-03-17 13:41:23 [http-nio-8081-exec-9] DEBUG o.s.w.s.m.m.a.RequestMappingHandlerMapping - Mapped to org.guidewire.login.controller.AuthController#getCurrentUser(Principal)
2025-03-17 13:41:23 [http-nio-8081-exec-9] DEBUG o.s.o.j.s.OpenEntityManagerInViewInterceptor - Opening JPA EntityManager in OpenEntityManagerInViewInterceptor
2025-03-17 13:41:23 [http-nio-8081-exec-9] INFO  o.g.login.controller.AuthController - getCurrentUser: Fetching details for user: admin
2025-03-17 13:41:23 [http-nio-8081-exec-9] DEBUG o.g.login.services.AuthService - getUserDetails:Fetching user details for: admin
2025-03-17 13:41:23 [http-nio-8081-exec-9] DEBUG org.hibernate.SQL - select u1_0.id,u1_0.created_at,u1_0.email,u1_0.password,u1_0.updated_at,u1_0.username from users u1_0 where u1_0.username=?
2025-03-17 13:41:23 [http-nio-8081-exec-9] DEBUG org.hibernate.SQL - select r1_0.user_id,r1_1.id,r1_1.created_at,r1_1.name,p1_0.role_id,p1_1.id,p1_1.created_at,p1_1.description,p1_1.name,p1_1.updated_at,r1_1.updated_at from user_roles r1_0 join roles r1_1 on r1_1.id=r1_0.role_id left join role_permissions p1_0 on r1_1.id=p1_0.role_id left join permissions p1_1 on p1_1.id=p1_0.permission_id where r1_0.user_id=?
2025-03-17 13:41:23 [http-nio-8081-exec-9] INFO  o.g.login.controller.AuthController - getCurrentUser: Returning user details for admin
2025-03-17 13:41:23 [http-nio-8081-exec-9] DEBUG o.s.w.s.m.m.a.HttpEntityMethodProcessor - Using 'application/json', given [*/*] and supported [application/json, application/*+json]
2025-03-17 13:41:23 [http-nio-8081-exec-9] DEBUG o.s.w.s.m.m.a.HttpEntityMethodProcessor - Writing [org.guidewire.login.dto.responses.UserResponse@3f4c42f1]
2025-03-17 13:41:23 [http-nio-8081-exec-9] DEBUG o.s.o.j.s.OpenEntityManagerInViewInterceptor - Closing JPA EntityManager in OpenEntityManagerInViewInterceptor
2025-03-17 13:41:23 [http-nio-8081-exec-9] DEBUG o.s.web.servlet.DispatcherServlet - Completed 200 OK
2025-03-17 13:41:25 [http-nio-8081-exec-10] DEBUG o.s.security.web.FilterChainProxy - Securing GET /api/auth/users/list
2025-03-17 13:41:25 [http-nio-8081-exec-10] INFO  o.g.l.s.JwtAuthenticationFilter - doFilterInternal: Extracted username 'admin' from token.
2025-03-17 13:41:25 [http-nio-8081-exec-10] INFO  o.g.l.s.CustomUserDetailsService - loadUserByUsername: Searching for user: admin
2025-03-17 13:41:25 [http-nio-8081-exec-10] DEBUG o.s.o.j.SharedEntityManagerCreator$SharedEntityManagerInvocationHandler - Creating new EntityManager for shared EntityManager invocation
2025-03-17 13:41:25 [http-nio-8081-exec-10] DEBUG org.hibernate.SQL - select u1_0.id,u1_0.created_at,u1_0.email,u1_0.password,u1_0.updated_at,u1_0.username from users u1_0 where u1_0.username=?
2025-03-17 13:41:25 [http-nio-8081-exec-10] DEBUG org.hibernate.SQL - select r1_0.user_id,r1_1.id,r1_1.created_at,r1_1.name,p1_0.role_id,p1_1.id,p1_1.created_at,p1_1.description,p1_1.name,p1_1.updated_at,r1_1.updated_at from user_roles r1_0 join roles r1_1 on r1_1.id=r1_0.role_id left join role_permissions p1_0 on r1_1.id=p1_0.role_id left join permissions p1_1 on p1_1.id=p1_0.permission_id where r1_0.user_id=?
2025-03-17 13:41:25 [http-nio-8081-exec-10] INFO  o.g.l.s.CustomUserDetailsService - loadUserByUsername: User admin found with roles: [org.guidewire.login.model.Role@2b2f39de]
2025-03-17 13:41:25 [http-nio-8081-exec-10] INFO  o.g.login.security.CustomUserDetails - Initializing CustomUserDetails for user: admin
2025-03-17 13:41:25 [http-nio-8081-exec-10] DEBUG o.g.login.security.CustomUserDetails - User admin has roles: [ADMIN]
2025-03-17 13:41:25 [http-nio-8081-exec-10] DEBUG o.g.login.security.CustomUserDetails - User admin has permissions: [DELETE_TASK, CREATE_TASK, VIEW_TASK, CLOSE_TASK, ASSIGN_TASK, COMMENT_TASK, EDIT_TASK]
2025-03-17 13:41:25 [http-nio-8081-exec-10] INFO  o.g.login.security.CustomUserDetails - CustomUserDetails initialized successfully for user: admin
2025-03-17 13:41:25 [http-nio-8081-exec-10] INFO  o.guidewire.login.security.JwtUtil - validateToken:JWT validated successfully for user: admin
2025-03-17 13:41:25 [http-nio-8081-exec-10] DEBUG o.g.login.security.CustomUserDetails - Fetching authorities for user: admin
2025-03-17 13:41:25 [http-nio-8081-exec-10] INFO  o.g.l.s.JwtAuthenticationFilter - doFilterInternal: Authentication successful for user 'admin'.
2025-03-17 13:41:25 [http-nio-8081-exec-10] DEBUG o.s.security.web.FilterChainProxy - Secured GET /api/auth/users/list
2025-03-17 13:41:25 [http-nio-8081-exec-10] DEBUG o.s.web.servlet.DispatcherServlet - GET "/api/auth/users/list", parameters={}
2025-03-17 13:41:25 [http-nio-8081-exec-10] DEBUG o.s.w.s.m.m.a.RequestMappingHandlerMapping - Mapped to org.guidewire.login.controller.UserController#getAllUsers()
2025-03-17 13:41:25 [http-nio-8081-exec-10] DEBUG o.s.o.j.s.OpenEntityManagerInViewInterceptor - Opening JPA EntityManager in OpenEntityManagerInViewInterceptor
2025-03-17 13:41:25 [http-nio-8081-exec-10] INFO  o.g.login.services.UserService - getAllUsers: Fetching all users from the database.
2025-03-17 13:41:25 [http-nio-8081-exec-10] DEBUG o.s.orm.jpa.JpaTransactionManager - Found thread-bound EntityManager [SessionImpl(2020550421<open>)] for JPA transaction
2025-03-17 13:41:25 [http-nio-8081-exec-10] DEBUG o.s.orm.jpa.JpaTransactionManager - Creating new transaction with name [org.springframework.data.jpa.repository.support.SimpleJpaRepository.findAll]: PROPAGATION_REQUIRED,ISOLATION_DEFAULT,readOnly
2025-03-17 13:41:25 [http-nio-8081-exec-10] DEBUG o.s.jdbc.datasource.DataSourceUtils - Setting JDBC Connection [HikariProxyConnection@1140790274 wrapping org.postgresql.jdbc.PgConnection@71cbd7b2] read-only
2025-03-17 13:41:25 [http-nio-8081-exec-10] DEBUG o.s.orm.jpa.JpaTransactionManager - Exposing JPA transaction as JDBC [org.springframework.orm.jpa.vendor.HibernateJpaDialect$HibernateConnectionHandle@62f7274]
2025-03-17 13:41:25 [http-nio-8081-exec-10] DEBUG org.hibernate.SQL - select u1_0.id,u1_0.created_at,u1_0.email,u1_0.password,u1_0.updated_at,u1_0.username from users u1_0
2025-03-17 13:41:25 [http-nio-8081-exec-10] DEBUG org.hibernate.SQL - select r1_0.user_id,r1_1.id,r1_1.created_at,r1_1.name,p1_0.role_id,p1_1.id,p1_1.created_at,p1_1.description,p1_1.name,p1_1.updated_at,r1_1.updated_at from user_roles r1_0 join roles r1_1 on r1_1.id=r1_0.role_id left join role_permissions p1_0 on r1_1.id=p1_0.role_id left join permissions p1_1 on p1_1.id=p1_0.permission_id where r1_0.user_id=?
2025-03-17 13:41:25 [http-nio-8081-exec-10] DEBUG org.hibernate.SQL - select r1_0.user_id,r1_1.id,r1_1.created_at,r1_1.name,p1_0.role_id,p1_1.id,p1_1.created_at,p1_1.description,p1_1.name,p1_1.updated_at,r1_1.updated_at from user_roles r1_0 join roles r1_1 on r1_1.id=r1_0.role_id left join role_permissions p1_0 on r1_1.id=p1_0.role_id left join permissions p1_1 on p1_1.id=p1_0.permission_id where r1_0.user_id=?
2025-03-17 13:41:25 [http-nio-8081-exec-10] DEBUG org.hibernate.SQL - select r1_0.user_id,r1_1.id,r1_1.created_at,r1_1.name,p1_0.role_id,p1_1.id,p1_1.created_at,p1_1.description,p1_1.name,p1_1.updated_at,r1_1.updated_at from user_roles r1_0 join roles r1_1 on r1_1.id=r1_0.role_id left join role_permissions p1_0 on r1_1.id=p1_0.role_id left join permissions p1_1 on p1_1.id=p1_0.permission_id where r1_0.user_id=?
2025-03-17 13:41:25 [http-nio-8081-exec-10] DEBUG org.hibernate.SQL - select r1_0.user_id,r1_1.id,r1_1.created_at,r1_1.name,p1_0.role_id,p1_1.id,p1_1.created_at,p1_1.description,p1_1.name,p1_1.updated_at,r1_1.updated_at from user_roles r1_0 join roles r1_1 on r1_1.id=r1_0.role_id left join role_permissions p1_0 on r1_1.id=p1_0.role_id left join permissions p1_1 on p1_1.id=p1_0.permission_id where r1_0.user_id=?
2025-03-17 13:41:25 [http-nio-8081-exec-10] DEBUG org.hibernate.SQL - select r1_0.user_id,r1_1.id,r1_1.created_at,r1_1.name,p1_0.role_id,p1_1.id,p1_1.created_at,p1_1.description,p1_1.name,p1_1.updated_at,r1_1.updated_at from user_roles r1_0 join roles r1_1 on r1_1.id=r1_0.role_id left join role_permissions p1_0 on r1_1.id=p1_0.role_id left join permissions p1_1 on p1_1.id=p1_0.permission_id where r1_0.user_id=?
2025-03-17 13:41:25 [http-nio-8081-exec-10] DEBUG o.s.orm.jpa.JpaTransactionManager - Initiating transaction commit
2025-03-17 13:41:25 [http-nio-8081-exec-10] DEBUG o.s.orm.jpa.JpaTransactionManager - Committing JPA transaction on EntityManager [SessionImpl(2020550421<open>)]
2025-03-17 13:41:25 [http-nio-8081-exec-10] DEBUG o.s.jdbc.datasource.DataSourceUtils - Resetting read-only flag of JDBC Connection [HikariProxyConnection@1140790274 wrapping org.postgresql.jdbc.PgConnection@71cbd7b2]
2025-03-17 13:41:25 [http-nio-8081-exec-10] DEBUG o.s.orm.jpa.JpaTransactionManager - Not closing pre-bound JPA EntityManager after transaction
2025-03-17 13:41:25 [http-nio-8081-exec-10] INFO  o.g.login.services.UserService - getAllUsers: Retrieved 5 users.
2025-03-17 13:41:25 [http-nio-8081-exec-10] DEBUG o.s.w.s.m.m.a.HttpEntityMethodProcessor - Using 'application/json', given [*/*] and supported [application/json, application/*+json]
2025-03-17 13:41:25 [http-nio-8081-exec-10] DEBUG o.s.w.s.m.m.a.HttpEntityMethodProcessor - Writing [[org.guidewire.login.dto.responses.UserResponse@31766932, org.guidewire.login.dto.responses.UserResp (truncated)...]
2025-03-17 13:41:25 [http-nio-8081-exec-10] DEBUG o.s.o.j.s.OpenEntityManagerInViewInterceptor - Closing JPA EntityManager in OpenEntityManagerInViewInterceptor
2025-03-17 13:41:25 [http-nio-8081-exec-10] DEBUG o.s.web.servlet.DispatcherServlet - Completed 200 OK
2025-03-17 13:41:26 [http-nio-8081-exec-1] DEBUG o.s.security.web.FilterChainProxy - Securing GET /api/auth/user/details
2025-03-17 13:41:26 [http-nio-8081-exec-1] INFO  o.g.l.s.JwtAuthenticationFilter - doFilterInternal: Extracted username 'admin' from token.
2025-03-17 13:41:26 [http-nio-8081-exec-1] INFO  o.g.l.s.CustomUserDetailsService - loadUserByUsername: Searching for user: admin
2025-03-17 13:41:26 [http-nio-8081-exec-1] DEBUG o.s.o.j.SharedEntityManagerCreator$SharedEntityManagerInvocationHandler - Creating new EntityManager for shared EntityManager invocation
2025-03-17 13:41:26 [http-nio-8081-exec-1] DEBUG org.hibernate.SQL - select u1_0.id,u1_0.created_at,u1_0.email,u1_0.password,u1_0.updated_at,u1_0.username from users u1_0 where u1_0.username=?
2025-03-17 13:41:26 [http-nio-8081-exec-1] DEBUG org.hibernate.SQL - select r1_0.user_id,r1_1.id,r1_1.created_at,r1_1.name,p1_0.role_id,p1_1.id,p1_1.created_at,p1_1.description,p1_1.name,p1_1.updated_at,r1_1.updated_at from user_roles r1_0 join roles r1_1 on r1_1.id=r1_0.role_id left join role_permissions p1_0 on r1_1.id=p1_0.role_id left join permissions p1_1 on p1_1.id=p1_0.permission_id where r1_0.user_id=?
2025-03-17 13:41:26 [http-nio-8081-exec-1] INFO  o.g.l.s.CustomUserDetailsService - loadUserByUsername: User admin found with roles: [org.guidewire.login.model.Role@421dda00]
2025-03-17 13:41:26 [http-nio-8081-exec-1] INFO  o.g.login.security.CustomUserDetails - Initializing CustomUserDetails for user: admin
2025-03-17 13:41:26 [http-nio-8081-exec-1] DEBUG o.g.login.security.CustomUserDetails - User admin has roles: [ADMIN]
2025-03-17 13:41:26 [http-nio-8081-exec-1] DEBUG o.g.login.security.CustomUserDetails - User admin has permissions: [DELETE_TASK, CREATE_TASK, VIEW_TASK, CLOSE_TASK, COMMENT_TASK, ASSIGN_TASK, EDIT_TASK]
2025-03-17 13:41:26 [http-nio-8081-exec-1] INFO  o.g.login.security.CustomUserDetails - CustomUserDetails initialized successfully for user: admin
2025-03-17 13:41:26 [http-nio-8081-exec-1] INFO  o.guidewire.login.security.JwtUtil - validateToken:JWT validated successfully for user: admin
2025-03-17 13:41:26 [http-nio-8081-exec-1] DEBUG o.g.login.security.CustomUserDetails - Fetching authorities for user: admin
2025-03-17 13:41:26 [http-nio-8081-exec-1] INFO  o.g.l.s.JwtAuthenticationFilter - doFilterInternal: Authentication successful for user 'admin'.
2025-03-17 13:41:26 [http-nio-8081-exec-1] DEBUG o.s.security.web.FilterChainProxy - Secured GET /api/auth/user/details
2025-03-17 13:41:26 [http-nio-8081-exec-1] DEBUG o.s.web.servlet.DispatcherServlet - GET "/api/auth/user/details", parameters={}
2025-03-17 13:41:26 [http-nio-8081-exec-1] DEBUG o.s.w.s.m.m.a.RequestMappingHandlerMapping - Mapped to org.guidewire.login.controller.AuthController#fetchUserDetails(List)
2025-03-17 13:41:26 [http-nio-8081-exec-1] DEBUG o.s.o.j.s.OpenEntityManagerInViewInterceptor - Opening JPA EntityManager in OpenEntityManagerInViewInterceptor
2025-03-17 13:41:26 [http-nio-8081-exec-1] DEBUG o.s.w.s.m.m.a.RequestResponseBodyMethodProcessor - Read "application/json;charset=UTF-8" to [[3d480867-d12b-4c5f-a725-da17dd7e5590]]
2025-03-17 13:41:26 [http-nio-8081-exec-1] INFO  o.g.login.controller.AuthController - fetchUserDetails: Fetching details for users with IDs: [3d480867-d12b-4c5f-a725-da17dd7e5590]
2025-03-17 13:41:26 [http-nio-8081-exec-1] DEBUG o.s.orm.jpa.JpaTransactionManager - Found thread-bound EntityManager [SessionImpl(1451345006<open>)] for JPA transaction
2025-03-17 13:41:26 [http-nio-8081-exec-1] DEBUG o.s.orm.jpa.JpaTransactionManager - Creating new transaction with name [org.springframework.data.jpa.repository.support.SimpleJpaRepository.findAllById]: PROPAGATION_REQUIRED,ISOLATION_DEFAULT,readOnly
2025-03-17 13:41:26 [http-nio-8081-exec-1] DEBUG o.s.jdbc.datasource.DataSourceUtils - Setting JDBC Connection [HikariProxyConnection@2142644722 wrapping org.postgresql.jdbc.PgConnection@71cbd7b2] read-only
2025-03-17 13:41:26 [http-nio-8081-exec-1] DEBUG o.s.orm.jpa.JpaTransactionManager - Exposing JPA transaction as JDBC [org.springframework.orm.jpa.vendor.HibernateJpaDialect$HibernateConnectionHandle@7bd13a4d]
2025-03-17 13:41:26 [http-nio-8081-exec-1] DEBUG org.hibernate.SQL - select u1_0.id,u1_0.created_at,u1_0.email,u1_0.password,u1_0.updated_at,u1_0.username from users u1_0 where u1_0.id in (?)
2025-03-17 13:41:26 [http-nio-8081-exec-1] DEBUG org.hibernate.SQL - select r1_0.user_id,r1_1.id,r1_1.created_at,r1_1.name,p1_0.role_id,p1_1.id,p1_1.created_at,p1_1.description,p1_1.name,p1_1.updated_at,r1_1.updated_at from user_roles r1_0 join roles r1_1 on r1_1.id=r1_0.role_id left join role_permissions p1_0 on r1_1.id=p1_0.role_id left join permissions p1_1 on p1_1.id=p1_0.permission_id where r1_0.user_id=?
2025-03-17 13:41:26 [http-nio-8081-exec-1] DEBUG o.s.orm.jpa.JpaTransactionManager - Initiating transaction commit
2025-03-17 13:41:26 [http-nio-8081-exec-1] DEBUG o.s.orm.jpa.JpaTransactionManager - Committing JPA transaction on EntityManager [SessionImpl(1451345006<open>)]
2025-03-17 13:41:26 [http-nio-8081-exec-1] DEBUG o.s.jdbc.datasource.DataSourceUtils - Resetting read-only flag of JDBC Connection [HikariProxyConnection@2142644722 wrapping org.postgresql.jdbc.PgConnection@71cbd7b2]
2025-03-17 13:41:26 [http-nio-8081-exec-1] DEBUG o.s.orm.jpa.JpaTransactionManager - Not closing pre-bound JPA EntityManager after transaction
2025-03-17 13:41:26 [http-nio-8081-exec-1] INFO  o.g.login.controller.AuthController - fetchUserDetails: Returning user details for users: [org.guidewire.login.dto.responses.UserResponse@5f05d701]
2025-03-17 13:41:26 [http-nio-8081-exec-1] DEBUG o.s.w.s.m.m.a.HttpEntityMethodProcessor - Using 'application/json', given [*/*] and supported [application/json, application/*+json]
2025-03-17 13:41:26 [http-nio-8081-exec-1] DEBUG o.s.w.s.m.m.a.HttpEntityMethodProcessor - Writing [[org.guidewire.login.dto.responses.UserResponse@5f05d701]]
2025-03-17 13:41:26 [http-nio-8081-exec-1] DEBUG o.s.o.j.s.OpenEntityManagerInViewInterceptor - Closing JPA EntityManager in OpenEntityManagerInViewInterceptor
2025-03-17 13:41:26 [http-nio-8081-exec-1] DEBUG o.s.web.servlet.DispatcherServlet - Completed 200 OK
2025-03-17 13:43:22 [http-nio-8081-exec-3] DEBUG o.s.security.web.FilterChainProxy - Securing GET /api/auth/users/list
2025-03-17 13:43:22 [http-nio-8081-exec-3] INFO  o.g.l.s.JwtAuthenticationFilter - doFilterInternal: Extracted username 'admin' from token.
2025-03-17 13:43:22 [http-nio-8081-exec-3] INFO  o.g.l.s.CustomUserDetailsService - loadUserByUsername: Searching for user: admin
2025-03-17 13:43:22 [http-nio-8081-exec-3] DEBUG o.s.o.j.SharedEntityManagerCreator$SharedEntityManagerInvocationHandler - Creating new EntityManager for shared EntityManager invocation
2025-03-17 13:43:22 [http-nio-8081-exec-3] DEBUG org.hibernate.SQL - select u1_0.id,u1_0.created_at,u1_0.email,u1_0.password,u1_0.updated_at,u1_0.username from users u1_0 where u1_0.username=?
2025-03-17 13:43:22 [http-nio-8081-exec-3] DEBUG org.hibernate.SQL - select r1_0.user_id,r1_1.id,r1_1.created_at,r1_1.name,p1_0.role_id,p1_1.id,p1_1.created_at,p1_1.description,p1_1.name,p1_1.updated_at,r1_1.updated_at from user_roles r1_0 join roles r1_1 on r1_1.id=r1_0.role_id left join role_permissions p1_0 on r1_1.id=p1_0.role_id left join permissions p1_1 on p1_1.id=p1_0.permission_id where r1_0.user_id=?
2025-03-17 13:43:22 [http-nio-8081-exec-3] INFO  o.g.l.s.CustomUserDetailsService - loadUserByUsername: User admin found with roles: [org.guidewire.login.model.Role@785a84a9]
2025-03-17 13:43:22 [http-nio-8081-exec-3] INFO  o.g.login.security.CustomUserDetails - Initializing CustomUserDetails for user: admin
2025-03-17 13:43:22 [http-nio-8081-exec-3] DEBUG o.g.login.security.CustomUserDetails - User admin has roles: [ADMIN]
2025-03-17 13:43:22 [http-nio-8081-exec-3] DEBUG o.g.login.security.CustomUserDetails - User admin has permissions: [DELETE_TASK, CREATE_TASK, CLOSE_TASK, VIEW_TASK, ASSIGN_TASK, COMMENT_TASK, EDIT_TASK]
2025-03-17 13:43:22 [http-nio-8081-exec-3] INFO  o.g.login.security.CustomUserDetails - CustomUserDetails initialized successfully for user: admin
2025-03-17 13:43:22 [http-nio-8081-exec-3] INFO  o.guidewire.login.security.JwtUtil - validateToken:JWT validated successfully for user: admin
2025-03-17 13:43:22 [http-nio-8081-exec-3] DEBUG o.g.login.security.CustomUserDetails - Fetching authorities for user: admin
2025-03-17 13:43:22 [http-nio-8081-exec-3] INFO  o.g.l.s.JwtAuthenticationFilter - doFilterInternal: Authentication successful for user 'admin'.
2025-03-17 13:43:22 [http-nio-8081-exec-3] DEBUG o.s.security.web.FilterChainProxy - Secured GET /api/auth/users/list
2025-03-17 13:43:22 [http-nio-8081-exec-3] DEBUG o.s.web.servlet.DispatcherServlet - GET "/api/auth/users/list", parameters={}
2025-03-17 13:43:22 [http-nio-8081-exec-3] DEBUG o.s.w.s.m.m.a.RequestMappingHandlerMapping - Mapped to org.guidewire.login.controller.UserController#getAllUsers()
2025-03-17 13:43:22 [http-nio-8081-exec-3] DEBUG o.s.o.j.s.OpenEntityManagerInViewInterceptor - Opening JPA EntityManager in OpenEntityManagerInViewInterceptor
2025-03-17 13:43:22 [http-nio-8081-exec-3] INFO  o.g.login.services.UserService - getAllUsers: Fetching all users from the database.
2025-03-17 13:43:22 [http-nio-8081-exec-3] DEBUG o.s.orm.jpa.JpaTransactionManager - Found thread-bound EntityManager [SessionImpl(995505605<open>)] for JPA transaction
2025-03-17 13:43:22 [http-nio-8081-exec-3] DEBUG o.s.orm.jpa.JpaTransactionManager - Creating new transaction with name [org.springframework.data.jpa.repository.support.SimpleJpaRepository.findAll]: PROPAGATION_REQUIRED,ISOLATION_DEFAULT,readOnly
2025-03-17 13:43:22 [http-nio-8081-exec-3] DEBUG o.s.jdbc.datasource.DataSourceUtils - Setting JDBC Connection [HikariProxyConnection@1579372610 wrapping org.postgresql.jdbc.PgConnection@71cbd7b2] read-only
2025-03-17 13:43:22 [http-nio-8081-exec-3] DEBUG o.s.orm.jpa.JpaTransactionManager - Exposing JPA transaction as JDBC [org.springframework.orm.jpa.vendor.HibernateJpaDialect$HibernateConnectionHandle@2c6a9ca9]
2025-03-17 13:43:22 [http-nio-8081-exec-3] DEBUG org.hibernate.SQL - select u1_0.id,u1_0.created_at,u1_0.email,u1_0.password,u1_0.updated_at,u1_0.username from users u1_0
2025-03-17 13:43:22 [http-nio-8081-exec-3] DEBUG org.hibernate.SQL - select r1_0.user_id,r1_1.id,r1_1.created_at,r1_1.name,p1_0.role_id,p1_1.id,p1_1.created_at,p1_1.description,p1_1.name,p1_1.updated_at,r1_1.updated_at from user_roles r1_0 join roles r1_1 on r1_1.id=r1_0.role_id left join role_permissions p1_0 on r1_1.id=p1_0.role_id left join permissions p1_1 on p1_1.id=p1_0.permission_id where r1_0.user_id=?
2025-03-17 13:43:22 [http-nio-8081-exec-3] DEBUG org.hibernate.SQL - select r1_0.user_id,r1_1.id,r1_1.created_at,r1_1.name,p1_0.role_id,p1_1.id,p1_1.created_at,p1_1.description,p1_1.name,p1_1.updated_at,r1_1.updated_at from user_roles r1_0 join roles r1_1 on r1_1.id=r1_0.role_id left join role_permissions p1_0 on r1_1.id=p1_0.role_id left join permissions p1_1 on p1_1.id=p1_0.permission_id where r1_0.user_id=?
2025-03-17 13:43:22 [http-nio-8081-exec-3] DEBUG org.hibernate.SQL - select r1_0.user_id,r1_1.id,r1_1.created_at,r1_1.name,p1_0.role_id,p1_1.id,p1_1.created_at,p1_1.description,p1_1.name,p1_1.updated_at,r1_1.updated_at from user_roles r1_0 join roles r1_1 on r1_1.id=r1_0.role_id left join role_permissions p1_0 on r1_1.id=p1_0.role_id left join permissions p1_1 on p1_1.id=p1_0.permission_id where r1_0.user_id=?
2025-03-17 13:43:22 [http-nio-8081-exec-3] DEBUG org.hibernate.SQL - select r1_0.user_id,r1_1.id,r1_1.created_at,r1_1.name,p1_0.role_id,p1_1.id,p1_1.created_at,p1_1.description,p1_1.name,p1_1.updated_at,r1_1.updated_at from user_roles r1_0 join roles r1_1 on r1_1.id=r1_0.role_id left join role_permissions p1_0 on r1_1.id=p1_0.role_id left join permissions p1_1 on p1_1.id=p1_0.permission_id where r1_0.user_id=?
2025-03-17 13:43:22 [http-nio-8081-exec-3] DEBUG org.hibernate.SQL - select r1_0.user_id,r1_1.id,r1_1.created_at,r1_1.name,p1_0.role_id,p1_1.id,p1_1.created_at,p1_1.description,p1_1.name,p1_1.updated_at,r1_1.updated_at from user_roles r1_0 join roles r1_1 on r1_1.id=r1_0.role_id left join role_permissions p1_0 on r1_1.id=p1_0.role_id left join permissions p1_1 on p1_1.id=p1_0.permission_id where r1_0.user_id=?
2025-03-17 13:43:22 [http-nio-8081-exec-3] DEBUG o.s.orm.jpa.JpaTransactionManager - Initiating transaction commit
2025-03-17 13:43:22 [http-nio-8081-exec-3] DEBUG o.s.orm.jpa.JpaTransactionManager - Committing JPA transaction on EntityManager [SessionImpl(995505605<open>)]
2025-03-17 13:43:22 [http-nio-8081-exec-3] DEBUG o.s.jdbc.datasource.DataSourceUtils - Resetting read-only flag of JDBC Connection [HikariProxyConnection@1579372610 wrapping org.postgresql.jdbc.PgConnection@71cbd7b2]
2025-03-17 13:43:22 [http-nio-8081-exec-3] DEBUG o.s.orm.jpa.JpaTransactionManager - Not closing pre-bound JPA EntityManager after transaction
2025-03-17 13:43:22 [http-nio-8081-exec-3] INFO  o.g.login.services.UserService - getAllUsers: Retrieved 5 users.
2025-03-17 13:43:22 [http-nio-8081-exec-3] DEBUG o.s.w.s.m.m.a.HttpEntityMethodProcessor - Using 'application/json', given [*/*] and supported [application/json, application/*+json]
2025-03-17 13:43:22 [http-nio-8081-exec-3] DEBUG o.s.w.s.m.m.a.HttpEntityMethodProcessor - Writing [[org.guidewire.login.dto.responses.UserResponse@663b6319, org.guidewire.login.dto.responses.UserResp (truncated)...]
2025-03-17 13:43:22 [http-nio-8081-exec-3] DEBUG o.s.o.j.s.OpenEntityManagerInViewInterceptor - Closing JPA EntityManager in OpenEntityManagerInViewInterceptor
2025-03-17 13:43:22 [http-nio-8081-exec-3] DEBUG o.s.web.servlet.DispatcherServlet - Completed 200 OK
2025-03-17 13:43:22 [http-nio-8081-exec-4] DEBUG o.s.security.web.FilterChainProxy - Securing GET /api/auth/user/details
2025-03-17 13:43:22 [http-nio-8081-exec-4] INFO  o.g.l.s.JwtAuthenticationFilter - doFilterInternal: Extracted username 'admin' from token.
2025-03-17 13:43:22 [http-nio-8081-exec-4] INFO  o.g.l.s.CustomUserDetailsService - loadUserByUsername: Searching for user: admin
2025-03-17 13:43:22 [http-nio-8081-exec-4] DEBUG o.s.o.j.SharedEntityManagerCreator$SharedEntityManagerInvocationHandler - Creating new EntityManager for shared EntityManager invocation
2025-03-17 13:43:22 [http-nio-8081-exec-4] DEBUG org.hibernate.SQL - select u1_0.id,u1_0.created_at,u1_0.email,u1_0.password,u1_0.updated_at,u1_0.username from users u1_0 where u1_0.username=?
2025-03-17 13:43:22 [http-nio-8081-exec-4] DEBUG org.hibernate.SQL - select r1_0.user_id,r1_1.id,r1_1.created_at,r1_1.name,p1_0.role_id,p1_1.id,p1_1.created_at,p1_1.description,p1_1.name,p1_1.updated_at,r1_1.updated_at from user_roles r1_0 join roles r1_1 on r1_1.id=r1_0.role_id left join role_permissions p1_0 on r1_1.id=p1_0.role_id left join permissions p1_1 on p1_1.id=p1_0.permission_id where r1_0.user_id=?
2025-03-17 13:43:22 [http-nio-8081-exec-4] INFO  o.g.l.s.CustomUserDetailsService - loadUserByUsername: User admin found with roles: [org.guidewire.login.model.Role@5debf54e]
2025-03-17 13:43:22 [http-nio-8081-exec-4] INFO  o.g.login.security.CustomUserDetails - Initializing CustomUserDetails for user: admin
2025-03-17 13:43:22 [http-nio-8081-exec-4] DEBUG o.g.login.security.CustomUserDetails - User admin has roles: [ADMIN]
2025-03-17 13:43:22 [http-nio-8081-exec-4] DEBUG o.g.login.security.CustomUserDetails - User admin has permissions: [DELETE_TASK, CREATE_TASK, VIEW_TASK, CLOSE_TASK, COMMENT_TASK, ASSIGN_TASK, EDIT_TASK]
2025-03-17 13:43:22 [http-nio-8081-exec-4] INFO  o.g.login.security.CustomUserDetails - CustomUserDetails initialized successfully for user: admin
2025-03-17 13:43:22 [http-nio-8081-exec-4] INFO  o.guidewire.login.security.JwtUtil - validateToken:JWT validated successfully for user: admin
2025-03-17 13:43:22 [http-nio-8081-exec-4] DEBUG o.g.login.security.CustomUserDetails - Fetching authorities for user: admin
2025-03-17 13:43:22 [http-nio-8081-exec-4] INFO  o.g.l.s.JwtAuthenticationFilter - doFilterInternal: Authentication successful for user 'admin'.
2025-03-17 13:43:22 [http-nio-8081-exec-4] DEBUG o.s.security.web.FilterChainProxy - Secured GET /api/auth/user/details
2025-03-17 13:43:22 [http-nio-8081-exec-4] DEBUG o.s.web.servlet.DispatcherServlet - GET "/api/auth/user/details", parameters={}
2025-03-17 13:43:22 [http-nio-8081-exec-4] DEBUG o.s.w.s.m.m.a.RequestMappingHandlerMapping - Mapped to org.guidewire.login.controller.AuthController#fetchUserDetails(List)
2025-03-17 13:43:22 [http-nio-8081-exec-4] DEBUG o.s.o.j.s.OpenEntityManagerInViewInterceptor - Opening JPA EntityManager in OpenEntityManagerInViewInterceptor
2025-03-17 13:43:22 [http-nio-8081-exec-4] DEBUG o.s.w.s.m.m.a.RequestResponseBodyMethodProcessor - Read "application/json;charset=UTF-8" to [[3d480867-d12b-4c5f-a725-da17dd7e5590]]
2025-03-17 13:43:22 [http-nio-8081-exec-4] INFO  o.g.login.controller.AuthController - fetchUserDetails: Fetching details for users with IDs: [3d480867-d12b-4c5f-a725-da17dd7e5590]
2025-03-17 13:43:22 [http-nio-8081-exec-4] DEBUG o.s.orm.jpa.JpaTransactionManager - Found thread-bound EntityManager [SessionImpl(1318439459<open>)] for JPA transaction
2025-03-17 13:43:22 [http-nio-8081-exec-4] DEBUG o.s.orm.jpa.JpaTransactionManager - Creating new transaction with name [org.springframework.data.jpa.repository.support.SimpleJpaRepository.findAllById]: PROPAGATION_REQUIRED,ISOLATION_DEFAULT,readOnly
2025-03-17 13:43:22 [http-nio-8081-exec-4] DEBUG o.s.jdbc.datasource.DataSourceUtils - Setting JDBC Connection [HikariProxyConnection@160070319 wrapping org.postgresql.jdbc.PgConnection@71cbd7b2] read-only
2025-03-17 13:43:22 [http-nio-8081-exec-4] DEBUG o.s.orm.jpa.JpaTransactionManager - Exposing JPA transaction as JDBC [org.springframework.orm.jpa.vendor.HibernateJpaDialect$HibernateConnectionHandle@171bb5a8]
2025-03-17 13:43:22 [http-nio-8081-exec-4] DEBUG org.hibernate.SQL - select u1_0.id,u1_0.created_at,u1_0.email,u1_0.password,u1_0.updated_at,u1_0.username from users u1_0 where u1_0.id in (?)
2025-03-17 13:43:22 [http-nio-8081-exec-4] DEBUG org.hibernate.SQL - select r1_0.user_id,r1_1.id,r1_1.created_at,r1_1.name,p1_0.role_id,p1_1.id,p1_1.created_at,p1_1.description,p1_1.name,p1_1.updated_at,r1_1.updated_at from user_roles r1_0 join roles r1_1 on r1_1.id=r1_0.role_id left join role_permissions p1_0 on r1_1.id=p1_0.role_id left join permissions p1_1 on p1_1.id=p1_0.permission_id where r1_0.user_id=?
2025-03-17 13:43:22 [http-nio-8081-exec-4] DEBUG o.s.orm.jpa.JpaTransactionManager - Initiating transaction commit
2025-03-17 13:43:22 [http-nio-8081-exec-4] DEBUG o.s.orm.jpa.JpaTransactionManager - Committing JPA transaction on EntityManager [SessionImpl(1318439459<open>)]
2025-03-17 13:43:22 [http-nio-8081-exec-4] DEBUG o.s.jdbc.datasource.DataSourceUtils - Resetting read-only flag of JDBC Connection [HikariProxyConnection@160070319 wrapping org.postgresql.jdbc.PgConnection@71cbd7b2]
2025-03-17 13:43:22 [http-nio-8081-exec-4] DEBUG o.s.orm.jpa.JpaTransactionManager - Not closing pre-bound JPA EntityManager after transaction
2025-03-17 13:43:22 [http-nio-8081-exec-4] INFO  o.g.login.controller.AuthController - fetchUserDetails: Returning user details for users: [org.guidewire.login.dto.responses.UserResponse@5ad8de41]
2025-03-17 13:43:22 [http-nio-8081-exec-4] DEBUG o.s.w.s.m.m.a.HttpEntityMethodProcessor - Using 'application/json', given [*/*] and supported [application/json, application/*+json]
2025-03-17 13:43:22 [http-nio-8081-exec-4] DEBUG o.s.w.s.m.m.a.HttpEntityMethodProcessor - Writing [[org.guidewire.login.dto.responses.UserResponse@5ad8de41]]
2025-03-17 13:43:22 [http-nio-8081-exec-4] DEBUG o.s.o.j.s.OpenEntityManagerInViewInterceptor - Closing JPA EntityManager in OpenEntityManagerInViewInterceptor
2025-03-17 13:43:22 [http-nio-8081-exec-4] DEBUG o.s.web.servlet.DispatcherServlet - Completed 200 OK
2025-03-17 15:31:22 [http-nio-8081-exec-6] DEBUG o.s.security.web.FilterChainProxy - Securing GET /api/auth/check-admin
2025-03-17 15:31:22 [http-nio-8081-exec-6] INFO  o.g.l.s.JwtAuthenticationFilter - doFilterInternal: Extracted username 'admin' from token.
2025-03-17 15:31:22 [http-nio-8081-exec-6] INFO  o.g.l.s.CustomUserDetailsService - loadUserByUsername: Searching for user: admin
2025-03-17 15:31:22 [http-nio-8081-exec-6] DEBUG o.s.o.j.SharedEntityManagerCreator$SharedEntityManagerInvocationHandler - Creating new EntityManager for shared EntityManager invocation
2025-03-17 15:31:22 [http-nio-8081-exec-6] DEBUG org.hibernate.SQL - select u1_0.id,u1_0.created_at,u1_0.email,u1_0.password,u1_0.updated_at,u1_0.username from users u1_0 where u1_0.username=?
2025-03-17 15:31:22 [http-nio-8081-exec-6] DEBUG org.hibernate.SQL - select r1_0.user_id,r1_1.id,r1_1.created_at,r1_1.name,p1_0.role_id,p1_1.id,p1_1.created_at,p1_1.description,p1_1.name,p1_1.updated_at,r1_1.updated_at from user_roles r1_0 join roles r1_1 on r1_1.id=r1_0.role_id left join role_permissions p1_0 on r1_1.id=p1_0.role_id left join permissions p1_1 on p1_1.id=p1_0.permission_id where r1_0.user_id=?
2025-03-17 15:31:22 [http-nio-8081-exec-6] INFO  o.g.l.s.CustomUserDetailsService - loadUserByUsername: User admin found with roles: [org.guidewire.login.model.Role@4b74b2db]
2025-03-17 15:31:22 [http-nio-8081-exec-6] INFO  o.g.login.security.CustomUserDetails - Initializing CustomUserDetails for user: admin
2025-03-17 15:31:22 [http-nio-8081-exec-6] DEBUG o.g.login.security.CustomUserDetails - User admin has roles: [ADMIN]
2025-03-17 15:31:22 [http-nio-8081-exec-6] DEBUG o.g.login.security.CustomUserDetails - User admin has permissions: [DELETE_TASK, CREATE_TASK, VIEW_TASK, CLOSE_TASK, ASSIGN_TASK, COMMENT_TASK, EDIT_TASK]
2025-03-17 15:31:22 [http-nio-8081-exec-6] INFO  o.g.login.security.CustomUserDetails - CustomUserDetails initialized successfully for user: admin
2025-03-17 15:31:22 [http-nio-8081-exec-6] INFO  o.guidewire.login.security.JwtUtil - validateToken:JWT validated successfully for user: admin
2025-03-17 15:31:22 [http-nio-8081-exec-6] DEBUG o.g.login.security.CustomUserDetails - Fetching authorities for user: admin
2025-03-17 15:31:22 [http-nio-8081-exec-6] INFO  o.g.l.s.JwtAuthenticationFilter - doFilterInternal: Authentication successful for user 'admin'.
2025-03-17 15:31:22 [http-nio-8081-exec-6] DEBUG o.s.security.web.FilterChainProxy - Secured GET /api/auth/check-admin
2025-03-17 15:31:22 [http-nio-8081-exec-6] DEBUG o.s.web.servlet.DispatcherServlet - GET "/api/auth/check-admin", parameters={}
2025-03-17 15:31:22 [http-nio-8081-exec-6] DEBUG o.s.w.s.m.m.a.RequestMappingHandlerMapping - Mapped to org.guidewire.login.controller.AuthController#checkIfAdmin(UserDetails)
2025-03-17 15:31:22 [http-nio-8081-exec-6] DEBUG o.s.o.j.s.OpenEntityManagerInViewInterceptor - Opening JPA EntityManager in OpenEntityManagerInViewInterceptor
2025-03-17 15:31:22 [http-nio-8081-exec-6] DEBUG o.g.login.security.CustomUserDetails - Fetching authorities for user: admin
2025-03-17 15:31:22 [http-nio-8081-exec-6] DEBUG o.s.w.s.m.m.a.HttpEntityMethodProcessor - Using 'application/json', given [*/*] and supported [application/json, application/*+json]
2025-03-17 15:31:22 [http-nio-8081-exec-6] DEBUG o.s.w.s.m.m.a.HttpEntityMethodProcessor - Writing [org.guidewire.login.dto.responses.UserRoleResponse@16a3087d]
2025-03-17 15:31:22 [http-nio-8081-exec-6] DEBUG o.s.o.j.s.OpenEntityManagerInViewInterceptor - Closing JPA EntityManager in OpenEntityManagerInViewInterceptor
2025-03-17 15:31:22 [http-nio-8081-exec-6] DEBUG o.s.web.servlet.DispatcherServlet - Completed 200 OK
2025-03-17 15:31:22 [http-nio-8081-exec-7] DEBUG o.s.security.web.FilterChainProxy - Securing GET /api/auth/users/list
2025-03-17 15:31:22 [http-nio-8081-exec-7] INFO  o.g.l.s.JwtAuthenticationFilter - doFilterInternal: Extracted username 'admin' from token.
2025-03-17 15:31:22 [http-nio-8081-exec-7] INFO  o.g.l.s.CustomUserDetailsService - loadUserByUsername: Searching for user: admin
2025-03-17 15:31:22 [http-nio-8081-exec-7] DEBUG o.s.o.j.SharedEntityManagerCreator$SharedEntityManagerInvocationHandler - Creating new EntityManager for shared EntityManager invocation
2025-03-17 15:31:22 [http-nio-8081-exec-7] DEBUG org.hibernate.SQL - select u1_0.id,u1_0.created_at,u1_0.email,u1_0.password,u1_0.updated_at,u1_0.username from users u1_0 where u1_0.username=?
2025-03-17 15:31:22 [http-nio-8081-exec-7] DEBUG org.hibernate.SQL - select r1_0.user_id,r1_1.id,r1_1.created_at,r1_1.name,p1_0.role_id,p1_1.id,p1_1.created_at,p1_1.description,p1_1.name,p1_1.updated_at,r1_1.updated_at from user_roles r1_0 join roles r1_1 on r1_1.id=r1_0.role_id left join role_permissions p1_0 on r1_1.id=p1_0.role_id left join permissions p1_1 on p1_1.id=p1_0.permission_id where r1_0.user_id=?
2025-03-17 15:31:22 [http-nio-8081-exec-7] INFO  o.g.l.s.CustomUserDetailsService - loadUserByUsername: User admin found with roles: [org.guidewire.login.model.Role@3dcc11be]
2025-03-17 15:31:22 [http-nio-8081-exec-7] INFO  o.g.login.security.CustomUserDetails - Initializing CustomUserDetails for user: admin
2025-03-17 15:31:22 [http-nio-8081-exec-7] DEBUG o.g.login.security.CustomUserDetails - User admin has roles: [ADMIN]
2025-03-17 15:31:22 [http-nio-8081-exec-7] DEBUG o.g.login.security.CustomUserDetails - User admin has permissions: [DELETE_TASK, CREATE_TASK, CLOSE_TASK, VIEW_TASK, ASSIGN_TASK, COMMENT_TASK, EDIT_TASK]
2025-03-17 15:31:22 [http-nio-8081-exec-7] INFO  o.g.login.security.CustomUserDetails - CustomUserDetails initialized successfully for user: admin
2025-03-17 15:31:22 [http-nio-8081-exec-7] INFO  o.guidewire.login.security.JwtUtil - validateToken:JWT validated successfully for user: admin
2025-03-17 15:31:22 [http-nio-8081-exec-7] DEBUG o.g.login.security.CustomUserDetails - Fetching authorities for user: admin
2025-03-17 15:31:22 [http-nio-8081-exec-7] INFO  o.g.l.s.JwtAuthenticationFilter - doFilterInternal: Authentication successful for user 'admin'.
2025-03-17 15:31:22 [http-nio-8081-exec-7] DEBUG o.s.security.web.FilterChainProxy - Secured GET /api/auth/users/list
2025-03-17 15:31:22 [http-nio-8081-exec-7] DEBUG o.s.web.servlet.DispatcherServlet - GET "/api/auth/users/list", parameters={}
2025-03-17 15:31:22 [http-nio-8081-exec-7] DEBUG o.s.w.s.m.m.a.RequestMappingHandlerMapping - Mapped to org.guidewire.login.controller.UserController#getAllUsers()
2025-03-17 15:31:22 [http-nio-8081-exec-7] DEBUG o.s.o.j.s.OpenEntityManagerInViewInterceptor - Opening JPA EntityManager in OpenEntityManagerInViewInterceptor
2025-03-17 15:31:22 [http-nio-8081-exec-7] INFO  o.g.login.services.UserService - getAllUsers: Fetching all users from the database.
2025-03-17 15:31:22 [http-nio-8081-exec-7] DEBUG o.s.orm.jpa.JpaTransactionManager - Found thread-bound EntityManager [SessionImpl(543323735<open>)] for JPA transaction
2025-03-17 15:31:22 [http-nio-8081-exec-7] DEBUG o.s.orm.jpa.JpaTransactionManager - Creating new transaction with name [org.springframework.data.jpa.repository.support.SimpleJpaRepository.findAll]: PROPAGATION_REQUIRED,ISOLATION_DEFAULT,readOnly
2025-03-17 15:31:22 [http-nio-8081-exec-7] DEBUG o.s.jdbc.datasource.DataSourceUtils - Setting JDBC Connection [HikariProxyConnection@915535466 wrapping org.postgresql.jdbc.PgConnection@1ad414f3] read-only
2025-03-17 15:31:22 [http-nio-8081-exec-7] DEBUG o.s.orm.jpa.JpaTransactionManager - Exposing JPA transaction as JDBC [org.springframework.orm.jpa.vendor.HibernateJpaDialect$HibernateConnectionHandle@79fd787c]
2025-03-17 15:31:22 [http-nio-8081-exec-7] DEBUG org.hibernate.SQL - select u1_0.id,u1_0.created_at,u1_0.email,u1_0.password,u1_0.updated_at,u1_0.username from users u1_0
2025-03-17 15:31:22 [http-nio-8081-exec-7] DEBUG org.hibernate.SQL - select r1_0.user_id,r1_1.id,r1_1.created_at,r1_1.name,p1_0.role_id,p1_1.id,p1_1.created_at,p1_1.description,p1_1.name,p1_1.updated_at,r1_1.updated_at from user_roles r1_0 join roles r1_1 on r1_1.id=r1_0.role_id left join role_permissions p1_0 on r1_1.id=p1_0.role_id left join permissions p1_1 on p1_1.id=p1_0.permission_id where r1_0.user_id=?
2025-03-17 15:31:22 [http-nio-8081-exec-7] DEBUG org.hibernate.SQL - select r1_0.user_id,r1_1.id,r1_1.created_at,r1_1.name,p1_0.role_id,p1_1.id,p1_1.created_at,p1_1.description,p1_1.name,p1_1.updated_at,r1_1.updated_at from user_roles r1_0 join roles r1_1 on r1_1.id=r1_0.role_id left join role_permissions p1_0 on r1_1.id=p1_0.role_id left join permissions p1_1 on p1_1.id=p1_0.permission_id where r1_0.user_id=?
2025-03-17 15:31:22 [http-nio-8081-exec-7] DEBUG org.hibernate.SQL - select r1_0.user_id,r1_1.id,r1_1.created_at,r1_1.name,p1_0.role_id,p1_1.id,p1_1.created_at,p1_1.description,p1_1.name,p1_1.updated_at,r1_1.updated_at from user_roles r1_0 join roles r1_1 on r1_1.id=r1_0.role_id left join role_permissions p1_0 on r1_1.id=p1_0.role_id left join permissions p1_1 on p1_1.id=p1_0.permission_id where r1_0.user_id=?
2025-03-17 15:31:22 [http-nio-8081-exec-7] DEBUG org.hibernate.SQL - select r1_0.user_id,r1_1.id,r1_1.created_at,r1_1.name,p1_0.role_id,p1_1.id,p1_1.created_at,p1_1.description,p1_1.name,p1_1.updated_at,r1_1.updated_at from user_roles r1_0 join roles r1_1 on r1_1.id=r1_0.role_id left join role_permissions p1_0 on r1_1.id=p1_0.role_id left join permissions p1_1 on p1_1.id=p1_0.permission_id where r1_0.user_id=?
2025-03-17 15:31:22 [http-nio-8081-exec-7] DEBUG org.hibernate.SQL - select r1_0.user_id,r1_1.id,r1_1.created_at,r1_1.name,p1_0.role_id,p1_1.id,p1_1.created_at,p1_1.description,p1_1.name,p1_1.updated_at,r1_1.updated_at from user_roles r1_0 join roles r1_1 on r1_1.id=r1_0.role_id left join role_permissions p1_0 on r1_1.id=p1_0.role_id left join permissions p1_1 on p1_1.id=p1_0.permission_id where r1_0.user_id=?
2025-03-17 15:31:22 [http-nio-8081-exec-7] DEBUG o.s.orm.jpa.JpaTransactionManager - Initiating transaction commit
2025-03-17 15:31:22 [http-nio-8081-exec-7] DEBUG o.s.orm.jpa.JpaTransactionManager - Committing JPA transaction on EntityManager [SessionImpl(543323735<open>)]
2025-03-17 15:31:22 [http-nio-8081-exec-7] DEBUG o.s.jdbc.datasource.DataSourceUtils - Resetting read-only flag of JDBC Connection [HikariProxyConnection@915535466 wrapping org.postgresql.jdbc.PgConnection@1ad414f3]
2025-03-17 15:31:22 [http-nio-8081-exec-7] DEBUG o.s.orm.jpa.JpaTransactionManager - Not closing pre-bound JPA EntityManager after transaction
2025-03-17 15:31:22 [http-nio-8081-exec-7] INFO  o.g.login.services.UserService - getAllUsers: Retrieved 5 users.
2025-03-17 15:31:22 [http-nio-8081-exec-7] DEBUG o.s.w.s.m.m.a.HttpEntityMethodProcessor - Using 'application/json', given [*/*] and supported [application/json, application/*+json]
2025-03-17 15:31:22 [http-nio-8081-exec-7] DEBUG o.s.w.s.m.m.a.HttpEntityMethodProcessor - Writing [[org.guidewire.login.dto.responses.UserResponse@632e4e6d, org.guidewire.login.dto.responses.UserResp (truncated)...]
2025-03-17 15:31:22 [http-nio-8081-exec-7] DEBUG o.s.o.j.s.OpenEntityManagerInViewInterceptor - Closing JPA EntityManager in OpenEntityManagerInViewInterceptor
2025-03-17 15:31:22 [http-nio-8081-exec-7] DEBUG o.s.web.servlet.DispatcherServlet - Completed 200 OK
2025-03-17 15:31:22 [http-nio-8081-exec-8] DEBUG o.s.security.web.FilterChainProxy - Securing GET /api/auth/current/user
2025-03-17 15:31:22 [http-nio-8081-exec-8] INFO  o.g.l.s.JwtAuthenticationFilter - doFilterInternal: Extracted username 'admin' from token.
2025-03-17 15:31:22 [http-nio-8081-exec-8] INFO  o.g.l.s.CustomUserDetailsService - loadUserByUsername: Searching for user: admin
2025-03-17 15:31:22 [http-nio-8081-exec-8] DEBUG o.s.o.j.SharedEntityManagerCreator$SharedEntityManagerInvocationHandler - Creating new EntityManager for shared EntityManager invocation
2025-03-17 15:31:22 [http-nio-8081-exec-8] DEBUG org.hibernate.SQL - select u1_0.id,u1_0.created_at,u1_0.email,u1_0.password,u1_0.updated_at,u1_0.username from users u1_0 where u1_0.username=?
2025-03-17 15:31:22 [http-nio-8081-exec-8] DEBUG org.hibernate.SQL - select r1_0.user_id,r1_1.id,r1_1.created_at,r1_1.name,p1_0.role_id,p1_1.id,p1_1.created_at,p1_1.description,p1_1.name,p1_1.updated_at,r1_1.updated_at from user_roles r1_0 join roles r1_1 on r1_1.id=r1_0.role_id left join role_permissions p1_0 on r1_1.id=p1_0.role_id left join permissions p1_1 on p1_1.id=p1_0.permission_id where r1_0.user_id=?
2025-03-17 15:31:22 [http-nio-8081-exec-8] INFO  o.g.l.s.CustomUserDetailsService - loadUserByUsername: User admin found with roles: [org.guidewire.login.model.Role@79513283]
2025-03-17 15:31:22 [http-nio-8081-exec-8] INFO  o.g.login.security.CustomUserDetails - Initializing CustomUserDetails for user: admin
2025-03-17 15:31:22 [http-nio-8081-exec-8] DEBUG o.g.login.security.CustomUserDetails - User admin has roles: [ADMIN]
2025-03-17 15:31:22 [http-nio-8081-exec-8] DEBUG o.g.login.security.CustomUserDetails - User admin has permissions: [DELETE_TASK, CREATE_TASK, VIEW_TASK, CLOSE_TASK, ASSIGN_TASK, COMMENT_TASK, EDIT_TASK]
2025-03-17 15:31:22 [http-nio-8081-exec-8] INFO  o.g.login.security.CustomUserDetails - CustomUserDetails initialized successfully for user: admin
2025-03-17 15:31:22 [http-nio-8081-exec-8] INFO  o.guidewire.login.security.JwtUtil - validateToken:JWT validated successfully for user: admin
2025-03-17 15:31:22 [http-nio-8081-exec-8] DEBUG o.g.login.security.CustomUserDetails - Fetching authorities for user: admin
2025-03-17 15:31:22 [http-nio-8081-exec-8] INFO  o.g.l.s.JwtAuthenticationFilter - doFilterInternal: Authentication successful for user 'admin'.
2025-03-17 15:31:22 [http-nio-8081-exec-8] DEBUG o.s.security.web.FilterChainProxy - Secured GET /api/auth/current/user
2025-03-17 15:31:22 [http-nio-8081-exec-8] DEBUG o.s.web.servlet.DispatcherServlet - GET "/api/auth/current/user", parameters={}
2025-03-17 15:31:22 [http-nio-8081-exec-8] DEBUG o.s.w.s.m.m.a.RequestMappingHandlerMapping - Mapped to org.guidewire.login.controller.AuthController#getCurrentUser(Principal)
2025-03-17 15:31:22 [http-nio-8081-exec-8] DEBUG o.s.o.j.s.OpenEntityManagerInViewInterceptor - Opening JPA EntityManager in OpenEntityManagerInViewInterceptor
2025-03-17 15:31:22 [http-nio-8081-exec-8] INFO  o.g.login.controller.AuthController - getCurrentUser: Fetching details for user: admin
2025-03-17 15:31:22 [http-nio-8081-exec-8] DEBUG o.g.login.services.AuthService - getUserDetails:Fetching user details for: admin
2025-03-17 15:31:22 [http-nio-8081-exec-8] DEBUG org.hibernate.SQL - select u1_0.id,u1_0.created_at,u1_0.email,u1_0.password,u1_0.updated_at,u1_0.username from users u1_0 where u1_0.username=?
2025-03-17 15:31:22 [http-nio-8081-exec-8] DEBUG org.hibernate.SQL - select r1_0.user_id,r1_1.id,r1_1.created_at,r1_1.name,p1_0.role_id,p1_1.id,p1_1.created_at,p1_1.description,p1_1.name,p1_1.updated_at,r1_1.updated_at from user_roles r1_0 join roles r1_1 on r1_1.id=r1_0.role_id left join role_permissions p1_0 on r1_1.id=p1_0.role_id left join permissions p1_1 on p1_1.id=p1_0.permission_id where r1_0.user_id=?
2025-03-17 15:31:22 [http-nio-8081-exec-8] INFO  o.g.login.controller.AuthController - getCurrentUser: Returning user details for admin
2025-03-17 15:31:22 [http-nio-8081-exec-8] DEBUG o.s.w.s.m.m.a.HttpEntityMethodProcessor - Using 'application/json', given [*/*] and supported [application/json, application/*+json]
2025-03-17 15:31:22 [http-nio-8081-exec-8] DEBUG o.s.w.s.m.m.a.HttpEntityMethodProcessor - Writing [org.guidewire.login.dto.responses.UserResponse@7f778fbf]
2025-03-17 15:31:22 [http-nio-8081-exec-8] DEBUG o.s.o.j.s.OpenEntityManagerInViewInterceptor - Closing JPA EntityManager in OpenEntityManagerInViewInterceptor
2025-03-17 15:31:22 [http-nio-8081-exec-8] DEBUG o.s.web.servlet.DispatcherServlet - Completed 200 OK
2025-03-17 15:31:33 [http-nio-8081-exec-9] DEBUG o.s.security.web.FilterChainProxy - Securing GET /api/auth/check-admin
2025-03-17 15:31:33 [http-nio-8081-exec-9] INFO  o.g.l.s.JwtAuthenticationFilter - doFilterInternal: Extracted username 'admin' from token.
2025-03-17 15:31:33 [http-nio-8081-exec-9] INFO  o.g.l.s.CustomUserDetailsService - loadUserByUsername: Searching for user: admin
2025-03-17 15:31:33 [http-nio-8081-exec-9] DEBUG o.s.o.j.SharedEntityManagerCreator$SharedEntityManagerInvocationHandler - Creating new EntityManager for shared EntityManager invocation
2025-03-17 15:31:33 [http-nio-8081-exec-9] DEBUG org.hibernate.SQL - select u1_0.id,u1_0.created_at,u1_0.email,u1_0.password,u1_0.updated_at,u1_0.username from users u1_0 where u1_0.username=?
2025-03-17 15:31:33 [http-nio-8081-exec-9] DEBUG org.hibernate.SQL - select r1_0.user_id,r1_1.id,r1_1.created_at,r1_1.name,p1_0.role_id,p1_1.id,p1_1.created_at,p1_1.description,p1_1.name,p1_1.updated_at,r1_1.updated_at from user_roles r1_0 join roles r1_1 on r1_1.id=r1_0.role_id left join role_permissions p1_0 on r1_1.id=p1_0.role_id left join permissions p1_1 on p1_1.id=p1_0.permission_id where r1_0.user_id=?
2025-03-17 15:31:33 [http-nio-8081-exec-9] INFO  o.g.l.s.CustomUserDetailsService - loadUserByUsername: User admin found with roles: [org.guidewire.login.model.Role@2c6596ac]
2025-03-17 15:31:33 [http-nio-8081-exec-9] INFO  o.g.login.security.CustomUserDetails - Initializing CustomUserDetails for user: admin
2025-03-17 15:31:33 [http-nio-8081-exec-9] DEBUG o.g.login.security.CustomUserDetails - User admin has roles: [ADMIN]
2025-03-17 15:31:33 [http-nio-8081-exec-9] DEBUG o.g.login.security.CustomUserDetails - User admin has permissions: [DELETE_TASK, CREATE_TASK, VIEW_TASK, CLOSE_TASK, ASSIGN_TASK, COMMENT_TASK, EDIT_TASK]
2025-03-17 15:31:33 [http-nio-8081-exec-9] INFO  o.g.login.security.CustomUserDetails - CustomUserDetails initialized successfully for user: admin
2025-03-17 15:31:33 [http-nio-8081-exec-9] INFO  o.guidewire.login.security.JwtUtil - validateToken:JWT validated successfully for user: admin
2025-03-17 15:31:33 [http-nio-8081-exec-9] DEBUG o.g.login.security.CustomUserDetails - Fetching authorities for user: admin
2025-03-17 15:31:33 [http-nio-8081-exec-9] INFO  o.g.l.s.JwtAuthenticationFilter - doFilterInternal: Authentication successful for user 'admin'.
2025-03-17 15:31:33 [http-nio-8081-exec-9] DEBUG o.s.security.web.FilterChainProxy - Secured GET /api/auth/check-admin
2025-03-17 15:31:33 [http-nio-8081-exec-9] DEBUG o.s.web.servlet.DispatcherServlet - GET "/api/auth/check-admin", parameters={}
2025-03-17 15:31:33 [http-nio-8081-exec-9] DEBUG o.s.w.s.m.m.a.RequestMappingHandlerMapping - Mapped to org.guidewire.login.controller.AuthController#checkIfAdmin(UserDetails)
2025-03-17 15:31:33 [http-nio-8081-exec-9] DEBUG o.s.o.j.s.OpenEntityManagerInViewInterceptor - Opening JPA EntityManager in OpenEntityManagerInViewInterceptor
2025-03-17 15:31:33 [http-nio-8081-exec-9] DEBUG o.g.login.security.CustomUserDetails - Fetching authorities for user: admin
2025-03-17 15:31:33 [http-nio-8081-exec-9] DEBUG o.s.w.s.m.m.a.HttpEntityMethodProcessor - Using 'application/json', given [*/*] and supported [application/json, application/*+json]
2025-03-17 15:31:33 [http-nio-8081-exec-9] DEBUG o.s.w.s.m.m.a.HttpEntityMethodProcessor - Writing [org.guidewire.login.dto.responses.UserRoleResponse@451383c6]
2025-03-17 15:31:33 [http-nio-8081-exec-9] DEBUG o.s.o.j.s.OpenEntityManagerInViewInterceptor - Closing JPA EntityManager in OpenEntityManagerInViewInterceptor
2025-03-17 15:31:33 [http-nio-8081-exec-9] DEBUG o.s.web.servlet.DispatcherServlet - Completed 200 OK
2025-03-17 15:31:34 [http-nio-8081-exec-10] DEBUG o.s.security.web.FilterChainProxy - Securing GET /api/auth/users/list
2025-03-17 15:31:34 [http-nio-8081-exec-10] INFO  o.g.l.s.JwtAuthenticationFilter - doFilterInternal: Extracted username 'admin' from token.
2025-03-17 15:31:34 [http-nio-8081-exec-10] INFO  o.g.l.s.CustomUserDetailsService - loadUserByUsername: Searching for user: admin
2025-03-17 15:31:34 [http-nio-8081-exec-10] DEBUG o.s.o.j.SharedEntityManagerCreator$SharedEntityManagerInvocationHandler - Creating new EntityManager for shared EntityManager invocation
2025-03-17 15:31:34 [http-nio-8081-exec-10] DEBUG org.hibernate.SQL - select u1_0.id,u1_0.created_at,u1_0.email,u1_0.password,u1_0.updated_at,u1_0.username from users u1_0 where u1_0.username=?
2025-03-17 15:31:34 [http-nio-8081-exec-10] DEBUG org.hibernate.SQL - select r1_0.user_id,r1_1.id,r1_1.created_at,r1_1.name,p1_0.role_id,p1_1.id,p1_1.created_at,p1_1.description,p1_1.name,p1_1.updated_at,r1_1.updated_at from user_roles r1_0 join roles r1_1 on r1_1.id=r1_0.role_id left join role_permissions p1_0 on r1_1.id=p1_0.role_id left join permissions p1_1 on p1_1.id=p1_0.permission_id where r1_0.user_id=?
2025-03-17 15:31:34 [http-nio-8081-exec-10] INFO  o.g.l.s.CustomUserDetailsService - loadUserByUsername: User admin found with roles: [org.guidewire.login.model.Role@2e1916d]
2025-03-17 15:31:34 [http-nio-8081-exec-10] INFO  o.g.login.security.CustomUserDetails - Initializing CustomUserDetails for user: admin
2025-03-17 15:31:34 [http-nio-8081-exec-10] DEBUG o.g.login.security.CustomUserDetails - User admin has roles: [ADMIN]
2025-03-17 15:31:34 [http-nio-8081-exec-10] DEBUG o.g.login.security.CustomUserDetails - User admin has permissions: [DELETE_TASK, CREATE_TASK, VIEW_TASK, CLOSE_TASK, COMMENT_TASK, ASSIGN_TASK, EDIT_TASK]
2025-03-17 15:31:34 [http-nio-8081-exec-10] INFO  o.g.login.security.CustomUserDetails - CustomUserDetails initialized successfully for user: admin
2025-03-17 15:31:34 [http-nio-8081-exec-10] INFO  o.guidewire.login.security.JwtUtil - validateToken:JWT validated successfully for user: admin
2025-03-17 15:31:34 [http-nio-8081-exec-10] DEBUG o.g.login.security.CustomUserDetails - Fetching authorities for user: admin
2025-03-17 15:31:34 [http-nio-8081-exec-10] INFO  o.g.l.s.JwtAuthenticationFilter - doFilterInternal: Authentication successful for user 'admin'.
2025-03-17 15:31:34 [http-nio-8081-exec-10] DEBUG o.s.security.web.FilterChainProxy - Secured GET /api/auth/users/list
2025-03-17 15:31:34 [http-nio-8081-exec-10] DEBUG o.s.web.servlet.DispatcherServlet - GET "/api/auth/users/list", parameters={}
2025-03-17 15:31:34 [http-nio-8081-exec-10] DEBUG o.s.w.s.m.m.a.RequestMappingHandlerMapping - Mapped to org.guidewire.login.controller.UserController#getAllUsers()
2025-03-17 15:31:34 [http-nio-8081-exec-10] DEBUG o.s.o.j.s.OpenEntityManagerInViewInterceptor - Opening JPA EntityManager in OpenEntityManagerInViewInterceptor
2025-03-17 15:31:34 [http-nio-8081-exec-10] INFO  o.g.login.services.UserService - getAllUsers: Fetching all users from the database.
2025-03-17 15:31:34 [http-nio-8081-exec-10] DEBUG o.s.orm.jpa.JpaTransactionManager - Found thread-bound EntityManager [SessionImpl(1647738608<open>)] for JPA transaction
2025-03-17 15:31:34 [http-nio-8081-exec-10] DEBUG o.s.orm.jpa.JpaTransactionManager - Creating new transaction with name [org.springframework.data.jpa.repository.support.SimpleJpaRepository.findAll]: PROPAGATION_REQUIRED,ISOLATION_DEFAULT,readOnly
2025-03-17 15:31:34 [http-nio-8081-exec-10] DEBUG o.s.jdbc.datasource.DataSourceUtils - Setting JDBC Connection [HikariProxyConnection@2068861343 wrapping org.postgresql.jdbc.PgConnection@1ad414f3] read-only
2025-03-17 15:31:34 [http-nio-8081-exec-10] DEBUG o.s.orm.jpa.JpaTransactionManager - Exposing JPA transaction as JDBC [org.springframework.orm.jpa.vendor.HibernateJpaDialect$HibernateConnectionHandle@7f1ac642]
2025-03-17 15:31:34 [http-nio-8081-exec-10] DEBUG org.hibernate.SQL - select u1_0.id,u1_0.created_at,u1_0.email,u1_0.password,u1_0.updated_at,u1_0.username from users u1_0
2025-03-17 15:31:34 [http-nio-8081-exec-10] DEBUG org.hibernate.SQL - select r1_0.user_id,r1_1.id,r1_1.created_at,r1_1.name,p1_0.role_id,p1_1.id,p1_1.created_at,p1_1.description,p1_1.name,p1_1.updated_at,r1_1.updated_at from user_roles r1_0 join roles r1_1 on r1_1.id=r1_0.role_id left join role_permissions p1_0 on r1_1.id=p1_0.role_id left join permissions p1_1 on p1_1.id=p1_0.permission_id where r1_0.user_id=?
2025-03-17 15:31:34 [http-nio-8081-exec-10] DEBUG org.hibernate.SQL - select r1_0.user_id,r1_1.id,r1_1.created_at,r1_1.name,p1_0.role_id,p1_1.id,p1_1.created_at,p1_1.description,p1_1.name,p1_1.updated_at,r1_1.updated_at from user_roles r1_0 join roles r1_1 on r1_1.id=r1_0.role_id left join role_permissions p1_0 on r1_1.id=p1_0.role_id left join permissions p1_1 on p1_1.id=p1_0.permission_id where r1_0.user_id=?
2025-03-17 15:31:34 [http-nio-8081-exec-10] DEBUG org.hibernate.SQL - select r1_0.user_id,r1_1.id,r1_1.created_at,r1_1.name,p1_0.role_id,p1_1.id,p1_1.created_at,p1_1.description,p1_1.name,p1_1.updated_at,r1_1.updated_at from user_roles r1_0 join roles r1_1 on r1_1.id=r1_0.role_id left join role_permissions p1_0 on r1_1.id=p1_0.role_id left join permissions p1_1 on p1_1.id=p1_0.permission_id where r1_0.user_id=?
2025-03-17 15:31:34 [http-nio-8081-exec-10] DEBUG org.hibernate.SQL - select r1_0.user_id,r1_1.id,r1_1.created_at,r1_1.name,p1_0.role_id,p1_1.id,p1_1.created_at,p1_1.description,p1_1.name,p1_1.updated_at,r1_1.updated_at from user_roles r1_0 join roles r1_1 on r1_1.id=r1_0.role_id left join role_permissions p1_0 on r1_1.id=p1_0.role_id left join permissions p1_1 on p1_1.id=p1_0.permission_id where r1_0.user_id=?
2025-03-17 15:31:34 [http-nio-8081-exec-10] DEBUG org.hibernate.SQL - select r1_0.user_id,r1_1.id,r1_1.created_at,r1_1.name,p1_0.role_id,p1_1.id,p1_1.created_at,p1_1.description,p1_1.name,p1_1.updated_at,r1_1.updated_at from user_roles r1_0 join roles r1_1 on r1_1.id=r1_0.role_id left join role_permissions p1_0 on r1_1.id=p1_0.role_id left join permissions p1_1 on p1_1.id=p1_0.permission_id where r1_0.user_id=?
2025-03-17 15:31:34 [http-nio-8081-exec-10] DEBUG o.s.orm.jpa.JpaTransactionManager - Initiating transaction commit
2025-03-17 15:31:34 [http-nio-8081-exec-10] DEBUG o.s.orm.jpa.JpaTransactionManager - Committing JPA transaction on EntityManager [SessionImpl(1647738608<open>)]
2025-03-17 15:31:34 [http-nio-8081-exec-10] DEBUG o.s.jdbc.datasource.DataSourceUtils - Resetting read-only flag of JDBC Connection [HikariProxyConnection@2068861343 wrapping org.postgresql.jdbc.PgConnection@1ad414f3]
2025-03-17 15:31:34 [http-nio-8081-exec-10] DEBUG o.s.orm.jpa.JpaTransactionManager - Not closing pre-bound JPA EntityManager after transaction
2025-03-17 15:31:34 [http-nio-8081-exec-10] INFO  o.g.login.services.UserService - getAllUsers: Retrieved 5 users.
2025-03-17 15:31:34 [http-nio-8081-exec-10] DEBUG o.s.w.s.m.m.a.HttpEntityMethodProcessor - Using 'application/json', given [*/*] and supported [application/json, application/*+json]
2025-03-17 15:31:34 [http-nio-8081-exec-10] DEBUG o.s.w.s.m.m.a.HttpEntityMethodProcessor - Writing [[org.guidewire.login.dto.responses.UserResponse@5a243200, org.guidewire.login.dto.responses.UserResp (truncated)...]
2025-03-17 15:31:34 [http-nio-8081-exec-10] DEBUG o.s.o.j.s.OpenEntityManagerInViewInterceptor - Closing JPA EntityManager in OpenEntityManagerInViewInterceptor
2025-03-17 15:31:34 [http-nio-8081-exec-10] DEBUG o.s.web.servlet.DispatcherServlet - Completed 200 OK
2025-03-17 15:31:34 [http-nio-8081-exec-1] DEBUG o.s.security.web.FilterChainProxy - Securing GET /api/auth/current/user
2025-03-17 15:31:34 [http-nio-8081-exec-1] INFO  o.g.l.s.JwtAuthenticationFilter - doFilterInternal: Extracted username 'admin' from token.
2025-03-17 15:31:34 [http-nio-8081-exec-1] INFO  o.g.l.s.CustomUserDetailsService - loadUserByUsername: Searching for user: admin
2025-03-17 15:31:34 [http-nio-8081-exec-1] DEBUG o.s.o.j.SharedEntityManagerCreator$SharedEntityManagerInvocationHandler - Creating new EntityManager for shared EntityManager invocation
2025-03-17 15:31:34 [http-nio-8081-exec-1] DEBUG org.hibernate.SQL - select u1_0.id,u1_0.created_at,u1_0.email,u1_0.password,u1_0.updated_at,u1_0.username from users u1_0 where u1_0.username=?
2025-03-17 15:31:34 [http-nio-8081-exec-1] DEBUG org.hibernate.SQL - select r1_0.user_id,r1_1.id,r1_1.created_at,r1_1.name,p1_0.role_id,p1_1.id,p1_1.created_at,p1_1.description,p1_1.name,p1_1.updated_at,r1_1.updated_at from user_roles r1_0 join roles r1_1 on r1_1.id=r1_0.role_id left join role_permissions p1_0 on r1_1.id=p1_0.role_id left join permissions p1_1 on p1_1.id=p1_0.permission_id where r1_0.user_id=?
2025-03-17 15:31:34 [http-nio-8081-exec-1] INFO  o.g.l.s.CustomUserDetailsService - loadUserByUsername: User admin found with roles: [org.guidewire.login.model.Role@4458dcc5]
2025-03-17 15:31:34 [http-nio-8081-exec-1] INFO  o.g.login.security.CustomUserDetails - Initializing CustomUserDetails for user: admin
2025-03-17 15:31:34 [http-nio-8081-exec-1] DEBUG o.g.login.security.CustomUserDetails - User admin has roles: [ADMIN]
2025-03-17 15:31:34 [http-nio-8081-exec-1] DEBUG o.g.login.security.CustomUserDetails - User admin has permissions: [DELETE_TASK, CREATE_TASK, CLOSE_TASK, VIEW_TASK, COMMENT_TASK, ASSIGN_TASK, EDIT_TASK]
2025-03-17 15:31:34 [http-nio-8081-exec-1] INFO  o.g.login.security.CustomUserDetails - CustomUserDetails initialized successfully for user: admin
2025-03-17 15:31:34 [http-nio-8081-exec-1] INFO  o.guidewire.login.security.JwtUtil - validateToken:JWT validated successfully for user: admin
2025-03-17 15:31:34 [http-nio-8081-exec-1] DEBUG o.g.login.security.CustomUserDetails - Fetching authorities for user: admin
2025-03-17 15:31:34 [http-nio-8081-exec-1] INFO  o.g.l.s.JwtAuthenticationFilter - doFilterInternal: Authentication successful for user 'admin'.
2025-03-17 15:31:34 [http-nio-8081-exec-1] DEBUG o.s.security.web.FilterChainProxy - Secured GET /api/auth/current/user
2025-03-17 15:31:34 [http-nio-8081-exec-1] DEBUG o.s.web.servlet.DispatcherServlet - GET "/api/auth/current/user", parameters={}
2025-03-17 15:31:34 [http-nio-8081-exec-1] DEBUG o.s.w.s.m.m.a.RequestMappingHandlerMapping - Mapped to org.guidewire.login.controller.AuthController#getCurrentUser(Principal)
2025-03-17 15:31:34 [http-nio-8081-exec-1] DEBUG o.s.o.j.s.OpenEntityManagerInViewInterceptor - Opening JPA EntityManager in OpenEntityManagerInViewInterceptor
2025-03-17 15:31:34 [http-nio-8081-exec-1] INFO  o.g.login.controller.AuthController - getCurrentUser: Fetching details for user: admin
2025-03-17 15:31:34 [http-nio-8081-exec-1] DEBUG o.g.login.services.AuthService - getUserDetails:Fetching user details for: admin
2025-03-17 15:31:34 [http-nio-8081-exec-1] DEBUG org.hibernate.SQL - select u1_0.id,u1_0.created_at,u1_0.email,u1_0.password,u1_0.updated_at,u1_0.username from users u1_0 where u1_0.username=?
2025-03-17 15:31:34 [http-nio-8081-exec-1] DEBUG org.hibernate.SQL - select r1_0.user_id,r1_1.id,r1_1.created_at,r1_1.name,p1_0.role_id,p1_1.id,p1_1.created_at,p1_1.description,p1_1.name,p1_1.updated_at,r1_1.updated_at from user_roles r1_0 join roles r1_1 on r1_1.id=r1_0.role_id left join role_permissions p1_0 on r1_1.id=p1_0.role_id left join permissions p1_1 on p1_1.id=p1_0.permission_id where r1_0.user_id=?
2025-03-17 15:31:34 [http-nio-8081-exec-1] INFO  o.g.login.controller.AuthController - getCurrentUser: Returning user details for admin
2025-03-17 15:31:34 [http-nio-8081-exec-1] DEBUG o.s.w.s.m.m.a.HttpEntityMethodProcessor - Using 'application/json', given [*/*] and supported [application/json, application/*+json]
2025-03-17 15:31:34 [http-nio-8081-exec-1] DEBUG o.s.w.s.m.m.a.HttpEntityMethodProcessor - Writing [org.guidewire.login.dto.responses.UserResponse@5bd24d0f]
2025-03-17 15:31:34 [http-nio-8081-exec-1] DEBUG o.s.o.j.s.OpenEntityManagerInViewInterceptor - Closing JPA EntityManager in OpenEntityManagerInViewInterceptor
2025-03-17 15:31:34 [http-nio-8081-exec-1] DEBUG o.s.web.servlet.DispatcherServlet - Completed 200 OK
2025-03-17 15:31:36 [http-nio-8081-exec-2] DEBUG o.s.security.web.FilterChainProxy - Securing GET /api/auth/users/list
2025-03-17 15:31:36 [http-nio-8081-exec-2] INFO  o.g.l.s.JwtAuthenticationFilter - doFilterInternal: Extracted username 'admin' from token.
2025-03-17 15:31:36 [http-nio-8081-exec-2] INFO  o.g.l.s.CustomUserDetailsService - loadUserByUsername: Searching for user: admin
2025-03-17 15:31:36 [http-nio-8081-exec-2] DEBUG o.s.o.j.SharedEntityManagerCreator$SharedEntityManagerInvocationHandler - Creating new EntityManager for shared EntityManager invocation
2025-03-17 15:31:36 [http-nio-8081-exec-2] DEBUG org.hibernate.SQL - select u1_0.id,u1_0.created_at,u1_0.email,u1_0.password,u1_0.updated_at,u1_0.username from users u1_0 where u1_0.username=?
2025-03-17 15:31:36 [http-nio-8081-exec-2] DEBUG org.hibernate.SQL - select r1_0.user_id,r1_1.id,r1_1.created_at,r1_1.name,p1_0.role_id,p1_1.id,p1_1.created_at,p1_1.description,p1_1.name,p1_1.updated_at,r1_1.updated_at from user_roles r1_0 join roles r1_1 on r1_1.id=r1_0.role_id left join role_permissions p1_0 on r1_1.id=p1_0.role_id left join permissions p1_1 on p1_1.id=p1_0.permission_id where r1_0.user_id=?
2025-03-17 15:31:36 [http-nio-8081-exec-2] INFO  o.g.l.s.CustomUserDetailsService - loadUserByUsername: User admin found with roles: [org.guidewire.login.model.Role@2a58abe8]
2025-03-17 15:31:36 [http-nio-8081-exec-2] INFO  o.g.login.security.CustomUserDetails - Initializing CustomUserDetails for user: admin
2025-03-17 15:31:36 [http-nio-8081-exec-2] DEBUG o.g.login.security.CustomUserDetails - User admin has roles: [ADMIN]
2025-03-17 15:31:36 [http-nio-8081-exec-2] DEBUG o.g.login.security.CustomUserDetails - User admin has permissions: [DELETE_TASK, CREATE_TASK, VIEW_TASK, CLOSE_TASK, COMMENT_TASK, ASSIGN_TASK, EDIT_TASK]
2025-03-17 15:31:36 [http-nio-8081-exec-2] INFO  o.g.login.security.CustomUserDetails - CustomUserDetails initialized successfully for user: admin
2025-03-17 15:31:36 [http-nio-8081-exec-2] INFO  o.guidewire.login.security.JwtUtil - validateToken:JWT validated successfully for user: admin
2025-03-17 15:31:36 [http-nio-8081-exec-2] DEBUG o.g.login.security.CustomUserDetails - Fetching authorities for user: admin
2025-03-17 15:31:36 [http-nio-8081-exec-2] INFO  o.g.l.s.JwtAuthenticationFilter - doFilterInternal: Authentication successful for user 'admin'.
2025-03-17 15:31:36 [http-nio-8081-exec-2] DEBUG o.s.security.web.FilterChainProxy - Secured GET /api/auth/users/list
2025-03-17 15:31:36 [http-nio-8081-exec-2] DEBUG o.s.web.servlet.DispatcherServlet - GET "/api/auth/users/list", parameters={}
2025-03-17 15:31:36 [http-nio-8081-exec-2] DEBUG o.s.w.s.m.m.a.RequestMappingHandlerMapping - Mapped to org.guidewire.login.controller.UserController#getAllUsers()
2025-03-17 15:31:36 [http-nio-8081-exec-2] DEBUG o.s.o.j.s.OpenEntityManagerInViewInterceptor - Opening JPA EntityManager in OpenEntityManagerInViewInterceptor
2025-03-17 15:31:36 [http-nio-8081-exec-2] INFO  o.g.login.services.UserService - getAllUsers: Fetching all users from the database.
2025-03-17 15:31:36 [http-nio-8081-exec-2] DEBUG o.s.orm.jpa.JpaTransactionManager - Found thread-bound EntityManager [SessionImpl(62783537<open>)] for JPA transaction
2025-03-17 15:31:36 [http-nio-8081-exec-2] DEBUG o.s.orm.jpa.JpaTransactionManager - Creating new transaction with name [org.springframework.data.jpa.repository.support.SimpleJpaRepository.findAll]: PROPAGATION_REQUIRED,ISOLATION_DEFAULT,readOnly
2025-03-17 15:31:36 [http-nio-8081-exec-2] DEBUG o.s.jdbc.datasource.DataSourceUtils - Setting JDBC Connection [HikariProxyConnection@843379370 wrapping org.postgresql.jdbc.PgConnection@1ad414f3] read-only
2025-03-17 15:31:36 [http-nio-8081-exec-2] DEBUG o.s.orm.jpa.JpaTransactionManager - Exposing JPA transaction as JDBC [org.springframework.orm.jpa.vendor.HibernateJpaDialect$HibernateConnectionHandle@5be4757b]
2025-03-17 15:31:36 [http-nio-8081-exec-2] DEBUG org.hibernate.SQL - select u1_0.id,u1_0.created_at,u1_0.email,u1_0.password,u1_0.updated_at,u1_0.username from users u1_0
2025-03-17 15:31:36 [http-nio-8081-exec-2] DEBUG org.hibernate.SQL - select r1_0.user_id,r1_1.id,r1_1.created_at,r1_1.name,p1_0.role_id,p1_1.id,p1_1.created_at,p1_1.description,p1_1.name,p1_1.updated_at,r1_1.updated_at from user_roles r1_0 join roles r1_1 on r1_1.id=r1_0.role_id left join role_permissions p1_0 on r1_1.id=p1_0.role_id left join permissions p1_1 on p1_1.id=p1_0.permission_id where r1_0.user_id=?
2025-03-17 15:31:36 [http-nio-8081-exec-2] DEBUG org.hibernate.SQL - select r1_0.user_id,r1_1.id,r1_1.created_at,r1_1.name,p1_0.role_id,p1_1.id,p1_1.created_at,p1_1.description,p1_1.name,p1_1.updated_at,r1_1.updated_at from user_roles r1_0 join roles r1_1 on r1_1.id=r1_0.role_id left join role_permissions p1_0 on r1_1.id=p1_0.role_id left join permissions p1_1 on p1_1.id=p1_0.permission_id where r1_0.user_id=?
2025-03-17 15:31:36 [http-nio-8081-exec-2] DEBUG org.hibernate.SQL - select r1_0.user_id,r1_1.id,r1_1.created_at,r1_1.name,p1_0.role_id,p1_1.id,p1_1.created_at,p1_1.description,p1_1.name,p1_1.updated_at,r1_1.updated_at from user_roles r1_0 join roles r1_1 on r1_1.id=r1_0.role_id left join role_permissions p1_0 on r1_1.id=p1_0.role_id left join permissions p1_1 on p1_1.id=p1_0.permission_id where r1_0.user_id=?
2025-03-17 15:31:36 [http-nio-8081-exec-2] DEBUG org.hibernate.SQL - select r1_0.user_id,r1_1.id,r1_1.created_at,r1_1.name,p1_0.role_id,p1_1.id,p1_1.created_at,p1_1.description,p1_1.name,p1_1.updated_at,r1_1.updated_at from user_roles r1_0 join roles r1_1 on r1_1.id=r1_0.role_id left join role_permissions p1_0 on r1_1.id=p1_0.role_id left join permissions p1_1 on p1_1.id=p1_0.permission_id where r1_0.user_id=?
2025-03-17 15:31:36 [http-nio-8081-exec-2] DEBUG org.hibernate.SQL - select r1_0.user_id,r1_1.id,r1_1.created_at,r1_1.name,p1_0.role_id,p1_1.id,p1_1.created_at,p1_1.description,p1_1.name,p1_1.updated_at,r1_1.updated_at from user_roles r1_0 join roles r1_1 on r1_1.id=r1_0.role_id left join role_permissions p1_0 on r1_1.id=p1_0.role_id left join permissions p1_1 on p1_1.id=p1_0.permission_id where r1_0.user_id=?
2025-03-17 15:31:36 [http-nio-8081-exec-2] DEBUG o.s.orm.jpa.JpaTransactionManager - Initiating transaction commit
2025-03-17 15:31:36 [http-nio-8081-exec-2] DEBUG o.s.orm.jpa.JpaTransactionManager - Committing JPA transaction on EntityManager [SessionImpl(62783537<open>)]
2025-03-17 15:31:36 [http-nio-8081-exec-2] DEBUG o.s.jdbc.datasource.DataSourceUtils - Resetting read-only flag of JDBC Connection [HikariProxyConnection@843379370 wrapping org.postgresql.jdbc.PgConnection@1ad414f3]
2025-03-17 15:31:36 [http-nio-8081-exec-2] DEBUG o.s.orm.jpa.JpaTransactionManager - Not closing pre-bound JPA EntityManager after transaction
2025-03-17 15:31:36 [http-nio-8081-exec-2] INFO  o.g.login.services.UserService - getAllUsers: Retrieved 5 users.
2025-03-17 15:31:36 [http-nio-8081-exec-2] DEBUG o.s.w.s.m.m.a.HttpEntityMethodProcessor - Using 'application/json', given [*/*] and supported [application/json, application/*+json]
2025-03-17 15:31:36 [http-nio-8081-exec-2] DEBUG o.s.w.s.m.m.a.HttpEntityMethodProcessor - Writing [[org.guidewire.login.dto.responses.UserResponse@4d6166ba, org.guidewire.login.dto.responses.UserResp (truncated)...]
2025-03-17 15:31:36 [http-nio-8081-exec-2] DEBUG o.s.o.j.s.OpenEntityManagerInViewInterceptor - Closing JPA EntityManager in OpenEntityManagerInViewInterceptor
2025-03-17 15:31:36 [http-nio-8081-exec-2] DEBUG o.s.web.servlet.DispatcherServlet - Completed 200 OK
2025-03-17 15:31:36 [http-nio-8081-exec-3] DEBUG o.s.security.web.FilterChainProxy - Securing GET /api/auth/user/details
2025-03-17 15:31:36 [http-nio-8081-exec-3] DEBUG o.g.l.s.JwtAuthenticationFilter - doFilterInternal: No valid Authorization header found, skipping JWT processing.
2025-03-17 15:31:36 [http-nio-8081-exec-3] DEBUG o.s.s.w.a.AnonymousAuthenticationFilter - Set SecurityContextHolder to anonymous SecurityContext
2025-03-17 15:31:36 [http-nio-8081-exec-3] DEBUG o.s.security.web.FilterChainProxy - Secured GET /api/auth/user/details
2025-03-17 15:31:36 [http-nio-8081-exec-3] DEBUG o.s.web.servlet.DispatcherServlet - GET "/api/auth/user/details", parameters={}
2025-03-17 15:31:36 [http-nio-8081-exec-3] DEBUG o.s.w.s.m.m.a.RequestMappingHandlerMapping - Mapped to org.guidewire.login.controller.AuthController#fetchUserDetails(List)
2025-03-17 15:31:36 [http-nio-8081-exec-3] DEBUG o.s.o.j.s.OpenEntityManagerInViewInterceptor - Opening JPA EntityManager in OpenEntityManagerInViewInterceptor
2025-03-17 15:31:36 [http-nio-8081-exec-3] DEBUG o.s.w.s.m.m.a.RequestResponseBodyMethodProcessor - Read "application/json;charset=UTF-8" to [[null]]
2025-03-17 15:31:36 [http-nio-8081-exec-3] INFO  o.g.login.controller.AuthController - fetchUserDetails: Fetching details for users with IDs: [null]
2025-03-17 15:31:36 [http-nio-8081-exec-3] DEBUG o.s.orm.jpa.JpaTransactionManager - Found thread-bound EntityManager [SessionImpl(1364017231<open>)] for JPA transaction
2025-03-17 15:31:36 [http-nio-8081-exec-3] DEBUG o.s.orm.jpa.JpaTransactionManager - Creating new transaction with name [org.springframework.data.jpa.repository.support.SimpleJpaRepository.findAllById]: PROPAGATION_REQUIRED,ISOLATION_DEFAULT,readOnly
2025-03-17 15:31:36 [http-nio-8081-exec-3] DEBUG o.s.jdbc.datasource.DataSourceUtils - Setting JDBC Connection [HikariProxyConnection@988690615 wrapping org.postgresql.jdbc.PgConnection@1ad414f3] read-only
2025-03-17 15:31:36 [http-nio-8081-exec-3] DEBUG o.s.orm.jpa.JpaTransactionManager - Exposing JPA transaction as JDBC [org.springframework.orm.jpa.vendor.HibernateJpaDialect$HibernateConnectionHandle@18cfd4c0]
2025-03-17 15:31:36 [http-nio-8081-exec-3] DEBUG org.hibernate.SQL - select u1_0.id,u1_0.created_at,u1_0.email,u1_0.password,u1_0.updated_at,u1_0.username from users u1_0 where u1_0.id in (?)
2025-03-17 15:31:36 [http-nio-8081-exec-3] DEBUG o.s.orm.jpa.JpaTransactionManager - Initiating transaction commit
2025-03-17 15:31:36 [http-nio-8081-exec-3] DEBUG o.s.orm.jpa.JpaTransactionManager - Committing JPA transaction on EntityManager [SessionImpl(1364017231<open>)]
2025-03-17 15:31:36 [http-nio-8081-exec-3] DEBUG o.s.jdbc.datasource.DataSourceUtils - Resetting read-only flag of JDBC Connection [HikariProxyConnection@988690615 wrapping org.postgresql.jdbc.PgConnection@1ad414f3]
2025-03-17 15:31:36 [http-nio-8081-exec-3] DEBUG o.s.orm.jpa.JpaTransactionManager - Not closing pre-bound JPA EntityManager after transaction
2025-03-17 15:31:36 [http-nio-8081-exec-3] INFO  o.g.login.controller.AuthController - fetchUserDetails: Returning user details for users: []
2025-03-17 15:31:36 [http-nio-8081-exec-3] DEBUG o.s.w.s.m.m.a.HttpEntityMethodProcessor - Using 'application/json', given [*/*] and supported [application/json, application/*+json]
2025-03-17 15:31:36 [http-nio-8081-exec-3] DEBUG o.s.w.s.m.m.a.HttpEntityMethodProcessor - Writing [[]]
2025-03-17 15:31:36 [http-nio-8081-exec-3] DEBUG o.s.o.j.s.OpenEntityManagerInViewInterceptor - Closing JPA EntityManager in OpenEntityManagerInViewInterceptor
2025-03-17 15:31:36 [http-nio-8081-exec-3] DEBUG o.s.web.servlet.DispatcherServlet - Completed 200 OK
2025-03-17 15:31:47 [http-nio-8081-exec-4] DEBUG o.s.security.web.FilterChainProxy - Securing POST /api/auth/login
2025-03-17 15:31:47 [http-nio-8081-exec-4] DEBUG o.g.l.s.JwtAuthenticationFilter - doFilterInternal: No valid Authorization header found, skipping JWT processing.
2025-03-17 15:31:47 [http-nio-8081-exec-4] DEBUG o.s.s.w.a.AnonymousAuthenticationFilter - Set SecurityContextHolder to anonymous SecurityContext
2025-03-17 15:31:47 [http-nio-8081-exec-4] DEBUG o.s.security.web.FilterChainProxy - Secured POST /api/auth/login
2025-03-17 15:31:47 [http-nio-8081-exec-4] DEBUG o.s.web.servlet.DispatcherServlet - POST "/api/auth/login", parameters={}
2025-03-17 15:31:47 [http-nio-8081-exec-4] DEBUG o.s.w.s.m.m.a.RequestMappingHandlerMapping - Mapped to org.guidewire.login.controller.AuthController#loginUser(LoginRequest)
2025-03-17 15:31:47 [http-nio-8081-exec-4] DEBUG o.s.o.j.s.OpenEntityManagerInViewInterceptor - Opening JPA EntityManager in OpenEntityManagerInViewInterceptor
2025-03-17 15:31:47 [http-nio-8081-exec-4] DEBUG o.s.w.s.m.m.a.RequestResponseBodyMethodProcessor - Read "application/json;charset=UTF-8" to [org.guidewire.login.dto.requests.LoginRequest@7910db57]
2025-03-17 15:31:47 [http-nio-8081-exec-4] INFO  o.g.login.controller.AuthController - loginUser: Login attempt for user: admin
2025-03-17 15:31:47 [http-nio-8081-exec-4] INFO  o.g.login.services.AuthService - authenticateUser:Authenticating user: admin
2025-03-17 15:31:47 [http-nio-8081-exec-4] INFO  o.g.l.s.CustomUserDetailsService - loadUserByUsername: Searching for user: admin
2025-03-17 15:31:47 [http-nio-8081-exec-4] DEBUG org.hibernate.SQL - select u1_0.id,u1_0.created_at,u1_0.email,u1_0.password,u1_0.updated_at,u1_0.username from users u1_0 where u1_0.username=?
2025-03-17 15:31:47 [http-nio-8081-exec-4] DEBUG org.hibernate.SQL - select r1_0.user_id,r1_1.id,r1_1.created_at,r1_1.name,p1_0.role_id,p1_1.id,p1_1.created_at,p1_1.description,p1_1.name,p1_1.updated_at,r1_1.updated_at from user_roles r1_0 join roles r1_1 on r1_1.id=r1_0.role_id left join role_permissions p1_0 on r1_1.id=p1_0.role_id left join permissions p1_1 on p1_1.id=p1_0.permission_id where r1_0.user_id=?
2025-03-17 15:31:47 [http-nio-8081-exec-4] INFO  o.g.l.s.CustomUserDetailsService - loadUserByUsername: User admin found with roles: [org.guidewire.login.model.Role@d7e7371]
2025-03-17 15:31:47 [http-nio-8081-exec-4] INFO  o.g.login.security.CustomUserDetails - Initializing CustomUserDetails for user: admin
2025-03-17 15:31:47 [http-nio-8081-exec-4] DEBUG o.g.login.security.CustomUserDetails - User admin has roles: [ADMIN]
2025-03-17 15:31:47 [http-nio-8081-exec-4] DEBUG o.g.login.security.CustomUserDetails - User admin has permissions: [DELETE_TASK, CREATE_TASK, CLOSE_TASK, VIEW_TASK, COMMENT_TASK, ASSIGN_TASK, EDIT_TASK]
2025-03-17 15:31:47 [http-nio-8081-exec-4] INFO  o.g.login.security.CustomUserDetails - CustomUserDetails initialized successfully for user: admin
2025-03-17 15:31:47 [http-nio-8081-exec-4] DEBUG o.g.login.security.CustomUserDetails - Fetching authorities for user: admin
2025-03-17 15:31:47 [http-nio-8081-exec-4] DEBUG o.s.s.a.d.DaoAuthenticationProvider - Authenticated user
2025-03-17 15:31:47 [http-nio-8081-exec-4] DEBUG org.hibernate.SQL - select u1_0.id,u1_0.created_at,u1_0.email,u1_0.password,u1_0.updated_at,u1_0.username from users u1_0 where u1_0.username=?
2025-03-17 15:31:47 [http-nio-8081-exec-4] INFO  o.g.login.security.CustomUserDetails - Initializing CustomUserDetails for user: admin
2025-03-17 15:31:47 [http-nio-8081-exec-4] DEBUG o.g.login.security.CustomUserDetails - User admin has roles: [ADMIN]
2025-03-17 15:31:47 [http-nio-8081-exec-4] DEBUG o.g.login.security.CustomUserDetails - User admin has permissions: [DELETE_TASK, CREATE_TASK, CLOSE_TASK, VIEW_TASK, COMMENT_TASK, ASSIGN_TASK, EDIT_TASK]
2025-03-17 15:31:47 [http-nio-8081-exec-4] INFO  o.g.login.security.CustomUserDetails - CustomUserDetails initialized successfully for user: admin
2025-03-17 15:31:47 [http-nio-8081-exec-4] DEBUG o.g.login.security.CustomUserDetails - Fetching authorities for user: admin
2025-03-17 15:31:47 [http-nio-8081-exec-4] DEBUG o.g.login.security.CustomUserDetails - Fetching authorities for user: admin
2025-03-17 15:31:47 [http-nio-8081-exec-4] INFO  o.guidewire.login.security.JwtUtil - generateToken:Generated JWT token for user: admin
2025-03-17 15:31:47 [http-nio-8081-exec-4] INFO  o.g.login.services.AuthService - authenticateUser:User authenticated successfully: admin
2025-03-17 15:31:47 [http-nio-8081-exec-4] INFO  o.g.login.controller.AuthController - loginUser: User admin logged in successfully
2025-03-17 15:31:47 [http-nio-8081-exec-4] DEBUG o.s.w.s.m.m.a.HttpEntityMethodProcessor - Using 'application/json', given [*/*] and supported [application/json, application/*+json]
2025-03-17 15:31:47 [http-nio-8081-exec-4] DEBUG o.s.w.s.m.m.a.HttpEntityMethodProcessor - Writing [org.guidewire.login.dto.responses.AuthResponse@367308be]
2025-03-17 15:31:47 [http-nio-8081-exec-4] DEBUG o.s.o.j.s.OpenEntityManagerInViewInterceptor - Closing JPA EntityManager in OpenEntityManagerInViewInterceptor
2025-03-17 15:31:47 [http-nio-8081-exec-4] DEBUG o.s.web.servlet.DispatcherServlet - Completed 200 OK
2025-03-17 15:31:47 [http-nio-8081-exec-5] DEBUG o.s.security.web.FilterChainProxy - Securing GET /api/auth/check-admin
2025-03-17 15:31:47 [http-nio-8081-exec-5] INFO  o.g.l.s.JwtAuthenticationFilter - doFilterInternal: Extracted username 'admin' from token.
2025-03-17 15:31:47 [http-nio-8081-exec-5] INFO  o.g.l.s.CustomUserDetailsService - loadUserByUsername: Searching for user: admin
2025-03-17 15:31:47 [http-nio-8081-exec-5] DEBUG o.s.o.j.SharedEntityManagerCreator$SharedEntityManagerInvocationHandler - Creating new EntityManager for shared EntityManager invocation
2025-03-17 15:31:47 [http-nio-8081-exec-5] DEBUG org.hibernate.SQL - select u1_0.id,u1_0.created_at,u1_0.email,u1_0.password,u1_0.updated_at,u1_0.username from users u1_0 where u1_0.username=?
2025-03-17 15:31:47 [http-nio-8081-exec-5] DEBUG org.hibernate.SQL - select r1_0.user_id,r1_1.id,r1_1.created_at,r1_1.name,p1_0.role_id,p1_1.id,p1_1.created_at,p1_1.description,p1_1.name,p1_1.updated_at,r1_1.updated_at from user_roles r1_0 join roles r1_1 on r1_1.id=r1_0.role_id left join role_permissions p1_0 on r1_1.id=p1_0.role_id left join permissions p1_1 on p1_1.id=p1_0.permission_id where r1_0.user_id=?
2025-03-17 15:31:47 [http-nio-8081-exec-5] INFO  o.g.l.s.CustomUserDetailsService - loadUserByUsername: User admin found with roles: [org.guidewire.login.model.Role@60b20fc8]
2025-03-17 15:31:47 [http-nio-8081-exec-5] INFO  o.g.login.security.CustomUserDetails - Initializing CustomUserDetails for user: admin
2025-03-17 15:31:47 [http-nio-8081-exec-5] DEBUG o.g.login.security.CustomUserDetails - User admin has roles: [ADMIN]
2025-03-17 15:31:47 [http-nio-8081-exec-5] DEBUG o.g.login.security.CustomUserDetails - User admin has permissions: [DELETE_TASK, CREATE_TASK, CLOSE_TASK, VIEW_TASK, COMMENT_TASK, ASSIGN_TASK, EDIT_TASK]
2025-03-17 15:31:47 [http-nio-8081-exec-5] INFO  o.g.login.security.CustomUserDetails - CustomUserDetails initialized successfully for user: admin
2025-03-17 15:31:47 [http-nio-8081-exec-5] INFO  o.guidewire.login.security.JwtUtil - validateToken:JWT validated successfully for user: admin
2025-03-17 15:31:47 [http-nio-8081-exec-5] DEBUG o.g.login.security.CustomUserDetails - Fetching authorities for user: admin
2025-03-17 15:31:47 [http-nio-8081-exec-5] INFO  o.g.l.s.JwtAuthenticationFilter - doFilterInternal: Authentication successful for user 'admin'.
2025-03-17 15:31:47 [http-nio-8081-exec-5] DEBUG o.s.security.web.FilterChainProxy - Secured GET /api/auth/check-admin
2025-03-17 15:31:47 [http-nio-8081-exec-5] DEBUG o.s.web.servlet.DispatcherServlet - GET "/api/auth/check-admin", parameters={}
2025-03-17 15:31:47 [http-nio-8081-exec-5] DEBUG o.s.w.s.m.m.a.RequestMappingHandlerMapping - Mapped to org.guidewire.login.controller.AuthController#checkIfAdmin(UserDetails)
2025-03-17 15:31:47 [http-nio-8081-exec-5] DEBUG o.s.o.j.s.OpenEntityManagerInViewInterceptor - Opening JPA EntityManager in OpenEntityManagerInViewInterceptor
2025-03-17 15:31:47 [http-nio-8081-exec-5] DEBUG o.g.login.security.CustomUserDetails - Fetching authorities for user: admin
2025-03-17 15:31:47 [http-nio-8081-exec-5] DEBUG o.s.w.s.m.m.a.HttpEntityMethodProcessor - Using 'application/json', given [*/*] and supported [application/json, application/*+json]
2025-03-17 15:31:47 [http-nio-8081-exec-5] DEBUG o.s.w.s.m.m.a.HttpEntityMethodProcessor - Writing [org.guidewire.login.dto.responses.UserRoleResponse@dfd17f9]
2025-03-17 15:31:47 [http-nio-8081-exec-5] DEBUG o.s.o.j.s.OpenEntityManagerInViewInterceptor - Closing JPA EntityManager in OpenEntityManagerInViewInterceptor
2025-03-17 15:31:47 [http-nio-8081-exec-5] DEBUG o.s.web.servlet.DispatcherServlet - Completed 200 OK
2025-03-17 15:31:47 [http-nio-8081-exec-6] DEBUG o.s.security.web.FilterChainProxy - Securing GET /api/auth/users/list
2025-03-17 15:31:47 [http-nio-8081-exec-6] INFO  o.g.l.s.JwtAuthenticationFilter - doFilterInternal: Extracted username 'admin' from token.
2025-03-17 15:31:47 [http-nio-8081-exec-6] INFO  o.g.l.s.CustomUserDetailsService - loadUserByUsername: Searching for user: admin
2025-03-17 15:31:47 [http-nio-8081-exec-6] DEBUG o.s.o.j.SharedEntityManagerCreator$SharedEntityManagerInvocationHandler - Creating new EntityManager for shared EntityManager invocation
2025-03-17 15:31:47 [http-nio-8081-exec-6] DEBUG org.hibernate.SQL - select u1_0.id,u1_0.created_at,u1_0.email,u1_0.password,u1_0.updated_at,u1_0.username from users u1_0 where u1_0.username=?
2025-03-17 15:31:47 [http-nio-8081-exec-6] DEBUG org.hibernate.SQL - select r1_0.user_id,r1_1.id,r1_1.created_at,r1_1.name,p1_0.role_id,p1_1.id,p1_1.created_at,p1_1.description,p1_1.name,p1_1.updated_at,r1_1.updated_at from user_roles r1_0 join roles r1_1 on r1_1.id=r1_0.role_id left join role_permissions p1_0 on r1_1.id=p1_0.role_id left join permissions p1_1 on p1_1.id=p1_0.permission_id where r1_0.user_id=?
2025-03-17 15:31:47 [http-nio-8081-exec-6] INFO  o.g.l.s.CustomUserDetailsService - loadUserByUsername: User admin found with roles: [org.guidewire.login.model.Role@7ed51c27]
2025-03-17 15:31:47 [http-nio-8081-exec-6] INFO  o.g.login.security.CustomUserDetails - Initializing CustomUserDetails for user: admin
2025-03-17 15:31:47 [http-nio-8081-exec-6] DEBUG o.g.login.security.CustomUserDetails - User admin has roles: [ADMIN]
2025-03-17 15:31:47 [http-nio-8081-exec-6] DEBUG o.g.login.security.CustomUserDetails - User admin has permissions: [DELETE_TASK, CREATE_TASK, CLOSE_TASK, VIEW_TASK, COMMENT_TASK, ASSIGN_TASK, EDIT_TASK]
2025-03-17 15:31:47 [http-nio-8081-exec-6] INFO  o.g.login.security.CustomUserDetails - CustomUserDetails initialized successfully for user: admin
2025-03-17 15:31:47 [http-nio-8081-exec-6] INFO  o.guidewire.login.security.JwtUtil - validateToken:JWT validated successfully for user: admin
2025-03-17 15:31:47 [http-nio-8081-exec-6] DEBUG o.g.login.security.CustomUserDetails - Fetching authorities for user: admin
2025-03-17 15:31:47 [http-nio-8081-exec-6] INFO  o.g.l.s.JwtAuthenticationFilter - doFilterInternal: Authentication successful for user 'admin'.
2025-03-17 15:31:47 [http-nio-8081-exec-6] DEBUG o.s.security.web.FilterChainProxy - Secured GET /api/auth/users/list
2025-03-17 15:31:47 [http-nio-8081-exec-6] DEBUG o.s.web.servlet.DispatcherServlet - GET "/api/auth/users/list", parameters={}
2025-03-17 15:31:47 [http-nio-8081-exec-6] DEBUG o.s.w.s.m.m.a.RequestMappingHandlerMapping - Mapped to org.guidewire.login.controller.UserController#getAllUsers()
2025-03-17 15:31:47 [http-nio-8081-exec-6] DEBUG o.s.o.j.s.OpenEntityManagerInViewInterceptor - Opening JPA EntityManager in OpenEntityManagerInViewInterceptor
2025-03-17 15:31:47 [http-nio-8081-exec-6] INFO  o.g.login.services.UserService - getAllUsers: Fetching all users from the database.
2025-03-17 15:31:47 [http-nio-8081-exec-6] DEBUG o.s.orm.jpa.JpaTransactionManager - Found thread-bound EntityManager [SessionImpl(134617593<open>)] for JPA transaction
2025-03-17 15:31:47 [http-nio-8081-exec-6] DEBUG o.s.orm.jpa.JpaTransactionManager - Creating new transaction with name [org.springframework.data.jpa.repository.support.SimpleJpaRepository.findAll]: PROPAGATION_REQUIRED,ISOLATION_DEFAULT,readOnly
2025-03-17 15:31:47 [http-nio-8081-exec-6] DEBUG o.s.jdbc.datasource.DataSourceUtils - Setting JDBC Connection [HikariProxyConnection@336533223 wrapping org.postgresql.jdbc.PgConnection@3d4f30e6] read-only
2025-03-17 15:31:47 [http-nio-8081-exec-6] DEBUG o.s.orm.jpa.JpaTransactionManager - Exposing JPA transaction as JDBC [org.springframework.orm.jpa.vendor.HibernateJpaDialect$HibernateConnectionHandle@10cbbf27]
2025-03-17 15:31:47 [http-nio-8081-exec-6] DEBUG org.hibernate.SQL - select u1_0.id,u1_0.created_at,u1_0.email,u1_0.password,u1_0.updated_at,u1_0.username from users u1_0
2025-03-17 15:31:47 [http-nio-8081-exec-6] DEBUG org.hibernate.SQL - select r1_0.user_id,r1_1.id,r1_1.created_at,r1_1.name,p1_0.role_id,p1_1.id,p1_1.created_at,p1_1.description,p1_1.name,p1_1.updated_at,r1_1.updated_at from user_roles r1_0 join roles r1_1 on r1_1.id=r1_0.role_id left join role_permissions p1_0 on r1_1.id=p1_0.role_id left join permissions p1_1 on p1_1.id=p1_0.permission_id where r1_0.user_id=?
2025-03-17 15:31:47 [http-nio-8081-exec-6] DEBUG org.hibernate.SQL - select r1_0.user_id,r1_1.id,r1_1.created_at,r1_1.name,p1_0.role_id,p1_1.id,p1_1.created_at,p1_1.description,p1_1.name,p1_1.updated_at,r1_1.updated_at from user_roles r1_0 join roles r1_1 on r1_1.id=r1_0.role_id left join role_permissions p1_0 on r1_1.id=p1_0.role_id left join permissions p1_1 on p1_1.id=p1_0.permission_id where r1_0.user_id=?
2025-03-17 15:31:47 [http-nio-8081-exec-6] DEBUG org.hibernate.SQL - select r1_0.user_id,r1_1.id,r1_1.created_at,r1_1.name,p1_0.role_id,p1_1.id,p1_1.created_at,p1_1.description,p1_1.name,p1_1.updated_at,r1_1.updated_at from user_roles r1_0 join roles r1_1 on r1_1.id=r1_0.role_id left join role_permissions p1_0 on r1_1.id=p1_0.role_id left join permissions p1_1 on p1_1.id=p1_0.permission_id where r1_0.user_id=?
2025-03-17 15:31:47 [http-nio-8081-exec-6] DEBUG org.hibernate.SQL - select r1_0.user_id,r1_1.id,r1_1.created_at,r1_1.name,p1_0.role_id,p1_1.id,p1_1.created_at,p1_1.description,p1_1.name,p1_1.updated_at,r1_1.updated_at from user_roles r1_0 join roles r1_1 on r1_1.id=r1_0.role_id left join role_permissions p1_0 on r1_1.id=p1_0.role_id left join permissions p1_1 on p1_1.id=p1_0.permission_id where r1_0.user_id=?
2025-03-17 15:31:47 [http-nio-8081-exec-6] DEBUG org.hibernate.SQL - select r1_0.user_id,r1_1.id,r1_1.created_at,r1_1.name,p1_0.role_id,p1_1.id,p1_1.created_at,p1_1.description,p1_1.name,p1_1.updated_at,r1_1.updated_at from user_roles r1_0 join roles r1_1 on r1_1.id=r1_0.role_id left join role_permissions p1_0 on r1_1.id=p1_0.role_id left join permissions p1_1 on p1_1.id=p1_0.permission_id where r1_0.user_id=?
2025-03-17 15:31:47 [http-nio-8081-exec-6] DEBUG o.s.orm.jpa.JpaTransactionManager - Initiating transaction commit
2025-03-17 15:31:47 [http-nio-8081-exec-6] DEBUG o.s.orm.jpa.JpaTransactionManager - Committing JPA transaction on EntityManager [SessionImpl(134617593<open>)]
2025-03-17 15:31:47 [http-nio-8081-exec-6] DEBUG o.s.jdbc.datasource.DataSourceUtils - Resetting read-only flag of JDBC Connection [HikariProxyConnection@336533223 wrapping org.postgresql.jdbc.PgConnection@3d4f30e6]
2025-03-17 15:31:47 [http-nio-8081-exec-6] DEBUG o.s.orm.jpa.JpaTransactionManager - Not closing pre-bound JPA EntityManager after transaction
2025-03-17 15:31:47 [http-nio-8081-exec-6] INFO  o.g.login.services.UserService - getAllUsers: Retrieved 5 users.
2025-03-17 15:31:47 [http-nio-8081-exec-6] DEBUG o.s.w.s.m.m.a.HttpEntityMethodProcessor - Using 'application/json', given [*/*] and supported [application/json, application/*+json]
2025-03-17 15:31:47 [http-nio-8081-exec-6] DEBUG o.s.w.s.m.m.a.HttpEntityMethodProcessor - Writing [[org.guidewire.login.dto.responses.UserResponse@1910cc4a, org.guidewire.login.dto.responses.UserResp (truncated)...]
2025-03-17 15:31:47 [http-nio-8081-exec-6] DEBUG o.s.o.j.s.OpenEntityManagerInViewInterceptor - Closing JPA EntityManager in OpenEntityManagerInViewInterceptor
2025-03-17 15:31:47 [http-nio-8081-exec-6] DEBUG o.s.web.servlet.DispatcherServlet - Completed 200 OK
2025-03-17 15:31:47 [http-nio-8081-exec-7] DEBUG o.s.security.web.FilterChainProxy - Securing GET /api/auth/current/user
2025-03-17 15:31:47 [http-nio-8081-exec-7] INFO  o.g.l.s.JwtAuthenticationFilter - doFilterInternal: Extracted username 'admin' from token.
2025-03-17 15:31:47 [http-nio-8081-exec-7] INFO  o.g.l.s.CustomUserDetailsService - loadUserByUsername: Searching for user: admin
2025-03-17 15:31:47 [http-nio-8081-exec-7] DEBUG o.s.o.j.SharedEntityManagerCreator$SharedEntityManagerInvocationHandler - Creating new EntityManager for shared EntityManager invocation
2025-03-17 15:31:47 [http-nio-8081-exec-7] DEBUG org.hibernate.SQL - select u1_0.id,u1_0.created_at,u1_0.email,u1_0.password,u1_0.updated_at,u1_0.username from users u1_0 where u1_0.username=?
2025-03-17 15:31:47 [http-nio-8081-exec-7] DEBUG org.hibernate.SQL - select r1_0.user_id,r1_1.id,r1_1.created_at,r1_1.name,p1_0.role_id,p1_1.id,p1_1.created_at,p1_1.description,p1_1.name,p1_1.updated_at,r1_1.updated_at from user_roles r1_0 join roles r1_1 on r1_1.id=r1_0.role_id left join role_permissions p1_0 on r1_1.id=p1_0.role_id left join permissions p1_1 on p1_1.id=p1_0.permission_id where r1_0.user_id=?
2025-03-17 15:31:47 [http-nio-8081-exec-7] INFO  o.g.l.s.CustomUserDetailsService - loadUserByUsername: User admin found with roles: [org.guidewire.login.model.Role@198fd482]
2025-03-17 15:31:47 [http-nio-8081-exec-7] INFO  o.g.login.security.CustomUserDetails - Initializing CustomUserDetails for user: admin
2025-03-17 15:31:47 [http-nio-8081-exec-7] DEBUG o.g.login.security.CustomUserDetails - User admin has roles: [ADMIN]
2025-03-17 15:31:47 [http-nio-8081-exec-7] DEBUG o.g.login.security.CustomUserDetails - User admin has permissions: [DELETE_TASK, CREATE_TASK, CLOSE_TASK, VIEW_TASK, COMMENT_TASK, ASSIGN_TASK, EDIT_TASK]
2025-03-17 15:31:47 [http-nio-8081-exec-7] INFO  o.g.login.security.CustomUserDetails - CustomUserDetails initialized successfully for user: admin
2025-03-17 15:31:47 [http-nio-8081-exec-7] INFO  o.guidewire.login.security.JwtUtil - validateToken:JWT validated successfully for user: admin
2025-03-17 15:31:47 [http-nio-8081-exec-7] DEBUG o.g.login.security.CustomUserDetails - Fetching authorities for user: admin
2025-03-17 15:31:47 [http-nio-8081-exec-7] INFO  o.g.l.s.JwtAuthenticationFilter - doFilterInternal: Authentication successful for user 'admin'.
2025-03-17 15:31:47 [http-nio-8081-exec-7] DEBUG o.s.security.web.FilterChainProxy - Secured GET /api/auth/current/user
2025-03-17 15:31:47 [http-nio-8081-exec-7] DEBUG o.s.web.servlet.DispatcherServlet - GET "/api/auth/current/user", parameters={}
2025-03-17 15:31:47 [http-nio-8081-exec-7] DEBUG o.s.w.s.m.m.a.RequestMappingHandlerMapping - Mapped to org.guidewire.login.controller.AuthController#getCurrentUser(Principal)
2025-03-17 15:31:47 [http-nio-8081-exec-7] DEBUG o.s.o.j.s.OpenEntityManagerInViewInterceptor - Opening JPA EntityManager in OpenEntityManagerInViewInterceptor
2025-03-17 15:31:47 [http-nio-8081-exec-7] INFO  o.g.login.controller.AuthController - getCurrentUser: Fetching details for user: admin
2025-03-17 15:31:47 [http-nio-8081-exec-7] DEBUG o.g.login.services.AuthService - getUserDetails:Fetching user details for: admin
2025-03-17 15:31:47 [http-nio-8081-exec-7] DEBUG org.hibernate.SQL - select u1_0.id,u1_0.created_at,u1_0.email,u1_0.password,u1_0.updated_at,u1_0.username from users u1_0 where u1_0.username=?
2025-03-17 15:31:47 [http-nio-8081-exec-7] DEBUG org.hibernate.SQL - select r1_0.user_id,r1_1.id,r1_1.created_at,r1_1.name,p1_0.role_id,p1_1.id,p1_1.created_at,p1_1.description,p1_1.name,p1_1.updated_at,r1_1.updated_at from user_roles r1_0 join roles r1_1 on r1_1.id=r1_0.role_id left join role_permissions p1_0 on r1_1.id=p1_0.role_id left join permissions p1_1 on p1_1.id=p1_0.permission_id where r1_0.user_id=?
2025-03-17 15:31:47 [http-nio-8081-exec-7] INFO  o.g.login.controller.AuthController - getCurrentUser: Returning user details for admin
2025-03-17 15:31:47 [http-nio-8081-exec-7] DEBUG o.s.w.s.m.m.a.HttpEntityMethodProcessor - Using 'application/json', given [*/*] and supported [application/json, application/*+json]
2025-03-17 15:31:47 [http-nio-8081-exec-7] DEBUG o.s.w.s.m.m.a.HttpEntityMethodProcessor - Writing [org.guidewire.login.dto.responses.UserResponse@325a5980]
2025-03-17 15:31:47 [http-nio-8081-exec-7] DEBUG o.s.o.j.s.OpenEntityManagerInViewInterceptor - Closing JPA EntityManager in OpenEntityManagerInViewInterceptor
2025-03-17 15:31:47 [http-nio-8081-exec-7] DEBUG o.s.web.servlet.DispatcherServlet - Completed 200 OK
2025-03-17 15:31:52 [http-nio-8081-exec-8] DEBUG o.s.security.web.FilterChainProxy - Securing GET /api/auth/users/list
2025-03-17 15:31:52 [http-nio-8081-exec-8] INFO  o.g.l.s.JwtAuthenticationFilter - doFilterInternal: Extracted username 'admin' from token.
2025-03-17 15:31:52 [http-nio-8081-exec-8] INFO  o.g.l.s.CustomUserDetailsService - loadUserByUsername: Searching for user: admin
2025-03-17 15:31:52 [http-nio-8081-exec-8] DEBUG o.s.o.j.SharedEntityManagerCreator$SharedEntityManagerInvocationHandler - Creating new EntityManager for shared EntityManager invocation
2025-03-17 15:31:52 [http-nio-8081-exec-8] DEBUG org.hibernate.SQL - select u1_0.id,u1_0.created_at,u1_0.email,u1_0.password,u1_0.updated_at,u1_0.username from users u1_0 where u1_0.username=?
2025-03-17 15:31:52 [http-nio-8081-exec-8] DEBUG org.hibernate.SQL - select r1_0.user_id,r1_1.id,r1_1.created_at,r1_1.name,p1_0.role_id,p1_1.id,p1_1.created_at,p1_1.description,p1_1.name,p1_1.updated_at,r1_1.updated_at from user_roles r1_0 join roles r1_1 on r1_1.id=r1_0.role_id left join role_permissions p1_0 on r1_1.id=p1_0.role_id left join permissions p1_1 on p1_1.id=p1_0.permission_id where r1_0.user_id=?
2025-03-17 15:31:52 [http-nio-8081-exec-8] INFO  o.g.l.s.CustomUserDetailsService - loadUserByUsername: User admin found with roles: [org.guidewire.login.model.Role@489ff5aa]
2025-03-17 15:31:52 [http-nio-8081-exec-8] INFO  o.g.login.security.CustomUserDetails - Initializing CustomUserDetails for user: admin
2025-03-17 15:31:52 [http-nio-8081-exec-8] DEBUG o.g.login.security.CustomUserDetails - User admin has roles: [ADMIN]
2025-03-17 15:31:52 [http-nio-8081-exec-8] DEBUG o.g.login.security.CustomUserDetails - User admin has permissions: [DELETE_TASK, CREATE_TASK, CLOSE_TASK, VIEW_TASK, ASSIGN_TASK, COMMENT_TASK, EDIT_TASK]
2025-03-17 15:31:52 [http-nio-8081-exec-8] INFO  o.g.login.security.CustomUserDetails - CustomUserDetails initialized successfully for user: admin
2025-03-17 15:31:52 [http-nio-8081-exec-8] INFO  o.guidewire.login.security.JwtUtil - validateToken:JWT validated successfully for user: admin
2025-03-17 15:31:52 [http-nio-8081-exec-8] DEBUG o.g.login.security.CustomUserDetails - Fetching authorities for user: admin
2025-03-17 15:31:52 [http-nio-8081-exec-8] INFO  o.g.l.s.JwtAuthenticationFilter - doFilterInternal: Authentication successful for user 'admin'.
2025-03-17 15:31:52 [http-nio-8081-exec-8] DEBUG o.s.security.web.FilterChainProxy - Secured GET /api/auth/users/list
2025-03-17 15:31:52 [http-nio-8081-exec-8] DEBUG o.s.web.servlet.DispatcherServlet - GET "/api/auth/users/list", parameters={}
2025-03-17 15:31:52 [http-nio-8081-exec-8] DEBUG o.s.w.s.m.m.a.RequestMappingHandlerMapping - Mapped to org.guidewire.login.controller.UserController#getAllUsers()
2025-03-17 15:31:52 [http-nio-8081-exec-8] DEBUG o.s.o.j.s.OpenEntityManagerInViewInterceptor - Opening JPA EntityManager in OpenEntityManagerInViewInterceptor
2025-03-17 15:31:52 [http-nio-8081-exec-8] INFO  o.g.login.services.UserService - getAllUsers: Fetching all users from the database.
2025-03-17 15:31:52 [http-nio-8081-exec-8] DEBUG o.s.orm.jpa.JpaTransactionManager - Found thread-bound EntityManager [SessionImpl(2089424865<open>)] for JPA transaction
2025-03-17 15:31:52 [http-nio-8081-exec-8] DEBUG o.s.orm.jpa.JpaTransactionManager - Creating new transaction with name [org.springframework.data.jpa.repository.support.SimpleJpaRepository.findAll]: PROPAGATION_REQUIRED,ISOLATION_DEFAULT,readOnly
2025-03-17 15:31:52 [http-nio-8081-exec-8] DEBUG o.s.jdbc.datasource.DataSourceUtils - Setting JDBC Connection [HikariProxyConnection@832330350 wrapping org.postgresql.jdbc.PgConnection@3d4f30e6] read-only
2025-03-17 15:31:52 [http-nio-8081-exec-8] DEBUG o.s.orm.jpa.JpaTransactionManager - Exposing JPA transaction as JDBC [org.springframework.orm.jpa.vendor.HibernateJpaDialect$HibernateConnectionHandle@46ee2dd9]
2025-03-17 15:31:52 [http-nio-8081-exec-8] DEBUG org.hibernate.SQL - select u1_0.id,u1_0.created_at,u1_0.email,u1_0.password,u1_0.updated_at,u1_0.username from users u1_0
2025-03-17 15:31:52 [http-nio-8081-exec-8] DEBUG org.hibernate.SQL - select r1_0.user_id,r1_1.id,r1_1.created_at,r1_1.name,p1_0.role_id,p1_1.id,p1_1.created_at,p1_1.description,p1_1.name,p1_1.updated_at,r1_1.updated_at from user_roles r1_0 join roles r1_1 on r1_1.id=r1_0.role_id left join role_permissions p1_0 on r1_1.id=p1_0.role_id left join permissions p1_1 on p1_1.id=p1_0.permission_id where r1_0.user_id=?
2025-03-17 15:31:52 [http-nio-8081-exec-8] DEBUG org.hibernate.SQL - select r1_0.user_id,r1_1.id,r1_1.created_at,r1_1.name,p1_0.role_id,p1_1.id,p1_1.created_at,p1_1.description,p1_1.name,p1_1.updated_at,r1_1.updated_at from user_roles r1_0 join roles r1_1 on r1_1.id=r1_0.role_id left join role_permissions p1_0 on r1_1.id=p1_0.role_id left join permissions p1_1 on p1_1.id=p1_0.permission_id where r1_0.user_id=?
2025-03-17 15:31:52 [http-nio-8081-exec-8] DEBUG org.hibernate.SQL - select r1_0.user_id,r1_1.id,r1_1.created_at,r1_1.name,p1_0.role_id,p1_1.id,p1_1.created_at,p1_1.description,p1_1.name,p1_1.updated_at,r1_1.updated_at from user_roles r1_0 join roles r1_1 on r1_1.id=r1_0.role_id left join role_permissions p1_0 on r1_1.id=p1_0.role_id left join permissions p1_1 on p1_1.id=p1_0.permission_id where r1_0.user_id=?
2025-03-17 15:31:52 [http-nio-8081-exec-8] DEBUG org.hibernate.SQL - select r1_0.user_id,r1_1.id,r1_1.created_at,r1_1.name,p1_0.role_id,p1_1.id,p1_1.created_at,p1_1.description,p1_1.name,p1_1.updated_at,r1_1.updated_at from user_roles r1_0 join roles r1_1 on r1_1.id=r1_0.role_id left join role_permissions p1_0 on r1_1.id=p1_0.role_id left join permissions p1_1 on p1_1.id=p1_0.permission_id where r1_0.user_id=?
2025-03-17 15:31:52 [http-nio-8081-exec-8] DEBUG org.hibernate.SQL - select r1_0.user_id,r1_1.id,r1_1.created_at,r1_1.name,p1_0.role_id,p1_1.id,p1_1.created_at,p1_1.description,p1_1.name,p1_1.updated_at,r1_1.updated_at from user_roles r1_0 join roles r1_1 on r1_1.id=r1_0.role_id left join role_permissions p1_0 on r1_1.id=p1_0.role_id left join permissions p1_1 on p1_1.id=p1_0.permission_id where r1_0.user_id=?
2025-03-17 15:31:52 [http-nio-8081-exec-8] DEBUG o.s.orm.jpa.JpaTransactionManager - Initiating transaction commit
2025-03-17 15:31:52 [http-nio-8081-exec-8] DEBUG o.s.orm.jpa.JpaTransactionManager - Committing JPA transaction on EntityManager [SessionImpl(2089424865<open>)]
2025-03-17 15:31:52 [http-nio-8081-exec-8] DEBUG o.s.jdbc.datasource.DataSourceUtils - Resetting read-only flag of JDBC Connection [HikariProxyConnection@832330350 wrapping org.postgresql.jdbc.PgConnection@3d4f30e6]
2025-03-17 15:31:52 [http-nio-8081-exec-8] DEBUG o.s.orm.jpa.JpaTransactionManager - Not closing pre-bound JPA EntityManager after transaction
2025-03-17 15:31:52 [http-nio-8081-exec-8] INFO  o.g.login.services.UserService - getAllUsers: Retrieved 5 users.
2025-03-17 15:31:52 [http-nio-8081-exec-8] DEBUG o.s.w.s.m.m.a.HttpEntityMethodProcessor - Using 'application/json', given [*/*] and supported [application/json, application/*+json]
2025-03-17 15:31:52 [http-nio-8081-exec-8] DEBUG o.s.w.s.m.m.a.HttpEntityMethodProcessor - Writing [[org.guidewire.login.dto.responses.UserResponse@34f1f08, org.guidewire.login.dto.responses.UserRespo (truncated)...]
2025-03-17 15:31:52 [http-nio-8081-exec-8] DEBUG o.s.o.j.s.OpenEntityManagerInViewInterceptor - Closing JPA EntityManager in OpenEntityManagerInViewInterceptor
2025-03-17 15:31:52 [http-nio-8081-exec-8] DEBUG o.s.web.servlet.DispatcherServlet - Completed 200 OK
2025-03-17 15:31:52 [http-nio-8081-exec-9] DEBUG o.s.security.web.FilterChainProxy - Securing GET /api/auth/user/details
2025-03-17 15:31:52 [http-nio-8081-exec-9] DEBUG o.g.l.s.JwtAuthenticationFilter - doFilterInternal: No valid Authorization header found, skipping JWT processing.
2025-03-17 15:31:52 [http-nio-8081-exec-9] DEBUG o.s.s.w.a.AnonymousAuthenticationFilter - Set SecurityContextHolder to anonymous SecurityContext
2025-03-17 15:31:52 [http-nio-8081-exec-9] DEBUG o.s.security.web.FilterChainProxy - Secured GET /api/auth/user/details
2025-03-17 15:31:52 [http-nio-8081-exec-9] DEBUG o.s.web.servlet.DispatcherServlet - GET "/api/auth/user/details", parameters={}
2025-03-17 15:31:52 [http-nio-8081-exec-9] DEBUG o.s.w.s.m.m.a.RequestMappingHandlerMapping - Mapped to org.guidewire.login.controller.AuthController#fetchUserDetails(List)
2025-03-17 15:31:52 [http-nio-8081-exec-9] DEBUG o.s.o.j.s.OpenEntityManagerInViewInterceptor - Opening JPA EntityManager in OpenEntityManagerInViewInterceptor
2025-03-17 15:31:52 [http-nio-8081-exec-9] DEBUG o.s.w.s.m.m.a.RequestResponseBodyMethodProcessor - Read "application/json;charset=UTF-8" to [[null]]
2025-03-17 15:31:52 [http-nio-8081-exec-9] INFO  o.g.login.controller.AuthController - fetchUserDetails: Fetching details for users with IDs: [null]
2025-03-17 15:31:52 [http-nio-8081-exec-9] DEBUG o.s.orm.jpa.JpaTransactionManager - Found thread-bound EntityManager [SessionImpl(1384832980<open>)] for JPA transaction
2025-03-17 15:31:52 [http-nio-8081-exec-9] DEBUG o.s.orm.jpa.JpaTransactionManager - Creating new transaction with name [org.springframework.data.jpa.repository.support.SimpleJpaRepository.findAllById]: PROPAGATION_REQUIRED,ISOLATION_DEFAULT,readOnly
2025-03-17 15:31:52 [http-nio-8081-exec-9] DEBUG o.s.jdbc.datasource.DataSourceUtils - Setting JDBC Connection [HikariProxyConnection@1452650647 wrapping org.postgresql.jdbc.PgConnection@3d4f30e6] read-only
2025-03-17 15:31:52 [http-nio-8081-exec-9] DEBUG o.s.orm.jpa.JpaTransactionManager - Exposing JPA transaction as JDBC [org.springframework.orm.jpa.vendor.HibernateJpaDialect$HibernateConnectionHandle@1608a0c]
2025-03-17 15:31:52 [http-nio-8081-exec-9] DEBUG org.hibernate.SQL - select u1_0.id,u1_0.created_at,u1_0.email,u1_0.password,u1_0.updated_at,u1_0.username from users u1_0 where u1_0.id in (?)
2025-03-17 15:31:52 [http-nio-8081-exec-9] DEBUG o.s.orm.jpa.JpaTransactionManager - Initiating transaction commit
2025-03-17 15:31:52 [http-nio-8081-exec-9] DEBUG o.s.orm.jpa.JpaTransactionManager - Committing JPA transaction on EntityManager [SessionImpl(1384832980<open>)]
2025-03-17 15:31:52 [http-nio-8081-exec-9] DEBUG o.s.jdbc.datasource.DataSourceUtils - Resetting read-only flag of JDBC Connection [HikariProxyConnection@1452650647 wrapping org.postgresql.jdbc.PgConnection@3d4f30e6]
2025-03-17 15:31:52 [http-nio-8081-exec-9] DEBUG o.s.orm.jpa.JpaTransactionManager - Not closing pre-bound JPA EntityManager after transaction
2025-03-17 15:31:52 [http-nio-8081-exec-9] INFO  o.g.login.controller.AuthController - fetchUserDetails: Returning user details for users: []
2025-03-17 15:31:52 [http-nio-8081-exec-9] DEBUG o.s.w.s.m.m.a.HttpEntityMethodProcessor - Using 'application/json', given [*/*] and supported [application/json, application/*+json]
2025-03-17 15:31:52 [http-nio-8081-exec-9] DEBUG o.s.w.s.m.m.a.HttpEntityMethodProcessor - Writing [[]]
2025-03-17 15:31:52 [http-nio-8081-exec-9] DEBUG o.s.o.j.s.OpenEntityManagerInViewInterceptor - Closing JPA EntityManager in OpenEntityManagerInViewInterceptor
2025-03-17 15:31:52 [http-nio-8081-exec-9] DEBUG o.s.web.servlet.DispatcherServlet - Completed 200 OK
2025-03-17 15:33:28 [http-nio-8081-exec-1] DEBUG o.s.security.web.FilterChainProxy - Securing GET /api/auth/check-admin
2025-03-17 15:33:28 [http-nio-8081-exec-1] INFO  o.g.l.s.JwtAuthenticationFilter - doFilterInternal: Extracted username 'admin' from token.
2025-03-17 15:33:28 [http-nio-8081-exec-1] INFO  o.g.l.s.CustomUserDetailsService - loadUserByUsername: Searching for user: admin
2025-03-17 15:33:28 [http-nio-8081-exec-1] DEBUG o.s.o.j.SharedEntityManagerCreator$SharedEntityManagerInvocationHandler - Creating new EntityManager for shared EntityManager invocation
2025-03-17 15:33:28 [http-nio-8081-exec-1] DEBUG org.hibernate.SQL - select u1_0.id,u1_0.created_at,u1_0.email,u1_0.password,u1_0.updated_at,u1_0.username from users u1_0 where u1_0.username=?
2025-03-17 15:33:28 [http-nio-8081-exec-1] DEBUG org.hibernate.SQL - select r1_0.user_id,r1_1.id,r1_1.created_at,r1_1.name,p1_0.role_id,p1_1.id,p1_1.created_at,p1_1.description,p1_1.name,p1_1.updated_at,r1_1.updated_at from user_roles r1_0 join roles r1_1 on r1_1.id=r1_0.role_id left join role_permissions p1_0 on r1_1.id=p1_0.role_id left join permissions p1_1 on p1_1.id=p1_0.permission_id where r1_0.user_id=?
2025-03-17 15:33:28 [http-nio-8081-exec-1] INFO  o.g.l.s.CustomUserDetailsService - loadUserByUsername: User admin found with roles: [org.guidewire.login.model.Role@2a3b07e1]
2025-03-17 15:33:28 [http-nio-8081-exec-1] INFO  o.g.login.security.CustomUserDetails - Initializing CustomUserDetails for user: admin
2025-03-17 15:33:28 [http-nio-8081-exec-1] DEBUG o.g.login.security.CustomUserDetails - User admin has roles: [ADMIN]
2025-03-17 15:33:28 [http-nio-8081-exec-1] DEBUG o.g.login.security.CustomUserDetails - User admin has permissions: [DELETE_TASK, CREATE_TASK, CLOSE_TASK, VIEW_TASK, COMMENT_TASK, ASSIGN_TASK, EDIT_TASK]
2025-03-17 15:33:28 [http-nio-8081-exec-1] INFO  o.g.login.security.CustomUserDetails - CustomUserDetails initialized successfully for user: admin
2025-03-17 15:33:28 [http-nio-8081-exec-1] INFO  o.guidewire.login.security.JwtUtil - validateToken:JWT validated successfully for user: admin
2025-03-17 15:33:28 [http-nio-8081-exec-1] DEBUG o.g.login.security.CustomUserDetails - Fetching authorities for user: admin
2025-03-17 15:33:28 [http-nio-8081-exec-1] INFO  o.g.l.s.JwtAuthenticationFilter - doFilterInternal: Authentication successful for user 'admin'.
2025-03-17 15:33:28 [http-nio-8081-exec-1] DEBUG o.s.security.web.FilterChainProxy - Secured GET /api/auth/check-admin
2025-03-17 15:33:28 [http-nio-8081-exec-1] DEBUG o.s.web.servlet.DispatcherServlet - GET "/api/auth/check-admin", parameters={}
2025-03-17 15:33:28 [http-nio-8081-exec-1] DEBUG o.s.w.s.m.m.a.RequestMappingHandlerMapping - Mapped to org.guidewire.login.controller.AuthController#checkIfAdmin(UserDetails)
2025-03-17 15:33:28 [http-nio-8081-exec-1] DEBUG o.s.o.j.s.OpenEntityManagerInViewInterceptor - Opening JPA EntityManager in OpenEntityManagerInViewInterceptor
2025-03-17 15:33:28 [http-nio-8081-exec-1] DEBUG o.g.login.security.CustomUserDetails - Fetching authorities for user: admin
2025-03-17 15:33:28 [http-nio-8081-exec-1] DEBUG o.s.w.s.m.m.a.HttpEntityMethodProcessor - Using 'application/json', given [*/*] and supported [application/json, application/*+json]
2025-03-17 15:33:28 [http-nio-8081-exec-1] DEBUG o.s.w.s.m.m.a.HttpEntityMethodProcessor - Writing [org.guidewire.login.dto.responses.UserRoleResponse@3c53c3e2]
2025-03-17 15:33:28 [http-nio-8081-exec-1] DEBUG o.s.o.j.s.OpenEntityManagerInViewInterceptor - Closing JPA EntityManager in OpenEntityManagerInViewInterceptor
2025-03-17 15:33:28 [http-nio-8081-exec-1] DEBUG o.s.web.servlet.DispatcherServlet - Completed 200 OK
2025-03-17 15:33:28 [http-nio-8081-exec-2] DEBUG o.s.security.web.FilterChainProxy - Securing GET /api/auth/users/list
2025-03-17 15:33:28 [http-nio-8081-exec-2] INFO  o.g.l.s.JwtAuthenticationFilter - doFilterInternal: Extracted username 'admin' from token.
2025-03-17 15:33:28 [http-nio-8081-exec-2] INFO  o.g.l.s.CustomUserDetailsService - loadUserByUsername: Searching for user: admin
2025-03-17 15:33:28 [http-nio-8081-exec-2] DEBUG o.s.o.j.SharedEntityManagerCreator$SharedEntityManagerInvocationHandler - Creating new EntityManager for shared EntityManager invocation
2025-03-17 15:33:28 [http-nio-8081-exec-2] DEBUG org.hibernate.SQL - select u1_0.id,u1_0.created_at,u1_0.email,u1_0.password,u1_0.updated_at,u1_0.username from users u1_0 where u1_0.username=?
2025-03-17 15:33:28 [http-nio-8081-exec-2] DEBUG org.hibernate.SQL - select r1_0.user_id,r1_1.id,r1_1.created_at,r1_1.name,p1_0.role_id,p1_1.id,p1_1.created_at,p1_1.description,p1_1.name,p1_1.updated_at,r1_1.updated_at from user_roles r1_0 join roles r1_1 on r1_1.id=r1_0.role_id left join role_permissions p1_0 on r1_1.id=p1_0.role_id left join permissions p1_1 on p1_1.id=p1_0.permission_id where r1_0.user_id=?
2025-03-17 15:33:28 [http-nio-8081-exec-2] INFO  o.g.l.s.CustomUserDetailsService - loadUserByUsername: User admin found with roles: [org.guidewire.login.model.Role@6dc6f3ad]
2025-03-17 15:33:28 [http-nio-8081-exec-2] INFO  o.g.login.security.CustomUserDetails - Initializing CustomUserDetails for user: admin
2025-03-17 15:33:28 [http-nio-8081-exec-2] DEBUG o.g.login.security.CustomUserDetails - User admin has roles: [ADMIN]
2025-03-17 15:33:28 [http-nio-8081-exec-2] DEBUG o.g.login.security.CustomUserDetails - User admin has permissions: [DELETE_TASK, CREATE_TASK, CLOSE_TASK, VIEW_TASK, ASSIGN_TASK, COMMENT_TASK, EDIT_TASK]
2025-03-17 15:33:28 [http-nio-8081-exec-2] INFO  o.g.login.security.CustomUserDetails - CustomUserDetails initialized successfully for user: admin
2025-03-17 15:33:28 [http-nio-8081-exec-2] INFO  o.guidewire.login.security.JwtUtil - validateToken:JWT validated successfully for user: admin
2025-03-17 15:33:28 [http-nio-8081-exec-2] DEBUG o.g.login.security.CustomUserDetails - Fetching authorities for user: admin
2025-03-17 15:33:28 [http-nio-8081-exec-2] INFO  o.g.l.s.JwtAuthenticationFilter - doFilterInternal: Authentication successful for user 'admin'.
2025-03-17 15:33:28 [http-nio-8081-exec-2] DEBUG o.s.security.web.FilterChainProxy - Secured GET /api/auth/users/list
2025-03-17 15:33:28 [http-nio-8081-exec-2] DEBUG o.s.web.servlet.DispatcherServlet - GET "/api/auth/users/list", parameters={}
2025-03-17 15:33:28 [http-nio-8081-exec-2] DEBUG o.s.w.s.m.m.a.RequestMappingHandlerMapping - Mapped to org.guidewire.login.controller.UserController#getAllUsers()
2025-03-17 15:33:28 [http-nio-8081-exec-2] DEBUG o.s.o.j.s.OpenEntityManagerInViewInterceptor - Opening JPA EntityManager in OpenEntityManagerInViewInterceptor
2025-03-17 15:33:28 [http-nio-8081-exec-2] INFO  o.g.login.services.UserService - getAllUsers: Fetching all users from the database.
2025-03-17 15:33:28 [http-nio-8081-exec-2] DEBUG o.s.orm.jpa.JpaTransactionManager - Found thread-bound EntityManager [SessionImpl(900032187<open>)] for JPA transaction
2025-03-17 15:33:28 [http-nio-8081-exec-2] DEBUG o.s.orm.jpa.JpaTransactionManager - Creating new transaction with name [org.springframework.data.jpa.repository.support.SimpleJpaRepository.findAll]: PROPAGATION_REQUIRED,ISOLATION_DEFAULT,readOnly
2025-03-17 15:33:28 [http-nio-8081-exec-2] DEBUG o.s.jdbc.datasource.DataSourceUtils - Setting JDBC Connection [HikariProxyConnection@1588913226 wrapping org.postgresql.jdbc.PgConnection@65695ed5] read-only
2025-03-17 15:33:28 [http-nio-8081-exec-2] DEBUG o.s.orm.jpa.JpaTransactionManager - Exposing JPA transaction as JDBC [org.springframework.orm.jpa.vendor.HibernateJpaDialect$HibernateConnectionHandle@6cdae568]
2025-03-17 15:33:28 [http-nio-8081-exec-2] DEBUG org.hibernate.SQL - select u1_0.id,u1_0.created_at,u1_0.email,u1_0.password,u1_0.updated_at,u1_0.username from users u1_0
2025-03-17 15:33:28 [http-nio-8081-exec-2] DEBUG org.hibernate.SQL - select r1_0.user_id,r1_1.id,r1_1.created_at,r1_1.name,p1_0.role_id,p1_1.id,p1_1.created_at,p1_1.description,p1_1.name,p1_1.updated_at,r1_1.updated_at from user_roles r1_0 join roles r1_1 on r1_1.id=r1_0.role_id left join role_permissions p1_0 on r1_1.id=p1_0.role_id left join permissions p1_1 on p1_1.id=p1_0.permission_id where r1_0.user_id=?
2025-03-17 15:33:28 [http-nio-8081-exec-2] DEBUG org.hibernate.SQL - select r1_0.user_id,r1_1.id,r1_1.created_at,r1_1.name,p1_0.role_id,p1_1.id,p1_1.created_at,p1_1.description,p1_1.name,p1_1.updated_at,r1_1.updated_at from user_roles r1_0 join roles r1_1 on r1_1.id=r1_0.role_id left join role_permissions p1_0 on r1_1.id=p1_0.role_id left join permissions p1_1 on p1_1.id=p1_0.permission_id where r1_0.user_id=?
2025-03-17 15:33:28 [http-nio-8081-exec-2] DEBUG org.hibernate.SQL - select r1_0.user_id,r1_1.id,r1_1.created_at,r1_1.name,p1_0.role_id,p1_1.id,p1_1.created_at,p1_1.description,p1_1.name,p1_1.updated_at,r1_1.updated_at from user_roles r1_0 join roles r1_1 on r1_1.id=r1_0.role_id left join role_permissions p1_0 on r1_1.id=p1_0.role_id left join permissions p1_1 on p1_1.id=p1_0.permission_id where r1_0.user_id=?
2025-03-17 15:33:28 [http-nio-8081-exec-2] DEBUG org.hibernate.SQL - select r1_0.user_id,r1_1.id,r1_1.created_at,r1_1.name,p1_0.role_id,p1_1.id,p1_1.created_at,p1_1.description,p1_1.name,p1_1.updated_at,r1_1.updated_at from user_roles r1_0 join roles r1_1 on r1_1.id=r1_0.role_id left join role_permissions p1_0 on r1_1.id=p1_0.role_id left join permissions p1_1 on p1_1.id=p1_0.permission_id where r1_0.user_id=?
2025-03-17 15:33:28 [http-nio-8081-exec-2] DEBUG org.hibernate.SQL - select r1_0.user_id,r1_1.id,r1_1.created_at,r1_1.name,p1_0.role_id,p1_1.id,p1_1.created_at,p1_1.description,p1_1.name,p1_1.updated_at,r1_1.updated_at from user_roles r1_0 join roles r1_1 on r1_1.id=r1_0.role_id left join role_permissions p1_0 on r1_1.id=p1_0.role_id left join permissions p1_1 on p1_1.id=p1_0.permission_id where r1_0.user_id=?
2025-03-17 15:33:28 [http-nio-8081-exec-2] DEBUG o.s.orm.jpa.JpaTransactionManager - Initiating transaction commit
2025-03-17 15:33:28 [http-nio-8081-exec-2] DEBUG o.s.orm.jpa.JpaTransactionManager - Committing JPA transaction on EntityManager [SessionImpl(900032187<open>)]
2025-03-17 15:33:28 [http-nio-8081-exec-2] DEBUG o.s.jdbc.datasource.DataSourceUtils - Resetting read-only flag of JDBC Connection [HikariProxyConnection@1588913226 wrapping org.postgresql.jdbc.PgConnection@65695ed5]
2025-03-17 15:33:28 [http-nio-8081-exec-2] DEBUG o.s.orm.jpa.JpaTransactionManager - Not closing pre-bound JPA EntityManager after transaction
2025-03-17 15:33:28 [http-nio-8081-exec-2] INFO  o.g.login.services.UserService - getAllUsers: Retrieved 5 users.
2025-03-17 15:33:28 [http-nio-8081-exec-2] DEBUG o.s.w.s.m.m.a.HttpEntityMethodProcessor - Using 'application/json', given [*/*] and supported [application/json, application/*+json]
2025-03-17 15:33:28 [http-nio-8081-exec-2] DEBUG o.s.w.s.m.m.a.HttpEntityMethodProcessor - Writing [[org.guidewire.login.dto.responses.UserResponse@30abc58, org.guidewire.login.dto.responses.UserRespo (truncated)...]
2025-03-17 15:33:28 [http-nio-8081-exec-2] DEBUG o.s.o.j.s.OpenEntityManagerInViewInterceptor - Closing JPA EntityManager in OpenEntityManagerInViewInterceptor
2025-03-17 15:33:28 [http-nio-8081-exec-2] DEBUG o.s.web.servlet.DispatcherServlet - Completed 200 OK
2025-03-17 15:33:28 [http-nio-8081-exec-3] DEBUG o.s.security.web.FilterChainProxy - Securing GET /api/auth/current/user
2025-03-17 15:33:28 [http-nio-8081-exec-3] INFO  o.g.l.s.JwtAuthenticationFilter - doFilterInternal: Extracted username 'admin' from token.
2025-03-17 15:33:28 [http-nio-8081-exec-3] INFO  o.g.l.s.CustomUserDetailsService - loadUserByUsername: Searching for user: admin
2025-03-17 15:33:28 [http-nio-8081-exec-3] DEBUG o.s.o.j.SharedEntityManagerCreator$SharedEntityManagerInvocationHandler - Creating new EntityManager for shared EntityManager invocation
2025-03-17 15:33:28 [http-nio-8081-exec-3] DEBUG org.hibernate.SQL - select u1_0.id,u1_0.created_at,u1_0.email,u1_0.password,u1_0.updated_at,u1_0.username from users u1_0 where u1_0.username=?
2025-03-17 15:33:29 [http-nio-8081-exec-3] DEBUG org.hibernate.SQL - select r1_0.user_id,r1_1.id,r1_1.created_at,r1_1.name,p1_0.role_id,p1_1.id,p1_1.created_at,p1_1.description,p1_1.name,p1_1.updated_at,r1_1.updated_at from user_roles r1_0 join roles r1_1 on r1_1.id=r1_0.role_id left join role_permissions p1_0 on r1_1.id=p1_0.role_id left join permissions p1_1 on p1_1.id=p1_0.permission_id where r1_0.user_id=?
2025-03-17 15:33:29 [http-nio-8081-exec-3] INFO  o.g.l.s.CustomUserDetailsService - loadUserByUsername: User admin found with roles: [org.guidewire.login.model.Role@4410160a]
2025-03-17 15:33:29 [http-nio-8081-exec-3] INFO  o.g.login.security.CustomUserDetails - Initializing CustomUserDetails for user: admin
2025-03-17 15:33:29 [http-nio-8081-exec-3] DEBUG o.g.login.security.CustomUserDetails - User admin has roles: [ADMIN]
2025-03-17 15:33:29 [http-nio-8081-exec-3] DEBUG o.g.login.security.CustomUserDetails - User admin has permissions: [DELETE_TASK, CREATE_TASK, VIEW_TASK, CLOSE_TASK, ASSIGN_TASK, COMMENT_TASK, EDIT_TASK]
2025-03-17 15:33:29 [http-nio-8081-exec-3] INFO  o.g.login.security.CustomUserDetails - CustomUserDetails initialized successfully for user: admin
2025-03-17 15:33:29 [http-nio-8081-exec-3] INFO  o.guidewire.login.security.JwtUtil - validateToken:JWT validated successfully for user: admin
2025-03-17 15:33:29 [http-nio-8081-exec-3] DEBUG o.g.login.security.CustomUserDetails - Fetching authorities for user: admin
2025-03-17 15:33:29 [http-nio-8081-exec-3] INFO  o.g.l.s.JwtAuthenticationFilter - doFilterInternal: Authentication successful for user 'admin'.
2025-03-17 15:33:29 [http-nio-8081-exec-3] DEBUG o.s.security.web.FilterChainProxy - Secured GET /api/auth/current/user
2025-03-17 15:33:29 [http-nio-8081-exec-3] DEBUG o.s.web.servlet.DispatcherServlet - GET "/api/auth/current/user", parameters={}
2025-03-17 15:33:29 [http-nio-8081-exec-3] DEBUG o.s.w.s.m.m.a.RequestMappingHandlerMapping - Mapped to org.guidewire.login.controller.AuthController#getCurrentUser(Principal)
2025-03-17 15:33:29 [http-nio-8081-exec-3] DEBUG o.s.o.j.s.OpenEntityManagerInViewInterceptor - Opening JPA EntityManager in OpenEntityManagerInViewInterceptor
2025-03-17 15:33:29 [http-nio-8081-exec-3] INFO  o.g.login.controller.AuthController - getCurrentUser: Fetching details for user: admin
2025-03-17 15:33:29 [http-nio-8081-exec-3] DEBUG o.g.login.services.AuthService - getUserDetails:Fetching user details for: admin
2025-03-17 15:33:29 [http-nio-8081-exec-3] DEBUG org.hibernate.SQL - select u1_0.id,u1_0.created_at,u1_0.email,u1_0.password,u1_0.updated_at,u1_0.username from users u1_0 where u1_0.username=?
2025-03-17 15:33:29 [http-nio-8081-exec-3] DEBUG org.hibernate.SQL - select r1_0.user_id,r1_1.id,r1_1.created_at,r1_1.name,p1_0.role_id,p1_1.id,p1_1.created_at,p1_1.description,p1_1.name,p1_1.updated_at,r1_1.updated_at from user_roles r1_0 join roles r1_1 on r1_1.id=r1_0.role_id left join role_permissions p1_0 on r1_1.id=p1_0.role_id left join permissions p1_1 on p1_1.id=p1_0.permission_id where r1_0.user_id=?
2025-03-17 15:33:29 [http-nio-8081-exec-3] INFO  o.g.login.controller.AuthController - getCurrentUser: Returning user details for admin
2025-03-17 15:33:29 [http-nio-8081-exec-3] DEBUG o.s.w.s.m.m.a.HttpEntityMethodProcessor - Using 'application/json', given [*/*] and supported [application/json, application/*+json]
2025-03-17 15:33:29 [http-nio-8081-exec-3] DEBUG o.s.w.s.m.m.a.HttpEntityMethodProcessor - Writing [org.guidewire.login.dto.responses.UserResponse@576c2787]
2025-03-17 15:33:29 [http-nio-8081-exec-3] DEBUG o.s.o.j.s.OpenEntityManagerInViewInterceptor - Closing JPA EntityManager in OpenEntityManagerInViewInterceptor
2025-03-17 15:33:29 [http-nio-8081-exec-3] DEBUG o.s.web.servlet.DispatcherServlet - Completed 200 OK
2025-03-17 15:33:30 [http-nio-8081-exec-4] DEBUG o.s.security.web.FilterChainProxy - Securing GET /api/auth/users/list
2025-03-17 15:33:30 [http-nio-8081-exec-4] INFO  o.g.l.s.JwtAuthenticationFilter - doFilterInternal: Extracted username 'admin' from token.
2025-03-17 15:33:30 [http-nio-8081-exec-4] INFO  o.g.l.s.CustomUserDetailsService - loadUserByUsername: Searching for user: admin
2025-03-17 15:33:30 [http-nio-8081-exec-4] DEBUG o.s.o.j.SharedEntityManagerCreator$SharedEntityManagerInvocationHandler - Creating new EntityManager for shared EntityManager invocation
2025-03-17 15:33:30 [http-nio-8081-exec-4] DEBUG org.hibernate.SQL - select u1_0.id,u1_0.created_at,u1_0.email,u1_0.password,u1_0.updated_at,u1_0.username from users u1_0 where u1_0.username=?
2025-03-17 15:33:30 [http-nio-8081-exec-4] DEBUG org.hibernate.SQL - select r1_0.user_id,r1_1.id,r1_1.created_at,r1_1.name,p1_0.role_id,p1_1.id,p1_1.created_at,p1_1.description,p1_1.name,p1_1.updated_at,r1_1.updated_at from user_roles r1_0 join roles r1_1 on r1_1.id=r1_0.role_id left join role_permissions p1_0 on r1_1.id=p1_0.role_id left join permissions p1_1 on p1_1.id=p1_0.permission_id where r1_0.user_id=?
2025-03-17 15:33:30 [http-nio-8081-exec-4] INFO  o.g.l.s.CustomUserDetailsService - loadUserByUsername: User admin found with roles: [org.guidewire.login.model.Role@76fe210e]
2025-03-17 15:33:30 [http-nio-8081-exec-4] INFO  o.g.login.security.CustomUserDetails - Initializing CustomUserDetails for user: admin
2025-03-17 15:33:30 [http-nio-8081-exec-4] DEBUG o.g.login.security.CustomUserDetails - User admin has roles: [ADMIN]
2025-03-17 15:33:30 [http-nio-8081-exec-4] DEBUG o.g.login.security.CustomUserDetails - User admin has permissions: [DELETE_TASK, CREATE_TASK, VIEW_TASK, CLOSE_TASK, ASSIGN_TASK, COMMENT_TASK, EDIT_TASK]
2025-03-17 15:33:30 [http-nio-8081-exec-4] INFO  o.g.login.security.CustomUserDetails - CustomUserDetails initialized successfully for user: admin
2025-03-17 15:33:30 [http-nio-8081-exec-4] INFO  o.guidewire.login.security.JwtUtil - validateToken:JWT validated successfully for user: admin
2025-03-17 15:33:30 [http-nio-8081-exec-4] DEBUG o.g.login.security.CustomUserDetails - Fetching authorities for user: admin
2025-03-17 15:33:30 [http-nio-8081-exec-4] INFO  o.g.l.s.JwtAuthenticationFilter - doFilterInternal: Authentication successful for user 'admin'.
2025-03-17 15:33:30 [http-nio-8081-exec-4] DEBUG o.s.security.web.FilterChainProxy - Secured GET /api/auth/users/list
2025-03-17 15:33:30 [http-nio-8081-exec-4] DEBUG o.s.web.servlet.DispatcherServlet - GET "/api/auth/users/list", parameters={}
2025-03-17 15:33:30 [http-nio-8081-exec-4] DEBUG o.s.w.s.m.m.a.RequestMappingHandlerMapping - Mapped to org.guidewire.login.controller.UserController#getAllUsers()
2025-03-17 15:33:30 [http-nio-8081-exec-4] DEBUG o.s.o.j.s.OpenEntityManagerInViewInterceptor - Opening JPA EntityManager in OpenEntityManagerInViewInterceptor
2025-03-17 15:33:30 [http-nio-8081-exec-4] INFO  o.g.login.services.UserService - getAllUsers: Fetching all users from the database.
2025-03-17 15:33:30 [http-nio-8081-exec-4] DEBUG o.s.orm.jpa.JpaTransactionManager - Found thread-bound EntityManager [SessionImpl(386815438<open>)] for JPA transaction
2025-03-17 15:33:30 [http-nio-8081-exec-4] DEBUG o.s.orm.jpa.JpaTransactionManager - Creating new transaction with name [org.springframework.data.jpa.repository.support.SimpleJpaRepository.findAll]: PROPAGATION_REQUIRED,ISOLATION_DEFAULT,readOnly
2025-03-17 15:33:30 [http-nio-8081-exec-4] DEBUG o.s.jdbc.datasource.DataSourceUtils - Setting JDBC Connection [HikariProxyConnection@693535036 wrapping org.postgresql.jdbc.PgConnection@65695ed5] read-only
2025-03-17 15:33:30 [http-nio-8081-exec-4] DEBUG o.s.orm.jpa.JpaTransactionManager - Exposing JPA transaction as JDBC [org.springframework.orm.jpa.vendor.HibernateJpaDialect$HibernateConnectionHandle@1f5c8744]
2025-03-17 15:33:30 [http-nio-8081-exec-4] DEBUG org.hibernate.SQL - select u1_0.id,u1_0.created_at,u1_0.email,u1_0.password,u1_0.updated_at,u1_0.username from users u1_0
2025-03-17 15:33:30 [http-nio-8081-exec-4] DEBUG org.hibernate.SQL - select r1_0.user_id,r1_1.id,r1_1.created_at,r1_1.name,p1_0.role_id,p1_1.id,p1_1.created_at,p1_1.description,p1_1.name,p1_1.updated_at,r1_1.updated_at from user_roles r1_0 join roles r1_1 on r1_1.id=r1_0.role_id left join role_permissions p1_0 on r1_1.id=p1_0.role_id left join permissions p1_1 on p1_1.id=p1_0.permission_id where r1_0.user_id=?
2025-03-17 15:33:30 [http-nio-8081-exec-4] DEBUG org.hibernate.SQL - select r1_0.user_id,r1_1.id,r1_1.created_at,r1_1.name,p1_0.role_id,p1_1.id,p1_1.created_at,p1_1.description,p1_1.name,p1_1.updated_at,r1_1.updated_at from user_roles r1_0 join roles r1_1 on r1_1.id=r1_0.role_id left join role_permissions p1_0 on r1_1.id=p1_0.role_id left join permissions p1_1 on p1_1.id=p1_0.permission_id where r1_0.user_id=?
2025-03-17 15:33:30 [http-nio-8081-exec-4] DEBUG org.hibernate.SQL - select r1_0.user_id,r1_1.id,r1_1.created_at,r1_1.name,p1_0.role_id,p1_1.id,p1_1.created_at,p1_1.description,p1_1.name,p1_1.updated_at,r1_1.updated_at from user_roles r1_0 join roles r1_1 on r1_1.id=r1_0.role_id left join role_permissions p1_0 on r1_1.id=p1_0.role_id left join permissions p1_1 on p1_1.id=p1_0.permission_id where r1_0.user_id=?
2025-03-17 15:33:30 [http-nio-8081-exec-4] DEBUG org.hibernate.SQL - select r1_0.user_id,r1_1.id,r1_1.created_at,r1_1.name,p1_0.role_id,p1_1.id,p1_1.created_at,p1_1.description,p1_1.name,p1_1.updated_at,r1_1.updated_at from user_roles r1_0 join roles r1_1 on r1_1.id=r1_0.role_id left join role_permissions p1_0 on r1_1.id=p1_0.role_id left join permissions p1_1 on p1_1.id=p1_0.permission_id where r1_0.user_id=?
2025-03-17 15:33:30 [http-nio-8081-exec-4] DEBUG org.hibernate.SQL - select r1_0.user_id,r1_1.id,r1_1.created_at,r1_1.name,p1_0.role_id,p1_1.id,p1_1.created_at,p1_1.description,p1_1.name,p1_1.updated_at,r1_1.updated_at from user_roles r1_0 join roles r1_1 on r1_1.id=r1_0.role_id left join role_permissions p1_0 on r1_1.id=p1_0.role_id left join permissions p1_1 on p1_1.id=p1_0.permission_id where r1_0.user_id=?
2025-03-17 15:33:30 [http-nio-8081-exec-4] DEBUG o.s.orm.jpa.JpaTransactionManager - Initiating transaction commit
2025-03-17 15:33:30 [http-nio-8081-exec-4] DEBUG o.s.orm.jpa.JpaTransactionManager - Committing JPA transaction on EntityManager [SessionImpl(386815438<open>)]
2025-03-17 15:33:30 [http-nio-8081-exec-4] DEBUG o.s.jdbc.datasource.DataSourceUtils - Resetting read-only flag of JDBC Connection [HikariProxyConnection@693535036 wrapping org.postgresql.jdbc.PgConnection@65695ed5]
2025-03-17 15:33:30 [http-nio-8081-exec-4] DEBUG o.s.orm.jpa.JpaTransactionManager - Not closing pre-bound JPA EntityManager after transaction
2025-03-17 15:33:30 [http-nio-8081-exec-4] INFO  o.g.login.services.UserService - getAllUsers: Retrieved 5 users.
2025-03-17 15:33:30 [http-nio-8081-exec-4] DEBUG o.s.w.s.m.m.a.HttpEntityMethodProcessor - Using 'application/json', given [*/*] and supported [application/json, application/*+json]
2025-03-17 15:33:30 [http-nio-8081-exec-4] DEBUG o.s.w.s.m.m.a.HttpEntityMethodProcessor - Writing [[org.guidewire.login.dto.responses.UserResponse@3c4da8ac, org.guidewire.login.dto.responses.UserResp (truncated)...]
2025-03-17 15:33:30 [http-nio-8081-exec-4] DEBUG o.s.o.j.s.OpenEntityManagerInViewInterceptor - Closing JPA EntityManager in OpenEntityManagerInViewInterceptor
2025-03-17 15:33:30 [http-nio-8081-exec-4] DEBUG o.s.web.servlet.DispatcherServlet - Completed 200 OK
2025-03-17 15:33:31 [http-nio-8081-exec-5] DEBUG o.s.security.web.FilterChainProxy - Securing GET /api/auth/user/details
2025-03-17 15:33:31 [http-nio-8081-exec-5] DEBUG o.g.l.s.JwtAuthenticationFilter - doFilterInternal: No valid Authorization header found, skipping JWT processing.
2025-03-17 15:33:31 [http-nio-8081-exec-5] DEBUG o.s.s.w.a.AnonymousAuthenticationFilter - Set SecurityContextHolder to anonymous SecurityContext
2025-03-17 15:33:31 [http-nio-8081-exec-5] DEBUG o.s.security.web.FilterChainProxy - Secured GET /api/auth/user/details
2025-03-17 15:33:31 [http-nio-8081-exec-5] DEBUG o.s.web.servlet.DispatcherServlet - GET "/api/auth/user/details", parameters={}
2025-03-17 15:33:31 [http-nio-8081-exec-5] DEBUG o.s.w.s.m.m.a.RequestMappingHandlerMapping - Mapped to org.guidewire.login.controller.AuthController#fetchUserDetails(List)
2025-03-17 15:33:31 [http-nio-8081-exec-5] DEBUG o.s.o.j.s.OpenEntityManagerInViewInterceptor - Opening JPA EntityManager in OpenEntityManagerInViewInterceptor
2025-03-17 15:33:31 [http-nio-8081-exec-5] DEBUG o.s.w.s.m.m.a.RequestResponseBodyMethodProcessor - Read "application/json;charset=UTF-8" to [[3d480867-d12b-4c5f-a725-da17dd7e5590]]
2025-03-17 15:33:31 [http-nio-8081-exec-5] INFO  o.g.login.controller.AuthController - fetchUserDetails: Fetching details for users with IDs: [3d480867-d12b-4c5f-a725-da17dd7e5590]
2025-03-17 15:33:31 [http-nio-8081-exec-5] DEBUG o.s.orm.jpa.JpaTransactionManager - Found thread-bound EntityManager [SessionImpl(1171914017<open>)] for JPA transaction
2025-03-17 15:33:31 [http-nio-8081-exec-5] DEBUG o.s.orm.jpa.JpaTransactionManager - Creating new transaction with name [org.springframework.data.jpa.repository.support.SimpleJpaRepository.findAllById]: PROPAGATION_REQUIRED,ISOLATION_DEFAULT,readOnly
2025-03-17 15:33:31 [http-nio-8081-exec-5] DEBUG o.s.jdbc.datasource.DataSourceUtils - Setting JDBC Connection [HikariProxyConnection@1462534011 wrapping org.postgresql.jdbc.PgConnection@65695ed5] read-only
2025-03-17 15:33:31 [http-nio-8081-exec-5] DEBUG o.s.orm.jpa.JpaTransactionManager - Exposing JPA transaction as JDBC [org.springframework.orm.jpa.vendor.HibernateJpaDialect$HibernateConnectionHandle@3a8c52e5]
2025-03-17 15:33:31 [http-nio-8081-exec-5] DEBUG org.hibernate.SQL - select u1_0.id,u1_0.created_at,u1_0.email,u1_0.password,u1_0.updated_at,u1_0.username from users u1_0 where u1_0.id in (?)
2025-03-17 15:33:31 [http-nio-8081-exec-5] DEBUG org.hibernate.SQL - select r1_0.user_id,r1_1.id,r1_1.created_at,r1_1.name,p1_0.role_id,p1_1.id,p1_1.created_at,p1_1.description,p1_1.name,p1_1.updated_at,r1_1.updated_at from user_roles r1_0 join roles r1_1 on r1_1.id=r1_0.role_id left join role_permissions p1_0 on r1_1.id=p1_0.role_id left join permissions p1_1 on p1_1.id=p1_0.permission_id where r1_0.user_id=?
2025-03-17 15:33:31 [http-nio-8081-exec-5] DEBUG o.s.orm.jpa.JpaTransactionManager - Initiating transaction commit
2025-03-17 15:33:31 [http-nio-8081-exec-5] DEBUG o.s.orm.jpa.JpaTransactionManager - Committing JPA transaction on EntityManager [SessionImpl(1171914017<open>)]
2025-03-17 15:33:31 [http-nio-8081-exec-5] DEBUG o.s.jdbc.datasource.DataSourceUtils - Resetting read-only flag of JDBC Connection [HikariProxyConnection@1462534011 wrapping org.postgresql.jdbc.PgConnection@65695ed5]
2025-03-17 15:33:31 [http-nio-8081-exec-5] DEBUG o.s.orm.jpa.JpaTransactionManager - Not closing pre-bound JPA EntityManager after transaction
2025-03-17 15:33:31 [http-nio-8081-exec-5] INFO  o.g.login.controller.AuthController - fetchUserDetails: Returning user details for users: [org.guidewire.login.dto.responses.UserResponse@2c8fc8e0]
2025-03-17 15:33:31 [http-nio-8081-exec-5] DEBUG o.s.w.s.m.m.a.HttpEntityMethodProcessor - Using 'application/json', given [*/*] and supported [application/json, application/*+json]
2025-03-17 15:33:31 [http-nio-8081-exec-5] DEBUG o.s.w.s.m.m.a.HttpEntityMethodProcessor - Writing [[org.guidewire.login.dto.responses.UserResponse@2c8fc8e0]]
2025-03-17 15:33:31 [http-nio-8081-exec-5] DEBUG o.s.o.j.s.OpenEntityManagerInViewInterceptor - Closing JPA EntityManager in OpenEntityManagerInViewInterceptor
2025-03-17 15:33:31 [http-nio-8081-exec-5] DEBUG o.s.web.servlet.DispatcherServlet - Completed 200 OK
2025-03-17 15:35:20 [http-nio-8081-exec-7] DEBUG o.s.security.web.FilterChainProxy - Securing GET /api/auth/check-admin
2025-03-17 15:35:20 [http-nio-8081-exec-7] INFO  o.g.l.s.JwtAuthenticationFilter - doFilterInternal: Extracted username 'admin' from token.
2025-03-17 15:35:20 [http-nio-8081-exec-7] INFO  o.g.l.s.CustomUserDetailsService - loadUserByUsername: Searching for user: admin
2025-03-17 15:35:20 [http-nio-8081-exec-7] DEBUG o.s.o.j.SharedEntityManagerCreator$SharedEntityManagerInvocationHandler - Creating new EntityManager for shared EntityManager invocation
2025-03-17 15:35:20 [http-nio-8081-exec-7] DEBUG org.hibernate.SQL - select u1_0.id,u1_0.created_at,u1_0.email,u1_0.password,u1_0.updated_at,u1_0.username from users u1_0 where u1_0.username=?
2025-03-17 15:35:20 [http-nio-8081-exec-7] DEBUG org.hibernate.SQL - select r1_0.user_id,r1_1.id,r1_1.created_at,r1_1.name,p1_0.role_id,p1_1.id,p1_1.created_at,p1_1.description,p1_1.name,p1_1.updated_at,r1_1.updated_at from user_roles r1_0 join roles r1_1 on r1_1.id=r1_0.role_id left join role_permissions p1_0 on r1_1.id=p1_0.role_id left join permissions p1_1 on p1_1.id=p1_0.permission_id where r1_0.user_id=?
2025-03-17 15:35:20 [http-nio-8081-exec-7] INFO  o.g.l.s.CustomUserDetailsService - loadUserByUsername: User admin found with roles: [org.guidewire.login.model.Role@4fe55766]
2025-03-17 15:35:20 [http-nio-8081-exec-7] INFO  o.g.login.security.CustomUserDetails - Initializing CustomUserDetails for user: admin
2025-03-17 15:35:20 [http-nio-8081-exec-7] DEBUG o.g.login.security.CustomUserDetails - User admin has roles: [ADMIN]
2025-03-17 15:35:20 [http-nio-8081-exec-7] DEBUG o.g.login.security.CustomUserDetails - User admin has permissions: [DELETE_TASK, CREATE_TASK, CLOSE_TASK, VIEW_TASK, COMMENT_TASK, ASSIGN_TASK, EDIT_TASK]
2025-03-17 15:35:20 [http-nio-8081-exec-7] INFO  o.g.login.security.CustomUserDetails - CustomUserDetails initialized successfully for user: admin
2025-03-17 15:35:20 [http-nio-8081-exec-7] INFO  o.guidewire.login.security.JwtUtil - validateToken:JWT validated successfully for user: admin
2025-03-17 15:35:20 [http-nio-8081-exec-7] DEBUG o.g.login.security.CustomUserDetails - Fetching authorities for user: admin
2025-03-17 15:35:20 [http-nio-8081-exec-7] INFO  o.g.l.s.JwtAuthenticationFilter - doFilterInternal: Authentication successful for user 'admin'.
2025-03-17 15:35:20 [http-nio-8081-exec-7] DEBUG o.s.security.web.FilterChainProxy - Secured GET /api/auth/check-admin
2025-03-17 15:35:20 [http-nio-8081-exec-7] DEBUG o.s.web.servlet.DispatcherServlet - GET "/api/auth/check-admin", parameters={}
2025-03-17 15:35:20 [http-nio-8081-exec-7] DEBUG o.s.w.s.m.m.a.RequestMappingHandlerMapping - Mapped to org.guidewire.login.controller.AuthController#checkIfAdmin(UserDetails)
2025-03-17 15:35:20 [http-nio-8081-exec-7] DEBUG o.s.o.j.s.OpenEntityManagerInViewInterceptor - Opening JPA EntityManager in OpenEntityManagerInViewInterceptor
2025-03-17 15:35:20 [http-nio-8081-exec-7] DEBUG o.g.login.security.CustomUserDetails - Fetching authorities for user: admin
2025-03-17 15:35:20 [http-nio-8081-exec-7] DEBUG o.s.w.s.m.m.a.HttpEntityMethodProcessor - Using 'application/json', given [*/*] and supported [application/json, application/*+json]
2025-03-17 15:35:20 [http-nio-8081-exec-7] DEBUG o.s.w.s.m.m.a.HttpEntityMethodProcessor - Writing [org.guidewire.login.dto.responses.UserRoleResponse@1ead8d14]
2025-03-17 15:35:20 [http-nio-8081-exec-7] DEBUG o.s.o.j.s.OpenEntityManagerInViewInterceptor - Closing JPA EntityManager in OpenEntityManagerInViewInterceptor
2025-03-17 15:35:20 [http-nio-8081-exec-7] DEBUG o.s.web.servlet.DispatcherServlet - Completed 200 OK
2025-03-17 15:35:20 [http-nio-8081-exec-8] DEBUG o.s.security.web.FilterChainProxy - Securing GET /api/auth/users/list
2025-03-17 15:35:20 [http-nio-8081-exec-8] INFO  o.g.l.s.JwtAuthenticationFilter - doFilterInternal: Extracted username 'admin' from token.
2025-03-17 15:35:20 [http-nio-8081-exec-8] INFO  o.g.l.s.CustomUserDetailsService - loadUserByUsername: Searching for user: admin
2025-03-17 15:35:20 [http-nio-8081-exec-8] DEBUG o.s.o.j.SharedEntityManagerCreator$SharedEntityManagerInvocationHandler - Creating new EntityManager for shared EntityManager invocation
2025-03-17 15:35:20 [http-nio-8081-exec-8] DEBUG org.hibernate.SQL - select u1_0.id,u1_0.created_at,u1_0.email,u1_0.password,u1_0.updated_at,u1_0.username from users u1_0 where u1_0.username=?
2025-03-17 15:35:20 [http-nio-8081-exec-8] DEBUG org.hibernate.SQL - select r1_0.user_id,r1_1.id,r1_1.created_at,r1_1.name,p1_0.role_id,p1_1.id,p1_1.created_at,p1_1.description,p1_1.name,p1_1.updated_at,r1_1.updated_at from user_roles r1_0 join roles r1_1 on r1_1.id=r1_0.role_id left join role_permissions p1_0 on r1_1.id=p1_0.role_id left join permissions p1_1 on p1_1.id=p1_0.permission_id where r1_0.user_id=?
2025-03-17 15:35:20 [http-nio-8081-exec-8] INFO  o.g.l.s.CustomUserDetailsService - loadUserByUsername: User admin found with roles: [org.guidewire.login.model.Role@74f5844]
2025-03-17 15:35:20 [http-nio-8081-exec-8] INFO  o.g.login.security.CustomUserDetails - Initializing CustomUserDetails for user: admin
2025-03-17 15:35:20 [http-nio-8081-exec-8] DEBUG o.g.login.security.CustomUserDetails - User admin has roles: [ADMIN]
2025-03-17 15:35:20 [http-nio-8081-exec-8] DEBUG o.g.login.security.CustomUserDetails - User admin has permissions: [DELETE_TASK, CREATE_TASK, VIEW_TASK, CLOSE_TASK, COMMENT_TASK, ASSIGN_TASK, EDIT_TASK]
2025-03-17 15:35:20 [http-nio-8081-exec-8] INFO  o.g.login.security.CustomUserDetails - CustomUserDetails initialized successfully for user: admin
2025-03-17 15:35:20 [http-nio-8081-exec-8] INFO  o.guidewire.login.security.JwtUtil - validateToken:JWT validated successfully for user: admin
2025-03-17 15:35:20 [http-nio-8081-exec-8] DEBUG o.g.login.security.CustomUserDetails - Fetching authorities for user: admin
2025-03-17 15:35:20 [http-nio-8081-exec-8] INFO  o.g.l.s.JwtAuthenticationFilter - doFilterInternal: Authentication successful for user 'admin'.
2025-03-17 15:35:20 [http-nio-8081-exec-8] DEBUG o.s.security.web.FilterChainProxy - Secured GET /api/auth/users/list
2025-03-17 15:35:20 [http-nio-8081-exec-8] DEBUG o.s.web.servlet.DispatcherServlet - GET "/api/auth/users/list", parameters={}
2025-03-17 15:35:20 [http-nio-8081-exec-8] DEBUG o.s.w.s.m.m.a.RequestMappingHandlerMapping - Mapped to org.guidewire.login.controller.UserController#getAllUsers()
2025-03-17 15:35:20 [http-nio-8081-exec-8] DEBUG o.s.o.j.s.OpenEntityManagerInViewInterceptor - Opening JPA EntityManager in OpenEntityManagerInViewInterceptor
2025-03-17 15:35:20 [http-nio-8081-exec-8] INFO  o.g.login.services.UserService - getAllUsers: Fetching all users from the database.
2025-03-17 15:35:20 [http-nio-8081-exec-8] DEBUG o.s.orm.jpa.JpaTransactionManager - Found thread-bound EntityManager [SessionImpl(521937285<open>)] for JPA transaction
2025-03-17 15:35:20 [http-nio-8081-exec-8] DEBUG o.s.orm.jpa.JpaTransactionManager - Creating new transaction with name [org.springframework.data.jpa.repository.support.SimpleJpaRepository.findAll]: PROPAGATION_REQUIRED,ISOLATION_DEFAULT,readOnly
2025-03-17 15:35:20 [http-nio-8081-exec-8] DEBUG o.s.jdbc.datasource.DataSourceUtils - Setting JDBC Connection [HikariProxyConnection@466406651 wrapping org.postgresql.jdbc.PgConnection@cb184f2] read-only
2025-03-17 15:35:20 [http-nio-8081-exec-8] DEBUG o.s.orm.jpa.JpaTransactionManager - Exposing JPA transaction as JDBC [org.springframework.orm.jpa.vendor.HibernateJpaDialect$HibernateConnectionHandle@1aaddf33]
2025-03-17 15:35:20 [http-nio-8081-exec-8] DEBUG org.hibernate.SQL - select u1_0.id,u1_0.created_at,u1_0.email,u1_0.password,u1_0.updated_at,u1_0.username from users u1_0
2025-03-17 15:35:20 [http-nio-8081-exec-8] DEBUG org.hibernate.SQL - select r1_0.user_id,r1_1.id,r1_1.created_at,r1_1.name,p1_0.role_id,p1_1.id,p1_1.created_at,p1_1.description,p1_1.name,p1_1.updated_at,r1_1.updated_at from user_roles r1_0 join roles r1_1 on r1_1.id=r1_0.role_id left join role_permissions p1_0 on r1_1.id=p1_0.role_id left join permissions p1_1 on p1_1.id=p1_0.permission_id where r1_0.user_id=?
2025-03-17 15:35:20 [http-nio-8081-exec-8] DEBUG org.hibernate.SQL - select r1_0.user_id,r1_1.id,r1_1.created_at,r1_1.name,p1_0.role_id,p1_1.id,p1_1.created_at,p1_1.description,p1_1.name,p1_1.updated_at,r1_1.updated_at from user_roles r1_0 join roles r1_1 on r1_1.id=r1_0.role_id left join role_permissions p1_0 on r1_1.id=p1_0.role_id left join permissions p1_1 on p1_1.id=p1_0.permission_id where r1_0.user_id=?
2025-03-17 15:35:20 [http-nio-8081-exec-8] DEBUG org.hibernate.SQL - select r1_0.user_id,r1_1.id,r1_1.created_at,r1_1.name,p1_0.role_id,p1_1.id,p1_1.created_at,p1_1.description,p1_1.name,p1_1.updated_at,r1_1.updated_at from user_roles r1_0 join roles r1_1 on r1_1.id=r1_0.role_id left join role_permissions p1_0 on r1_1.id=p1_0.role_id left join permissions p1_1 on p1_1.id=p1_0.permission_id where r1_0.user_id=?
2025-03-17 15:35:20 [http-nio-8081-exec-8] DEBUG org.hibernate.SQL - select r1_0.user_id,r1_1.id,r1_1.created_at,r1_1.name,p1_0.role_id,p1_1.id,p1_1.created_at,p1_1.description,p1_1.name,p1_1.updated_at,r1_1.updated_at from user_roles r1_0 join roles r1_1 on r1_1.id=r1_0.role_id left join role_permissions p1_0 on r1_1.id=p1_0.role_id left join permissions p1_1 on p1_1.id=p1_0.permission_id where r1_0.user_id=?
2025-03-17 15:35:20 [http-nio-8081-exec-8] DEBUG org.hibernate.SQL - select r1_0.user_id,r1_1.id,r1_1.created_at,r1_1.name,p1_0.role_id,p1_1.id,p1_1.created_at,p1_1.description,p1_1.name,p1_1.updated_at,r1_1.updated_at from user_roles r1_0 join roles r1_1 on r1_1.id=r1_0.role_id left join role_permissions p1_0 on r1_1.id=p1_0.role_id left join permissions p1_1 on p1_1.id=p1_0.permission_id where r1_0.user_id=?
2025-03-17 15:35:20 [http-nio-8081-exec-8] DEBUG o.s.orm.jpa.JpaTransactionManager - Initiating transaction commit
2025-03-17 15:35:20 [http-nio-8081-exec-8] DEBUG o.s.orm.jpa.JpaTransactionManager - Committing JPA transaction on EntityManager [SessionImpl(521937285<open>)]
2025-03-17 15:35:20 [http-nio-8081-exec-8] DEBUG o.s.jdbc.datasource.DataSourceUtils - Resetting read-only flag of JDBC Connection [HikariProxyConnection@466406651 wrapping org.postgresql.jdbc.PgConnection@cb184f2]
2025-03-17 15:35:20 [http-nio-8081-exec-8] DEBUG o.s.orm.jpa.JpaTransactionManager - Not closing pre-bound JPA EntityManager after transaction
2025-03-17 15:35:20 [http-nio-8081-exec-8] INFO  o.g.login.services.UserService - getAllUsers: Retrieved 5 users.
2025-03-17 15:35:20 [http-nio-8081-exec-8] DEBUG o.s.w.s.m.m.a.HttpEntityMethodProcessor - Using 'application/json', given [*/*] and supported [application/json, application/*+json]
2025-03-17 15:35:20 [http-nio-8081-exec-8] DEBUG o.s.w.s.m.m.a.HttpEntityMethodProcessor - Writing [[org.guidewire.login.dto.responses.UserResponse@4c0eaec8, org.guidewire.login.dto.responses.UserResp (truncated)...]
2025-03-17 15:35:20 [http-nio-8081-exec-8] DEBUG o.s.o.j.s.OpenEntityManagerInViewInterceptor - Closing JPA EntityManager in OpenEntityManagerInViewInterceptor
2025-03-17 15:35:20 [http-nio-8081-exec-8] DEBUG o.s.web.servlet.DispatcherServlet - Completed 200 OK
2025-03-17 15:35:20 [http-nio-8081-exec-9] DEBUG o.s.security.web.FilterChainProxy - Securing GET /api/auth/current/user
2025-03-17 15:35:20 [http-nio-8081-exec-9] INFO  o.g.l.s.JwtAuthenticationFilter - doFilterInternal: Extracted username 'admin' from token.
2025-03-17 15:35:20 [http-nio-8081-exec-9] INFO  o.g.l.s.CustomUserDetailsService - loadUserByUsername: Searching for user: admin
2025-03-17 15:35:20 [http-nio-8081-exec-9] DEBUG o.s.o.j.SharedEntityManagerCreator$SharedEntityManagerInvocationHandler - Creating new EntityManager for shared EntityManager invocation
2025-03-17 15:35:20 [http-nio-8081-exec-9] DEBUG org.hibernate.SQL - select u1_0.id,u1_0.created_at,u1_0.email,u1_0.password,u1_0.updated_at,u1_0.username from users u1_0 where u1_0.username=?
2025-03-17 15:35:20 [http-nio-8081-exec-9] DEBUG org.hibernate.SQL - select r1_0.user_id,r1_1.id,r1_1.created_at,r1_1.name,p1_0.role_id,p1_1.id,p1_1.created_at,p1_1.description,p1_1.name,p1_1.updated_at,r1_1.updated_at from user_roles r1_0 join roles r1_1 on r1_1.id=r1_0.role_id left join role_permissions p1_0 on r1_1.id=p1_0.role_id left join permissions p1_1 on p1_1.id=p1_0.permission_id where r1_0.user_id=?
2025-03-17 15:35:20 [http-nio-8081-exec-9] INFO  o.g.l.s.CustomUserDetailsService - loadUserByUsername: User admin found with roles: [org.guidewire.login.model.Role@6c6bee35]
2025-03-17 15:35:20 [http-nio-8081-exec-9] INFO  o.g.login.security.CustomUserDetails - Initializing CustomUserDetails for user: admin
2025-03-17 15:35:20 [http-nio-8081-exec-9] DEBUG o.g.login.security.CustomUserDetails - User admin has roles: [ADMIN]
2025-03-17 15:35:20 [http-nio-8081-exec-9] DEBUG o.g.login.security.CustomUserDetails - User admin has permissions: [DELETE_TASK, CREATE_TASK, VIEW_TASK, CLOSE_TASK, COMMENT_TASK, ASSIGN_TASK, EDIT_TASK]
2025-03-17 15:35:20 [http-nio-8081-exec-9] INFO  o.g.login.security.CustomUserDetails - CustomUserDetails initialized successfully for user: admin
2025-03-17 15:35:20 [http-nio-8081-exec-9] INFO  o.guidewire.login.security.JwtUtil - validateToken:JWT validated successfully for user: admin
2025-03-17 15:35:20 [http-nio-8081-exec-9] DEBUG o.g.login.security.CustomUserDetails - Fetching authorities for user: admin
2025-03-17 15:35:20 [http-nio-8081-exec-9] INFO  o.g.l.s.JwtAuthenticationFilter - doFilterInternal: Authentication successful for user 'admin'.
2025-03-17 15:35:20 [http-nio-8081-exec-9] DEBUG o.s.security.web.FilterChainProxy - Secured GET /api/auth/current/user
2025-03-17 15:35:20 [http-nio-8081-exec-9] DEBUG o.s.web.servlet.DispatcherServlet - GET "/api/auth/current/user", parameters={}
2025-03-17 15:35:20 [http-nio-8081-exec-9] DEBUG o.s.w.s.m.m.a.RequestMappingHandlerMapping - Mapped to org.guidewire.login.controller.AuthController#getCurrentUser(Principal)
2025-03-17 15:35:20 [http-nio-8081-exec-9] DEBUG o.s.o.j.s.OpenEntityManagerInViewInterceptor - Opening JPA EntityManager in OpenEntityManagerInViewInterceptor
2025-03-17 15:35:20 [http-nio-8081-exec-9] INFO  o.g.login.controller.AuthController - getCurrentUser: Fetching details for user: admin
2025-03-17 15:35:20 [http-nio-8081-exec-9] DEBUG o.g.login.services.AuthService - getUserDetails:Fetching user details for: admin
2025-03-17 15:35:20 [http-nio-8081-exec-9] DEBUG org.hibernate.SQL - select u1_0.id,u1_0.created_at,u1_0.email,u1_0.password,u1_0.updated_at,u1_0.username from users u1_0 where u1_0.username=?
2025-03-17 15:35:20 [http-nio-8081-exec-9] DEBUG org.hibernate.SQL - select r1_0.user_id,r1_1.id,r1_1.created_at,r1_1.name,p1_0.role_id,p1_1.id,p1_1.created_at,p1_1.description,p1_1.name,p1_1.updated_at,r1_1.updated_at from user_roles r1_0 join roles r1_1 on r1_1.id=r1_0.role_id left join role_permissions p1_0 on r1_1.id=p1_0.role_id left join permissions p1_1 on p1_1.id=p1_0.permission_id where r1_0.user_id=?
2025-03-17 15:35:20 [http-nio-8081-exec-9] INFO  o.g.login.controller.AuthController - getCurrentUser: Returning user details for admin
2025-03-17 15:35:20 [http-nio-8081-exec-9] DEBUG o.s.w.s.m.m.a.HttpEntityMethodProcessor - Using 'application/json', given [*/*] and supported [application/json, application/*+json]
2025-03-17 15:35:20 [http-nio-8081-exec-9] DEBUG o.s.w.s.m.m.a.HttpEntityMethodProcessor - Writing [org.guidewire.login.dto.responses.UserResponse@362ea67]
2025-03-17 15:35:20 [http-nio-8081-exec-9] DEBUG o.s.o.j.s.OpenEntityManagerInViewInterceptor - Closing JPA EntityManager in OpenEntityManagerInViewInterceptor
2025-03-17 15:35:20 [http-nio-8081-exec-9] DEBUG o.s.web.servlet.DispatcherServlet - Completed 200 OK
2025-03-17 15:35:22 [http-nio-8081-exec-10] DEBUG o.s.security.web.FilterChainProxy - Securing GET /api/auth/users/list
2025-03-17 15:35:22 [http-nio-8081-exec-10] INFO  o.g.l.s.JwtAuthenticationFilter - doFilterInternal: Extracted username 'admin' from token.
2025-03-17 15:35:22 [http-nio-8081-exec-10] INFO  o.g.l.s.CustomUserDetailsService - loadUserByUsername: Searching for user: admin
2025-03-17 15:35:22 [http-nio-8081-exec-10] DEBUG o.s.o.j.SharedEntityManagerCreator$SharedEntityManagerInvocationHandler - Creating new EntityManager for shared EntityManager invocation
2025-03-17 15:35:22 [http-nio-8081-exec-10] DEBUG org.hibernate.SQL - select u1_0.id,u1_0.created_at,u1_0.email,u1_0.password,u1_0.updated_at,u1_0.username from users u1_0 where u1_0.username=?
2025-03-17 15:35:22 [http-nio-8081-exec-10] DEBUG org.hibernate.SQL - select r1_0.user_id,r1_1.id,r1_1.created_at,r1_1.name,p1_0.role_id,p1_1.id,p1_1.created_at,p1_1.description,p1_1.name,p1_1.updated_at,r1_1.updated_at from user_roles r1_0 join roles r1_1 on r1_1.id=r1_0.role_id left join role_permissions p1_0 on r1_1.id=p1_0.role_id left join permissions p1_1 on p1_1.id=p1_0.permission_id where r1_0.user_id=?
2025-03-17 15:35:22 [http-nio-8081-exec-10] INFO  o.g.l.s.CustomUserDetailsService - loadUserByUsername: User admin found with roles: [org.guidewire.login.model.Role@25d23dcc]
2025-03-17 15:35:22 [http-nio-8081-exec-10] INFO  o.g.login.security.CustomUserDetails - Initializing CustomUserDetails for user: admin
2025-03-17 15:35:22 [http-nio-8081-exec-10] DEBUG o.g.login.security.CustomUserDetails - User admin has roles: [ADMIN]
2025-03-17 15:35:22 [http-nio-8081-exec-10] DEBUG o.g.login.security.CustomUserDetails - User admin has permissions: [DELETE_TASK, CREATE_TASK, VIEW_TASK, CLOSE_TASK, ASSIGN_TASK, COMMENT_TASK, EDIT_TASK]
2025-03-17 15:35:22 [http-nio-8081-exec-10] INFO  o.g.login.security.CustomUserDetails - CustomUserDetails initialized successfully for user: admin
2025-03-17 15:35:22 [http-nio-8081-exec-10] INFO  o.guidewire.login.security.JwtUtil - validateToken:JWT validated successfully for user: admin
2025-03-17 15:35:22 [http-nio-8081-exec-10] DEBUG o.g.login.security.CustomUserDetails - Fetching authorities for user: admin
2025-03-17 15:35:22 [http-nio-8081-exec-10] INFO  o.g.l.s.JwtAuthenticationFilter - doFilterInternal: Authentication successful for user 'admin'.
2025-03-17 15:35:22 [http-nio-8081-exec-10] DEBUG o.s.security.web.FilterChainProxy - Secured GET /api/auth/users/list
2025-03-17 15:35:22 [http-nio-8081-exec-10] DEBUG o.s.web.servlet.DispatcherServlet - GET "/api/auth/users/list", parameters={}
2025-03-17 15:35:22 [http-nio-8081-exec-10] DEBUG o.s.w.s.m.m.a.RequestMappingHandlerMapping - Mapped to org.guidewire.login.controller.UserController#getAllUsers()
2025-03-17 15:35:22 [http-nio-8081-exec-10] DEBUG o.s.o.j.s.OpenEntityManagerInViewInterceptor - Opening JPA EntityManager in OpenEntityManagerInViewInterceptor
2025-03-17 15:35:22 [http-nio-8081-exec-10] INFO  o.g.login.services.UserService - getAllUsers: Fetching all users from the database.
2025-03-17 15:35:22 [http-nio-8081-exec-10] DEBUG o.s.orm.jpa.JpaTransactionManager - Found thread-bound EntityManager [SessionImpl(365317624<open>)] for JPA transaction
2025-03-17 15:35:22 [http-nio-8081-exec-10] DEBUG o.s.orm.jpa.JpaTransactionManager - Creating new transaction with name [org.springframework.data.jpa.repository.support.SimpleJpaRepository.findAll]: PROPAGATION_REQUIRED,ISOLATION_DEFAULT,readOnly
2025-03-17 15:35:22 [http-nio-8081-exec-10] DEBUG o.s.jdbc.datasource.DataSourceUtils - Setting JDBC Connection [HikariProxyConnection@1427630908 wrapping org.postgresql.jdbc.PgConnection@cb184f2] read-only
2025-03-17 15:35:22 [http-nio-8081-exec-10] DEBUG o.s.orm.jpa.JpaTransactionManager - Exposing JPA transaction as JDBC [org.springframework.orm.jpa.vendor.HibernateJpaDialect$HibernateConnectionHandle@6e1ec304]
2025-03-17 15:35:22 [http-nio-8081-exec-10] DEBUG org.hibernate.SQL - select u1_0.id,u1_0.created_at,u1_0.email,u1_0.password,u1_0.updated_at,u1_0.username from users u1_0
2025-03-17 15:35:22 [http-nio-8081-exec-10] DEBUG org.hibernate.SQL - select r1_0.user_id,r1_1.id,r1_1.created_at,r1_1.name,p1_0.role_id,p1_1.id,p1_1.created_at,p1_1.description,p1_1.name,p1_1.updated_at,r1_1.updated_at from user_roles r1_0 join roles r1_1 on r1_1.id=r1_0.role_id left join role_permissions p1_0 on r1_1.id=p1_0.role_id left join permissions p1_1 on p1_1.id=p1_0.permission_id where r1_0.user_id=?
2025-03-17 15:35:22 [http-nio-8081-exec-10] DEBUG org.hibernate.SQL - select r1_0.user_id,r1_1.id,r1_1.created_at,r1_1.name,p1_0.role_id,p1_1.id,p1_1.created_at,p1_1.description,p1_1.name,p1_1.updated_at,r1_1.updated_at from user_roles r1_0 join roles r1_1 on r1_1.id=r1_0.role_id left join role_permissions p1_0 on r1_1.id=p1_0.role_id left join permissions p1_1 on p1_1.id=p1_0.permission_id where r1_0.user_id=?
2025-03-17 15:35:22 [http-nio-8081-exec-10] DEBUG org.hibernate.SQL - select r1_0.user_id,r1_1.id,r1_1.created_at,r1_1.name,p1_0.role_id,p1_1.id,p1_1.created_at,p1_1.description,p1_1.name,p1_1.updated_at,r1_1.updated_at from user_roles r1_0 join roles r1_1 on r1_1.id=r1_0.role_id left join role_permissions p1_0 on r1_1.id=p1_0.role_id left join permissions p1_1 on p1_1.id=p1_0.permission_id where r1_0.user_id=?
2025-03-17 15:35:22 [http-nio-8081-exec-10] DEBUG org.hibernate.SQL - select r1_0.user_id,r1_1.id,r1_1.created_at,r1_1.name,p1_0.role_id,p1_1.id,p1_1.created_at,p1_1.description,p1_1.name,p1_1.updated_at,r1_1.updated_at from user_roles r1_0 join roles r1_1 on r1_1.id=r1_0.role_id left join role_permissions p1_0 on r1_1.id=p1_0.role_id left join permissions p1_1 on p1_1.id=p1_0.permission_id where r1_0.user_id=?
2025-03-17 15:35:22 [http-nio-8081-exec-10] DEBUG org.hibernate.SQL - select r1_0.user_id,r1_1.id,r1_1.created_at,r1_1.name,p1_0.role_id,p1_1.id,p1_1.created_at,p1_1.description,p1_1.name,p1_1.updated_at,r1_1.updated_at from user_roles r1_0 join roles r1_1 on r1_1.id=r1_0.role_id left join role_permissions p1_0 on r1_1.id=p1_0.role_id left join permissions p1_1 on p1_1.id=p1_0.permission_id where r1_0.user_id=?
2025-03-17 15:35:22 [http-nio-8081-exec-10] DEBUG o.s.orm.jpa.JpaTransactionManager - Initiating transaction commit
2025-03-17 15:35:22 [http-nio-8081-exec-10] DEBUG o.s.orm.jpa.JpaTransactionManager - Committing JPA transaction on EntityManager [SessionImpl(365317624<open>)]
2025-03-17 15:35:22 [http-nio-8081-exec-10] DEBUG o.s.jdbc.datasource.DataSourceUtils - Resetting read-only flag of JDBC Connection [HikariProxyConnection@1427630908 wrapping org.postgresql.jdbc.PgConnection@cb184f2]
2025-03-17 15:35:22 [http-nio-8081-exec-10] DEBUG o.s.orm.jpa.JpaTransactionManager - Not closing pre-bound JPA EntityManager after transaction
2025-03-17 15:35:22 [http-nio-8081-exec-10] INFO  o.g.login.services.UserService - getAllUsers: Retrieved 5 users.
2025-03-17 15:35:22 [http-nio-8081-exec-10] DEBUG o.s.w.s.m.m.a.HttpEntityMethodProcessor - Using 'application/json', given [*/*] and supported [application/json, application/*+json]
2025-03-17 15:35:22 [http-nio-8081-exec-10] DEBUG o.s.w.s.m.m.a.HttpEntityMethodProcessor - Writing [[org.guidewire.login.dto.responses.UserResponse@ed893d7, org.guidewire.login.dto.responses.UserRespo (truncated)...]
2025-03-17 15:35:22 [http-nio-8081-exec-10] DEBUG o.s.o.j.s.OpenEntityManagerInViewInterceptor - Closing JPA EntityManager in OpenEntityManagerInViewInterceptor
2025-03-17 15:35:22 [http-nio-8081-exec-10] DEBUG o.s.web.servlet.DispatcherServlet - Completed 200 OK
2025-03-17 15:35:23 [http-nio-8081-exec-1] DEBUG o.s.security.web.FilterChainProxy - Securing GET /api/auth/user/details
2025-03-17 15:35:23 [http-nio-8081-exec-1] DEBUG o.g.l.s.JwtAuthenticationFilter - doFilterInternal: No valid Authorization header found, skipping JWT processing.
2025-03-17 15:35:23 [http-nio-8081-exec-1] DEBUG o.s.s.w.a.AnonymousAuthenticationFilter - Set SecurityContextHolder to anonymous SecurityContext
2025-03-17 15:35:23 [http-nio-8081-exec-1] DEBUG o.s.security.web.FilterChainProxy - Secured GET /api/auth/user/details
2025-03-17 15:35:23 [http-nio-8081-exec-1] DEBUG o.s.web.servlet.DispatcherServlet - GET "/api/auth/user/details", parameters={}
2025-03-17 15:35:23 [http-nio-8081-exec-1] DEBUG o.s.w.s.m.m.a.RequestMappingHandlerMapping - Mapped to org.guidewire.login.controller.AuthController#fetchUserDetails(List)
2025-03-17 15:35:23 [http-nio-8081-exec-1] DEBUG o.s.o.j.s.OpenEntityManagerInViewInterceptor - Opening JPA EntityManager in OpenEntityManagerInViewInterceptor
2025-03-17 15:35:23 [http-nio-8081-exec-1] DEBUG o.s.w.s.m.m.a.RequestResponseBodyMethodProcessor - Read "application/json;charset=UTF-8" to [[3d480867-d12b-4c5f-a725-da17dd7e5590]]
2025-03-17 15:35:23 [http-nio-8081-exec-1] INFO  o.g.login.controller.AuthController - fetchUserDetails: Fetching details for users with IDs: [3d480867-d12b-4c5f-a725-da17dd7e5590]
2025-03-17 15:35:23 [http-nio-8081-exec-1] DEBUG o.s.orm.jpa.JpaTransactionManager - Found thread-bound EntityManager [SessionImpl(642271864<open>)] for JPA transaction
2025-03-17 15:35:23 [http-nio-8081-exec-1] DEBUG o.s.orm.jpa.JpaTransactionManager - Creating new transaction with name [org.springframework.data.jpa.repository.support.SimpleJpaRepository.findAllById]: PROPAGATION_REQUIRED,ISOLATION_DEFAULT,readOnly
2025-03-17 15:35:23 [http-nio-8081-exec-1] DEBUG o.s.jdbc.datasource.DataSourceUtils - Setting JDBC Connection [HikariProxyConnection@1890863541 wrapping org.postgresql.jdbc.PgConnection@cb184f2] read-only
2025-03-17 15:35:23 [http-nio-8081-exec-1] DEBUG o.s.orm.jpa.JpaTransactionManager - Exposing JPA transaction as JDBC [org.springframework.orm.jpa.vendor.HibernateJpaDialect$HibernateConnectionHandle@2f95d4cc]
2025-03-17 15:35:23 [http-nio-8081-exec-1] DEBUG org.hibernate.SQL - select u1_0.id,u1_0.created_at,u1_0.email,u1_0.password,u1_0.updated_at,u1_0.username from users u1_0 where u1_0.id in (?)
2025-03-17 15:35:23 [http-nio-8081-exec-1] DEBUG org.hibernate.SQL - select r1_0.user_id,r1_1.id,r1_1.created_at,r1_1.name,p1_0.role_id,p1_1.id,p1_1.created_at,p1_1.description,p1_1.name,p1_1.updated_at,r1_1.updated_at from user_roles r1_0 join roles r1_1 on r1_1.id=r1_0.role_id left join role_permissions p1_0 on r1_1.id=p1_0.role_id left join permissions p1_1 on p1_1.id=p1_0.permission_id where r1_0.user_id=?
2025-03-17 15:35:23 [http-nio-8081-exec-1] DEBUG o.s.orm.jpa.JpaTransactionManager - Initiating transaction commit
2025-03-17 15:35:23 [http-nio-8081-exec-1] DEBUG o.s.orm.jpa.JpaTransactionManager - Committing JPA transaction on EntityManager [SessionImpl(642271864<open>)]
2025-03-17 15:35:23 [http-nio-8081-exec-1] DEBUG o.s.jdbc.datasource.DataSourceUtils - Resetting read-only flag of JDBC Connection [HikariProxyConnection@1890863541 wrapping org.postgresql.jdbc.PgConnection@cb184f2]
2025-03-17 15:35:23 [http-nio-8081-exec-1] DEBUG o.s.orm.jpa.JpaTransactionManager - Not closing pre-bound JPA EntityManager after transaction
2025-03-17 15:35:23 [http-nio-8081-exec-1] INFO  o.g.login.controller.AuthController - fetchUserDetails: Returning user details for users: [org.guidewire.login.dto.responses.UserResponse@cf56f57]
2025-03-17 15:35:23 [http-nio-8081-exec-1] DEBUG o.s.w.s.m.m.a.HttpEntityMethodProcessor - Using 'application/json', given [*/*] and supported [application/json, application/*+json]
2025-03-17 15:35:23 [http-nio-8081-exec-1] DEBUG o.s.w.s.m.m.a.HttpEntityMethodProcessor - Writing [[org.guidewire.login.dto.responses.UserResponse@cf56f57]]
2025-03-17 15:35:23 [http-nio-8081-exec-1] DEBUG o.s.o.j.s.OpenEntityManagerInViewInterceptor - Closing JPA EntityManager in OpenEntityManagerInViewInterceptor
2025-03-17 15:35:23 [http-nio-8081-exec-1] DEBUG o.s.web.servlet.DispatcherServlet - Completed 200 OK
2025-03-17 15:38:43 [http-nio-8081-exec-3] DEBUG o.s.security.web.FilterChainProxy - Securing GET /api/auth/check-admin
2025-03-17 15:38:43 [http-nio-8081-exec-3] INFO  o.g.l.s.JwtAuthenticationFilter - doFilterInternal: Extracted username 'admin' from token.
2025-03-17 15:38:43 [http-nio-8081-exec-3] INFO  o.g.l.s.CustomUserDetailsService - loadUserByUsername: Searching for user: admin
2025-03-17 15:38:43 [http-nio-8081-exec-3] DEBUG o.s.o.j.SharedEntityManagerCreator$SharedEntityManagerInvocationHandler - Creating new EntityManager for shared EntityManager invocation
2025-03-17 15:38:43 [http-nio-8081-exec-3] DEBUG org.hibernate.SQL - select u1_0.id,u1_0.created_at,u1_0.email,u1_0.password,u1_0.updated_at,u1_0.username from users u1_0 where u1_0.username=?
2025-03-17 15:38:43 [http-nio-8081-exec-3] DEBUG org.hibernate.SQL - select r1_0.user_id,r1_1.id,r1_1.created_at,r1_1.name,p1_0.role_id,p1_1.id,p1_1.created_at,p1_1.description,p1_1.name,p1_1.updated_at,r1_1.updated_at from user_roles r1_0 join roles r1_1 on r1_1.id=r1_0.role_id left join role_permissions p1_0 on r1_1.id=p1_0.role_id left join permissions p1_1 on p1_1.id=p1_0.permission_id where r1_0.user_id=?
2025-03-17 15:38:43 [http-nio-8081-exec-3] INFO  o.g.l.s.CustomUserDetailsService - loadUserByUsername: User admin found with roles: [org.guidewire.login.model.Role@1616670a]
2025-03-17 15:38:43 [http-nio-8081-exec-3] INFO  o.g.login.security.CustomUserDetails - Initializing CustomUserDetails for user: admin
2025-03-17 15:38:43 [http-nio-8081-exec-3] DEBUG o.g.login.security.CustomUserDetails - User admin has roles: [ADMIN]
2025-03-17 15:38:43 [http-nio-8081-exec-3] DEBUG o.g.login.security.CustomUserDetails - User admin has permissions: [DELETE_TASK, CREATE_TASK, CLOSE_TASK, VIEW_TASK, ASSIGN_TASK, COMMENT_TASK, EDIT_TASK]
2025-03-17 15:38:43 [http-nio-8081-exec-3] INFO  o.g.login.security.CustomUserDetails - CustomUserDetails initialized successfully for user: admin
2025-03-17 15:38:43 [http-nio-8081-exec-3] INFO  o.guidewire.login.security.JwtUtil - validateToken:JWT validated successfully for user: admin
2025-03-17 15:38:43 [http-nio-8081-exec-3] DEBUG o.g.login.security.CustomUserDetails - Fetching authorities for user: admin
2025-03-17 15:38:43 [http-nio-8081-exec-3] INFO  o.g.l.s.JwtAuthenticationFilter - doFilterInternal: Authentication successful for user 'admin'.
2025-03-17 15:38:43 [http-nio-8081-exec-3] DEBUG o.s.security.web.FilterChainProxy - Secured GET /api/auth/check-admin
2025-03-17 15:38:43 [http-nio-8081-exec-3] DEBUG o.s.web.servlet.DispatcherServlet - GET "/api/auth/check-admin", parameters={}
2025-03-17 15:38:43 [http-nio-8081-exec-3] DEBUG o.s.w.s.m.m.a.RequestMappingHandlerMapping - Mapped to org.guidewire.login.controller.AuthController#checkIfAdmin(UserDetails)
2025-03-17 15:38:43 [http-nio-8081-exec-3] DEBUG o.s.o.j.s.OpenEntityManagerInViewInterceptor - Opening JPA EntityManager in OpenEntityManagerInViewInterceptor
2025-03-17 15:38:43 [http-nio-8081-exec-3] DEBUG o.g.login.security.CustomUserDetails - Fetching authorities for user: admin
2025-03-17 15:38:43 [http-nio-8081-exec-3] DEBUG o.s.w.s.m.m.a.HttpEntityMethodProcessor - Using 'application/json', given [*/*] and supported [application/json, application/*+json]
2025-03-17 15:38:43 [http-nio-8081-exec-3] DEBUG o.s.w.s.m.m.a.HttpEntityMethodProcessor - Writing [org.guidewire.login.dto.responses.UserRoleResponse@c8b6214]
2025-03-17 15:38:43 [http-nio-8081-exec-3] DEBUG o.s.o.j.s.OpenEntityManagerInViewInterceptor - Closing JPA EntityManager in OpenEntityManagerInViewInterceptor
2025-03-17 15:38:43 [http-nio-8081-exec-3] DEBUG o.s.web.servlet.DispatcherServlet - Completed 200 OK
2025-03-17 15:38:43 [http-nio-8081-exec-4] DEBUG o.s.security.web.FilterChainProxy - Securing GET /api/auth/users/list
2025-03-17 15:38:43 [http-nio-8081-exec-4] INFO  o.g.l.s.JwtAuthenticationFilter - doFilterInternal: Extracted username 'admin' from token.
2025-03-17 15:38:43 [http-nio-8081-exec-4] INFO  o.g.l.s.CustomUserDetailsService - loadUserByUsername: Searching for user: admin
2025-03-17 15:38:43 [http-nio-8081-exec-4] DEBUG o.s.o.j.SharedEntityManagerCreator$SharedEntityManagerInvocationHandler - Creating new EntityManager for shared EntityManager invocation
2025-03-17 15:38:43 [http-nio-8081-exec-4] DEBUG org.hibernate.SQL - select u1_0.id,u1_0.created_at,u1_0.email,u1_0.password,u1_0.updated_at,u1_0.username from users u1_0 where u1_0.username=?
2025-03-17 15:38:44 [http-nio-8081-exec-4] DEBUG org.hibernate.SQL - select r1_0.user_id,r1_1.id,r1_1.created_at,r1_1.name,p1_0.role_id,p1_1.id,p1_1.created_at,p1_1.description,p1_1.name,p1_1.updated_at,r1_1.updated_at from user_roles r1_0 join roles r1_1 on r1_1.id=r1_0.role_id left join role_permissions p1_0 on r1_1.id=p1_0.role_id left join permissions p1_1 on p1_1.id=p1_0.permission_id where r1_0.user_id=?
2025-03-17 15:38:44 [http-nio-8081-exec-4] INFO  o.g.l.s.CustomUserDetailsService - loadUserByUsername: User admin found with roles: [org.guidewire.login.model.Role@1683f14d]
2025-03-17 15:38:44 [http-nio-8081-exec-4] INFO  o.g.login.security.CustomUserDetails - Initializing CustomUserDetails for user: admin
2025-03-17 15:38:44 [http-nio-8081-exec-4] DEBUG o.g.login.security.CustomUserDetails - User admin has roles: [ADMIN]
2025-03-17 15:38:44 [http-nio-8081-exec-4] DEBUG o.g.login.security.CustomUserDetails - User admin has permissions: [DELETE_TASK, CREATE_TASK, CLOSE_TASK, VIEW_TASK, COMMENT_TASK, ASSIGN_TASK, EDIT_TASK]
2025-03-17 15:38:44 [http-nio-8081-exec-4] INFO  o.g.login.security.CustomUserDetails - CustomUserDetails initialized successfully for user: admin
2025-03-17 15:38:44 [http-nio-8081-exec-4] INFO  o.guidewire.login.security.JwtUtil - validateToken:JWT validated successfully for user: admin
2025-03-17 15:38:44 [http-nio-8081-exec-4] DEBUG o.g.login.security.CustomUserDetails - Fetching authorities for user: admin
2025-03-17 15:38:44 [http-nio-8081-exec-4] INFO  o.g.l.s.JwtAuthenticationFilter - doFilterInternal: Authentication successful for user 'admin'.
2025-03-17 15:38:44 [http-nio-8081-exec-4] DEBUG o.s.security.web.FilterChainProxy - Secured GET /api/auth/users/list
2025-03-17 15:38:44 [http-nio-8081-exec-4] DEBUG o.s.web.servlet.DispatcherServlet - GET "/api/auth/users/list", parameters={}
2025-03-17 15:38:44 [http-nio-8081-exec-4] DEBUG o.s.w.s.m.m.a.RequestMappingHandlerMapping - Mapped to org.guidewire.login.controller.UserController#getAllUsers()
2025-03-17 15:38:44 [http-nio-8081-exec-4] DEBUG o.s.o.j.s.OpenEntityManagerInViewInterceptor - Opening JPA EntityManager in OpenEntityManagerInViewInterceptor
2025-03-17 15:38:44 [http-nio-8081-exec-4] INFO  o.g.login.services.UserService - getAllUsers: Fetching all users from the database.
2025-03-17 15:38:44 [http-nio-8081-exec-4] DEBUG o.s.orm.jpa.JpaTransactionManager - Found thread-bound EntityManager [SessionImpl(1769992034<open>)] for JPA transaction
2025-03-17 15:38:44 [http-nio-8081-exec-4] DEBUG o.s.orm.jpa.JpaTransactionManager - Creating new transaction with name [org.springframework.data.jpa.repository.support.SimpleJpaRepository.findAll]: PROPAGATION_REQUIRED,ISOLATION_DEFAULT,readOnly
2025-03-17 15:38:44 [http-nio-8081-exec-4] DEBUG o.s.jdbc.datasource.DataSourceUtils - Setting JDBC Connection [HikariProxyConnection@1727461752 wrapping org.postgresql.jdbc.PgConnection@5f6e781f] read-only
2025-03-17 15:38:44 [http-nio-8081-exec-4] DEBUG o.s.orm.jpa.JpaTransactionManager - Exposing JPA transaction as JDBC [org.springframework.orm.jpa.vendor.HibernateJpaDialect$HibernateConnectionHandle@3fcc5682]
2025-03-17 15:38:44 [http-nio-8081-exec-4] DEBUG org.hibernate.SQL - select u1_0.id,u1_0.created_at,u1_0.email,u1_0.password,u1_0.updated_at,u1_0.username from users u1_0
2025-03-17 15:38:44 [http-nio-8081-exec-4] DEBUG org.hibernate.SQL - select r1_0.user_id,r1_1.id,r1_1.created_at,r1_1.name,p1_0.role_id,p1_1.id,p1_1.created_at,p1_1.description,p1_1.name,p1_1.updated_at,r1_1.updated_at from user_roles r1_0 join roles r1_1 on r1_1.id=r1_0.role_id left join role_permissions p1_0 on r1_1.id=p1_0.role_id left join permissions p1_1 on p1_1.id=p1_0.permission_id where r1_0.user_id=?
2025-03-17 15:38:44 [http-nio-8081-exec-4] DEBUG org.hibernate.SQL - select r1_0.user_id,r1_1.id,r1_1.created_at,r1_1.name,p1_0.role_id,p1_1.id,p1_1.created_at,p1_1.description,p1_1.name,p1_1.updated_at,r1_1.updated_at from user_roles r1_0 join roles r1_1 on r1_1.id=r1_0.role_id left join role_permissions p1_0 on r1_1.id=p1_0.role_id left join permissions p1_1 on p1_1.id=p1_0.permission_id where r1_0.user_id=?
2025-03-17 15:38:44 [http-nio-8081-exec-4] DEBUG org.hibernate.SQL - select r1_0.user_id,r1_1.id,r1_1.created_at,r1_1.name,p1_0.role_id,p1_1.id,p1_1.created_at,p1_1.description,p1_1.name,p1_1.updated_at,r1_1.updated_at from user_roles r1_0 join roles r1_1 on r1_1.id=r1_0.role_id left join role_permissions p1_0 on r1_1.id=p1_0.role_id left join permissions p1_1 on p1_1.id=p1_0.permission_id where r1_0.user_id=?
2025-03-17 15:38:44 [http-nio-8081-exec-4] DEBUG org.hibernate.SQL - select r1_0.user_id,r1_1.id,r1_1.created_at,r1_1.name,p1_0.role_id,p1_1.id,p1_1.created_at,p1_1.description,p1_1.name,p1_1.updated_at,r1_1.updated_at from user_roles r1_0 join roles r1_1 on r1_1.id=r1_0.role_id left join role_permissions p1_0 on r1_1.id=p1_0.role_id left join permissions p1_1 on p1_1.id=p1_0.permission_id where r1_0.user_id=?
2025-03-17 15:38:44 [http-nio-8081-exec-4] DEBUG org.hibernate.SQL - select r1_0.user_id,r1_1.id,r1_1.created_at,r1_1.name,p1_0.role_id,p1_1.id,p1_1.created_at,p1_1.description,p1_1.name,p1_1.updated_at,r1_1.updated_at from user_roles r1_0 join roles r1_1 on r1_1.id=r1_0.role_id left join role_permissions p1_0 on r1_1.id=p1_0.role_id left join permissions p1_1 on p1_1.id=p1_0.permission_id where r1_0.user_id=?
2025-03-17 15:38:44 [http-nio-8081-exec-4] DEBUG o.s.orm.jpa.JpaTransactionManager - Initiating transaction commit
2025-03-17 15:38:44 [http-nio-8081-exec-4] DEBUG o.s.orm.jpa.JpaTransactionManager - Committing JPA transaction on EntityManager [SessionImpl(1769992034<open>)]
2025-03-17 15:38:44 [http-nio-8081-exec-4] DEBUG o.s.jdbc.datasource.DataSourceUtils - Resetting read-only flag of JDBC Connection [HikariProxyConnection@1727461752 wrapping org.postgresql.jdbc.PgConnection@5f6e781f]
2025-03-17 15:38:44 [http-nio-8081-exec-4] DEBUG o.s.orm.jpa.JpaTransactionManager - Not closing pre-bound JPA EntityManager after transaction
2025-03-17 15:38:44 [http-nio-8081-exec-4] INFO  o.g.login.services.UserService - getAllUsers: Retrieved 5 users.
2025-03-17 15:38:44 [http-nio-8081-exec-4] DEBUG o.s.w.s.m.m.a.HttpEntityMethodProcessor - Using 'application/json', given [*/*] and supported [application/json, application/*+json]
2025-03-17 15:38:44 [http-nio-8081-exec-4] DEBUG o.s.w.s.m.m.a.HttpEntityMethodProcessor - Writing [[org.guidewire.login.dto.responses.UserResponse@384fa970, org.guidewire.login.dto.responses.UserResp (truncated)...]
2025-03-17 15:38:44 [http-nio-8081-exec-4] DEBUG o.s.o.j.s.OpenEntityManagerInViewInterceptor - Closing JPA EntityManager in OpenEntityManagerInViewInterceptor
2025-03-17 15:38:44 [http-nio-8081-exec-4] DEBUG o.s.web.servlet.DispatcherServlet - Completed 200 OK
2025-03-17 15:38:44 [http-nio-8081-exec-5] DEBUG o.s.security.web.FilterChainProxy - Securing GET /api/auth/current/user
2025-03-17 15:38:44 [http-nio-8081-exec-5] INFO  o.g.l.s.JwtAuthenticationFilter - doFilterInternal: Extracted username 'admin' from token.
2025-03-17 15:38:44 [http-nio-8081-exec-5] INFO  o.g.l.s.CustomUserDetailsService - loadUserByUsername: Searching for user: admin
2025-03-17 15:38:44 [http-nio-8081-exec-5] DEBUG o.s.o.j.SharedEntityManagerCreator$SharedEntityManagerInvocationHandler - Creating new EntityManager for shared EntityManager invocation
2025-03-17 15:38:44 [http-nio-8081-exec-5] DEBUG org.hibernate.SQL - select u1_0.id,u1_0.created_at,u1_0.email,u1_0.password,u1_0.updated_at,u1_0.username from users u1_0 where u1_0.username=?
2025-03-17 15:38:44 [http-nio-8081-exec-5] DEBUG org.hibernate.SQL - select r1_0.user_id,r1_1.id,r1_1.created_at,r1_1.name,p1_0.role_id,p1_1.id,p1_1.created_at,p1_1.description,p1_1.name,p1_1.updated_at,r1_1.updated_at from user_roles r1_0 join roles r1_1 on r1_1.id=r1_0.role_id left join role_permissions p1_0 on r1_1.id=p1_0.role_id left join permissions p1_1 on p1_1.id=p1_0.permission_id where r1_0.user_id=?
2025-03-17 15:38:44 [http-nio-8081-exec-5] INFO  o.g.l.s.CustomUserDetailsService - loadUserByUsername: User admin found with roles: [org.guidewire.login.model.Role@34a69afa]
2025-03-17 15:38:44 [http-nio-8081-exec-5] INFO  o.g.login.security.CustomUserDetails - Initializing CustomUserDetails for user: admin
2025-03-17 15:38:44 [http-nio-8081-exec-5] DEBUG o.g.login.security.CustomUserDetails - User admin has roles: [ADMIN]
2025-03-17 15:38:44 [http-nio-8081-exec-5] DEBUG o.g.login.security.CustomUserDetails - User admin has permissions: [DELETE_TASK, CREATE_TASK, CLOSE_TASK, VIEW_TASK, COMMENT_TASK, ASSIGN_TASK, EDIT_TASK]
2025-03-17 15:38:44 [http-nio-8081-exec-5] INFO  o.g.login.security.CustomUserDetails - CustomUserDetails initialized successfully for user: admin
2025-03-17 15:38:44 [http-nio-8081-exec-5] INFO  o.guidewire.login.security.JwtUtil - validateToken:JWT validated successfully for user: admin
2025-03-17 15:38:44 [http-nio-8081-exec-5] DEBUG o.g.login.security.CustomUserDetails - Fetching authorities for user: admin
2025-03-17 15:38:44 [http-nio-8081-exec-5] INFO  o.g.l.s.JwtAuthenticationFilter - doFilterInternal: Authentication successful for user 'admin'.
2025-03-17 15:38:44 [http-nio-8081-exec-5] DEBUG o.s.security.web.FilterChainProxy - Secured GET /api/auth/current/user
2025-03-17 15:38:44 [http-nio-8081-exec-5] DEBUG o.s.web.servlet.DispatcherServlet - GET "/api/auth/current/user", parameters={}
2025-03-17 15:38:44 [http-nio-8081-exec-5] DEBUG o.s.w.s.m.m.a.RequestMappingHandlerMapping - Mapped to org.guidewire.login.controller.AuthController#getCurrentUser(Principal)
2025-03-17 15:38:44 [http-nio-8081-exec-5] DEBUG o.s.o.j.s.OpenEntityManagerInViewInterceptor - Opening JPA EntityManager in OpenEntityManagerInViewInterceptor
2025-03-17 15:38:44 [http-nio-8081-exec-5] INFO  o.g.login.controller.AuthController - getCurrentUser: Fetching details for user: admin
2025-03-17 15:38:44 [http-nio-8081-exec-5] DEBUG o.g.login.services.AuthService - getUserDetails:Fetching user details for: admin
2025-03-17 15:38:44 [http-nio-8081-exec-5] DEBUG org.hibernate.SQL - select u1_0.id,u1_0.created_at,u1_0.email,u1_0.password,u1_0.updated_at,u1_0.username from users u1_0 where u1_0.username=?
2025-03-17 15:38:44 [http-nio-8081-exec-5] DEBUG org.hibernate.SQL - select r1_0.user_id,r1_1.id,r1_1.created_at,r1_1.name,p1_0.role_id,p1_1.id,p1_1.created_at,p1_1.description,p1_1.name,p1_1.updated_at,r1_1.updated_at from user_roles r1_0 join roles r1_1 on r1_1.id=r1_0.role_id left join role_permissions p1_0 on r1_1.id=p1_0.role_id left join permissions p1_1 on p1_1.id=p1_0.permission_id where r1_0.user_id=?
2025-03-17 15:38:44 [http-nio-8081-exec-5] INFO  o.g.login.controller.AuthController - getCurrentUser: Returning user details for admin
2025-03-17 15:38:44 [http-nio-8081-exec-5] DEBUG o.s.w.s.m.m.a.HttpEntityMethodProcessor - Using 'application/json', given [*/*] and supported [application/json, application/*+json]
2025-03-17 15:38:44 [http-nio-8081-exec-5] DEBUG o.s.w.s.m.m.a.HttpEntityMethodProcessor - Writing [org.guidewire.login.dto.responses.UserResponse@328a02f8]
2025-03-17 15:38:44 [http-nio-8081-exec-5] DEBUG o.s.o.j.s.OpenEntityManagerInViewInterceptor - Closing JPA EntityManager in OpenEntityManagerInViewInterceptor
2025-03-17 15:38:44 [http-nio-8081-exec-5] DEBUG o.s.web.servlet.DispatcherServlet - Completed 200 OK
2025-03-17 15:38:46 [http-nio-8081-exec-6] DEBUG o.s.security.web.FilterChainProxy - Securing GET /api/auth/users/list
2025-03-17 15:38:46 [http-nio-8081-exec-6] INFO  o.g.l.s.JwtAuthenticationFilter - doFilterInternal: Extracted username 'admin' from token.
2025-03-17 15:38:46 [http-nio-8081-exec-6] INFO  o.g.l.s.CustomUserDetailsService - loadUserByUsername: Searching for user: admin
2025-03-17 15:38:46 [http-nio-8081-exec-6] DEBUG o.s.o.j.SharedEntityManagerCreator$SharedEntityManagerInvocationHandler - Creating new EntityManager for shared EntityManager invocation
2025-03-17 15:38:46 [http-nio-8081-exec-6] DEBUG org.hibernate.SQL - select u1_0.id,u1_0.created_at,u1_0.email,u1_0.password,u1_0.updated_at,u1_0.username from users u1_0 where u1_0.username=?
2025-03-17 15:38:46 [http-nio-8081-exec-6] DEBUG org.hibernate.SQL - select r1_0.user_id,r1_1.id,r1_1.created_at,r1_1.name,p1_0.role_id,p1_1.id,p1_1.created_at,p1_1.description,p1_1.name,p1_1.updated_at,r1_1.updated_at from user_roles r1_0 join roles r1_1 on r1_1.id=r1_0.role_id left join role_permissions p1_0 on r1_1.id=p1_0.role_id left join permissions p1_1 on p1_1.id=p1_0.permission_id where r1_0.user_id=?
2025-03-17 15:38:46 [http-nio-8081-exec-6] INFO  o.g.l.s.CustomUserDetailsService - loadUserByUsername: User admin found with roles: [org.guidewire.login.model.Role@258d4ab5]
2025-03-17 15:38:46 [http-nio-8081-exec-6] INFO  o.g.login.security.CustomUserDetails - Initializing CustomUserDetails for user: admin
2025-03-17 15:38:46 [http-nio-8081-exec-6] DEBUG o.g.login.security.CustomUserDetails - User admin has roles: [ADMIN]
2025-03-17 15:38:46 [http-nio-8081-exec-6] DEBUG o.g.login.security.CustomUserDetails - User admin has permissions: [DELETE_TASK, CREATE_TASK, CLOSE_TASK, VIEW_TASK, ASSIGN_TASK, COMMENT_TASK, EDIT_TASK]
2025-03-17 15:38:46 [http-nio-8081-exec-6] INFO  o.g.login.security.CustomUserDetails - CustomUserDetails initialized successfully for user: admin
2025-03-17 15:38:46 [http-nio-8081-exec-6] INFO  o.guidewire.login.security.JwtUtil - validateToken:JWT validated successfully for user: admin
2025-03-17 15:38:46 [http-nio-8081-exec-6] DEBUG o.g.login.security.CustomUserDetails - Fetching authorities for user: admin
2025-03-17 15:38:46 [http-nio-8081-exec-6] INFO  o.g.l.s.JwtAuthenticationFilter - doFilterInternal: Authentication successful for user 'admin'.
2025-03-17 15:38:46 [http-nio-8081-exec-6] DEBUG o.s.security.web.FilterChainProxy - Secured GET /api/auth/users/list
2025-03-17 15:38:46 [http-nio-8081-exec-6] DEBUG o.s.web.servlet.DispatcherServlet - GET "/api/auth/users/list", parameters={}
2025-03-17 15:38:46 [http-nio-8081-exec-6] DEBUG o.s.w.s.m.m.a.RequestMappingHandlerMapping - Mapped to org.guidewire.login.controller.UserController#getAllUsers()
2025-03-17 15:38:46 [http-nio-8081-exec-6] DEBUG o.s.o.j.s.OpenEntityManagerInViewInterceptor - Opening JPA EntityManager in OpenEntityManagerInViewInterceptor
2025-03-17 15:38:46 [http-nio-8081-exec-6] INFO  o.g.login.services.UserService - getAllUsers: Fetching all users from the database.
2025-03-17 15:38:46 [http-nio-8081-exec-6] DEBUG o.s.orm.jpa.JpaTransactionManager - Found thread-bound EntityManager [SessionImpl(765037088<open>)] for JPA transaction
2025-03-17 15:38:46 [http-nio-8081-exec-6] DEBUG o.s.orm.jpa.JpaTransactionManager - Creating new transaction with name [org.springframework.data.jpa.repository.support.SimpleJpaRepository.findAll]: PROPAGATION_REQUIRED,ISOLATION_DEFAULT,readOnly
2025-03-17 15:38:46 [http-nio-8081-exec-6] DEBUG o.s.jdbc.datasource.DataSourceUtils - Setting JDBC Connection [HikariProxyConnection@195688209 wrapping org.postgresql.jdbc.PgConnection@5f6e781f] read-only
2025-03-17 15:38:46 [http-nio-8081-exec-6] DEBUG o.s.orm.jpa.JpaTransactionManager - Exposing JPA transaction as JDBC [org.springframework.orm.jpa.vendor.HibernateJpaDialect$HibernateConnectionHandle@4a286425]
2025-03-17 15:38:46 [http-nio-8081-exec-6] DEBUG org.hibernate.SQL - select u1_0.id,u1_0.created_at,u1_0.email,u1_0.password,u1_0.updated_at,u1_0.username from users u1_0
2025-03-17 15:38:46 [http-nio-8081-exec-6] DEBUG org.hibernate.SQL - select r1_0.user_id,r1_1.id,r1_1.created_at,r1_1.name,p1_0.role_id,p1_1.id,p1_1.created_at,p1_1.description,p1_1.name,p1_1.updated_at,r1_1.updated_at from user_roles r1_0 join roles r1_1 on r1_1.id=r1_0.role_id left join role_permissions p1_0 on r1_1.id=p1_0.role_id left join permissions p1_1 on p1_1.id=p1_0.permission_id where r1_0.user_id=?
2025-03-17 15:38:46 [http-nio-8081-exec-6] DEBUG org.hibernate.SQL - select r1_0.user_id,r1_1.id,r1_1.created_at,r1_1.name,p1_0.role_id,p1_1.id,p1_1.created_at,p1_1.description,p1_1.name,p1_1.updated_at,r1_1.updated_at from user_roles r1_0 join roles r1_1 on r1_1.id=r1_0.role_id left join role_permissions p1_0 on r1_1.id=p1_0.role_id left join permissions p1_1 on p1_1.id=p1_0.permission_id where r1_0.user_id=?
2025-03-17 15:38:46 [http-nio-8081-exec-6] DEBUG org.hibernate.SQL - select r1_0.user_id,r1_1.id,r1_1.created_at,r1_1.name,p1_0.role_id,p1_1.id,p1_1.created_at,p1_1.description,p1_1.name,p1_1.updated_at,r1_1.updated_at from user_roles r1_0 join roles r1_1 on r1_1.id=r1_0.role_id left join role_permissions p1_0 on r1_1.id=p1_0.role_id left join permissions p1_1 on p1_1.id=p1_0.permission_id where r1_0.user_id=?
2025-03-17 15:38:46 [http-nio-8081-exec-6] DEBUG org.hibernate.SQL - select r1_0.user_id,r1_1.id,r1_1.created_at,r1_1.name,p1_0.role_id,p1_1.id,p1_1.created_at,p1_1.description,p1_1.name,p1_1.updated_at,r1_1.updated_at from user_roles r1_0 join roles r1_1 on r1_1.id=r1_0.role_id left join role_permissions p1_0 on r1_1.id=p1_0.role_id left join permissions p1_1 on p1_1.id=p1_0.permission_id where r1_0.user_id=?
2025-03-17 15:38:46 [http-nio-8081-exec-6] DEBUG org.hibernate.SQL - select r1_0.user_id,r1_1.id,r1_1.created_at,r1_1.name,p1_0.role_id,p1_1.id,p1_1.created_at,p1_1.description,p1_1.name,p1_1.updated_at,r1_1.updated_at from user_roles r1_0 join roles r1_1 on r1_1.id=r1_0.role_id left join role_permissions p1_0 on r1_1.id=p1_0.role_id left join permissions p1_1 on p1_1.id=p1_0.permission_id where r1_0.user_id=?
2025-03-17 15:38:46 [http-nio-8081-exec-6] DEBUG o.s.orm.jpa.JpaTransactionManager - Initiating transaction commit
2025-03-17 15:38:46 [http-nio-8081-exec-6] DEBUG o.s.orm.jpa.JpaTransactionManager - Committing JPA transaction on EntityManager [SessionImpl(765037088<open>)]
2025-03-17 15:38:46 [http-nio-8081-exec-6] DEBUG o.s.jdbc.datasource.DataSourceUtils - Resetting read-only flag of JDBC Connection [HikariProxyConnection@195688209 wrapping org.postgresql.jdbc.PgConnection@5f6e781f]
2025-03-17 15:38:46 [http-nio-8081-exec-6] DEBUG o.s.orm.jpa.JpaTransactionManager - Not closing pre-bound JPA EntityManager after transaction
2025-03-17 15:38:46 [http-nio-8081-exec-6] INFO  o.g.login.services.UserService - getAllUsers: Retrieved 5 users.
2025-03-17 15:38:46 [http-nio-8081-exec-6] DEBUG o.s.w.s.m.m.a.HttpEntityMethodProcessor - Using 'application/json', given [*/*] and supported [application/json, application/*+json]
2025-03-17 15:38:46 [http-nio-8081-exec-6] DEBUG o.s.w.s.m.m.a.HttpEntityMethodProcessor - Writing [[org.guidewire.login.dto.responses.UserResponse@1530a8ea, org.guidewire.login.dto.responses.UserResp (truncated)...]
2025-03-17 15:38:46 [http-nio-8081-exec-6] DEBUG o.s.o.j.s.OpenEntityManagerInViewInterceptor - Closing JPA EntityManager in OpenEntityManagerInViewInterceptor
2025-03-17 15:38:46 [http-nio-8081-exec-6] DEBUG o.s.web.servlet.DispatcherServlet - Completed 200 OK
2025-03-17 15:38:46 [http-nio-8081-exec-7] DEBUG o.s.security.web.FilterChainProxy - Securing GET /api/auth/user/details
2025-03-17 15:38:46 [http-nio-8081-exec-7] DEBUG o.g.l.s.JwtAuthenticationFilter - doFilterInternal: No valid Authorization header found, skipping JWT processing.
2025-03-17 15:38:46 [http-nio-8081-exec-7] DEBUG o.s.s.w.a.AnonymousAuthenticationFilter - Set SecurityContextHolder to anonymous SecurityContext
2025-03-17 15:38:46 [http-nio-8081-exec-7] DEBUG o.s.security.web.FilterChainProxy - Secured GET /api/auth/user/details
2025-03-17 15:38:46 [http-nio-8081-exec-7] DEBUG o.s.web.servlet.DispatcherServlet - GET "/api/auth/user/details", parameters={}
2025-03-17 15:38:46 [http-nio-8081-exec-7] DEBUG o.s.w.s.m.m.a.RequestMappingHandlerMapping - Mapped to org.guidewire.login.controller.AuthController#fetchUserDetails(List)
2025-03-17 15:38:46 [http-nio-8081-exec-7] DEBUG o.s.o.j.s.OpenEntityManagerInViewInterceptor - Opening JPA EntityManager in OpenEntityManagerInViewInterceptor
2025-03-17 15:38:46 [http-nio-8081-exec-7] DEBUG o.s.w.s.m.m.a.RequestResponseBodyMethodProcessor - Read "application/json;charset=UTF-8" to [[3d480867-d12b-4c5f-a725-da17dd7e5590]]
2025-03-17 15:38:46 [http-nio-8081-exec-7] INFO  o.g.login.controller.AuthController - fetchUserDetails: Fetching details for users with IDs: [3d480867-d12b-4c5f-a725-da17dd7e5590]
2025-03-17 15:38:46 [http-nio-8081-exec-7] DEBUG o.s.orm.jpa.JpaTransactionManager - Found thread-bound EntityManager [SessionImpl(1259952649<open>)] for JPA transaction
2025-03-17 15:38:46 [http-nio-8081-exec-7] DEBUG o.s.orm.jpa.JpaTransactionManager - Creating new transaction with name [org.springframework.data.jpa.repository.support.SimpleJpaRepository.findAllById]: PROPAGATION_REQUIRED,ISOLATION_DEFAULT,readOnly
2025-03-17 15:38:46 [http-nio-8081-exec-7] DEBUG o.s.jdbc.datasource.DataSourceUtils - Setting JDBC Connection [HikariProxyConnection@1492757831 wrapping org.postgresql.jdbc.PgConnection@5f6e781f] read-only
2025-03-17 15:38:46 [http-nio-8081-exec-7] DEBUG o.s.orm.jpa.JpaTransactionManager - Exposing JPA transaction as JDBC [org.springframework.orm.jpa.vendor.HibernateJpaDialect$HibernateConnectionHandle@59c8e8aa]
2025-03-17 15:38:46 [http-nio-8081-exec-7] DEBUG org.hibernate.SQL - select u1_0.id,u1_0.created_at,u1_0.email,u1_0.password,u1_0.updated_at,u1_0.username from users u1_0 where u1_0.id in (?)
2025-03-17 15:38:46 [http-nio-8081-exec-7] DEBUG org.hibernate.SQL - select r1_0.user_id,r1_1.id,r1_1.created_at,r1_1.name,p1_0.role_id,p1_1.id,p1_1.created_at,p1_1.description,p1_1.name,p1_1.updated_at,r1_1.updated_at from user_roles r1_0 join roles r1_1 on r1_1.id=r1_0.role_id left join role_permissions p1_0 on r1_1.id=p1_0.role_id left join permissions p1_1 on p1_1.id=p1_0.permission_id where r1_0.user_id=?
2025-03-17 15:38:46 [http-nio-8081-exec-7] DEBUG o.s.orm.jpa.JpaTransactionManager - Initiating transaction commit
2025-03-17 15:38:46 [http-nio-8081-exec-7] DEBUG o.s.orm.jpa.JpaTransactionManager - Committing JPA transaction on EntityManager [SessionImpl(1259952649<open>)]
2025-03-17 15:38:46 [http-nio-8081-exec-7] DEBUG o.s.jdbc.datasource.DataSourceUtils - Resetting read-only flag of JDBC Connection [HikariProxyConnection@1492757831 wrapping org.postgresql.jdbc.PgConnection@5f6e781f]
2025-03-17 15:38:46 [http-nio-8081-exec-7] DEBUG o.s.orm.jpa.JpaTransactionManager - Not closing pre-bound JPA EntityManager after transaction
2025-03-17 15:38:46 [http-nio-8081-exec-7] INFO  o.g.login.controller.AuthController - fetchUserDetails: Returning user details for users: [org.guidewire.login.dto.responses.UserResponse@3494260a]
2025-03-17 15:38:46 [http-nio-8081-exec-7] DEBUG o.s.w.s.m.m.a.HttpEntityMethodProcessor - Using 'application/json', given [*/*] and supported [application/json, application/*+json]
2025-03-17 15:38:46 [http-nio-8081-exec-7] DEBUG o.s.w.s.m.m.a.HttpEntityMethodProcessor - Writing [[org.guidewire.login.dto.responses.UserResponse@3494260a]]
2025-03-17 15:38:46 [http-nio-8081-exec-7] DEBUG o.s.o.j.s.OpenEntityManagerInViewInterceptor - Closing JPA EntityManager in OpenEntityManagerInViewInterceptor
2025-03-17 15:38:46 [http-nio-8081-exec-7] DEBUG o.s.web.servlet.DispatcherServlet - Completed 200 OK
2025-03-17 15:56:01 [http-nio-8081-exec-9] DEBUG o.s.security.web.FilterChainProxy - Securing GET /api/auth/users/list
2025-03-17 15:56:01 [http-nio-8081-exec-9] INFO  o.g.l.s.JwtAuthenticationFilter - doFilterInternal: Extracted username 'admin' from token.
2025-03-17 15:56:01 [http-nio-8081-exec-9] INFO  o.g.l.s.CustomUserDetailsService - loadUserByUsername: Searching for user: admin
2025-03-17 15:56:01 [http-nio-8081-exec-9] DEBUG o.s.o.j.SharedEntityManagerCreator$SharedEntityManagerInvocationHandler - Creating new EntityManager for shared EntityManager invocation
2025-03-17 15:56:01 [http-nio-8081-exec-9] DEBUG org.hibernate.SQL - select u1_0.id,u1_0.created_at,u1_0.email,u1_0.password,u1_0.updated_at,u1_0.username from users u1_0 where u1_0.username=?
2025-03-17 15:56:01 [http-nio-8081-exec-9] DEBUG org.hibernate.SQL - select r1_0.user_id,r1_1.id,r1_1.created_at,r1_1.name,p1_0.role_id,p1_1.id,p1_1.created_at,p1_1.description,p1_1.name,p1_1.updated_at,r1_1.updated_at from user_roles r1_0 join roles r1_1 on r1_1.id=r1_0.role_id left join role_permissions p1_0 on r1_1.id=p1_0.role_id left join permissions p1_1 on p1_1.id=p1_0.permission_id where r1_0.user_id=?
2025-03-17 15:56:01 [http-nio-8081-exec-9] INFO  o.g.l.s.CustomUserDetailsService - loadUserByUsername: User admin found with roles: [org.guidewire.login.model.Role@5d8fa64f]
2025-03-17 15:56:01 [http-nio-8081-exec-9] INFO  o.g.login.security.CustomUserDetails - Initializing CustomUserDetails for user: admin
2025-03-17 15:56:01 [http-nio-8081-exec-9] DEBUG o.g.login.security.CustomUserDetails - User admin has roles: [ADMIN]
2025-03-17 15:56:01 [http-nio-8081-exec-9] DEBUG o.g.login.security.CustomUserDetails - User admin has permissions: [DELETE_TASK, CREATE_TASK, CLOSE_TASK, VIEW_TASK, ASSIGN_TASK, COMMENT_TASK, EDIT_TASK]
2025-03-17 15:56:01 [http-nio-8081-exec-9] INFO  o.g.login.security.CustomUserDetails - CustomUserDetails initialized successfully for user: admin
2025-03-17 15:56:01 [http-nio-8081-exec-9] INFO  o.guidewire.login.security.JwtUtil - validateToken:JWT validated successfully for user: admin
2025-03-17 15:56:01 [http-nio-8081-exec-9] DEBUG o.g.login.security.CustomUserDetails - Fetching authorities for user: admin
2025-03-17 15:56:01 [http-nio-8081-exec-9] INFO  o.g.l.s.JwtAuthenticationFilter - doFilterInternal: Authentication successful for user 'admin'.
2025-03-17 15:56:01 [http-nio-8081-exec-9] DEBUG o.s.security.web.FilterChainProxy - Secured GET /api/auth/users/list
2025-03-17 15:56:01 [http-nio-8081-exec-9] DEBUG o.s.web.servlet.DispatcherServlet - GET "/api/auth/users/list", parameters={}
2025-03-17 15:56:01 [http-nio-8081-exec-9] DEBUG o.s.w.s.m.m.a.RequestMappingHandlerMapping - Mapped to org.guidewire.login.controller.UserController#getAllUsers()
2025-03-17 15:56:01 [http-nio-8081-exec-9] DEBUG o.s.o.j.s.OpenEntityManagerInViewInterceptor - Opening JPA EntityManager in OpenEntityManagerInViewInterceptor
2025-03-17 15:56:01 [http-nio-8081-exec-9] INFO  o.g.login.services.UserService - getAllUsers: Fetching all users from the database.
2025-03-17 15:56:01 [http-nio-8081-exec-9] DEBUG o.s.orm.jpa.JpaTransactionManager - Found thread-bound EntityManager [SessionImpl(107700560<open>)] for JPA transaction
2025-03-17 15:56:01 [http-nio-8081-exec-9] DEBUG o.s.orm.jpa.JpaTransactionManager - Creating new transaction with name [org.springframework.data.jpa.repository.support.SimpleJpaRepository.findAll]: PROPAGATION_REQUIRED,ISOLATION_DEFAULT,readOnly
2025-03-17 15:56:01 [http-nio-8081-exec-9] DEBUG o.s.jdbc.datasource.DataSourceUtils - Setting JDBC Connection [HikariProxyConnection@1812401279 wrapping org.postgresql.jdbc.PgConnection@5f6e781f] read-only
2025-03-17 15:56:01 [http-nio-8081-exec-9] DEBUG o.s.orm.jpa.JpaTransactionManager - Exposing JPA transaction as JDBC [org.springframework.orm.jpa.vendor.HibernateJpaDialect$HibernateConnectionHandle@3112f4cd]
2025-03-17 15:56:01 [http-nio-8081-exec-9] DEBUG org.hibernate.SQL - select u1_0.id,u1_0.created_at,u1_0.email,u1_0.password,u1_0.updated_at,u1_0.username from users u1_0
2025-03-17 15:56:01 [http-nio-8081-exec-9] DEBUG org.hibernate.SQL - select r1_0.user_id,r1_1.id,r1_1.created_at,r1_1.name,p1_0.role_id,p1_1.id,p1_1.created_at,p1_1.description,p1_1.name,p1_1.updated_at,r1_1.updated_at from user_roles r1_0 join roles r1_1 on r1_1.id=r1_0.role_id left join role_permissions p1_0 on r1_1.id=p1_0.role_id left join permissions p1_1 on p1_1.id=p1_0.permission_id where r1_0.user_id=?
2025-03-17 15:56:01 [http-nio-8081-exec-9] DEBUG org.hibernate.SQL - select r1_0.user_id,r1_1.id,r1_1.created_at,r1_1.name,p1_0.role_id,p1_1.id,p1_1.created_at,p1_1.description,p1_1.name,p1_1.updated_at,r1_1.updated_at from user_roles r1_0 join roles r1_1 on r1_1.id=r1_0.role_id left join role_permissions p1_0 on r1_1.id=p1_0.role_id left join permissions p1_1 on p1_1.id=p1_0.permission_id where r1_0.user_id=?
2025-03-17 15:56:01 [http-nio-8081-exec-9] DEBUG org.hibernate.SQL - select r1_0.user_id,r1_1.id,r1_1.created_at,r1_1.name,p1_0.role_id,p1_1.id,p1_1.created_at,p1_1.description,p1_1.name,p1_1.updated_at,r1_1.updated_at from user_roles r1_0 join roles r1_1 on r1_1.id=r1_0.role_id left join role_permissions p1_0 on r1_1.id=p1_0.role_id left join permissions p1_1 on p1_1.id=p1_0.permission_id where r1_0.user_id=?
2025-03-17 15:56:01 [http-nio-8081-exec-9] DEBUG org.hibernate.SQL - select r1_0.user_id,r1_1.id,r1_1.created_at,r1_1.name,p1_0.role_id,p1_1.id,p1_1.created_at,p1_1.description,p1_1.name,p1_1.updated_at,r1_1.updated_at from user_roles r1_0 join roles r1_1 on r1_1.id=r1_0.role_id left join role_permissions p1_0 on r1_1.id=p1_0.role_id left join permissions p1_1 on p1_1.id=p1_0.permission_id where r1_0.user_id=?
2025-03-17 15:56:01 [http-nio-8081-exec-9] DEBUG org.hibernate.SQL - select r1_0.user_id,r1_1.id,r1_1.created_at,r1_1.name,p1_0.role_id,p1_1.id,p1_1.created_at,p1_1.description,p1_1.name,p1_1.updated_at,r1_1.updated_at from user_roles r1_0 join roles r1_1 on r1_1.id=r1_0.role_id left join role_permissions p1_0 on r1_1.id=p1_0.role_id left join permissions p1_1 on p1_1.id=p1_0.permission_id where r1_0.user_id=?
2025-03-17 15:56:01 [http-nio-8081-exec-9] DEBUG o.s.orm.jpa.JpaTransactionManager - Initiating transaction commit
2025-03-17 15:56:01 [http-nio-8081-exec-9] DEBUG o.s.orm.jpa.JpaTransactionManager - Committing JPA transaction on EntityManager [SessionImpl(107700560<open>)]
2025-03-17 15:56:01 [http-nio-8081-exec-9] DEBUG o.s.jdbc.datasource.DataSourceUtils - Resetting read-only flag of JDBC Connection [HikariProxyConnection@1812401279 wrapping org.postgresql.jdbc.PgConnection@5f6e781f]
2025-03-17 15:56:01 [http-nio-8081-exec-9] DEBUG o.s.orm.jpa.JpaTransactionManager - Not closing pre-bound JPA EntityManager after transaction
2025-03-17 15:56:01 [http-nio-8081-exec-9] INFO  o.g.login.services.UserService - getAllUsers: Retrieved 5 users.
2025-03-17 15:56:01 [http-nio-8081-exec-9] DEBUG o.s.w.s.m.m.a.HttpEntityMethodProcessor - Using 'application/json', given [*/*] and supported [application/json, application/*+json]
2025-03-17 15:56:01 [http-nio-8081-exec-9] DEBUG o.s.w.s.m.m.a.HttpEntityMethodProcessor - Writing [[org.guidewire.login.dto.responses.UserResponse@3d398085, org.guidewire.login.dto.responses.UserResp (truncated)...]
2025-03-17 15:56:01 [http-nio-8081-exec-9] DEBUG o.s.o.j.s.OpenEntityManagerInViewInterceptor - Closing JPA EntityManager in OpenEntityManagerInViewInterceptor
2025-03-17 15:56:01 [http-nio-8081-exec-9] DEBUG o.s.web.servlet.DispatcherServlet - Completed 200 OK
2025-03-17 15:56:01 [http-nio-8081-exec-10] DEBUG o.s.security.web.FilterChainProxy - Securing GET /api/auth/user/details
2025-03-17 15:56:01 [http-nio-8081-exec-10] DEBUG o.g.l.s.JwtAuthenticationFilter - doFilterInternal: No valid Authorization header found, skipping JWT processing.
2025-03-17 15:56:01 [http-nio-8081-exec-10] DEBUG o.s.s.w.a.AnonymousAuthenticationFilter - Set SecurityContextHolder to anonymous SecurityContext
2025-03-17 15:56:01 [http-nio-8081-exec-10] DEBUG o.s.security.web.FilterChainProxy - Secured GET /api/auth/user/details
2025-03-17 15:56:01 [http-nio-8081-exec-10] DEBUG o.s.web.servlet.DispatcherServlet - GET "/api/auth/user/details", parameters={}
2025-03-17 15:56:01 [http-nio-8081-exec-10] DEBUG o.s.w.s.m.m.a.RequestMappingHandlerMapping - Mapped to org.guidewire.login.controller.AuthController#fetchUserDetails(List)
2025-03-17 15:56:01 [http-nio-8081-exec-10] DEBUG o.s.o.j.s.OpenEntityManagerInViewInterceptor - Opening JPA EntityManager in OpenEntityManagerInViewInterceptor
2025-03-17 15:56:01 [http-nio-8081-exec-10] DEBUG o.s.w.s.m.m.a.RequestResponseBodyMethodProcessor - Read "application/json;charset=UTF-8" to [[3d480867-d12b-4c5f-a725-da17dd7e5590]]
2025-03-17 15:56:01 [http-nio-8081-exec-10] INFO  o.g.login.controller.AuthController - fetchUserDetails: Fetching details for users with IDs: [3d480867-d12b-4c5f-a725-da17dd7e5590]
2025-03-17 15:56:01 [http-nio-8081-exec-10] DEBUG o.s.orm.jpa.JpaTransactionManager - Found thread-bound EntityManager [SessionImpl(616393201<open>)] for JPA transaction
2025-03-17 15:56:01 [http-nio-8081-exec-10] DEBUG o.s.orm.jpa.JpaTransactionManager - Creating new transaction with name [org.springframework.data.jpa.repository.support.SimpleJpaRepository.findAllById]: PROPAGATION_REQUIRED,ISOLATION_DEFAULT,readOnly
2025-03-17 15:56:01 [http-nio-8081-exec-10] DEBUG o.s.jdbc.datasource.DataSourceUtils - Setting JDBC Connection [HikariProxyConnection@885307570 wrapping org.postgresql.jdbc.PgConnection@5f6e781f] read-only
2025-03-17 15:56:01 [http-nio-8081-exec-10] DEBUG o.s.orm.jpa.JpaTransactionManager - Exposing JPA transaction as JDBC [org.springframework.orm.jpa.vendor.HibernateJpaDialect$HibernateConnectionHandle@4de9e059]
2025-03-17 15:56:01 [http-nio-8081-exec-10] DEBUG org.hibernate.SQL - select u1_0.id,u1_0.created_at,u1_0.email,u1_0.password,u1_0.updated_at,u1_0.username from users u1_0 where u1_0.id in (?)
2025-03-17 15:56:01 [http-nio-8081-exec-10] DEBUG org.hibernate.SQL - select r1_0.user_id,r1_1.id,r1_1.created_at,r1_1.name,p1_0.role_id,p1_1.id,p1_1.created_at,p1_1.description,p1_1.name,p1_1.updated_at,r1_1.updated_at from user_roles r1_0 join roles r1_1 on r1_1.id=r1_0.role_id left join role_permissions p1_0 on r1_1.id=p1_0.role_id left join permissions p1_1 on p1_1.id=p1_0.permission_id where r1_0.user_id=?
2025-03-17 15:56:01 [http-nio-8081-exec-10] DEBUG o.s.orm.jpa.JpaTransactionManager - Initiating transaction commit
2025-03-17 15:56:01 [http-nio-8081-exec-10] DEBUG o.s.orm.jpa.JpaTransactionManager - Committing JPA transaction on EntityManager [SessionImpl(616393201<open>)]
2025-03-17 15:56:01 [http-nio-8081-exec-10] DEBUG o.s.jdbc.datasource.DataSourceUtils - Resetting read-only flag of JDBC Connection [HikariProxyConnection@885307570 wrapping org.postgresql.jdbc.PgConnection@5f6e781f]
2025-03-17 15:56:01 [http-nio-8081-exec-10] DEBUG o.s.orm.jpa.JpaTransactionManager - Not closing pre-bound JPA EntityManager after transaction
2025-03-17 15:56:01 [http-nio-8081-exec-10] INFO  o.g.login.controller.AuthController - fetchUserDetails: Returning user details for users: [org.guidewire.login.dto.responses.UserResponse@7b9a58b9]
2025-03-17 15:56:01 [http-nio-8081-exec-10] DEBUG o.s.w.s.m.m.a.HttpEntityMethodProcessor - Using 'application/json', given [*/*] and supported [application/json, application/*+json]
2025-03-17 15:56:01 [http-nio-8081-exec-10] DEBUG o.s.w.s.m.m.a.HttpEntityMethodProcessor - Writing [[org.guidewire.login.dto.responses.UserResponse@7b9a58b9]]
2025-03-17 15:56:01 [http-nio-8081-exec-10] DEBUG o.s.o.j.s.OpenEntityManagerInViewInterceptor - Closing JPA EntityManager in OpenEntityManagerInViewInterceptor
2025-03-17 15:56:01 [http-nio-8081-exec-10] DEBUG o.s.web.servlet.DispatcherServlet - Completed 200 OK
2025-03-17 15:56:59 [http-nio-8081-exec-1] DEBUG o.s.security.web.FilterChainProxy - Securing GET /api/auth/users/list
2025-03-17 15:56:59 [http-nio-8081-exec-1] INFO  o.g.l.s.JwtAuthenticationFilter - doFilterInternal: Extracted username 'admin' from token.
2025-03-17 15:56:59 [http-nio-8081-exec-1] INFO  o.g.l.s.CustomUserDetailsService - loadUserByUsername: Searching for user: admin
2025-03-17 15:56:59 [http-nio-8081-exec-1] DEBUG o.s.o.j.SharedEntityManagerCreator$SharedEntityManagerInvocationHandler - Creating new EntityManager for shared EntityManager invocation
2025-03-17 15:56:59 [http-nio-8081-exec-1] DEBUG org.hibernate.SQL - select u1_0.id,u1_0.created_at,u1_0.email,u1_0.password,u1_0.updated_at,u1_0.username from users u1_0 where u1_0.username=?
2025-03-17 15:56:59 [http-nio-8081-exec-1] DEBUG org.hibernate.SQL - select r1_0.user_id,r1_1.id,r1_1.created_at,r1_1.name,p1_0.role_id,p1_1.id,p1_1.created_at,p1_1.description,p1_1.name,p1_1.updated_at,r1_1.updated_at from user_roles r1_0 join roles r1_1 on r1_1.id=r1_0.role_id left join role_permissions p1_0 on r1_1.id=p1_0.role_id left join permissions p1_1 on p1_1.id=p1_0.permission_id where r1_0.user_id=?
2025-03-17 15:56:59 [http-nio-8081-exec-1] INFO  o.g.l.s.CustomUserDetailsService - loadUserByUsername: User admin found with roles: [org.guidewire.login.model.Role@15c9f74e]
2025-03-17 15:56:59 [http-nio-8081-exec-1] INFO  o.g.login.security.CustomUserDetails - Initializing CustomUserDetails for user: admin
2025-03-17 15:56:59 [http-nio-8081-exec-1] DEBUG o.g.login.security.CustomUserDetails - User admin has roles: [ADMIN]
2025-03-17 15:56:59 [http-nio-8081-exec-1] DEBUG o.g.login.security.CustomUserDetails - User admin has permissions: [DELETE_TASK, CREATE_TASK, CLOSE_TASK, VIEW_TASK, COMMENT_TASK, ASSIGN_TASK, EDIT_TASK]
2025-03-17 15:56:59 [http-nio-8081-exec-1] INFO  o.g.login.security.CustomUserDetails - CustomUserDetails initialized successfully for user: admin
2025-03-17 15:56:59 [http-nio-8081-exec-1] INFO  o.guidewire.login.security.JwtUtil - validateToken:JWT validated successfully for user: admin
2025-03-17 15:56:59 [http-nio-8081-exec-1] DEBUG o.g.login.security.CustomUserDetails - Fetching authorities for user: admin
2025-03-17 15:56:59 [http-nio-8081-exec-1] INFO  o.g.l.s.JwtAuthenticationFilter - doFilterInternal: Authentication successful for user 'admin'.
2025-03-17 15:56:59 [http-nio-8081-exec-1] DEBUG o.s.security.web.FilterChainProxy - Secured GET /api/auth/users/list
2025-03-17 15:56:59 [http-nio-8081-exec-1] DEBUG o.s.web.servlet.DispatcherServlet - GET "/api/auth/users/list", parameters={}
2025-03-17 15:56:59 [http-nio-8081-exec-1] DEBUG o.s.w.s.m.m.a.RequestMappingHandlerMapping - Mapped to org.guidewire.login.controller.UserController#getAllUsers()
2025-03-17 15:56:59 [http-nio-8081-exec-1] DEBUG o.s.o.j.s.OpenEntityManagerInViewInterceptor - Opening JPA EntityManager in OpenEntityManagerInViewInterceptor
2025-03-17 15:56:59 [http-nio-8081-exec-1] INFO  o.g.login.services.UserService - getAllUsers: Fetching all users from the database.
2025-03-17 15:56:59 [http-nio-8081-exec-1] DEBUG o.s.orm.jpa.JpaTransactionManager - Found thread-bound EntityManager [SessionImpl(1051360619<open>)] for JPA transaction
2025-03-17 15:56:59 [http-nio-8081-exec-1] DEBUG o.s.orm.jpa.JpaTransactionManager - Creating new transaction with name [org.springframework.data.jpa.repository.support.SimpleJpaRepository.findAll]: PROPAGATION_REQUIRED,ISOLATION_DEFAULT,readOnly
2025-03-17 15:56:59 [http-nio-8081-exec-1] DEBUG o.s.jdbc.datasource.DataSourceUtils - Setting JDBC Connection [HikariProxyConnection@1117864614 wrapping org.postgresql.jdbc.PgConnection@5f6e781f] read-only
2025-03-17 15:56:59 [http-nio-8081-exec-1] DEBUG o.s.orm.jpa.JpaTransactionManager - Exposing JPA transaction as JDBC [org.springframework.orm.jpa.vendor.HibernateJpaDialect$HibernateConnectionHandle@685da97b]
2025-03-17 15:56:59 [http-nio-8081-exec-1] DEBUG org.hibernate.SQL - select u1_0.id,u1_0.created_at,u1_0.email,u1_0.password,u1_0.updated_at,u1_0.username from users u1_0
2025-03-17 15:56:59 [http-nio-8081-exec-1] DEBUG org.hibernate.SQL - select r1_0.user_id,r1_1.id,r1_1.created_at,r1_1.name,p1_0.role_id,p1_1.id,p1_1.created_at,p1_1.description,p1_1.name,p1_1.updated_at,r1_1.updated_at from user_roles r1_0 join roles r1_1 on r1_1.id=r1_0.role_id left join role_permissions p1_0 on r1_1.id=p1_0.role_id left join permissions p1_1 on p1_1.id=p1_0.permission_id where r1_0.user_id=?
2025-03-17 15:56:59 [http-nio-8081-exec-1] DEBUG org.hibernate.SQL - select r1_0.user_id,r1_1.id,r1_1.created_at,r1_1.name,p1_0.role_id,p1_1.id,p1_1.created_at,p1_1.description,p1_1.name,p1_1.updated_at,r1_1.updated_at from user_roles r1_0 join roles r1_1 on r1_1.id=r1_0.role_id left join role_permissions p1_0 on r1_1.id=p1_0.role_id left join permissions p1_1 on p1_1.id=p1_0.permission_id where r1_0.user_id=?
2025-03-17 15:56:59 [http-nio-8081-exec-1] DEBUG org.hibernate.SQL - select r1_0.user_id,r1_1.id,r1_1.created_at,r1_1.name,p1_0.role_id,p1_1.id,p1_1.created_at,p1_1.description,p1_1.name,p1_1.updated_at,r1_1.updated_at from user_roles r1_0 join roles r1_1 on r1_1.id=r1_0.role_id left join role_permissions p1_0 on r1_1.id=p1_0.role_id left join permissions p1_1 on p1_1.id=p1_0.permission_id where r1_0.user_id=?
2025-03-17 15:56:59 [http-nio-8081-exec-1] DEBUG org.hibernate.SQL - select r1_0.user_id,r1_1.id,r1_1.created_at,r1_1.name,p1_0.role_id,p1_1.id,p1_1.created_at,p1_1.description,p1_1.name,p1_1.updated_at,r1_1.updated_at from user_roles r1_0 join roles r1_1 on r1_1.id=r1_0.role_id left join role_permissions p1_0 on r1_1.id=p1_0.role_id left join permissions p1_1 on p1_1.id=p1_0.permission_id where r1_0.user_id=?
2025-03-17 15:56:59 [http-nio-8081-exec-1] DEBUG org.hibernate.SQL - select r1_0.user_id,r1_1.id,r1_1.created_at,r1_1.name,p1_0.role_id,p1_1.id,p1_1.created_at,p1_1.description,p1_1.name,p1_1.updated_at,r1_1.updated_at from user_roles r1_0 join roles r1_1 on r1_1.id=r1_0.role_id left join role_permissions p1_0 on r1_1.id=p1_0.role_id left join permissions p1_1 on p1_1.id=p1_0.permission_id where r1_0.user_id=?
2025-03-17 15:56:59 [http-nio-8081-exec-1] DEBUG o.s.orm.jpa.JpaTransactionManager - Initiating transaction commit
2025-03-17 15:56:59 [http-nio-8081-exec-1] DEBUG o.s.orm.jpa.JpaTransactionManager - Committing JPA transaction on EntityManager [SessionImpl(1051360619<open>)]
2025-03-17 15:56:59 [http-nio-8081-exec-1] DEBUG o.s.jdbc.datasource.DataSourceUtils - Resetting read-only flag of JDBC Connection [HikariProxyConnection@1117864614 wrapping org.postgresql.jdbc.PgConnection@5f6e781f]
2025-03-17 15:56:59 [http-nio-8081-exec-1] DEBUG o.s.orm.jpa.JpaTransactionManager - Not closing pre-bound JPA EntityManager after transaction
2025-03-17 15:56:59 [http-nio-8081-exec-1] INFO  o.g.login.services.UserService - getAllUsers: Retrieved 5 users.
2025-03-17 15:56:59 [http-nio-8081-exec-1] DEBUG o.s.w.s.m.m.a.HttpEntityMethodProcessor - Using 'application/json', given [*/*] and supported [application/json, application/*+json]
2025-03-17 15:56:59 [http-nio-8081-exec-1] DEBUG o.s.w.s.m.m.a.HttpEntityMethodProcessor - Writing [[org.guidewire.login.dto.responses.UserResponse@7b90e617, org.guidewire.login.dto.responses.UserResp (truncated)...]
2025-03-17 15:56:59 [http-nio-8081-exec-1] DEBUG o.s.o.j.s.OpenEntityManagerInViewInterceptor - Closing JPA EntityManager in OpenEntityManagerInViewInterceptor
2025-03-17 15:56:59 [http-nio-8081-exec-1] DEBUG o.s.web.servlet.DispatcherServlet - Completed 200 OK
2025-03-17 15:56:59 [http-nio-8081-exec-2] DEBUG o.s.security.web.FilterChainProxy - Securing GET /api/auth/user/details
2025-03-17 15:56:59 [http-nio-8081-exec-2] DEBUG o.g.l.s.JwtAuthenticationFilter - doFilterInternal: No valid Authorization header found, skipping JWT processing.
2025-03-17 15:56:59 [http-nio-8081-exec-2] DEBUG o.s.s.w.a.AnonymousAuthenticationFilter - Set SecurityContextHolder to anonymous SecurityContext
2025-03-17 15:56:59 [http-nio-8081-exec-2] DEBUG o.s.security.web.FilterChainProxy - Secured GET /api/auth/user/details
2025-03-17 15:56:59 [http-nio-8081-exec-2] DEBUG o.s.web.servlet.DispatcherServlet - GET "/api/auth/user/details", parameters={}
2025-03-17 15:56:59 [http-nio-8081-exec-2] DEBUG o.s.w.s.m.m.a.RequestMappingHandlerMapping - Mapped to org.guidewire.login.controller.AuthController#fetchUserDetails(List)
2025-03-17 15:56:59 [http-nio-8081-exec-2] DEBUG o.s.o.j.s.OpenEntityManagerInViewInterceptor - Opening JPA EntityManager in OpenEntityManagerInViewInterceptor
2025-03-17 15:56:59 [http-nio-8081-exec-2] DEBUG o.s.w.s.m.m.a.RequestResponseBodyMethodProcessor - Read "application/json;charset=UTF-8" to [[3d480867-d12b-4c5f-a725-da17dd7e5590]]
2025-03-17 15:56:59 [http-nio-8081-exec-2] INFO  o.g.login.controller.AuthController - fetchUserDetails: Fetching details for users with IDs: [3d480867-d12b-4c5f-a725-da17dd7e5590]
2025-03-17 15:56:59 [http-nio-8081-exec-2] DEBUG o.s.orm.jpa.JpaTransactionManager - Found thread-bound EntityManager [SessionImpl(1721206938<open>)] for JPA transaction
2025-03-17 15:56:59 [http-nio-8081-exec-2] DEBUG o.s.orm.jpa.JpaTransactionManager - Creating new transaction with name [org.springframework.data.jpa.repository.support.SimpleJpaRepository.findAllById]: PROPAGATION_REQUIRED,ISOLATION_DEFAULT,readOnly
2025-03-17 15:56:59 [http-nio-8081-exec-2] DEBUG o.s.jdbc.datasource.DataSourceUtils - Setting JDBC Connection [HikariProxyConnection@1251303782 wrapping org.postgresql.jdbc.PgConnection@5f6e781f] read-only
2025-03-17 15:56:59 [http-nio-8081-exec-2] DEBUG o.s.orm.jpa.JpaTransactionManager - Exposing JPA transaction as JDBC [org.springframework.orm.jpa.vendor.HibernateJpaDialect$HibernateConnectionHandle@2f053c1b]
2025-03-17 15:56:59 [http-nio-8081-exec-2] DEBUG org.hibernate.SQL - select u1_0.id,u1_0.created_at,u1_0.email,u1_0.password,u1_0.updated_at,u1_0.username from users u1_0 where u1_0.id in (?)
2025-03-17 15:56:59 [http-nio-8081-exec-2] DEBUG org.hibernate.SQL - select r1_0.user_id,r1_1.id,r1_1.created_at,r1_1.name,p1_0.role_id,p1_1.id,p1_1.created_at,p1_1.description,p1_1.name,p1_1.updated_at,r1_1.updated_at from user_roles r1_0 join roles r1_1 on r1_1.id=r1_0.role_id left join role_permissions p1_0 on r1_1.id=p1_0.role_id left join permissions p1_1 on p1_1.id=p1_0.permission_id where r1_0.user_id=?
2025-03-17 15:56:59 [http-nio-8081-exec-2] DEBUG o.s.orm.jpa.JpaTransactionManager - Initiating transaction commit
2025-03-17 15:56:59 [http-nio-8081-exec-2] DEBUG o.s.orm.jpa.JpaTransactionManager - Committing JPA transaction on EntityManager [SessionImpl(1721206938<open>)]
2025-03-17 15:56:59 [http-nio-8081-exec-2] DEBUG o.s.jdbc.datasource.DataSourceUtils - Resetting read-only flag of JDBC Connection [HikariProxyConnection@1251303782 wrapping org.postgresql.jdbc.PgConnection@5f6e781f]
2025-03-17 15:56:59 [http-nio-8081-exec-2] DEBUG o.s.orm.jpa.JpaTransactionManager - Not closing pre-bound JPA EntityManager after transaction
2025-03-17 15:56:59 [http-nio-8081-exec-2] INFO  o.g.login.controller.AuthController - fetchUserDetails: Returning user details for users: [org.guidewire.login.dto.responses.UserResponse@234176ad]
2025-03-17 15:56:59 [http-nio-8081-exec-2] DEBUG o.s.w.s.m.m.a.HttpEntityMethodProcessor - Using 'application/json', given [*/*] and supported [application/json, application/*+json]
2025-03-17 15:56:59 [http-nio-8081-exec-2] DEBUG o.s.w.s.m.m.a.HttpEntityMethodProcessor - Writing [[org.guidewire.login.dto.responses.UserResponse@234176ad]]
2025-03-17 15:56:59 [http-nio-8081-exec-2] DEBUG o.s.o.j.s.OpenEntityManagerInViewInterceptor - Closing JPA EntityManager in OpenEntityManagerInViewInterceptor
2025-03-17 15:56:59 [http-nio-8081-exec-2] DEBUG o.s.web.servlet.DispatcherServlet - Completed 200 OK
2025-03-17 16:05:55 [http-nio-8081-exec-4] DEBUG o.s.security.web.FilterChainProxy - Securing GET /api/auth/users/list
2025-03-17 16:05:55 [http-nio-8081-exec-4] INFO  o.g.l.s.JwtAuthenticationFilter - doFilterInternal: Extracted username 'admin' from token.
2025-03-17 16:05:55 [http-nio-8081-exec-4] INFO  o.g.l.s.CustomUserDetailsService - loadUserByUsername: Searching for user: admin
2025-03-17 16:05:55 [http-nio-8081-exec-4] DEBUG o.s.o.j.SharedEntityManagerCreator$SharedEntityManagerInvocationHandler - Creating new EntityManager for shared EntityManager invocation
2025-03-17 16:05:55 [http-nio-8081-exec-4] DEBUG org.hibernate.SQL - select u1_0.id,u1_0.created_at,u1_0.email,u1_0.password,u1_0.updated_at,u1_0.username from users u1_0 where u1_0.username=?
2025-03-17 16:05:55 [http-nio-8081-exec-4] DEBUG org.hibernate.SQL - select r1_0.user_id,r1_1.id,r1_1.created_at,r1_1.name,p1_0.role_id,p1_1.id,p1_1.created_at,p1_1.description,p1_1.name,p1_1.updated_at,r1_1.updated_at from user_roles r1_0 join roles r1_1 on r1_1.id=r1_0.role_id left join role_permissions p1_0 on r1_1.id=p1_0.role_id left join permissions p1_1 on p1_1.id=p1_0.permission_id where r1_0.user_id=?
2025-03-17 16:05:55 [http-nio-8081-exec-4] INFO  o.g.l.s.CustomUserDetailsService - loadUserByUsername: User admin found with roles: [org.guidewire.login.model.Role@45d94dfe]
2025-03-17 16:05:55 [http-nio-8081-exec-4] INFO  o.g.login.security.CustomUserDetails - Initializing CustomUserDetails for user: admin
2025-03-17 16:05:55 [http-nio-8081-exec-4] DEBUG o.g.login.security.CustomUserDetails - User admin has roles: [ADMIN]
2025-03-17 16:05:55 [http-nio-8081-exec-4] DEBUG o.g.login.security.CustomUserDetails - User admin has permissions: [DELETE_TASK, CREATE_TASK, CLOSE_TASK, VIEW_TASK, COMMENT_TASK, ASSIGN_TASK, EDIT_TASK]
2025-03-17 16:05:55 [http-nio-8081-exec-4] INFO  o.g.login.security.CustomUserDetails - CustomUserDetails initialized successfully for user: admin
2025-03-17 16:05:55 [http-nio-8081-exec-4] INFO  o.guidewire.login.security.JwtUtil - validateToken:JWT validated successfully for user: admin
2025-03-17 16:05:55 [http-nio-8081-exec-4] DEBUG o.g.login.security.CustomUserDetails - Fetching authorities for user: admin
2025-03-17 16:05:55 [http-nio-8081-exec-4] INFO  o.g.l.s.JwtAuthenticationFilter - doFilterInternal: Authentication successful for user 'admin'.
2025-03-17 16:05:55 [http-nio-8081-exec-4] DEBUG o.s.security.web.FilterChainProxy - Secured GET /api/auth/users/list
2025-03-17 16:05:55 [http-nio-8081-exec-4] DEBUG o.s.web.servlet.DispatcherServlet - GET "/api/auth/users/list", parameters={}
2025-03-17 16:05:55 [http-nio-8081-exec-4] DEBUG o.s.w.s.m.m.a.RequestMappingHandlerMapping - Mapped to org.guidewire.login.controller.UserController#getAllUsers()
2025-03-17 16:05:55 [http-nio-8081-exec-4] DEBUG o.s.o.j.s.OpenEntityManagerInViewInterceptor - Opening JPA EntityManager in OpenEntityManagerInViewInterceptor
2025-03-17 16:05:55 [http-nio-8081-exec-4] INFO  o.g.login.services.UserService - getAllUsers: Fetching all users from the database.
2025-03-17 16:05:55 [http-nio-8081-exec-4] DEBUG o.s.orm.jpa.JpaTransactionManager - Found thread-bound EntityManager [SessionImpl(1934317879<open>)] for JPA transaction
2025-03-17 16:05:55 [http-nio-8081-exec-4] DEBUG o.s.orm.jpa.JpaTransactionManager - Creating new transaction with name [org.springframework.data.jpa.repository.support.SimpleJpaRepository.findAll]: PROPAGATION_REQUIRED,ISOLATION_DEFAULT,readOnly
2025-03-17 16:05:55 [http-nio-8081-exec-4] DEBUG o.s.jdbc.datasource.DataSourceUtils - Setting JDBC Connection [HikariProxyConnection@1054283474 wrapping org.postgresql.jdbc.PgConnection@647bc89e] read-only
2025-03-17 16:05:55 [http-nio-8081-exec-4] DEBUG o.s.orm.jpa.JpaTransactionManager - Exposing JPA transaction as JDBC [org.springframework.orm.jpa.vendor.HibernateJpaDialect$HibernateConnectionHandle@20663af9]
2025-03-17 16:05:55 [http-nio-8081-exec-4] DEBUG org.hibernate.SQL - select u1_0.id,u1_0.created_at,u1_0.email,u1_0.password,u1_0.updated_at,u1_0.username from users u1_0
2025-03-17 16:05:55 [http-nio-8081-exec-4] DEBUG org.hibernate.SQL - select r1_0.user_id,r1_1.id,r1_1.created_at,r1_1.name,p1_0.role_id,p1_1.id,p1_1.created_at,p1_1.description,p1_1.name,p1_1.updated_at,r1_1.updated_at from user_roles r1_0 join roles r1_1 on r1_1.id=r1_0.role_id left join role_permissions p1_0 on r1_1.id=p1_0.role_id left join permissions p1_1 on p1_1.id=p1_0.permission_id where r1_0.user_id=?
2025-03-17 16:05:55 [http-nio-8081-exec-4] DEBUG org.hibernate.SQL - select r1_0.user_id,r1_1.id,r1_1.created_at,r1_1.name,p1_0.role_id,p1_1.id,p1_1.created_at,p1_1.description,p1_1.name,p1_1.updated_at,r1_1.updated_at from user_roles r1_0 join roles r1_1 on r1_1.id=r1_0.role_id left join role_permissions p1_0 on r1_1.id=p1_0.role_id left join permissions p1_1 on p1_1.id=p1_0.permission_id where r1_0.user_id=?
2025-03-17 16:05:55 [http-nio-8081-exec-4] DEBUG org.hibernate.SQL - select r1_0.user_id,r1_1.id,r1_1.created_at,r1_1.name,p1_0.role_id,p1_1.id,p1_1.created_at,p1_1.description,p1_1.name,p1_1.updated_at,r1_1.updated_at from user_roles r1_0 join roles r1_1 on r1_1.id=r1_0.role_id left join role_permissions p1_0 on r1_1.id=p1_0.role_id left join permissions p1_1 on p1_1.id=p1_0.permission_id where r1_0.user_id=?
2025-03-17 16:05:55 [http-nio-8081-exec-4] DEBUG org.hibernate.SQL - select r1_0.user_id,r1_1.id,r1_1.created_at,r1_1.name,p1_0.role_id,p1_1.id,p1_1.created_at,p1_1.description,p1_1.name,p1_1.updated_at,r1_1.updated_at from user_roles r1_0 join roles r1_1 on r1_1.id=r1_0.role_id left join role_permissions p1_0 on r1_1.id=p1_0.role_id left join permissions p1_1 on p1_1.id=p1_0.permission_id where r1_0.user_id=?
2025-03-17 16:05:55 [http-nio-8081-exec-4] DEBUG org.hibernate.SQL - select r1_0.user_id,r1_1.id,r1_1.created_at,r1_1.name,p1_0.role_id,p1_1.id,p1_1.created_at,p1_1.description,p1_1.name,p1_1.updated_at,r1_1.updated_at from user_roles r1_0 join roles r1_1 on r1_1.id=r1_0.role_id left join role_permissions p1_0 on r1_1.id=p1_0.role_id left join permissions p1_1 on p1_1.id=p1_0.permission_id where r1_0.user_id=?
2025-03-17 16:05:55 [http-nio-8081-exec-4] DEBUG o.s.orm.jpa.JpaTransactionManager - Initiating transaction commit
2025-03-17 16:05:55 [http-nio-8081-exec-4] DEBUG o.s.orm.jpa.JpaTransactionManager - Committing JPA transaction on EntityManager [SessionImpl(1934317879<open>)]
2025-03-17 16:05:55 [http-nio-8081-exec-4] DEBUG o.s.jdbc.datasource.DataSourceUtils - Resetting read-only flag of JDBC Connection [HikariProxyConnection@1054283474 wrapping org.postgresql.jdbc.PgConnection@647bc89e]
2025-03-17 16:05:55 [http-nio-8081-exec-4] DEBUG o.s.orm.jpa.JpaTransactionManager - Not closing pre-bound JPA EntityManager after transaction
2025-03-17 16:05:55 [http-nio-8081-exec-4] INFO  o.g.login.services.UserService - getAllUsers: Retrieved 5 users.
2025-03-17 16:05:55 [http-nio-8081-exec-4] DEBUG o.s.w.s.m.m.a.HttpEntityMethodProcessor - Using 'application/json', given [*/*] and supported [application/json, application/*+json]
2025-03-17 16:05:55 [http-nio-8081-exec-4] DEBUG o.s.w.s.m.m.a.HttpEntityMethodProcessor - Writing [[org.guidewire.login.dto.responses.UserResponse@65189c19, org.guidewire.login.dto.responses.UserResp (truncated)...]
2025-03-17 16:05:55 [http-nio-8081-exec-4] DEBUG o.s.o.j.s.OpenEntityManagerInViewInterceptor - Closing JPA EntityManager in OpenEntityManagerInViewInterceptor
2025-03-17 16:05:55 [http-nio-8081-exec-4] DEBUG o.s.web.servlet.DispatcherServlet - Completed 200 OK
2025-03-17 16:05:55 [http-nio-8081-exec-5] DEBUG o.s.security.web.FilterChainProxy - Securing GET /api/auth/user/details
2025-03-17 16:05:55 [http-nio-8081-exec-5] DEBUG o.g.l.s.JwtAuthenticationFilter - doFilterInternal: No valid Authorization header found, skipping JWT processing.
2025-03-17 16:05:55 [http-nio-8081-exec-5] DEBUG o.s.s.w.a.AnonymousAuthenticationFilter - Set SecurityContextHolder to anonymous SecurityContext
2025-03-17 16:05:55 [http-nio-8081-exec-5] DEBUG o.s.security.web.FilterChainProxy - Secured GET /api/auth/user/details
2025-03-17 16:05:55 [http-nio-8081-exec-5] DEBUG o.s.web.servlet.DispatcherServlet - GET "/api/auth/user/details", parameters={}
2025-03-17 16:05:55 [http-nio-8081-exec-5] DEBUG o.s.w.s.m.m.a.RequestMappingHandlerMapping - Mapped to org.guidewire.login.controller.AuthController#fetchUserDetails(List)
2025-03-17 16:05:55 [http-nio-8081-exec-5] DEBUG o.s.o.j.s.OpenEntityManagerInViewInterceptor - Opening JPA EntityManager in OpenEntityManagerInViewInterceptor
2025-03-17 16:05:55 [http-nio-8081-exec-5] DEBUG o.s.w.s.m.m.a.RequestResponseBodyMethodProcessor - Read "application/json;charset=UTF-8" to [[null]]
2025-03-17 16:05:55 [http-nio-8081-exec-5] INFO  o.g.login.controller.AuthController - fetchUserDetails: Fetching details for users with IDs: [null]
2025-03-17 16:05:55 [http-nio-8081-exec-5] DEBUG o.s.orm.jpa.JpaTransactionManager - Found thread-bound EntityManager [SessionImpl(226227194<open>)] for JPA transaction
2025-03-17 16:05:55 [http-nio-8081-exec-5] DEBUG o.s.orm.jpa.JpaTransactionManager - Creating new transaction with name [org.springframework.data.jpa.repository.support.SimpleJpaRepository.findAllById]: PROPAGATION_REQUIRED,ISOLATION_DEFAULT,readOnly
2025-03-17 16:05:55 [http-nio-8081-exec-5] DEBUG o.s.jdbc.datasource.DataSourceUtils - Setting JDBC Connection [HikariProxyConnection@1944975391 wrapping org.postgresql.jdbc.PgConnection@647bc89e] read-only
2025-03-17 16:05:55 [http-nio-8081-exec-5] DEBUG o.s.orm.jpa.JpaTransactionManager - Exposing JPA transaction as JDBC [org.springframework.orm.jpa.vendor.HibernateJpaDialect$HibernateConnectionHandle@34d66cbd]
2025-03-17 16:05:55 [http-nio-8081-exec-5] DEBUG org.hibernate.SQL - select u1_0.id,u1_0.created_at,u1_0.email,u1_0.password,u1_0.updated_at,u1_0.username from users u1_0 where u1_0.id in (?)
2025-03-17 16:05:55 [http-nio-8081-exec-5] DEBUG o.s.orm.jpa.JpaTransactionManager - Initiating transaction commit
2025-03-17 16:05:55 [http-nio-8081-exec-5] DEBUG o.s.orm.jpa.JpaTransactionManager - Committing JPA transaction on EntityManager [SessionImpl(226227194<open>)]
2025-03-17 16:05:55 [http-nio-8081-exec-5] DEBUG o.s.jdbc.datasource.DataSourceUtils - Resetting read-only flag of JDBC Connection [HikariProxyConnection@1944975391 wrapping org.postgresql.jdbc.PgConnection@647bc89e]
2025-03-17 16:05:55 [http-nio-8081-exec-5] DEBUG o.s.orm.jpa.JpaTransactionManager - Not closing pre-bound JPA EntityManager after transaction
2025-03-17 16:05:55 [http-nio-8081-exec-5] INFO  o.g.login.controller.AuthController - fetchUserDetails: Returning user details for users: []
2025-03-17 16:05:55 [http-nio-8081-exec-5] DEBUG o.s.w.s.m.m.a.HttpEntityMethodProcessor - Using 'application/json', given [*/*] and supported [application/json, application/*+json]
2025-03-17 16:05:55 [http-nio-8081-exec-5] DEBUG o.s.w.s.m.m.a.HttpEntityMethodProcessor - Writing [[]]
2025-03-17 16:05:55 [http-nio-8081-exec-5] DEBUG o.s.o.j.s.OpenEntityManagerInViewInterceptor - Closing JPA EntityManager in OpenEntityManagerInViewInterceptor
2025-03-17 16:05:55 [http-nio-8081-exec-5] DEBUG o.s.web.servlet.DispatcherServlet - Completed 200 OK
2025-03-17 16:08:33 [http-nio-8081-exec-7] DEBUG o.s.security.web.FilterChainProxy - Securing GET /api/auth/check-admin
2025-03-17 16:08:33 [http-nio-8081-exec-7] INFO  o.g.l.s.JwtAuthenticationFilter - doFilterInternal: Extracted username 'admin' from token.
2025-03-17 16:08:33 [http-nio-8081-exec-7] INFO  o.g.l.s.CustomUserDetailsService - loadUserByUsername: Searching for user: admin
2025-03-17 16:08:33 [http-nio-8081-exec-7] DEBUG o.s.o.j.SharedEntityManagerCreator$SharedEntityManagerInvocationHandler - Creating new EntityManager for shared EntityManager invocation
2025-03-17 16:08:33 [http-nio-8081-exec-7] DEBUG org.hibernate.SQL - select u1_0.id,u1_0.created_at,u1_0.email,u1_0.password,u1_0.updated_at,u1_0.username from users u1_0 where u1_0.username=?
2025-03-17 16:08:33 [http-nio-8081-exec-7] DEBUG org.hibernate.SQL - select r1_0.user_id,r1_1.id,r1_1.created_at,r1_1.name,p1_0.role_id,p1_1.id,p1_1.created_at,p1_1.description,p1_1.name,p1_1.updated_at,r1_1.updated_at from user_roles r1_0 join roles r1_1 on r1_1.id=r1_0.role_id left join role_permissions p1_0 on r1_1.id=p1_0.role_id left join permissions p1_1 on p1_1.id=p1_0.permission_id where r1_0.user_id=?
2025-03-17 16:08:33 [http-nio-8081-exec-7] INFO  o.g.l.s.CustomUserDetailsService - loadUserByUsername: User admin found with roles: [org.guidewire.login.model.Role@5720e44]
2025-03-17 16:08:33 [http-nio-8081-exec-7] INFO  o.g.login.security.CustomUserDetails - Initializing CustomUserDetails for user: admin
2025-03-17 16:08:33 [http-nio-8081-exec-7] DEBUG o.g.login.security.CustomUserDetails - User admin has roles: [ADMIN]
2025-03-17 16:08:33 [http-nio-8081-exec-7] DEBUG o.g.login.security.CustomUserDetails - User admin has permissions: [DELETE_TASK, CREATE_TASK, VIEW_TASK, CLOSE_TASK, COMMENT_TASK, ASSIGN_TASK, EDIT_TASK]
2025-03-17 16:08:33 [http-nio-8081-exec-7] INFO  o.g.login.security.CustomUserDetails - CustomUserDetails initialized successfully for user: admin
2025-03-17 16:08:33 [http-nio-8081-exec-7] INFO  o.guidewire.login.security.JwtUtil - validateToken:JWT validated successfully for user: admin
2025-03-17 16:08:33 [http-nio-8081-exec-7] DEBUG o.g.login.security.CustomUserDetails - Fetching authorities for user: admin
2025-03-17 16:08:33 [http-nio-8081-exec-7] INFO  o.g.l.s.JwtAuthenticationFilter - doFilterInternal: Authentication successful for user 'admin'.
2025-03-17 16:08:33 [http-nio-8081-exec-7] DEBUG o.s.security.web.FilterChainProxy - Secured GET /api/auth/check-admin
2025-03-17 16:08:33 [http-nio-8081-exec-7] DEBUG o.s.web.servlet.DispatcherServlet - GET "/api/auth/check-admin", parameters={}
2025-03-17 16:08:33 [http-nio-8081-exec-7] DEBUG o.s.w.s.m.m.a.RequestMappingHandlerMapping - Mapped to org.guidewire.login.controller.AuthController#checkIfAdmin(UserDetails)
2025-03-17 16:08:33 [http-nio-8081-exec-7] DEBUG o.s.o.j.s.OpenEntityManagerInViewInterceptor - Opening JPA EntityManager in OpenEntityManagerInViewInterceptor
2025-03-17 16:08:33 [http-nio-8081-exec-7] DEBUG o.g.login.security.CustomUserDetails - Fetching authorities for user: admin
2025-03-17 16:08:33 [http-nio-8081-exec-7] DEBUG o.s.w.s.m.m.a.HttpEntityMethodProcessor - Using 'application/json', given [*/*] and supported [application/json, application/*+json]
2025-03-17 16:08:33 [http-nio-8081-exec-7] DEBUG o.s.w.s.m.m.a.HttpEntityMethodProcessor - Writing [org.guidewire.login.dto.responses.UserRoleResponse@2c9a35]
2025-03-17 16:08:33 [http-nio-8081-exec-7] DEBUG o.s.o.j.s.OpenEntityManagerInViewInterceptor - Closing JPA EntityManager in OpenEntityManagerInViewInterceptor
2025-03-17 16:08:33 [http-nio-8081-exec-7] DEBUG o.s.web.servlet.DispatcherServlet - Completed 200 OK
2025-03-17 16:08:34 [http-nio-8081-exec-8] DEBUG o.s.security.web.FilterChainProxy - Securing GET /api/auth/users/list
2025-03-17 16:08:34 [http-nio-8081-exec-9] DEBUG o.s.security.web.FilterChainProxy - Securing GET /api/auth/current/user
2025-03-17 16:08:34 [http-nio-8081-exec-8] INFO  o.g.l.s.JwtAuthenticationFilter - doFilterInternal: Extracted username 'admin' from token.
2025-03-17 16:08:34 [http-nio-8081-exec-8] INFO  o.g.l.s.CustomUserDetailsService - loadUserByUsername: Searching for user: admin
2025-03-17 16:08:34 [http-nio-8081-exec-8] DEBUG o.s.o.j.SharedEntityManagerCreator$SharedEntityManagerInvocationHandler - Creating new EntityManager for shared EntityManager invocation
2025-03-17 16:08:34 [http-nio-8081-exec-9] INFO  o.g.l.s.JwtAuthenticationFilter - doFilterInternal: Extracted username 'admin' from token.
2025-03-17 16:08:34 [http-nio-8081-exec-9] INFO  o.g.l.s.CustomUserDetailsService - loadUserByUsername: Searching for user: admin
2025-03-17 16:08:34 [http-nio-8081-exec-9] DEBUG o.s.o.j.SharedEntityManagerCreator$SharedEntityManagerInvocationHandler - Creating new EntityManager for shared EntityManager invocation
2025-03-17 16:08:34 [http-nio-8081-exec-9] DEBUG org.hibernate.SQL - select u1_0.id,u1_0.created_at,u1_0.email,u1_0.password,u1_0.updated_at,u1_0.username from users u1_0 where u1_0.username=?
2025-03-17 16:08:34 [http-nio-8081-exec-9] DEBUG org.hibernate.SQL - select r1_0.user_id,r1_1.id,r1_1.created_at,r1_1.name,p1_0.role_id,p1_1.id,p1_1.created_at,p1_1.description,p1_1.name,p1_1.updated_at,r1_1.updated_at from user_roles r1_0 join roles r1_1 on r1_1.id=r1_0.role_id left join role_permissions p1_0 on r1_1.id=p1_0.role_id left join permissions p1_1 on p1_1.id=p1_0.permission_id where r1_0.user_id=?
2025-03-17 16:08:34 [http-nio-8081-exec-9] INFO  o.g.l.s.CustomUserDetailsService - loadUserByUsername: User admin found with roles: [org.guidewire.login.model.Role@69a7f3a8]
2025-03-17 16:08:34 [http-nio-8081-exec-9] INFO  o.g.login.security.CustomUserDetails - Initializing CustomUserDetails for user: admin
2025-03-17 16:08:34 [http-nio-8081-exec-9] DEBUG o.g.login.security.CustomUserDetails - User admin has roles: [ADMIN]
2025-03-17 16:08:34 [http-nio-8081-exec-9] DEBUG o.g.login.security.CustomUserDetails - User admin has permissions: [DELETE_TASK, CREATE_TASK, CLOSE_TASK, VIEW_TASK, COMMENT_TASK, ASSIGN_TASK, EDIT_TASK]
2025-03-17 16:08:34 [http-nio-8081-exec-9] INFO  o.g.login.security.CustomUserDetails - CustomUserDetails initialized successfully for user: admin
2025-03-17 16:08:34 [http-nio-8081-exec-8] DEBUG org.hibernate.SQL - select u1_0.id,u1_0.created_at,u1_0.email,u1_0.password,u1_0.updated_at,u1_0.username from users u1_0 where u1_0.username=?
2025-03-17 16:08:34 [http-nio-8081-exec-9] INFO  o.guidewire.login.security.JwtUtil - validateToken:JWT validated successfully for user: admin
2025-03-17 16:08:34 [http-nio-8081-exec-9] DEBUG o.g.login.security.CustomUserDetails - Fetching authorities for user: admin
2025-03-17 16:08:34 [http-nio-8081-exec-8] DEBUG org.hibernate.SQL - select r1_0.user_id,r1_1.id,r1_1.created_at,r1_1.name,p1_0.role_id,p1_1.id,p1_1.created_at,p1_1.description,p1_1.name,p1_1.updated_at,r1_1.updated_at from user_roles r1_0 join roles r1_1 on r1_1.id=r1_0.role_id left join role_permissions p1_0 on r1_1.id=p1_0.role_id left join permissions p1_1 on p1_1.id=p1_0.permission_id where r1_0.user_id=?
2025-03-17 16:08:34 [http-nio-8081-exec-9] INFO  o.g.l.s.JwtAuthenticationFilter - doFilterInternal: Authentication successful for user 'admin'.
2025-03-17 16:08:34 [http-nio-8081-exec-9] DEBUG o.s.security.web.FilterChainProxy - Secured GET /api/auth/current/user
2025-03-17 16:08:34 [http-nio-8081-exec-9] DEBUG o.s.web.servlet.DispatcherServlet - GET "/api/auth/current/user", parameters={}
2025-03-17 16:08:34 [http-nio-8081-exec-9] DEBUG o.s.w.s.m.m.a.RequestMappingHandlerMapping - Mapped to org.guidewire.login.controller.AuthController#getCurrentUser(Principal)
2025-03-17 16:08:34 [http-nio-8081-exec-9] DEBUG o.s.o.j.s.OpenEntityManagerInViewInterceptor - Opening JPA EntityManager in OpenEntityManagerInViewInterceptor
2025-03-17 16:08:34 [http-nio-8081-exec-9] INFO  o.g.login.controller.AuthController - getCurrentUser: Fetching details for user: admin
2025-03-17 16:08:34 [http-nio-8081-exec-9] DEBUG o.g.login.services.AuthService - getUserDetails:Fetching user details for: admin
2025-03-17 16:08:34 [http-nio-8081-exec-8] INFO  o.g.l.s.CustomUserDetailsService - loadUserByUsername: User admin found with roles: [org.guidewire.login.model.Role@205c073c]
2025-03-17 16:08:34 [http-nio-8081-exec-8] INFO  o.g.login.security.CustomUserDetails - Initializing CustomUserDetails for user: admin
2025-03-17 16:08:34 [http-nio-8081-exec-8] DEBUG o.g.login.security.CustomUserDetails - User admin has roles: [ADMIN]
2025-03-17 16:08:34 [http-nio-8081-exec-8] DEBUG o.g.login.security.CustomUserDetails - User admin has permissions: [DELETE_TASK, CREATE_TASK, CLOSE_TASK, VIEW_TASK, COMMENT_TASK, ASSIGN_TASK, EDIT_TASK]
2025-03-17 16:08:34 [http-nio-8081-exec-8] INFO  o.g.login.security.CustomUserDetails - CustomUserDetails initialized successfully for user: admin
2025-03-17 16:08:34 [http-nio-8081-exec-9] DEBUG org.hibernate.SQL - select u1_0.id,u1_0.created_at,u1_0.email,u1_0.password,u1_0.updated_at,u1_0.username from users u1_0 where u1_0.username=?
2025-03-17 16:08:34 [http-nio-8081-exec-8] INFO  o.guidewire.login.security.JwtUtil - validateToken:JWT validated successfully for user: admin
2025-03-17 16:08:34 [http-nio-8081-exec-8] DEBUG o.g.login.security.CustomUserDetails - Fetching authorities for user: admin
2025-03-17 16:08:34 [http-nio-8081-exec-8] INFO  o.g.l.s.JwtAuthenticationFilter - doFilterInternal: Authentication successful for user 'admin'.
2025-03-17 16:08:34 [http-nio-8081-exec-8] DEBUG o.s.security.web.FilterChainProxy - Secured GET /api/auth/users/list
2025-03-17 16:08:34 [http-nio-8081-exec-9] DEBUG org.hibernate.SQL - select r1_0.user_id,r1_1.id,r1_1.created_at,r1_1.name,p1_0.role_id,p1_1.id,p1_1.created_at,p1_1.description,p1_1.name,p1_1.updated_at,r1_1.updated_at from user_roles r1_0 join roles r1_1 on r1_1.id=r1_0.role_id left join role_permissions p1_0 on r1_1.id=p1_0.role_id left join permissions p1_1 on p1_1.id=p1_0.permission_id where r1_0.user_id=?
2025-03-17 16:08:34 [http-nio-8081-exec-8] DEBUG o.s.web.servlet.DispatcherServlet - GET "/api/auth/users/list", parameters={}
2025-03-17 16:08:34 [http-nio-8081-exec-8] DEBUG o.s.w.s.m.m.a.RequestMappingHandlerMapping - Mapped to org.guidewire.login.controller.UserController#getAllUsers()
2025-03-17 16:08:34 [http-nio-8081-exec-8] DEBUG o.s.o.j.s.OpenEntityManagerInViewInterceptor - Opening JPA EntityManager in OpenEntityManagerInViewInterceptor
2025-03-17 16:08:34 [http-nio-8081-exec-8] INFO  o.g.login.services.UserService - getAllUsers: Fetching all users from the database.
2025-03-17 16:08:34 [http-nio-8081-exec-8] DEBUG o.s.orm.jpa.JpaTransactionManager - Found thread-bound EntityManager [SessionImpl(1560073049<open>)] for JPA transaction
2025-03-17 16:08:34 [http-nio-8081-exec-8] DEBUG o.s.orm.jpa.JpaTransactionManager - Creating new transaction with name [org.springframework.data.jpa.repository.support.SimpleJpaRepository.findAll]: PROPAGATION_REQUIRED,ISOLATION_DEFAULT,readOnly
2025-03-17 16:08:34 [http-nio-8081-exec-8] DEBUG o.s.jdbc.datasource.DataSourceUtils - Setting JDBC Connection [HikariProxyConnection@1871188985 wrapping org.postgresql.jdbc.PgConnection@725e9d66] read-only
2025-03-17 16:08:34 [http-nio-8081-exec-8] DEBUG o.s.orm.jpa.JpaTransactionManager - Exposing JPA transaction as JDBC [org.springframework.orm.jpa.vendor.HibernateJpaDialect$HibernateConnectionHandle@422e2e5]
2025-03-17 16:08:34 [http-nio-8081-exec-9] INFO  o.g.login.controller.AuthController - getCurrentUser: Returning user details for admin
2025-03-17 16:08:34 [http-nio-8081-exec-9] DEBUG o.s.w.s.m.m.a.HttpEntityMethodProcessor - Using 'application/json', given [*/*] and supported [application/json, application/*+json]
2025-03-17 16:08:34 [http-nio-8081-exec-9] DEBUG o.s.w.s.m.m.a.HttpEntityMethodProcessor - Writing [org.guidewire.login.dto.responses.UserResponse@52ca8daa]
2025-03-17 16:08:34 [http-nio-8081-exec-8] DEBUG org.hibernate.SQL - select u1_0.id,u1_0.created_at,u1_0.email,u1_0.password,u1_0.updated_at,u1_0.username from users u1_0
2025-03-17 16:08:34 [http-nio-8081-exec-9] DEBUG o.s.o.j.s.OpenEntityManagerInViewInterceptor - Closing JPA EntityManager in OpenEntityManagerInViewInterceptor
2025-03-17 16:08:34 [http-nio-8081-exec-9] DEBUG o.s.web.servlet.DispatcherServlet - Completed 200 OK
2025-03-17 16:08:34 [http-nio-8081-exec-8] DEBUG org.hibernate.SQL - select r1_0.user_id,r1_1.id,r1_1.created_at,r1_1.name,p1_0.role_id,p1_1.id,p1_1.created_at,p1_1.description,p1_1.name,p1_1.updated_at,r1_1.updated_at from user_roles r1_0 join roles r1_1 on r1_1.id=r1_0.role_id left join role_permissions p1_0 on r1_1.id=p1_0.role_id left join permissions p1_1 on p1_1.id=p1_0.permission_id where r1_0.user_id=?
2025-03-17 16:08:34 [http-nio-8081-exec-8] DEBUG org.hibernate.SQL - select r1_0.user_id,r1_1.id,r1_1.created_at,r1_1.name,p1_0.role_id,p1_1.id,p1_1.created_at,p1_1.description,p1_1.name,p1_1.updated_at,r1_1.updated_at from user_roles r1_0 join roles r1_1 on r1_1.id=r1_0.role_id left join role_permissions p1_0 on r1_1.id=p1_0.role_id left join permissions p1_1 on p1_1.id=p1_0.permission_id where r1_0.user_id=?
2025-03-17 16:08:34 [http-nio-8081-exec-8] DEBUG org.hibernate.SQL - select r1_0.user_id,r1_1.id,r1_1.created_at,r1_1.name,p1_0.role_id,p1_1.id,p1_1.created_at,p1_1.description,p1_1.name,p1_1.updated_at,r1_1.updated_at from user_roles r1_0 join roles r1_1 on r1_1.id=r1_0.role_id left join role_permissions p1_0 on r1_1.id=p1_0.role_id left join permissions p1_1 on p1_1.id=p1_0.permission_id where r1_0.user_id=?
2025-03-17 16:08:34 [http-nio-8081-exec-8] DEBUG org.hibernate.SQL - select r1_0.user_id,r1_1.id,r1_1.created_at,r1_1.name,p1_0.role_id,p1_1.id,p1_1.created_at,p1_1.description,p1_1.name,p1_1.updated_at,r1_1.updated_at from user_roles r1_0 join roles r1_1 on r1_1.id=r1_0.role_id left join role_permissions p1_0 on r1_1.id=p1_0.role_id left join permissions p1_1 on p1_1.id=p1_0.permission_id where r1_0.user_id=?
2025-03-17 16:08:34 [http-nio-8081-exec-8] DEBUG org.hibernate.SQL - select r1_0.user_id,r1_1.id,r1_1.created_at,r1_1.name,p1_0.role_id,p1_1.id,p1_1.created_at,p1_1.description,p1_1.name,p1_1.updated_at,r1_1.updated_at from user_roles r1_0 join roles r1_1 on r1_1.id=r1_0.role_id left join role_permissions p1_0 on r1_1.id=p1_0.role_id left join permissions p1_1 on p1_1.id=p1_0.permission_id where r1_0.user_id=?
2025-03-17 16:08:34 [http-nio-8081-exec-8] DEBUG o.s.orm.jpa.JpaTransactionManager - Initiating transaction commit
2025-03-17 16:08:34 [http-nio-8081-exec-8] DEBUG o.s.orm.jpa.JpaTransactionManager - Committing JPA transaction on EntityManager [SessionImpl(1560073049<open>)]
2025-03-17 16:08:34 [http-nio-8081-exec-8] DEBUG o.s.jdbc.datasource.DataSourceUtils - Resetting read-only flag of JDBC Connection [HikariProxyConnection@1871188985 wrapping org.postgresql.jdbc.PgConnection@725e9d66]
2025-03-17 16:08:34 [http-nio-8081-exec-8] DEBUG o.s.orm.jpa.JpaTransactionManager - Not closing pre-bound JPA EntityManager after transaction
2025-03-17 16:08:34 [http-nio-8081-exec-8] INFO  o.g.login.services.UserService - getAllUsers: Retrieved 5 users.
2025-03-17 16:08:34 [http-nio-8081-exec-8] DEBUG o.s.w.s.m.m.a.HttpEntityMethodProcessor - Using 'application/json', given [*/*] and supported [application/json, application/*+json]
2025-03-17 16:08:34 [http-nio-8081-exec-8] DEBUG o.s.w.s.m.m.a.HttpEntityMethodProcessor - Writing [[org.guidewire.login.dto.responses.UserResponse@4af6c668, org.guidewire.login.dto.responses.UserResp (truncated)...]
2025-03-17 16:08:34 [http-nio-8081-exec-8] DEBUG o.s.o.j.s.OpenEntityManagerInViewInterceptor - Closing JPA EntityManager in OpenEntityManagerInViewInterceptor
2025-03-17 16:08:34 [http-nio-8081-exec-8] DEBUG o.s.web.servlet.DispatcherServlet - Completed 200 OK
2025-03-17 16:08:36 [http-nio-8081-exec-10] DEBUG o.s.security.web.FilterChainProxy - Securing GET /api/auth/users/list
2025-03-17 16:08:36 [http-nio-8081-exec-10] INFO  o.g.l.s.JwtAuthenticationFilter - doFilterInternal: Extracted username 'admin' from token.
2025-03-17 16:08:36 [http-nio-8081-exec-10] INFO  o.g.l.s.CustomUserDetailsService - loadUserByUsername: Searching for user: admin
2025-03-17 16:08:36 [http-nio-8081-exec-10] DEBUG o.s.o.j.SharedEntityManagerCreator$SharedEntityManagerInvocationHandler - Creating new EntityManager for shared EntityManager invocation
2025-03-17 16:08:36 [http-nio-8081-exec-10] DEBUG org.hibernate.SQL - select u1_0.id,u1_0.created_at,u1_0.email,u1_0.password,u1_0.updated_at,u1_0.username from users u1_0 where u1_0.username=?
2025-03-17 16:08:36 [http-nio-8081-exec-10] DEBUG org.hibernate.SQL - select r1_0.user_id,r1_1.id,r1_1.created_at,r1_1.name,p1_0.role_id,p1_1.id,p1_1.created_at,p1_1.description,p1_1.name,p1_1.updated_at,r1_1.updated_at from user_roles r1_0 join roles r1_1 on r1_1.id=r1_0.role_id left join role_permissions p1_0 on r1_1.id=p1_0.role_id left join permissions p1_1 on p1_1.id=p1_0.permission_id where r1_0.user_id=?
2025-03-17 16:08:36 [http-nio-8081-exec-10] INFO  o.g.l.s.CustomUserDetailsService - loadUserByUsername: User admin found with roles: [org.guidewire.login.model.Role@691b6879]
2025-03-17 16:08:36 [http-nio-8081-exec-10] INFO  o.g.login.security.CustomUserDetails - Initializing CustomUserDetails for user: admin
2025-03-17 16:08:36 [http-nio-8081-exec-10] DEBUG o.g.login.security.CustomUserDetails - User admin has roles: [ADMIN]
2025-03-17 16:08:36 [http-nio-8081-exec-10] DEBUG o.g.login.security.CustomUserDetails - User admin has permissions: [DELETE_TASK, CREATE_TASK, VIEW_TASK, CLOSE_TASK, ASSIGN_TASK, COMMENT_TASK, EDIT_TASK]
2025-03-17 16:08:36 [http-nio-8081-exec-10] INFO  o.g.login.security.CustomUserDetails - CustomUserDetails initialized successfully for user: admin
2025-03-17 16:08:36 [http-nio-8081-exec-10] INFO  o.guidewire.login.security.JwtUtil - validateToken:JWT validated successfully for user: admin
2025-03-17 16:08:36 [http-nio-8081-exec-10] DEBUG o.g.login.security.CustomUserDetails - Fetching authorities for user: admin
2025-03-17 16:08:36 [http-nio-8081-exec-10] INFO  o.g.l.s.JwtAuthenticationFilter - doFilterInternal: Authentication successful for user 'admin'.
2025-03-17 16:08:36 [http-nio-8081-exec-10] DEBUG o.s.security.web.FilterChainProxy - Secured GET /api/auth/users/list
2025-03-17 16:08:36 [http-nio-8081-exec-10] DEBUG o.s.web.servlet.DispatcherServlet - GET "/api/auth/users/list", parameters={}
2025-03-17 16:08:36 [http-nio-8081-exec-10] DEBUG o.s.w.s.m.m.a.RequestMappingHandlerMapping - Mapped to org.guidewire.login.controller.UserController#getAllUsers()
2025-03-17 16:08:36 [http-nio-8081-exec-10] DEBUG o.s.o.j.s.OpenEntityManagerInViewInterceptor - Opening JPA EntityManager in OpenEntityManagerInViewInterceptor
2025-03-17 16:08:36 [http-nio-8081-exec-10] INFO  o.g.login.services.UserService - getAllUsers: Fetching all users from the database.
2025-03-17 16:08:36 [http-nio-8081-exec-10] DEBUG o.s.orm.jpa.JpaTransactionManager - Found thread-bound EntityManager [SessionImpl(1188462435<open>)] for JPA transaction
2025-03-17 16:08:36 [http-nio-8081-exec-10] DEBUG o.s.orm.jpa.JpaTransactionManager - Creating new transaction with name [org.springframework.data.jpa.repository.support.SimpleJpaRepository.findAll]: PROPAGATION_REQUIRED,ISOLATION_DEFAULT,readOnly
2025-03-17 16:08:36 [http-nio-8081-exec-10] DEBUG o.s.jdbc.datasource.DataSourceUtils - Setting JDBC Connection [HikariProxyConnection@2113358594 wrapping org.postgresql.jdbc.PgConnection@647bc89e] read-only
2025-03-17 16:08:36 [http-nio-8081-exec-10] DEBUG o.s.orm.jpa.JpaTransactionManager - Exposing JPA transaction as JDBC [org.springframework.orm.jpa.vendor.HibernateJpaDialect$HibernateConnectionHandle@4c2cd9f2]
2025-03-17 16:08:36 [http-nio-8081-exec-10] DEBUG org.hibernate.SQL - select u1_0.id,u1_0.created_at,u1_0.email,u1_0.password,u1_0.updated_at,u1_0.username from users u1_0
2025-03-17 16:08:36 [http-nio-8081-exec-10] DEBUG org.hibernate.SQL - select r1_0.user_id,r1_1.id,r1_1.created_at,r1_1.name,p1_0.role_id,p1_1.id,p1_1.created_at,p1_1.description,p1_1.name,p1_1.updated_at,r1_1.updated_at from user_roles r1_0 join roles r1_1 on r1_1.id=r1_0.role_id left join role_permissions p1_0 on r1_1.id=p1_0.role_id left join permissions p1_1 on p1_1.id=p1_0.permission_id where r1_0.user_id=?
2025-03-17 16:08:36 [http-nio-8081-exec-10] DEBUG org.hibernate.SQL - select r1_0.user_id,r1_1.id,r1_1.created_at,r1_1.name,p1_0.role_id,p1_1.id,p1_1.created_at,p1_1.description,p1_1.name,p1_1.updated_at,r1_1.updated_at from user_roles r1_0 join roles r1_1 on r1_1.id=r1_0.role_id left join role_permissions p1_0 on r1_1.id=p1_0.role_id left join permissions p1_1 on p1_1.id=p1_0.permission_id where r1_0.user_id=?
2025-03-17 16:08:36 [http-nio-8081-exec-10] DEBUG org.hibernate.SQL - select r1_0.user_id,r1_1.id,r1_1.created_at,r1_1.name,p1_0.role_id,p1_1.id,p1_1.created_at,p1_1.description,p1_1.name,p1_1.updated_at,r1_1.updated_at from user_roles r1_0 join roles r1_1 on r1_1.id=r1_0.role_id left join role_permissions p1_0 on r1_1.id=p1_0.role_id left join permissions p1_1 on p1_1.id=p1_0.permission_id where r1_0.user_id=?
2025-03-17 16:08:36 [http-nio-8081-exec-10] DEBUG org.hibernate.SQL - select r1_0.user_id,r1_1.id,r1_1.created_at,r1_1.name,p1_0.role_id,p1_1.id,p1_1.created_at,p1_1.description,p1_1.name,p1_1.updated_at,r1_1.updated_at from user_roles r1_0 join roles r1_1 on r1_1.id=r1_0.role_id left join role_permissions p1_0 on r1_1.id=p1_0.role_id left join permissions p1_1 on p1_1.id=p1_0.permission_id where r1_0.user_id=?
2025-03-17 16:08:36 [http-nio-8081-exec-10] DEBUG org.hibernate.SQL - select r1_0.user_id,r1_1.id,r1_1.created_at,r1_1.name,p1_0.role_id,p1_1.id,p1_1.created_at,p1_1.description,p1_1.name,p1_1.updated_at,r1_1.updated_at from user_roles r1_0 join roles r1_1 on r1_1.id=r1_0.role_id left join role_permissions p1_0 on r1_1.id=p1_0.role_id left join permissions p1_1 on p1_1.id=p1_0.permission_id where r1_0.user_id=?
2025-03-17 16:08:36 [http-nio-8081-exec-10] DEBUG o.s.orm.jpa.JpaTransactionManager - Initiating transaction commit
2025-03-17 16:08:36 [http-nio-8081-exec-10] DEBUG o.s.orm.jpa.JpaTransactionManager - Committing JPA transaction on EntityManager [SessionImpl(1188462435<open>)]
2025-03-17 16:08:36 [http-nio-8081-exec-10] DEBUG o.s.jdbc.datasource.DataSourceUtils - Resetting read-only flag of JDBC Connection [HikariProxyConnection@2113358594 wrapping org.postgresql.jdbc.PgConnection@647bc89e]
2025-03-17 16:08:36 [http-nio-8081-exec-10] DEBUG o.s.orm.jpa.JpaTransactionManager - Not closing pre-bound JPA EntityManager after transaction
2025-03-17 16:08:36 [http-nio-8081-exec-10] INFO  o.g.login.services.UserService - getAllUsers: Retrieved 5 users.
2025-03-17 16:08:36 [http-nio-8081-exec-10] DEBUG o.s.w.s.m.m.a.HttpEntityMethodProcessor - Using 'application/json', given [*/*] and supported [application/json, application/*+json]
2025-03-17 16:08:36 [http-nio-8081-exec-10] DEBUG o.s.w.s.m.m.a.HttpEntityMethodProcessor - Writing [[org.guidewire.login.dto.responses.UserResponse@3e8a5450, org.guidewire.login.dto.responses.UserResp (truncated)...]
2025-03-17 16:08:36 [http-nio-8081-exec-10] DEBUG o.s.o.j.s.OpenEntityManagerInViewInterceptor - Closing JPA EntityManager in OpenEntityManagerInViewInterceptor
2025-03-17 16:08:36 [http-nio-8081-exec-10] DEBUG o.s.web.servlet.DispatcherServlet - Completed 200 OK
2025-03-17 16:08:36 [http-nio-8081-exec-1] DEBUG o.s.security.web.FilterChainProxy - Securing GET /api/auth/user/details
2025-03-17 16:08:36 [http-nio-8081-exec-1] DEBUG o.g.l.s.JwtAuthenticationFilter - doFilterInternal: No valid Authorization header found, skipping JWT processing.
2025-03-17 16:08:36 [http-nio-8081-exec-1] DEBUG o.s.s.w.a.AnonymousAuthenticationFilter - Set SecurityContextHolder to anonymous SecurityContext
2025-03-17 16:08:36 [http-nio-8081-exec-1] DEBUG o.s.security.web.FilterChainProxy - Secured GET /api/auth/user/details
2025-03-17 16:08:36 [http-nio-8081-exec-1] DEBUG o.s.web.servlet.DispatcherServlet - GET "/api/auth/user/details", parameters={}
2025-03-17 16:08:36 [http-nio-8081-exec-1] DEBUG o.s.w.s.m.m.a.RequestMappingHandlerMapping - Mapped to org.guidewire.login.controller.AuthController#fetchUserDetails(List)
2025-03-17 16:08:36 [http-nio-8081-exec-1] DEBUG o.s.o.j.s.OpenEntityManagerInViewInterceptor - Opening JPA EntityManager in OpenEntityManagerInViewInterceptor
2025-03-17 16:08:36 [http-nio-8081-exec-1] DEBUG o.s.w.s.m.m.a.RequestResponseBodyMethodProcessor - Read "application/json;charset=UTF-8" to [[null]]
2025-03-17 16:08:36 [http-nio-8081-exec-1] INFO  o.g.login.controller.AuthController - fetchUserDetails: Fetching details for users with IDs: [null]
2025-03-17 16:08:36 [http-nio-8081-exec-1] DEBUG o.s.orm.jpa.JpaTransactionManager - Found thread-bound EntityManager [SessionImpl(1021936179<open>)] for JPA transaction
2025-03-17 16:08:36 [http-nio-8081-exec-1] DEBUG o.s.orm.jpa.JpaTransactionManager - Creating new transaction with name [org.springframework.data.jpa.repository.support.SimpleJpaRepository.findAllById]: PROPAGATION_REQUIRED,ISOLATION_DEFAULT,readOnly
2025-03-17 16:08:36 [http-nio-8081-exec-1] DEBUG o.s.jdbc.datasource.DataSourceUtils - Setting JDBC Connection [HikariProxyConnection@1977525833 wrapping org.postgresql.jdbc.PgConnection@647bc89e] read-only
2025-03-17 16:08:36 [http-nio-8081-exec-1] DEBUG o.s.orm.jpa.JpaTransactionManager - Exposing JPA transaction as JDBC [org.springframework.orm.jpa.vendor.HibernateJpaDialect$HibernateConnectionHandle@465e16c9]
2025-03-17 16:08:36 [http-nio-8081-exec-1] DEBUG org.hibernate.SQL - select u1_0.id,u1_0.created_at,u1_0.email,u1_0.password,u1_0.updated_at,u1_0.username from users u1_0 where u1_0.id in (?)
2025-03-17 16:08:36 [http-nio-8081-exec-1] DEBUG o.s.orm.jpa.JpaTransactionManager - Initiating transaction commit
2025-03-17 16:08:36 [http-nio-8081-exec-1] DEBUG o.s.orm.jpa.JpaTransactionManager - Committing JPA transaction on EntityManager [SessionImpl(1021936179<open>)]
2025-03-17 16:08:36 [http-nio-8081-exec-1] DEBUG o.s.jdbc.datasource.DataSourceUtils - Resetting read-only flag of JDBC Connection [HikariProxyConnection@1977525833 wrapping org.postgresql.jdbc.PgConnection@647bc89e]
2025-03-17 16:08:36 [http-nio-8081-exec-1] DEBUG o.s.orm.jpa.JpaTransactionManager - Not closing pre-bound JPA EntityManager after transaction
2025-03-17 16:08:36 [http-nio-8081-exec-1] INFO  o.g.login.controller.AuthController - fetchUserDetails: Returning user details for users: []
2025-03-17 16:08:36 [http-nio-8081-exec-1] DEBUG o.s.w.s.m.m.a.HttpEntityMethodProcessor - Using 'application/json', given [*/*] and supported [application/json, application/*+json]
2025-03-17 16:08:36 [http-nio-8081-exec-1] DEBUG o.s.w.s.m.m.a.HttpEntityMethodProcessor - Writing [[]]
2025-03-17 16:08:36 [http-nio-8081-exec-1] DEBUG o.s.o.j.s.OpenEntityManagerInViewInterceptor - Closing JPA EntityManager in OpenEntityManagerInViewInterceptor
2025-03-17 16:08:36 [http-nio-8081-exec-1] DEBUG o.s.web.servlet.DispatcherServlet - Completed 200 OK
2025-03-17 16:08:56 [http-nio-8081-exec-2] DEBUG o.s.security.web.FilterChainProxy - Securing GET /api/auth/check-admin
2025-03-17 16:08:56 [http-nio-8081-exec-2] INFO  o.g.l.s.JwtAuthenticationFilter - doFilterInternal: Extracted username 'admin' from token.
2025-03-17 16:08:56 [http-nio-8081-exec-2] INFO  o.g.l.s.CustomUserDetailsService - loadUserByUsername: Searching for user: admin
2025-03-17 16:08:56 [http-nio-8081-exec-2] DEBUG o.s.o.j.SharedEntityManagerCreator$SharedEntityManagerInvocationHandler - Creating new EntityManager for shared EntityManager invocation
2025-03-17 16:08:56 [http-nio-8081-exec-2] DEBUG org.hibernate.SQL - select u1_0.id,u1_0.created_at,u1_0.email,u1_0.password,u1_0.updated_at,u1_0.username from users u1_0 where u1_0.username=?
2025-03-17 16:08:56 [http-nio-8081-exec-2] DEBUG org.hibernate.SQL - select r1_0.user_id,r1_1.id,r1_1.created_at,r1_1.name,p1_0.role_id,p1_1.id,p1_1.created_at,p1_1.description,p1_1.name,p1_1.updated_at,r1_1.updated_at from user_roles r1_0 join roles r1_1 on r1_1.id=r1_0.role_id left join role_permissions p1_0 on r1_1.id=p1_0.role_id left join permissions p1_1 on p1_1.id=p1_0.permission_id where r1_0.user_id=?
2025-03-17 16:08:56 [http-nio-8081-exec-2] INFO  o.g.l.s.CustomUserDetailsService - loadUserByUsername: User admin found with roles: [org.guidewire.login.model.Role@6a7bc50e]
2025-03-17 16:08:56 [http-nio-8081-exec-2] INFO  o.g.login.security.CustomUserDetails - Initializing CustomUserDetails for user: admin
2025-03-17 16:08:56 [http-nio-8081-exec-2] DEBUG o.g.login.security.CustomUserDetails - User admin has roles: [ADMIN]
2025-03-17 16:08:56 [http-nio-8081-exec-2] DEBUG o.g.login.security.CustomUserDetails - User admin has permissions: [DELETE_TASK, CREATE_TASK, VIEW_TASK, CLOSE_TASK, ASSIGN_TASK, COMMENT_TASK, EDIT_TASK]
2025-03-17 16:08:56 [http-nio-8081-exec-2] INFO  o.g.login.security.CustomUserDetails - CustomUserDetails initialized successfully for user: admin
2025-03-17 16:08:56 [http-nio-8081-exec-2] INFO  o.guidewire.login.security.JwtUtil - validateToken:JWT validated successfully for user: admin
2025-03-17 16:08:56 [http-nio-8081-exec-2] DEBUG o.g.login.security.CustomUserDetails - Fetching authorities for user: admin
2025-03-17 16:08:56 [http-nio-8081-exec-2] INFO  o.g.l.s.JwtAuthenticationFilter - doFilterInternal: Authentication successful for user 'admin'.
2025-03-17 16:08:56 [http-nio-8081-exec-2] DEBUG o.s.security.web.FilterChainProxy - Secured GET /api/auth/check-admin
2025-03-17 16:08:56 [http-nio-8081-exec-2] DEBUG o.s.web.servlet.DispatcherServlet - GET "/api/auth/check-admin", parameters={}
2025-03-17 16:08:56 [http-nio-8081-exec-2] DEBUG o.s.w.s.m.m.a.RequestMappingHandlerMapping - Mapped to org.guidewire.login.controller.AuthController#checkIfAdmin(UserDetails)
2025-03-17 16:08:56 [http-nio-8081-exec-2] DEBUG o.s.o.j.s.OpenEntityManagerInViewInterceptor - Opening JPA EntityManager in OpenEntityManagerInViewInterceptor
2025-03-17 16:08:56 [http-nio-8081-exec-2] DEBUG o.g.login.security.CustomUserDetails - Fetching authorities for user: admin
2025-03-17 16:08:56 [http-nio-8081-exec-2] DEBUG o.s.w.s.m.m.a.HttpEntityMethodProcessor - Using 'application/json', given [*/*] and supported [application/json, application/*+json]
2025-03-17 16:08:56 [http-nio-8081-exec-2] DEBUG o.s.w.s.m.m.a.HttpEntityMethodProcessor - Writing [org.guidewire.login.dto.responses.UserRoleResponse@58fdd6da]
2025-03-17 16:08:56 [http-nio-8081-exec-2] DEBUG o.s.o.j.s.OpenEntityManagerInViewInterceptor - Closing JPA EntityManager in OpenEntityManagerInViewInterceptor
2025-03-17 16:08:56 [http-nio-8081-exec-2] DEBUG o.s.web.servlet.DispatcherServlet - Completed 200 OK
2025-03-17 16:08:57 [http-nio-8081-exec-3] DEBUG o.s.security.web.FilterChainProxy - Securing GET /api/auth/users/list
2025-03-17 16:08:57 [http-nio-8081-exec-3] INFO  o.g.l.s.JwtAuthenticationFilter - doFilterInternal: Extracted username 'admin' from token.
2025-03-17 16:08:57 [http-nio-8081-exec-3] INFO  o.g.l.s.CustomUserDetailsService - loadUserByUsername: Searching for user: admin
2025-03-17 16:08:57 [http-nio-8081-exec-3] DEBUG o.s.o.j.SharedEntityManagerCreator$SharedEntityManagerInvocationHandler - Creating new EntityManager for shared EntityManager invocation
2025-03-17 16:08:57 [http-nio-8081-exec-3] DEBUG org.hibernate.SQL - select u1_0.id,u1_0.created_at,u1_0.email,u1_0.password,u1_0.updated_at,u1_0.username from users u1_0 where u1_0.username=?
2025-03-17 16:08:57 [http-nio-8081-exec-3] DEBUG org.hibernate.SQL - select r1_0.user_id,r1_1.id,r1_1.created_at,r1_1.name,p1_0.role_id,p1_1.id,p1_1.created_at,p1_1.description,p1_1.name,p1_1.updated_at,r1_1.updated_at from user_roles r1_0 join roles r1_1 on r1_1.id=r1_0.role_id left join role_permissions p1_0 on r1_1.id=p1_0.role_id left join permissions p1_1 on p1_1.id=p1_0.permission_id where r1_0.user_id=?
2025-03-17 16:08:57 [http-nio-8081-exec-3] INFO  o.g.l.s.CustomUserDetailsService - loadUserByUsername: User admin found with roles: [org.guidewire.login.model.Role@64b147f3]
2025-03-17 16:08:57 [http-nio-8081-exec-3] INFO  o.g.login.security.CustomUserDetails - Initializing CustomUserDetails for user: admin
2025-03-17 16:08:57 [http-nio-8081-exec-3] DEBUG o.g.login.security.CustomUserDetails - User admin has roles: [ADMIN]
2025-03-17 16:08:57 [http-nio-8081-exec-3] DEBUG o.g.login.security.CustomUserDetails - User admin has permissions: [DELETE_TASK, CREATE_TASK, CLOSE_TASK, VIEW_TASK, COMMENT_TASK, ASSIGN_TASK, EDIT_TASK]
2025-03-17 16:08:57 [http-nio-8081-exec-3] INFO  o.g.login.security.CustomUserDetails - CustomUserDetails initialized successfully for user: admin
2025-03-17 16:08:57 [http-nio-8081-exec-3] INFO  o.guidewire.login.security.JwtUtil - validateToken:JWT validated successfully for user: admin
2025-03-17 16:08:57 [http-nio-8081-exec-3] DEBUG o.g.login.security.CustomUserDetails - Fetching authorities for user: admin
2025-03-17 16:08:57 [http-nio-8081-exec-3] INFO  o.g.l.s.JwtAuthenticationFilter - doFilterInternal: Authentication successful for user 'admin'.
2025-03-17 16:08:57 [http-nio-8081-exec-3] DEBUG o.s.security.web.FilterChainProxy - Secured GET /api/auth/users/list
2025-03-17 16:08:57 [http-nio-8081-exec-3] DEBUG o.s.web.servlet.DispatcherServlet - GET "/api/auth/users/list", parameters={}
2025-03-17 16:08:57 [http-nio-8081-exec-3] DEBUG o.s.w.s.m.m.a.RequestMappingHandlerMapping - Mapped to org.guidewire.login.controller.UserController#getAllUsers()
2025-03-17 16:08:57 [http-nio-8081-exec-3] DEBUG o.s.o.j.s.OpenEntityManagerInViewInterceptor - Opening JPA EntityManager in OpenEntityManagerInViewInterceptor
2025-03-17 16:08:57 [http-nio-8081-exec-3] INFO  o.g.login.services.UserService - getAllUsers: Fetching all users from the database.
2025-03-17 16:08:57 [http-nio-8081-exec-3] DEBUG o.s.orm.jpa.JpaTransactionManager - Found thread-bound EntityManager [SessionImpl(748716631<open>)] for JPA transaction
2025-03-17 16:08:57 [http-nio-8081-exec-3] DEBUG o.s.orm.jpa.JpaTransactionManager - Creating new transaction with name [org.springframework.data.jpa.repository.support.SimpleJpaRepository.findAll]: PROPAGATION_REQUIRED,ISOLATION_DEFAULT,readOnly
2025-03-17 16:08:57 [http-nio-8081-exec-3] DEBUG o.s.jdbc.datasource.DataSourceUtils - Setting JDBC Connection [HikariProxyConnection@194654603 wrapping org.postgresql.jdbc.PgConnection@647bc89e] read-only
2025-03-17 16:08:57 [http-nio-8081-exec-3] DEBUG o.s.orm.jpa.JpaTransactionManager - Exposing JPA transaction as JDBC [org.springframework.orm.jpa.vendor.HibernateJpaDialect$HibernateConnectionHandle@2f34af91]
2025-03-17 16:08:57 [http-nio-8081-exec-3] DEBUG org.hibernate.SQL - select u1_0.id,u1_0.created_at,u1_0.email,u1_0.password,u1_0.updated_at,u1_0.username from users u1_0
2025-03-17 16:08:57 [http-nio-8081-exec-3] DEBUG org.hibernate.SQL - select r1_0.user_id,r1_1.id,r1_1.created_at,r1_1.name,p1_0.role_id,p1_1.id,p1_1.created_at,p1_1.description,p1_1.name,p1_1.updated_at,r1_1.updated_at from user_roles r1_0 join roles r1_1 on r1_1.id=r1_0.role_id left join role_permissions p1_0 on r1_1.id=p1_0.role_id left join permissions p1_1 on p1_1.id=p1_0.permission_id where r1_0.user_id=?
2025-03-17 16:08:57 [http-nio-8081-exec-3] DEBUG org.hibernate.SQL - select r1_0.user_id,r1_1.id,r1_1.created_at,r1_1.name,p1_0.role_id,p1_1.id,p1_1.created_at,p1_1.description,p1_1.name,p1_1.updated_at,r1_1.updated_at from user_roles r1_0 join roles r1_1 on r1_1.id=r1_0.role_id left join role_permissions p1_0 on r1_1.id=p1_0.role_id left join permissions p1_1 on p1_1.id=p1_0.permission_id where r1_0.user_id=?
2025-03-17 16:08:57 [http-nio-8081-exec-3] DEBUG org.hibernate.SQL - select r1_0.user_id,r1_1.id,r1_1.created_at,r1_1.name,p1_0.role_id,p1_1.id,p1_1.created_at,p1_1.description,p1_1.name,p1_1.updated_at,r1_1.updated_at from user_roles r1_0 join roles r1_1 on r1_1.id=r1_0.role_id left join role_permissions p1_0 on r1_1.id=p1_0.role_id left join permissions p1_1 on p1_1.id=p1_0.permission_id where r1_0.user_id=?
2025-03-17 16:08:57 [http-nio-8081-exec-3] DEBUG org.hibernate.SQL - select r1_0.user_id,r1_1.id,r1_1.created_at,r1_1.name,p1_0.role_id,p1_1.id,p1_1.created_at,p1_1.description,p1_1.name,p1_1.updated_at,r1_1.updated_at from user_roles r1_0 join roles r1_1 on r1_1.id=r1_0.role_id left join role_permissions p1_0 on r1_1.id=p1_0.role_id left join permissions p1_1 on p1_1.id=p1_0.permission_id where r1_0.user_id=?
2025-03-17 16:08:57 [http-nio-8081-exec-3] DEBUG org.hibernate.SQL - select r1_0.user_id,r1_1.id,r1_1.created_at,r1_1.name,p1_0.role_id,p1_1.id,p1_1.created_at,p1_1.description,p1_1.name,p1_1.updated_at,r1_1.updated_at from user_roles r1_0 join roles r1_1 on r1_1.id=r1_0.role_id left join role_permissions p1_0 on r1_1.id=p1_0.role_id left join permissions p1_1 on p1_1.id=p1_0.permission_id where r1_0.user_id=?
2025-03-17 16:08:57 [http-nio-8081-exec-3] DEBUG o.s.orm.jpa.JpaTransactionManager - Initiating transaction commit
2025-03-17 16:08:57 [http-nio-8081-exec-3] DEBUG o.s.orm.jpa.JpaTransactionManager - Committing JPA transaction on EntityManager [SessionImpl(748716631<open>)]
2025-03-17 16:08:57 [http-nio-8081-exec-3] DEBUG o.s.jdbc.datasource.DataSourceUtils - Resetting read-only flag of JDBC Connection [HikariProxyConnection@194654603 wrapping org.postgresql.jdbc.PgConnection@647bc89e]
2025-03-17 16:08:57 [http-nio-8081-exec-3] DEBUG o.s.orm.jpa.JpaTransactionManager - Not closing pre-bound JPA EntityManager after transaction
2025-03-17 16:08:57 [http-nio-8081-exec-3] INFO  o.g.login.services.UserService - getAllUsers: Retrieved 5 users.
2025-03-17 16:08:57 [http-nio-8081-exec-3] DEBUG o.s.w.s.m.m.a.HttpEntityMethodProcessor - Using 'application/json', given [*/*] and supported [application/json, application/*+json]
2025-03-17 16:08:57 [http-nio-8081-exec-3] DEBUG o.s.w.s.m.m.a.HttpEntityMethodProcessor - Writing [[org.guidewire.login.dto.responses.UserResponse@32e44622, org.guidewire.login.dto.responses.UserResp (truncated)...]
2025-03-17 16:08:57 [http-nio-8081-exec-3] DEBUG o.s.o.j.s.OpenEntityManagerInViewInterceptor - Closing JPA EntityManager in OpenEntityManagerInViewInterceptor
2025-03-17 16:08:57 [http-nio-8081-exec-3] DEBUG o.s.web.servlet.DispatcherServlet - Completed 200 OK
2025-03-17 16:08:57 [http-nio-8081-exec-4] DEBUG o.s.security.web.FilterChainProxy - Securing GET /api/auth/current/user
2025-03-17 16:08:57 [http-nio-8081-exec-4] INFO  o.g.l.s.JwtAuthenticationFilter - doFilterInternal: Extracted username 'admin' from token.
2025-03-17 16:08:57 [http-nio-8081-exec-4] INFO  o.g.l.s.CustomUserDetailsService - loadUserByUsername: Searching for user: admin
2025-03-17 16:08:57 [http-nio-8081-exec-4] DEBUG o.s.o.j.SharedEntityManagerCreator$SharedEntityManagerInvocationHandler - Creating new EntityManager for shared EntityManager invocation
2025-03-17 16:08:57 [http-nio-8081-exec-4] DEBUG org.hibernate.SQL - select u1_0.id,u1_0.created_at,u1_0.email,u1_0.password,u1_0.updated_at,u1_0.username from users u1_0 where u1_0.username=?
2025-03-17 16:08:57 [http-nio-8081-exec-4] DEBUG org.hibernate.SQL - select r1_0.user_id,r1_1.id,r1_1.created_at,r1_1.name,p1_0.role_id,p1_1.id,p1_1.created_at,p1_1.description,p1_1.name,p1_1.updated_at,r1_1.updated_at from user_roles r1_0 join roles r1_1 on r1_1.id=r1_0.role_id left join role_permissions p1_0 on r1_1.id=p1_0.role_id left join permissions p1_1 on p1_1.id=p1_0.permission_id where r1_0.user_id=?
2025-03-17 16:08:57 [http-nio-8081-exec-4] INFO  o.g.l.s.CustomUserDetailsService - loadUserByUsername: User admin found with roles: [org.guidewire.login.model.Role@4491ec27]
2025-03-17 16:08:57 [http-nio-8081-exec-4] INFO  o.g.login.security.CustomUserDetails - Initializing CustomUserDetails for user: admin
2025-03-17 16:08:57 [http-nio-8081-exec-4] DEBUG o.g.login.security.CustomUserDetails - User admin has roles: [ADMIN]
2025-03-17 16:08:57 [http-nio-8081-exec-4] DEBUG o.g.login.security.CustomUserDetails - User admin has permissions: [DELETE_TASK, CREATE_TASK, CLOSE_TASK, VIEW_TASK, COMMENT_TASK, ASSIGN_TASK, EDIT_TASK]
2025-03-17 16:08:57 [http-nio-8081-exec-4] INFO  o.g.login.security.CustomUserDetails - CustomUserDetails initialized successfully for user: admin
2025-03-17 16:08:57 [http-nio-8081-exec-4] INFO  o.guidewire.login.security.JwtUtil - validateToken:JWT validated successfully for user: admin
2025-03-17 16:08:57 [http-nio-8081-exec-4] DEBUG o.g.login.security.CustomUserDetails - Fetching authorities for user: admin
2025-03-17 16:08:57 [http-nio-8081-exec-4] INFO  o.g.l.s.JwtAuthenticationFilter - doFilterInternal: Authentication successful for user 'admin'.
2025-03-17 16:08:57 [http-nio-8081-exec-4] DEBUG o.s.security.web.FilterChainProxy - Secured GET /api/auth/current/user
2025-03-17 16:08:57 [http-nio-8081-exec-4] DEBUG o.s.web.servlet.DispatcherServlet - GET "/api/auth/current/user", parameters={}
2025-03-17 16:08:57 [http-nio-8081-exec-4] DEBUG o.s.w.s.m.m.a.RequestMappingHandlerMapping - Mapped to org.guidewire.login.controller.AuthController#getCurrentUser(Principal)
2025-03-17 16:08:57 [http-nio-8081-exec-4] DEBUG o.s.o.j.s.OpenEntityManagerInViewInterceptor - Opening JPA EntityManager in OpenEntityManagerInViewInterceptor
2025-03-17 16:08:57 [http-nio-8081-exec-4] INFO  o.g.login.controller.AuthController - getCurrentUser: Fetching details for user: admin
2025-03-17 16:08:57 [http-nio-8081-exec-4] DEBUG o.g.login.services.AuthService - getUserDetails:Fetching user details for: admin
2025-03-17 16:08:57 [http-nio-8081-exec-4] DEBUG org.hibernate.SQL - select u1_0.id,u1_0.created_at,u1_0.email,u1_0.password,u1_0.updated_at,u1_0.username from users u1_0 where u1_0.username=?
2025-03-17 16:08:57 [http-nio-8081-exec-4] DEBUG org.hibernate.SQL - select r1_0.user_id,r1_1.id,r1_1.created_at,r1_1.name,p1_0.role_id,p1_1.id,p1_1.created_at,p1_1.description,p1_1.name,p1_1.updated_at,r1_1.updated_at from user_roles r1_0 join roles r1_1 on r1_1.id=r1_0.role_id left join role_permissions p1_0 on r1_1.id=p1_0.role_id left join permissions p1_1 on p1_1.id=p1_0.permission_id where r1_0.user_id=?
2025-03-17 16:08:57 [http-nio-8081-exec-4] INFO  o.g.login.controller.AuthController - getCurrentUser: Returning user details for admin
2025-03-17 16:08:57 [http-nio-8081-exec-4] DEBUG o.s.w.s.m.m.a.HttpEntityMethodProcessor - Using 'application/json', given [*/*] and supported [application/json, application/*+json]
2025-03-17 16:08:57 [http-nio-8081-exec-4] DEBUG o.s.w.s.m.m.a.HttpEntityMethodProcessor - Writing [org.guidewire.login.dto.responses.UserResponse@30bc487f]
2025-03-17 16:08:57 [http-nio-8081-exec-4] DEBUG o.s.o.j.s.OpenEntityManagerInViewInterceptor - Closing JPA EntityManager in OpenEntityManagerInViewInterceptor
2025-03-17 16:08:57 [http-nio-8081-exec-4] DEBUG o.s.web.servlet.DispatcherServlet - Completed 200 OK
2025-03-17 16:08:59 [http-nio-8081-exec-5] DEBUG o.s.security.web.FilterChainProxy - Securing GET /api/auth/users/list
2025-03-17 16:08:59 [http-nio-8081-exec-5] INFO  o.g.l.s.JwtAuthenticationFilter - doFilterInternal: Extracted username 'admin' from token.
2025-03-17 16:08:59 [http-nio-8081-exec-5] INFO  o.g.l.s.CustomUserDetailsService - loadUserByUsername: Searching for user: admin
2025-03-17 16:08:59 [http-nio-8081-exec-5] DEBUG o.s.o.j.SharedEntityManagerCreator$SharedEntityManagerInvocationHandler - Creating new EntityManager for shared EntityManager invocation
2025-03-17 16:08:59 [http-nio-8081-exec-5] DEBUG org.hibernate.SQL - select u1_0.id,u1_0.created_at,u1_0.email,u1_0.password,u1_0.updated_at,u1_0.username from users u1_0 where u1_0.username=?
2025-03-17 16:08:59 [http-nio-8081-exec-5] DEBUG org.hibernate.SQL - select r1_0.user_id,r1_1.id,r1_1.created_at,r1_1.name,p1_0.role_id,p1_1.id,p1_1.created_at,p1_1.description,p1_1.name,p1_1.updated_at,r1_1.updated_at from user_roles r1_0 join roles r1_1 on r1_1.id=r1_0.role_id left join role_permissions p1_0 on r1_1.id=p1_0.role_id left join permissions p1_1 on p1_1.id=p1_0.permission_id where r1_0.user_id=?
2025-03-17 16:08:59 [http-nio-8081-exec-5] INFO  o.g.l.s.CustomUserDetailsService - loadUserByUsername: User admin found with roles: [org.guidewire.login.model.Role@71b893b]
2025-03-17 16:08:59 [http-nio-8081-exec-5] INFO  o.g.login.security.CustomUserDetails - Initializing CustomUserDetails for user: admin
2025-03-17 16:08:59 [http-nio-8081-exec-5] DEBUG o.g.login.security.CustomUserDetails - User admin has roles: [ADMIN]
2025-03-17 16:08:59 [http-nio-8081-exec-5] DEBUG o.g.login.security.CustomUserDetails - User admin has permissions: [DELETE_TASK, CREATE_TASK, VIEW_TASK, CLOSE_TASK, COMMENT_TASK, ASSIGN_TASK, EDIT_TASK]
2025-03-17 16:08:59 [http-nio-8081-exec-5] INFO  o.g.login.security.CustomUserDetails - CustomUserDetails initialized successfully for user: admin
2025-03-17 16:08:59 [http-nio-8081-exec-5] INFO  o.guidewire.login.security.JwtUtil - validateToken:JWT validated successfully for user: admin
2025-03-17 16:08:59 [http-nio-8081-exec-5] DEBUG o.g.login.security.CustomUserDetails - Fetching authorities for user: admin
2025-03-17 16:08:59 [http-nio-8081-exec-5] INFO  o.g.l.s.JwtAuthenticationFilter - doFilterInternal: Authentication successful for user 'admin'.
2025-03-17 16:08:59 [http-nio-8081-exec-5] DEBUG o.s.security.web.FilterChainProxy - Secured GET /api/auth/users/list
2025-03-17 16:08:59 [http-nio-8081-exec-5] DEBUG o.s.web.servlet.DispatcherServlet - GET "/api/auth/users/list", parameters={}
2025-03-17 16:08:59 [http-nio-8081-exec-5] DEBUG o.s.w.s.m.m.a.RequestMappingHandlerMapping - Mapped to org.guidewire.login.controller.UserController#getAllUsers()
2025-03-17 16:08:59 [http-nio-8081-exec-5] DEBUG o.s.o.j.s.OpenEntityManagerInViewInterceptor - Opening JPA EntityManager in OpenEntityManagerInViewInterceptor
2025-03-17 16:08:59 [http-nio-8081-exec-5] INFO  o.g.login.services.UserService - getAllUsers: Fetching all users from the database.
2025-03-17 16:08:59 [http-nio-8081-exec-5] DEBUG o.s.orm.jpa.JpaTransactionManager - Found thread-bound EntityManager [SessionImpl(1903457488<open>)] for JPA transaction
2025-03-17 16:08:59 [http-nio-8081-exec-5] DEBUG o.s.orm.jpa.JpaTransactionManager - Creating new transaction with name [org.springframework.data.jpa.repository.support.SimpleJpaRepository.findAll]: PROPAGATION_REQUIRED,ISOLATION_DEFAULT,readOnly
2025-03-17 16:08:59 [http-nio-8081-exec-5] DEBUG o.s.jdbc.datasource.DataSourceUtils - Setting JDBC Connection [HikariProxyConnection@883380263 wrapping org.postgresql.jdbc.PgConnection@647bc89e] read-only
2025-03-17 16:08:59 [http-nio-8081-exec-5] DEBUG o.s.orm.jpa.JpaTransactionManager - Exposing JPA transaction as JDBC [org.springframework.orm.jpa.vendor.HibernateJpaDialect$HibernateConnectionHandle@6af0eb58]
2025-03-17 16:08:59 [http-nio-8081-exec-5] DEBUG org.hibernate.SQL - select u1_0.id,u1_0.created_at,u1_0.email,u1_0.password,u1_0.updated_at,u1_0.username from users u1_0
2025-03-17 16:08:59 [http-nio-8081-exec-5] DEBUG org.hibernate.SQL - select r1_0.user_id,r1_1.id,r1_1.created_at,r1_1.name,p1_0.role_id,p1_1.id,p1_1.created_at,p1_1.description,p1_1.name,p1_1.updated_at,r1_1.updated_at from user_roles r1_0 join roles r1_1 on r1_1.id=r1_0.role_id left join role_permissions p1_0 on r1_1.id=p1_0.role_id left join permissions p1_1 on p1_1.id=p1_0.permission_id where r1_0.user_id=?
2025-03-17 16:08:59 [http-nio-8081-exec-5] DEBUG org.hibernate.SQL - select r1_0.user_id,r1_1.id,r1_1.created_at,r1_1.name,p1_0.role_id,p1_1.id,p1_1.created_at,p1_1.description,p1_1.name,p1_1.updated_at,r1_1.updated_at from user_roles r1_0 join roles r1_1 on r1_1.id=r1_0.role_id left join role_permissions p1_0 on r1_1.id=p1_0.role_id left join permissions p1_1 on p1_1.id=p1_0.permission_id where r1_0.user_id=?
2025-03-17 16:08:59 [http-nio-8081-exec-5] DEBUG org.hibernate.SQL - select r1_0.user_id,r1_1.id,r1_1.created_at,r1_1.name,p1_0.role_id,p1_1.id,p1_1.created_at,p1_1.description,p1_1.name,p1_1.updated_at,r1_1.updated_at from user_roles r1_0 join roles r1_1 on r1_1.id=r1_0.role_id left join role_permissions p1_0 on r1_1.id=p1_0.role_id left join permissions p1_1 on p1_1.id=p1_0.permission_id where r1_0.user_id=?
2025-03-17 16:08:59 [http-nio-8081-exec-5] DEBUG org.hibernate.SQL - select r1_0.user_id,r1_1.id,r1_1.created_at,r1_1.name,p1_0.role_id,p1_1.id,p1_1.created_at,p1_1.description,p1_1.name,p1_1.updated_at,r1_1.updated_at from user_roles r1_0 join roles r1_1 on r1_1.id=r1_0.role_id left join role_permissions p1_0 on r1_1.id=p1_0.role_id left join permissions p1_1 on p1_1.id=p1_0.permission_id where r1_0.user_id=?
2025-03-17 16:08:59 [http-nio-8081-exec-5] DEBUG org.hibernate.SQL - select r1_0.user_id,r1_1.id,r1_1.created_at,r1_1.name,p1_0.role_id,p1_1.id,p1_1.created_at,p1_1.description,p1_1.name,p1_1.updated_at,r1_1.updated_at from user_roles r1_0 join roles r1_1 on r1_1.id=r1_0.role_id left join role_permissions p1_0 on r1_1.id=p1_0.role_id left join permissions p1_1 on p1_1.id=p1_0.permission_id where r1_0.user_id=?
2025-03-17 16:08:59 [http-nio-8081-exec-5] DEBUG o.s.orm.jpa.JpaTransactionManager - Initiating transaction commit
2025-03-17 16:08:59 [http-nio-8081-exec-5] DEBUG o.s.orm.jpa.JpaTransactionManager - Committing JPA transaction on EntityManager [SessionImpl(1903457488<open>)]
2025-03-17 16:08:59 [http-nio-8081-exec-5] DEBUG o.s.jdbc.datasource.DataSourceUtils - Resetting read-only flag of JDBC Connection [HikariProxyConnection@883380263 wrapping org.postgresql.jdbc.PgConnection@647bc89e]
2025-03-17 16:08:59 [http-nio-8081-exec-5] DEBUG o.s.orm.jpa.JpaTransactionManager - Not closing pre-bound JPA EntityManager after transaction
2025-03-17 16:08:59 [http-nio-8081-exec-5] INFO  o.g.login.services.UserService - getAllUsers: Retrieved 5 users.
2025-03-17 16:08:59 [http-nio-8081-exec-5] DEBUG o.s.w.s.m.m.a.HttpEntityMethodProcessor - Using 'application/json', given [*/*] and supported [application/json, application/*+json]
2025-03-17 16:08:59 [http-nio-8081-exec-5] DEBUG o.s.w.s.m.m.a.HttpEntityMethodProcessor - Writing [[org.guidewire.login.dto.responses.UserResponse@53e5df65, org.guidewire.login.dto.responses.UserResp (truncated)...]
2025-03-17 16:08:59 [http-nio-8081-exec-5] DEBUG o.s.o.j.s.OpenEntityManagerInViewInterceptor - Closing JPA EntityManager in OpenEntityManagerInViewInterceptor
2025-03-17 16:08:59 [http-nio-8081-exec-5] DEBUG o.s.web.servlet.DispatcherServlet - Completed 200 OK
2025-03-17 16:08:59 [http-nio-8081-exec-6] DEBUG o.s.security.web.FilterChainProxy - Securing GET /api/auth/user/details
2025-03-17 16:08:59 [http-nio-8081-exec-6] DEBUG o.g.l.s.JwtAuthenticationFilter - doFilterInternal: No valid Authorization header found, skipping JWT processing.
2025-03-17 16:08:59 [http-nio-8081-exec-6] DEBUG o.s.s.w.a.AnonymousAuthenticationFilter - Set SecurityContextHolder to anonymous SecurityContext
2025-03-17 16:08:59 [http-nio-8081-exec-6] DEBUG o.s.security.web.FilterChainProxy - Secured GET /api/auth/user/details
2025-03-17 16:08:59 [http-nio-8081-exec-6] DEBUG o.s.web.servlet.DispatcherServlet - GET "/api/auth/user/details", parameters={}
2025-03-17 16:08:59 [http-nio-8081-exec-6] DEBUG o.s.w.s.m.m.a.RequestMappingHandlerMapping - Mapped to org.guidewire.login.controller.AuthController#fetchUserDetails(List)
2025-03-17 16:08:59 [http-nio-8081-exec-6] DEBUG o.s.o.j.s.OpenEntityManagerInViewInterceptor - Opening JPA EntityManager in OpenEntityManagerInViewInterceptor
2025-03-17 16:08:59 [http-nio-8081-exec-6] DEBUG o.s.w.s.m.m.a.RequestResponseBodyMethodProcessor - Read "application/json;charset=UTF-8" to [[null]]
2025-03-17 16:08:59 [http-nio-8081-exec-6] INFO  o.g.login.controller.AuthController - fetchUserDetails: Fetching details for users with IDs: [null]
2025-03-17 16:08:59 [http-nio-8081-exec-6] DEBUG o.s.orm.jpa.JpaTransactionManager - Found thread-bound EntityManager [SessionImpl(769385985<open>)] for JPA transaction
2025-03-17 16:08:59 [http-nio-8081-exec-6] DEBUG o.s.orm.jpa.JpaTransactionManager - Creating new transaction with name [org.springframework.data.jpa.repository.support.SimpleJpaRepository.findAllById]: PROPAGATION_REQUIRED,ISOLATION_DEFAULT,readOnly
2025-03-17 16:08:59 [http-nio-8081-exec-6] DEBUG o.s.jdbc.datasource.DataSourceUtils - Setting JDBC Connection [HikariProxyConnection@559208326 wrapping org.postgresql.jdbc.PgConnection@647bc89e] read-only
2025-03-17 16:08:59 [http-nio-8081-exec-6] DEBUG o.s.orm.jpa.JpaTransactionManager - Exposing JPA transaction as JDBC [org.springframework.orm.jpa.vendor.HibernateJpaDialect$HibernateConnectionHandle@72bfd27c]
2025-03-17 16:08:59 [http-nio-8081-exec-6] DEBUG org.hibernate.SQL - select u1_0.id,u1_0.created_at,u1_0.email,u1_0.password,u1_0.updated_at,u1_0.username from users u1_0 where u1_0.id in (?)
2025-03-17 16:08:59 [http-nio-8081-exec-6] DEBUG o.s.orm.jpa.JpaTransactionManager - Initiating transaction commit
2025-03-17 16:08:59 [http-nio-8081-exec-6] DEBUG o.s.orm.jpa.JpaTransactionManager - Committing JPA transaction on EntityManager [SessionImpl(769385985<open>)]
2025-03-17 16:08:59 [http-nio-8081-exec-6] DEBUG o.s.jdbc.datasource.DataSourceUtils - Resetting read-only flag of JDBC Connection [HikariProxyConnection@559208326 wrapping org.postgresql.jdbc.PgConnection@647bc89e]
2025-03-17 16:08:59 [http-nio-8081-exec-6] DEBUG o.s.orm.jpa.JpaTransactionManager - Not closing pre-bound JPA EntityManager after transaction
2025-03-17 16:08:59 [http-nio-8081-exec-6] INFO  o.g.login.controller.AuthController - fetchUserDetails: Returning user details for users: []
2025-03-17 16:08:59 [http-nio-8081-exec-6] DEBUG o.s.w.s.m.m.a.HttpEntityMethodProcessor - Using 'application/json', given [*/*] and supported [application/json, application/*+json]
2025-03-17 16:08:59 [http-nio-8081-exec-6] DEBUG o.s.w.s.m.m.a.HttpEntityMethodProcessor - Writing [[]]
2025-03-17 16:08:59 [http-nio-8081-exec-6] DEBUG o.s.o.j.s.OpenEntityManagerInViewInterceptor - Closing JPA EntityManager in OpenEntityManagerInViewInterceptor
2025-03-17 16:08:59 [http-nio-8081-exec-6] DEBUG o.s.web.servlet.DispatcherServlet - Completed 200 OK
2025-03-17 16:09:04 [http-nio-8081-exec-7] DEBUG o.s.security.web.FilterChainProxy - Securing GET /api/auth/user/details
2025-03-17 16:09:04 [http-nio-8081-exec-7] INFO  o.g.l.s.JwtAuthenticationFilter - doFilterInternal: Extracted username 'admin' from token.
2025-03-17 16:09:04 [http-nio-8081-exec-7] INFO  o.g.l.s.CustomUserDetailsService - loadUserByUsername: Searching for user: admin
2025-03-17 16:09:04 [http-nio-8081-exec-7] DEBUG o.s.o.j.SharedEntityManagerCreator$SharedEntityManagerInvocationHandler - Creating new EntityManager for shared EntityManager invocation
2025-03-17 16:09:04 [http-nio-8081-exec-7] DEBUG org.hibernate.SQL - select u1_0.id,u1_0.created_at,u1_0.email,u1_0.password,u1_0.updated_at,u1_0.username from users u1_0 where u1_0.username=?
2025-03-17 16:09:04 [http-nio-8081-exec-7] DEBUG org.hibernate.SQL - select r1_0.user_id,r1_1.id,r1_1.created_at,r1_1.name,p1_0.role_id,p1_1.id,p1_1.created_at,p1_1.description,p1_1.name,p1_1.updated_at,r1_1.updated_at from user_roles r1_0 join roles r1_1 on r1_1.id=r1_0.role_id left join role_permissions p1_0 on r1_1.id=p1_0.role_id left join permissions p1_1 on p1_1.id=p1_0.permission_id where r1_0.user_id=?
2025-03-17 16:09:04 [http-nio-8081-exec-7] INFO  o.g.l.s.CustomUserDetailsService - loadUserByUsername: User admin found with roles: [org.guidewire.login.model.Role@42f79b97]
2025-03-17 16:09:04 [http-nio-8081-exec-7] INFO  o.g.login.security.CustomUserDetails - Initializing CustomUserDetails for user: admin
2025-03-17 16:09:04 [http-nio-8081-exec-7] DEBUG o.g.login.security.CustomUserDetails - User admin has roles: [ADMIN]
2025-03-17 16:09:04 [http-nio-8081-exec-7] DEBUG o.g.login.security.CustomUserDetails - User admin has permissions: [DELETE_TASK, CREATE_TASK, VIEW_TASK, CLOSE_TASK, COMMENT_TASK, ASSIGN_TASK, EDIT_TASK]
2025-03-17 16:09:04 [http-nio-8081-exec-7] INFO  o.g.login.security.CustomUserDetails - CustomUserDetails initialized successfully for user: admin
2025-03-17 16:09:04 [http-nio-8081-exec-7] INFO  o.guidewire.login.security.JwtUtil - validateToken:JWT validated successfully for user: admin
2025-03-17 16:09:04 [http-nio-8081-exec-7] DEBUG o.g.login.security.CustomUserDetails - Fetching authorities for user: admin
2025-03-17 16:09:04 [http-nio-8081-exec-7] INFO  o.g.l.s.JwtAuthenticationFilter - doFilterInternal: Authentication successful for user 'admin'.
2025-03-17 16:09:04 [http-nio-8081-exec-7] DEBUG o.s.security.web.FilterChainProxy - Secured GET /api/auth/user/details
2025-03-17 16:09:04 [http-nio-8081-exec-7] DEBUG o.s.web.servlet.DispatcherServlet - GET "/api/auth/user/details", parameters={}
2025-03-17 16:09:04 [http-nio-8081-exec-7] DEBUG o.s.w.s.m.m.a.RequestMappingHandlerMapping - Mapped to org.guidewire.login.controller.AuthController#fetchUserDetails(List)
2025-03-17 16:09:04 [http-nio-8081-exec-7] DEBUG o.s.o.j.s.OpenEntityManagerInViewInterceptor - Opening JPA EntityManager in OpenEntityManagerInViewInterceptor
2025-03-17 16:09:04 [http-nio-8081-exec-7] DEBUG o.s.w.s.m.m.a.RequestResponseBodyMethodProcessor - Read "application/json;charset=UTF-8" to [[null]]
2025-03-17 16:09:04 [http-nio-8081-exec-7] INFO  o.g.login.controller.AuthController - fetchUserDetails: Fetching details for users with IDs: [null]
2025-03-17 16:09:04 [http-nio-8081-exec-7] DEBUG o.s.orm.jpa.JpaTransactionManager - Found thread-bound EntityManager [SessionImpl(2046197368<open>)] for JPA transaction
2025-03-17 16:09:04 [http-nio-8081-exec-7] DEBUG o.s.orm.jpa.JpaTransactionManager - Creating new transaction with name [org.springframework.data.jpa.repository.support.SimpleJpaRepository.findAllById]: PROPAGATION_REQUIRED,ISOLATION_DEFAULT,readOnly
2025-03-17 16:09:04 [http-nio-8081-exec-7] DEBUG o.s.jdbc.datasource.DataSourceUtils - Setting JDBC Connection [HikariProxyConnection@1115284981 wrapping org.postgresql.jdbc.PgConnection@647bc89e] read-only
2025-03-17 16:09:04 [http-nio-8081-exec-7] DEBUG o.s.orm.jpa.JpaTransactionManager - Exposing JPA transaction as JDBC [org.springframework.orm.jpa.vendor.HibernateJpaDialect$HibernateConnectionHandle@bdb3970]
2025-03-17 16:09:04 [http-nio-8081-exec-7] DEBUG org.hibernate.SQL - select u1_0.id,u1_0.created_at,u1_0.email,u1_0.password,u1_0.updated_at,u1_0.username from users u1_0 where u1_0.id in (?)
2025-03-17 16:09:04 [http-nio-8081-exec-7] DEBUG o.s.orm.jpa.JpaTransactionManager - Initiating transaction commit
2025-03-17 16:09:04 [http-nio-8081-exec-7] DEBUG o.s.orm.jpa.JpaTransactionManager - Committing JPA transaction on EntityManager [SessionImpl(2046197368<open>)]
2025-03-17 16:09:04 [http-nio-8081-exec-7] DEBUG o.s.jdbc.datasource.DataSourceUtils - Resetting read-only flag of JDBC Connection [HikariProxyConnection@1115284981 wrapping org.postgresql.jdbc.PgConnection@647bc89e]
2025-03-17 16:09:04 [http-nio-8081-exec-7] DEBUG o.s.orm.jpa.JpaTransactionManager - Not closing pre-bound JPA EntityManager after transaction
2025-03-17 16:09:04 [http-nio-8081-exec-7] INFO  o.g.login.controller.AuthController - fetchUserDetails: Returning user details for users: []
2025-03-17 16:09:04 [http-nio-8081-exec-7] DEBUG o.s.w.s.m.m.a.HttpEntityMethodProcessor - Using 'application/json', given [*/*] and supported [application/json, application/*+json]
2025-03-17 16:09:04 [http-nio-8081-exec-7] DEBUG o.s.w.s.m.m.a.HttpEntityMethodProcessor - Writing [[]]
2025-03-17 16:09:04 [http-nio-8081-exec-7] DEBUG o.s.o.j.s.OpenEntityManagerInViewInterceptor - Closing JPA EntityManager in OpenEntityManagerInViewInterceptor
2025-03-17 16:09:04 [http-nio-8081-exec-7] DEBUG o.s.web.servlet.DispatcherServlet - Completed 200 OK
2025-03-17 16:17:29 [http-nio-8081-exec-10] DEBUG o.s.security.web.FilterChainProxy - Securing GET /api/auth/users/list
2025-03-17 16:17:29 [http-nio-8081-exec-10] INFO  o.g.l.s.JwtAuthenticationFilter - doFilterInternal: Extracted username 'admin' from token.
2025-03-17 16:17:29 [http-nio-8081-exec-10] INFO  o.g.l.s.CustomUserDetailsService - loadUserByUsername: Searching for user: admin
2025-03-17 16:17:29 [http-nio-8081-exec-10] DEBUG o.s.o.j.SharedEntityManagerCreator$SharedEntityManagerInvocationHandler - Creating new EntityManager for shared EntityManager invocation
2025-03-17 16:17:29 [http-nio-8081-exec-10] DEBUG org.hibernate.SQL - select u1_0.id,u1_0.created_at,u1_0.email,u1_0.password,u1_0.updated_at,u1_0.username from users u1_0 where u1_0.username=?
2025-03-17 16:17:29 [http-nio-8081-exec-10] DEBUG org.hibernate.SQL - select r1_0.user_id,r1_1.id,r1_1.created_at,r1_1.name,p1_0.role_id,p1_1.id,p1_1.created_at,p1_1.description,p1_1.name,p1_1.updated_at,r1_1.updated_at from user_roles r1_0 join roles r1_1 on r1_1.id=r1_0.role_id left join role_permissions p1_0 on r1_1.id=p1_0.role_id left join permissions p1_1 on p1_1.id=p1_0.permission_id where r1_0.user_id=?
2025-03-17 16:17:29 [http-nio-8081-exec-10] INFO  o.g.l.s.CustomUserDetailsService - loadUserByUsername: User admin found with roles: [org.guidewire.login.model.Role@34ee16d8]
2025-03-17 16:17:29 [http-nio-8081-exec-10] INFO  o.g.login.security.CustomUserDetails - Initializing CustomUserDetails for user: admin
2025-03-17 16:17:29 [http-nio-8081-exec-10] DEBUG o.g.login.security.CustomUserDetails - User admin has roles: [ADMIN]
2025-03-17 16:17:29 [http-nio-8081-exec-10] DEBUG o.g.login.security.CustomUserDetails - User admin has permissions: [DELETE_TASK, CREATE_TASK, VIEW_TASK, CLOSE_TASK, ASSIGN_TASK, COMMENT_TASK, EDIT_TASK]
2025-03-17 16:17:29 [http-nio-8081-exec-10] INFO  o.g.login.security.CustomUserDetails - CustomUserDetails initialized successfully for user: admin
2025-03-17 16:17:29 [http-nio-8081-exec-10] INFO  o.guidewire.login.security.JwtUtil - validateToken:JWT validated successfully for user: admin
2025-03-17 16:17:29 [http-nio-8081-exec-10] DEBUG o.g.login.security.CustomUserDetails - Fetching authorities for user: admin
2025-03-17 16:17:29 [http-nio-8081-exec-10] INFO  o.g.l.s.JwtAuthenticationFilter - doFilterInternal: Authentication successful for user 'admin'.
2025-03-17 16:17:29 [http-nio-8081-exec-10] DEBUG o.s.security.web.FilterChainProxy - Secured GET /api/auth/users/list
2025-03-17 16:17:29 [http-nio-8081-exec-10] DEBUG o.s.web.servlet.DispatcherServlet - GET "/api/auth/users/list", parameters={}
2025-03-17 16:17:29 [http-nio-8081-exec-10] DEBUG o.s.w.s.m.m.a.RequestMappingHandlerMapping - Mapped to org.guidewire.login.controller.UserController#getAllUsers()
2025-03-17 16:17:29 [http-nio-8081-exec-10] DEBUG o.s.o.j.s.OpenEntityManagerInViewInterceptor - Opening JPA EntityManager in OpenEntityManagerInViewInterceptor
2025-03-17 16:17:29 [http-nio-8081-exec-10] INFO  o.g.login.services.UserService - getAllUsers: Fetching all users from the database.
2025-03-17 16:17:29 [http-nio-8081-exec-10] DEBUG o.s.orm.jpa.JpaTransactionManager - Found thread-bound EntityManager [SessionImpl(2003366200<open>)] for JPA transaction
2025-03-17 16:17:29 [http-nio-8081-exec-10] DEBUG o.s.orm.jpa.JpaTransactionManager - Creating new transaction with name [org.springframework.data.jpa.repository.support.SimpleJpaRepository.findAll]: PROPAGATION_REQUIRED,ISOLATION_DEFAULT,readOnly
2025-03-17 16:17:29 [http-nio-8081-exec-10] DEBUG o.s.jdbc.datasource.DataSourceUtils - Setting JDBC Connection [HikariProxyConnection@1219330078 wrapping org.postgresql.jdbc.PgConnection@647bc89e] read-only
2025-03-17 16:17:29 [http-nio-8081-exec-10] DEBUG o.s.orm.jpa.JpaTransactionManager - Exposing JPA transaction as JDBC [org.springframework.orm.jpa.vendor.HibernateJpaDialect$HibernateConnectionHandle@4394049]
2025-03-17 16:17:29 [http-nio-8081-exec-10] DEBUG org.hibernate.SQL - select u1_0.id,u1_0.created_at,u1_0.email,u1_0.password,u1_0.updated_at,u1_0.username from users u1_0
2025-03-17 16:17:29 [http-nio-8081-exec-10] DEBUG org.hibernate.SQL - select r1_0.user_id,r1_1.id,r1_1.created_at,r1_1.name,p1_0.role_id,p1_1.id,p1_1.created_at,p1_1.description,p1_1.name,p1_1.updated_at,r1_1.updated_at from user_roles r1_0 join roles r1_1 on r1_1.id=r1_0.role_id left join role_permissions p1_0 on r1_1.id=p1_0.role_id left join permissions p1_1 on p1_1.id=p1_0.permission_id where r1_0.user_id=?
2025-03-17 16:17:29 [http-nio-8081-exec-10] DEBUG org.hibernate.SQL - select r1_0.user_id,r1_1.id,r1_1.created_at,r1_1.name,p1_0.role_id,p1_1.id,p1_1.created_at,p1_1.description,p1_1.name,p1_1.updated_at,r1_1.updated_at from user_roles r1_0 join roles r1_1 on r1_1.id=r1_0.role_id left join role_permissions p1_0 on r1_1.id=p1_0.role_id left join permissions p1_1 on p1_1.id=p1_0.permission_id where r1_0.user_id=?
2025-03-17 16:17:29 [http-nio-8081-exec-10] DEBUG org.hibernate.SQL - select r1_0.user_id,r1_1.id,r1_1.created_at,r1_1.name,p1_0.role_id,p1_1.id,p1_1.created_at,p1_1.description,p1_1.name,p1_1.updated_at,r1_1.updated_at from user_roles r1_0 join roles r1_1 on r1_1.id=r1_0.role_id left join role_permissions p1_0 on r1_1.id=p1_0.role_id left join permissions p1_1 on p1_1.id=p1_0.permission_id where r1_0.user_id=?
2025-03-17 16:17:29 [http-nio-8081-exec-10] DEBUG org.hibernate.SQL - select r1_0.user_id,r1_1.id,r1_1.created_at,r1_1.name,p1_0.role_id,p1_1.id,p1_1.created_at,p1_1.description,p1_1.name,p1_1.updated_at,r1_1.updated_at from user_roles r1_0 join roles r1_1 on r1_1.id=r1_0.role_id left join role_permissions p1_0 on r1_1.id=p1_0.role_id left join permissions p1_1 on p1_1.id=p1_0.permission_id where r1_0.user_id=?
2025-03-17 16:17:29 [http-nio-8081-exec-10] DEBUG org.hibernate.SQL - select r1_0.user_id,r1_1.id,r1_1.created_at,r1_1.name,p1_0.role_id,p1_1.id,p1_1.created_at,p1_1.description,p1_1.name,p1_1.updated_at,r1_1.updated_at from user_roles r1_0 join roles r1_1 on r1_1.id=r1_0.role_id left join role_permissions p1_0 on r1_1.id=p1_0.role_id left join permissions p1_1 on p1_1.id=p1_0.permission_id where r1_0.user_id=?
2025-03-17 16:17:29 [http-nio-8081-exec-10] DEBUG o.s.orm.jpa.JpaTransactionManager - Initiating transaction commit
2025-03-17 16:17:29 [http-nio-8081-exec-10] DEBUG o.s.orm.jpa.JpaTransactionManager - Committing JPA transaction on EntityManager [SessionImpl(2003366200<open>)]
2025-03-17 16:17:29 [http-nio-8081-exec-10] DEBUG o.s.jdbc.datasource.DataSourceUtils - Resetting read-only flag of JDBC Connection [HikariProxyConnection@1219330078 wrapping org.postgresql.jdbc.PgConnection@647bc89e]
2025-03-17 16:17:29 [http-nio-8081-exec-10] DEBUG o.s.orm.jpa.JpaTransactionManager - Not closing pre-bound JPA EntityManager after transaction
2025-03-17 16:17:29 [http-nio-8081-exec-10] INFO  o.g.login.services.UserService - getAllUsers: Retrieved 5 users.
2025-03-17 16:17:29 [http-nio-8081-exec-10] DEBUG o.s.w.s.m.m.a.HttpEntityMethodProcessor - Using 'application/json', given [*/*] and supported [application/json, application/*+json]
2025-03-17 16:17:29 [http-nio-8081-exec-10] DEBUG o.s.w.s.m.m.a.HttpEntityMethodProcessor - Writing [[org.guidewire.login.dto.responses.UserResponse@1ccfd6a7, org.guidewire.login.dto.responses.UserResp (truncated)...]
2025-03-17 16:17:29 [http-nio-8081-exec-10] DEBUG o.s.o.j.s.OpenEntityManagerInViewInterceptor - Closing JPA EntityManager in OpenEntityManagerInViewInterceptor
2025-03-17 16:17:29 [http-nio-8081-exec-10] DEBUG o.s.web.servlet.DispatcherServlet - Completed 200 OK
2025-03-17 16:17:29 [http-nio-8081-exec-1] DEBUG o.s.security.web.FilterChainProxy - Securing GET /api/auth/user/details
2025-03-17 16:17:29 [http-nio-8081-exec-1] DEBUG o.g.l.s.JwtAuthenticationFilter - doFilterInternal: No valid Authorization header found, skipping JWT processing.
2025-03-17 16:17:29 [http-nio-8081-exec-1] DEBUG o.s.s.w.a.AnonymousAuthenticationFilter - Set SecurityContextHolder to anonymous SecurityContext
2025-03-17 16:17:29 [http-nio-8081-exec-1] DEBUG o.s.security.web.FilterChainProxy - Secured GET /api/auth/user/details
2025-03-17 16:17:29 [http-nio-8081-exec-1] DEBUG o.s.web.servlet.DispatcherServlet - GET "/api/auth/user/details", parameters={}
2025-03-17 16:17:29 [http-nio-8081-exec-1] DEBUG o.s.w.s.m.m.a.RequestMappingHandlerMapping - Mapped to org.guidewire.login.controller.AuthController#fetchUserDetails(List)
2025-03-17 16:17:29 [http-nio-8081-exec-1] DEBUG o.s.o.j.s.OpenEntityManagerInViewInterceptor - Opening JPA EntityManager in OpenEntityManagerInViewInterceptor
2025-03-17 16:17:29 [http-nio-8081-exec-1] DEBUG o.s.w.s.m.m.a.RequestResponseBodyMethodProcessor - Read "application/json;charset=UTF-8" to [[3d480867-d12b-4c5f-a725-da17dd7e5590]]
2025-03-17 16:17:29 [http-nio-8081-exec-1] INFO  o.g.login.controller.AuthController - fetchUserDetails: Fetching details for users with IDs: [3d480867-d12b-4c5f-a725-da17dd7e5590]
2025-03-17 16:17:29 [http-nio-8081-exec-1] DEBUG o.s.orm.jpa.JpaTransactionManager - Found thread-bound EntityManager [SessionImpl(2045397333<open>)] for JPA transaction
2025-03-17 16:17:29 [http-nio-8081-exec-1] DEBUG o.s.orm.jpa.JpaTransactionManager - Creating new transaction with name [org.springframework.data.jpa.repository.support.SimpleJpaRepository.findAllById]: PROPAGATION_REQUIRED,ISOLATION_DEFAULT,readOnly
2025-03-17 16:17:29 [http-nio-8081-exec-1] DEBUG o.s.jdbc.datasource.DataSourceUtils - Setting JDBC Connection [HikariProxyConnection@1779463399 wrapping org.postgresql.jdbc.PgConnection@647bc89e] read-only
2025-03-17 16:17:29 [http-nio-8081-exec-1] DEBUG o.s.orm.jpa.JpaTransactionManager - Exposing JPA transaction as JDBC [org.springframework.orm.jpa.vendor.HibernateJpaDialect$HibernateConnectionHandle@3a28a17e]
2025-03-17 16:17:29 [http-nio-8081-exec-1] DEBUG org.hibernate.SQL - select u1_0.id,u1_0.created_at,u1_0.email,u1_0.password,u1_0.updated_at,u1_0.username from users u1_0 where u1_0.id in (?)
2025-03-17 16:17:29 [http-nio-8081-exec-1] DEBUG org.hibernate.SQL - select r1_0.user_id,r1_1.id,r1_1.created_at,r1_1.name,p1_0.role_id,p1_1.id,p1_1.created_at,p1_1.description,p1_1.name,p1_1.updated_at,r1_1.updated_at from user_roles r1_0 join roles r1_1 on r1_1.id=r1_0.role_id left join role_permissions p1_0 on r1_1.id=p1_0.role_id left join permissions p1_1 on p1_1.id=p1_0.permission_id where r1_0.user_id=?
2025-03-17 16:17:29 [http-nio-8081-exec-1] DEBUG o.s.orm.jpa.JpaTransactionManager - Initiating transaction commit
2025-03-17 16:17:29 [http-nio-8081-exec-1] DEBUG o.s.orm.jpa.JpaTransactionManager - Committing JPA transaction on EntityManager [SessionImpl(2045397333<open>)]
2025-03-17 16:17:29 [http-nio-8081-exec-1] DEBUG o.s.jdbc.datasource.DataSourceUtils - Resetting read-only flag of JDBC Connection [HikariProxyConnection@1779463399 wrapping org.postgresql.jdbc.PgConnection@647bc89e]
2025-03-17 16:17:29 [http-nio-8081-exec-1] DEBUG o.s.orm.jpa.JpaTransactionManager - Not closing pre-bound JPA EntityManager after transaction
2025-03-17 16:17:29 [http-nio-8081-exec-1] INFO  o.g.login.controller.AuthController - fetchUserDetails: Returning user details for users: [org.guidewire.login.dto.responses.UserResponse@60ef0c92]
2025-03-17 16:17:29 [http-nio-8081-exec-1] DEBUG o.s.w.s.m.m.a.HttpEntityMethodProcessor - Using 'application/json', given [*/*] and supported [application/json, application/*+json]
2025-03-17 16:17:29 [http-nio-8081-exec-1] DEBUG o.s.w.s.m.m.a.HttpEntityMethodProcessor - Writing [[org.guidewire.login.dto.responses.UserResponse@60ef0c92]]
2025-03-17 16:17:29 [http-nio-8081-exec-1] DEBUG o.s.o.j.s.OpenEntityManagerInViewInterceptor - Closing JPA EntityManager in OpenEntityManagerInViewInterceptor
2025-03-17 16:17:29 [http-nio-8081-exec-1] DEBUG o.s.web.servlet.DispatcherServlet - Completed 200 OK
2025-03-17 16:17:32 [http-nio-8081-exec-2] DEBUG o.s.security.web.FilterChainProxy - Securing GET /api/auth/check-admin
2025-03-17 16:17:32 [http-nio-8081-exec-2] INFO  o.g.l.s.JwtAuthenticationFilter - doFilterInternal: Extracted username 'admin' from token.
2025-03-17 16:17:32 [http-nio-8081-exec-2] INFO  o.g.l.s.CustomUserDetailsService - loadUserByUsername: Searching for user: admin
2025-03-17 16:17:32 [http-nio-8081-exec-2] DEBUG o.s.o.j.SharedEntityManagerCreator$SharedEntityManagerInvocationHandler - Creating new EntityManager for shared EntityManager invocation
2025-03-17 16:17:32 [http-nio-8081-exec-2] DEBUG org.hibernate.SQL - select u1_0.id,u1_0.created_at,u1_0.email,u1_0.password,u1_0.updated_at,u1_0.username from users u1_0 where u1_0.username=?
2025-03-17 16:17:32 [http-nio-8081-exec-2] DEBUG org.hibernate.SQL - select r1_0.user_id,r1_1.id,r1_1.created_at,r1_1.name,p1_0.role_id,p1_1.id,p1_1.created_at,p1_1.description,p1_1.name,p1_1.updated_at,r1_1.updated_at from user_roles r1_0 join roles r1_1 on r1_1.id=r1_0.role_id left join role_permissions p1_0 on r1_1.id=p1_0.role_id left join permissions p1_1 on p1_1.id=p1_0.permission_id where r1_0.user_id=?
2025-03-17 16:17:32 [http-nio-8081-exec-2] INFO  o.g.l.s.CustomUserDetailsService - loadUserByUsername: User admin found with roles: [org.guidewire.login.model.Role@2aafa6da]
2025-03-17 16:17:32 [http-nio-8081-exec-2] INFO  o.g.login.security.CustomUserDetails - Initializing CustomUserDetails for user: admin
2025-03-17 16:17:32 [http-nio-8081-exec-2] DEBUG o.g.login.security.CustomUserDetails - User admin has roles: [ADMIN]
2025-03-17 16:17:32 [http-nio-8081-exec-2] DEBUG o.g.login.security.CustomUserDetails - User admin has permissions: [DELETE_TASK, CREATE_TASK, VIEW_TASK, CLOSE_TASK, ASSIGN_TASK, COMMENT_TASK, EDIT_TASK]
2025-03-17 16:17:32 [http-nio-8081-exec-2] INFO  o.g.login.security.CustomUserDetails - CustomUserDetails initialized successfully for user: admin
2025-03-17 16:17:32 [http-nio-8081-exec-2] INFO  o.guidewire.login.security.JwtUtil - validateToken:JWT validated successfully for user: admin
2025-03-17 16:17:32 [http-nio-8081-exec-2] DEBUG o.g.login.security.CustomUserDetails - Fetching authorities for user: admin
2025-03-17 16:17:32 [http-nio-8081-exec-2] INFO  o.g.l.s.JwtAuthenticationFilter - doFilterInternal: Authentication successful for user 'admin'.
2025-03-17 16:17:32 [http-nio-8081-exec-2] DEBUG o.s.security.web.FilterChainProxy - Secured GET /api/auth/check-admin
2025-03-17 16:17:32 [http-nio-8081-exec-2] DEBUG o.s.web.servlet.DispatcherServlet - GET "/api/auth/check-admin", parameters={}
2025-03-17 16:17:32 [http-nio-8081-exec-2] DEBUG o.s.w.s.m.m.a.RequestMappingHandlerMapping - Mapped to org.guidewire.login.controller.AuthController#checkIfAdmin(UserDetails)
2025-03-17 16:17:32 [http-nio-8081-exec-2] DEBUG o.s.o.j.s.OpenEntityManagerInViewInterceptor - Opening JPA EntityManager in OpenEntityManagerInViewInterceptor
2025-03-17 16:17:32 [http-nio-8081-exec-2] DEBUG o.g.login.security.CustomUserDetails - Fetching authorities for user: admin
2025-03-17 16:17:32 [http-nio-8081-exec-2] DEBUG o.s.w.s.m.m.a.HttpEntityMethodProcessor - Using 'application/json', given [*/*] and supported [application/json, application/*+json]
2025-03-17 16:17:32 [http-nio-8081-exec-2] DEBUG o.s.w.s.m.m.a.HttpEntityMethodProcessor - Writing [org.guidewire.login.dto.responses.UserRoleResponse@7c34956d]
2025-03-17 16:17:32 [http-nio-8081-exec-2] DEBUG o.s.o.j.s.OpenEntityManagerInViewInterceptor - Closing JPA EntityManager in OpenEntityManagerInViewInterceptor
2025-03-17 16:17:32 [http-nio-8081-exec-2] DEBUG o.s.web.servlet.DispatcherServlet - Completed 200 OK
2025-03-17 16:17:32 [http-nio-8081-exec-3] DEBUG o.s.security.web.FilterChainProxy - Securing GET /api/auth/users/list
2025-03-17 16:17:32 [http-nio-8081-exec-3] INFO  o.g.l.s.JwtAuthenticationFilter - doFilterInternal: Extracted username 'admin' from token.
2025-03-17 16:17:32 [http-nio-8081-exec-3] INFO  o.g.l.s.CustomUserDetailsService - loadUserByUsername: Searching for user: admin
2025-03-17 16:17:32 [http-nio-8081-exec-3] DEBUG o.s.o.j.SharedEntityManagerCreator$SharedEntityManagerInvocationHandler - Creating new EntityManager for shared EntityManager invocation
2025-03-17 16:17:32 [http-nio-8081-exec-3] DEBUG org.hibernate.SQL - select u1_0.id,u1_0.created_at,u1_0.email,u1_0.password,u1_0.updated_at,u1_0.username from users u1_0 where u1_0.username=?
2025-03-17 16:17:32 [http-nio-8081-exec-3] DEBUG org.hibernate.SQL - select r1_0.user_id,r1_1.id,r1_1.created_at,r1_1.name,p1_0.role_id,p1_1.id,p1_1.created_at,p1_1.description,p1_1.name,p1_1.updated_at,r1_1.updated_at from user_roles r1_0 join roles r1_1 on r1_1.id=r1_0.role_id left join role_permissions p1_0 on r1_1.id=p1_0.role_id left join permissions p1_1 on p1_1.id=p1_0.permission_id where r1_0.user_id=?
2025-03-17 16:17:32 [http-nio-8081-exec-3] INFO  o.g.l.s.CustomUserDetailsService - loadUserByUsername: User admin found with roles: [org.guidewire.login.model.Role@6126e2a1]
2025-03-17 16:17:32 [http-nio-8081-exec-3] INFO  o.g.login.security.CustomUserDetails - Initializing CustomUserDetails for user: admin
2025-03-17 16:17:32 [http-nio-8081-exec-3] DEBUG o.g.login.security.CustomUserDetails - User admin has roles: [ADMIN]
2025-03-17 16:17:32 [http-nio-8081-exec-3] DEBUG o.g.login.security.CustomUserDetails - User admin has permissions: [DELETE_TASK, CREATE_TASK, CLOSE_TASK, VIEW_TASK, COMMENT_TASK, ASSIGN_TASK, EDIT_TASK]
2025-03-17 16:17:32 [http-nio-8081-exec-3] INFO  o.g.login.security.CustomUserDetails - CustomUserDetails initialized successfully for user: admin
2025-03-17 16:17:32 [http-nio-8081-exec-3] INFO  o.guidewire.login.security.JwtUtil - validateToken:JWT validated successfully for user: admin
2025-03-17 16:17:32 [http-nio-8081-exec-3] DEBUG o.g.login.security.CustomUserDetails - Fetching authorities for user: admin
2025-03-17 16:17:32 [http-nio-8081-exec-3] INFO  o.g.l.s.JwtAuthenticationFilter - doFilterInternal: Authentication successful for user 'admin'.
2025-03-17 16:17:32 [http-nio-8081-exec-3] DEBUG o.s.security.web.FilterChainProxy - Secured GET /api/auth/users/list
2025-03-17 16:17:32 [http-nio-8081-exec-3] DEBUG o.s.web.servlet.DispatcherServlet - GET "/api/auth/users/list", parameters={}
2025-03-17 16:17:32 [http-nio-8081-exec-3] DEBUG o.s.w.s.m.m.a.RequestMappingHandlerMapping - Mapped to org.guidewire.login.controller.UserController#getAllUsers()
2025-03-17 16:17:32 [http-nio-8081-exec-3] DEBUG o.s.o.j.s.OpenEntityManagerInViewInterceptor - Opening JPA EntityManager in OpenEntityManagerInViewInterceptor
2025-03-17 16:17:32 [http-nio-8081-exec-3] INFO  o.g.login.services.UserService - getAllUsers: Fetching all users from the database.
2025-03-17 16:17:32 [http-nio-8081-exec-3] DEBUG o.s.orm.jpa.JpaTransactionManager - Found thread-bound EntityManager [SessionImpl(768768160<open>)] for JPA transaction
2025-03-17 16:17:32 [http-nio-8081-exec-3] DEBUG o.s.orm.jpa.JpaTransactionManager - Creating new transaction with name [org.springframework.data.jpa.repository.support.SimpleJpaRepository.findAll]: PROPAGATION_REQUIRED,ISOLATION_DEFAULT,readOnly
2025-03-17 16:17:32 [http-nio-8081-exec-3] DEBUG o.s.jdbc.datasource.DataSourceUtils - Setting JDBC Connection [HikariProxyConnection@1983617163 wrapping org.postgresql.jdbc.PgConnection@647bc89e] read-only
2025-03-17 16:17:32 [http-nio-8081-exec-3] DEBUG o.s.orm.jpa.JpaTransactionManager - Exposing JPA transaction as JDBC [org.springframework.orm.jpa.vendor.HibernateJpaDialect$HibernateConnectionHandle@7e245771]
2025-03-17 16:17:32 [http-nio-8081-exec-3] DEBUG org.hibernate.SQL - select u1_0.id,u1_0.created_at,u1_0.email,u1_0.password,u1_0.updated_at,u1_0.username from users u1_0
2025-03-17 16:17:32 [http-nio-8081-exec-3] DEBUG org.hibernate.SQL - select r1_0.user_id,r1_1.id,r1_1.created_at,r1_1.name,p1_0.role_id,p1_1.id,p1_1.created_at,p1_1.description,p1_1.name,p1_1.updated_at,r1_1.updated_at from user_roles r1_0 join roles r1_1 on r1_1.id=r1_0.role_id left join role_permissions p1_0 on r1_1.id=p1_0.role_id left join permissions p1_1 on p1_1.id=p1_0.permission_id where r1_0.user_id=?
2025-03-17 16:17:32 [http-nio-8081-exec-3] DEBUG org.hibernate.SQL - select r1_0.user_id,r1_1.id,r1_1.created_at,r1_1.name,p1_0.role_id,p1_1.id,p1_1.created_at,p1_1.description,p1_1.name,p1_1.updated_at,r1_1.updated_at from user_roles r1_0 join roles r1_1 on r1_1.id=r1_0.role_id left join role_permissions p1_0 on r1_1.id=p1_0.role_id left join permissions p1_1 on p1_1.id=p1_0.permission_id where r1_0.user_id=?
2025-03-17 16:17:32 [http-nio-8081-exec-3] DEBUG org.hibernate.SQL - select r1_0.user_id,r1_1.id,r1_1.created_at,r1_1.name,p1_0.role_id,p1_1.id,p1_1.created_at,p1_1.description,p1_1.name,p1_1.updated_at,r1_1.updated_at from user_roles r1_0 join roles r1_1 on r1_1.id=r1_0.role_id left join role_permissions p1_0 on r1_1.id=p1_0.role_id left join permissions p1_1 on p1_1.id=p1_0.permission_id where r1_0.user_id=?
2025-03-17 16:17:32 [http-nio-8081-exec-3] DEBUG org.hibernate.SQL - select r1_0.user_id,r1_1.id,r1_1.created_at,r1_1.name,p1_0.role_id,p1_1.id,p1_1.created_at,p1_1.description,p1_1.name,p1_1.updated_at,r1_1.updated_at from user_roles r1_0 join roles r1_1 on r1_1.id=r1_0.role_id left join role_permissions p1_0 on r1_1.id=p1_0.role_id left join permissions p1_1 on p1_1.id=p1_0.permission_id where r1_0.user_id=?
2025-03-17 16:17:32 [http-nio-8081-exec-3] DEBUG org.hibernate.SQL - select r1_0.user_id,r1_1.id,r1_1.created_at,r1_1.name,p1_0.role_id,p1_1.id,p1_1.created_at,p1_1.description,p1_1.name,p1_1.updated_at,r1_1.updated_at from user_roles r1_0 join roles r1_1 on r1_1.id=r1_0.role_id left join role_permissions p1_0 on r1_1.id=p1_0.role_id left join permissions p1_1 on p1_1.id=p1_0.permission_id where r1_0.user_id=?
2025-03-17 16:17:32 [http-nio-8081-exec-3] DEBUG o.s.orm.jpa.JpaTransactionManager - Initiating transaction commit
2025-03-17 16:17:32 [http-nio-8081-exec-3] DEBUG o.s.orm.jpa.JpaTransactionManager - Committing JPA transaction on EntityManager [SessionImpl(768768160<open>)]
2025-03-17 16:17:32 [http-nio-8081-exec-3] DEBUG o.s.jdbc.datasource.DataSourceUtils - Resetting read-only flag of JDBC Connection [HikariProxyConnection@1983617163 wrapping org.postgresql.jdbc.PgConnection@647bc89e]
2025-03-17 16:17:32 [http-nio-8081-exec-3] DEBUG o.s.orm.jpa.JpaTransactionManager - Not closing pre-bound JPA EntityManager after transaction
2025-03-17 16:17:32 [http-nio-8081-exec-3] INFO  o.g.login.services.UserService - getAllUsers: Retrieved 5 users.
2025-03-17 16:17:32 [http-nio-8081-exec-3] DEBUG o.s.w.s.m.m.a.HttpEntityMethodProcessor - Using 'application/json', given [*/*] and supported [application/json, application/*+json]
2025-03-17 16:17:32 [http-nio-8081-exec-3] DEBUG o.s.w.s.m.m.a.HttpEntityMethodProcessor - Writing [[org.guidewire.login.dto.responses.UserResponse@14dfe318, org.guidewire.login.dto.responses.UserResp (truncated)...]
2025-03-17 16:17:32 [http-nio-8081-exec-3] DEBUG o.s.o.j.s.OpenEntityManagerInViewInterceptor - Closing JPA EntityManager in OpenEntityManagerInViewInterceptor
2025-03-17 16:17:32 [http-nio-8081-exec-3] DEBUG o.s.web.servlet.DispatcherServlet - Completed 200 OK
2025-03-17 16:17:32 [http-nio-8081-exec-4] DEBUG o.s.security.web.FilterChainProxy - Securing GET /api/auth/current/user
2025-03-17 16:17:32 [http-nio-8081-exec-4] INFO  o.g.l.s.JwtAuthenticationFilter - doFilterInternal: Extracted username 'admin' from token.
2025-03-17 16:17:32 [http-nio-8081-exec-4] INFO  o.g.l.s.CustomUserDetailsService - loadUserByUsername: Searching for user: admin
2025-03-17 16:17:32 [http-nio-8081-exec-4] DEBUG o.s.o.j.SharedEntityManagerCreator$SharedEntityManagerInvocationHandler - Creating new EntityManager for shared EntityManager invocation
2025-03-17 16:17:32 [http-nio-8081-exec-4] DEBUG org.hibernate.SQL - select u1_0.id,u1_0.created_at,u1_0.email,u1_0.password,u1_0.updated_at,u1_0.username from users u1_0 where u1_0.username=?
2025-03-17 16:17:32 [http-nio-8081-exec-4] DEBUG org.hibernate.SQL - select r1_0.user_id,r1_1.id,r1_1.created_at,r1_1.name,p1_0.role_id,p1_1.id,p1_1.created_at,p1_1.description,p1_1.name,p1_1.updated_at,r1_1.updated_at from user_roles r1_0 join roles r1_1 on r1_1.id=r1_0.role_id left join role_permissions p1_0 on r1_1.id=p1_0.role_id left join permissions p1_1 on p1_1.id=p1_0.permission_id where r1_0.user_id=?
2025-03-17 16:17:32 [http-nio-8081-exec-4] INFO  o.g.l.s.CustomUserDetailsService - loadUserByUsername: User admin found with roles: [org.guidewire.login.model.Role@50960bf6]
2025-03-17 16:17:32 [http-nio-8081-exec-4] INFO  o.g.login.security.CustomUserDetails - Initializing CustomUserDetails for user: admin
2025-03-17 16:17:32 [http-nio-8081-exec-4] DEBUG o.g.login.security.CustomUserDetails - User admin has roles: [ADMIN]
2025-03-17 16:17:32 [http-nio-8081-exec-4] DEBUG o.g.login.security.CustomUserDetails - User admin has permissions: [DELETE_TASK, CREATE_TASK, VIEW_TASK, CLOSE_TASK, ASSIGN_TASK, COMMENT_TASK, EDIT_TASK]
2025-03-17 16:17:32 [http-nio-8081-exec-4] INFO  o.g.login.security.CustomUserDetails - CustomUserDetails initialized successfully for user: admin
2025-03-17 16:17:32 [http-nio-8081-exec-4] INFO  o.guidewire.login.security.JwtUtil - validateToken:JWT validated successfully for user: admin
2025-03-17 16:17:32 [http-nio-8081-exec-4] DEBUG o.g.login.security.CustomUserDetails - Fetching authorities for user: admin
2025-03-17 16:17:32 [http-nio-8081-exec-4] INFO  o.g.l.s.JwtAuthenticationFilter - doFilterInternal: Authentication successful for user 'admin'.
2025-03-17 16:17:32 [http-nio-8081-exec-4] DEBUG o.s.security.web.FilterChainProxy - Secured GET /api/auth/current/user
2025-03-17 16:17:32 [http-nio-8081-exec-4] DEBUG o.s.web.servlet.DispatcherServlet - GET "/api/auth/current/user", parameters={}
2025-03-17 16:17:32 [http-nio-8081-exec-4] DEBUG o.s.w.s.m.m.a.RequestMappingHandlerMapping - Mapped to org.guidewire.login.controller.AuthController#getCurrentUser(Principal)
2025-03-17 16:17:32 [http-nio-8081-exec-4] DEBUG o.s.o.j.s.OpenEntityManagerInViewInterceptor - Opening JPA EntityManager in OpenEntityManagerInViewInterceptor
2025-03-17 16:17:32 [http-nio-8081-exec-4] INFO  o.g.login.controller.AuthController - getCurrentUser: Fetching details for user: admin
2025-03-17 16:17:32 [http-nio-8081-exec-4] DEBUG o.g.login.services.AuthService - getUserDetails:Fetching user details for: admin
2025-03-17 16:17:32 [http-nio-8081-exec-4] DEBUG org.hibernate.SQL - select u1_0.id,u1_0.created_at,u1_0.email,u1_0.password,u1_0.updated_at,u1_0.username from users u1_0 where u1_0.username=?
2025-03-17 16:17:32 [http-nio-8081-exec-4] DEBUG org.hibernate.SQL - select r1_0.user_id,r1_1.id,r1_1.created_at,r1_1.name,p1_0.role_id,p1_1.id,p1_1.created_at,p1_1.description,p1_1.name,p1_1.updated_at,r1_1.updated_at from user_roles r1_0 join roles r1_1 on r1_1.id=r1_0.role_id left join role_permissions p1_0 on r1_1.id=p1_0.role_id left join permissions p1_1 on p1_1.id=p1_0.permission_id where r1_0.user_id=?
2025-03-17 16:17:32 [http-nio-8081-exec-4] INFO  o.g.login.controller.AuthController - getCurrentUser: Returning user details for admin
2025-03-17 16:17:32 [http-nio-8081-exec-4] DEBUG o.s.w.s.m.m.a.HttpEntityMethodProcessor - Using 'application/json', given [*/*] and supported [application/json, application/*+json]
2025-03-17 16:17:32 [http-nio-8081-exec-4] DEBUG o.s.w.s.m.m.a.HttpEntityMethodProcessor - Writing [org.guidewire.login.dto.responses.UserResponse@16791ca8]
2025-03-17 16:17:32 [http-nio-8081-exec-4] DEBUG o.s.o.j.s.OpenEntityManagerInViewInterceptor - Closing JPA EntityManager in OpenEntityManagerInViewInterceptor
2025-03-17 16:17:32 [http-nio-8081-exec-4] DEBUG o.s.web.servlet.DispatcherServlet - Completed 200 OK
2025-03-17 16:17:39 [http-nio-8081-exec-5] DEBUG o.s.security.web.FilterChainProxy - Securing GET /api/auth/users/list
2025-03-17 16:17:39 [http-nio-8081-exec-5] INFO  o.g.l.s.JwtAuthenticationFilter - doFilterInternal: Extracted username 'admin' from token.
2025-03-17 16:17:39 [http-nio-8081-exec-5] INFO  o.g.l.s.CustomUserDetailsService - loadUserByUsername: Searching for user: admin
2025-03-17 16:17:39 [http-nio-8081-exec-5] DEBUG o.s.o.j.SharedEntityManagerCreator$SharedEntityManagerInvocationHandler - Creating new EntityManager for shared EntityManager invocation
2025-03-17 16:17:39 [http-nio-8081-exec-5] DEBUG org.hibernate.SQL - select u1_0.id,u1_0.created_at,u1_0.email,u1_0.password,u1_0.updated_at,u1_0.username from users u1_0 where u1_0.username=?
2025-03-17 16:17:39 [http-nio-8081-exec-5] DEBUG org.hibernate.SQL - select r1_0.user_id,r1_1.id,r1_1.created_at,r1_1.name,p1_0.role_id,p1_1.id,p1_1.created_at,p1_1.description,p1_1.name,p1_1.updated_at,r1_1.updated_at from user_roles r1_0 join roles r1_1 on r1_1.id=r1_0.role_id left join role_permissions p1_0 on r1_1.id=p1_0.role_id left join permissions p1_1 on p1_1.id=p1_0.permission_id where r1_0.user_id=?
2025-03-17 16:17:39 [http-nio-8081-exec-5] INFO  o.g.l.s.CustomUserDetailsService - loadUserByUsername: User admin found with roles: [org.guidewire.login.model.Role@7cabb8f8]
2025-03-17 16:17:39 [http-nio-8081-exec-5] INFO  o.g.login.security.CustomUserDetails - Initializing CustomUserDetails for user: admin
2025-03-17 16:17:39 [http-nio-8081-exec-5] DEBUG o.g.login.security.CustomUserDetails - User admin has roles: [ADMIN]
2025-03-17 16:17:39 [http-nio-8081-exec-5] DEBUG o.g.login.security.CustomUserDetails - User admin has permissions: [DELETE_TASK, CREATE_TASK, CLOSE_TASK, VIEW_TASK, ASSIGN_TASK, COMMENT_TASK, EDIT_TASK]
2025-03-17 16:17:39 [http-nio-8081-exec-5] INFO  o.g.login.security.CustomUserDetails - CustomUserDetails initialized successfully for user: admin
2025-03-17 16:17:39 [http-nio-8081-exec-5] INFO  o.guidewire.login.security.JwtUtil - validateToken:JWT validated successfully for user: admin
2025-03-17 16:17:39 [http-nio-8081-exec-5] DEBUG o.g.login.security.CustomUserDetails - Fetching authorities for user: admin
2025-03-17 16:17:39 [http-nio-8081-exec-5] INFO  o.g.l.s.JwtAuthenticationFilter - doFilterInternal: Authentication successful for user 'admin'.
2025-03-17 16:17:39 [http-nio-8081-exec-5] DEBUG o.s.security.web.FilterChainProxy - Secured GET /api/auth/users/list
2025-03-17 16:17:39 [http-nio-8081-exec-5] DEBUG o.s.web.servlet.DispatcherServlet - GET "/api/auth/users/list", parameters={}
2025-03-17 16:17:39 [http-nio-8081-exec-5] DEBUG o.s.w.s.m.m.a.RequestMappingHandlerMapping - Mapped to org.guidewire.login.controller.UserController#getAllUsers()
2025-03-17 16:17:39 [http-nio-8081-exec-5] DEBUG o.s.o.j.s.OpenEntityManagerInViewInterceptor - Opening JPA EntityManager in OpenEntityManagerInViewInterceptor
2025-03-17 16:17:39 [http-nio-8081-exec-5] INFO  o.g.login.services.UserService - getAllUsers: Fetching all users from the database.
2025-03-17 16:17:39 [http-nio-8081-exec-5] DEBUG o.s.orm.jpa.JpaTransactionManager - Found thread-bound EntityManager [SessionImpl(1663847751<open>)] for JPA transaction
2025-03-17 16:17:39 [http-nio-8081-exec-5] DEBUG o.s.orm.jpa.JpaTransactionManager - Creating new transaction with name [org.springframework.data.jpa.repository.support.SimpleJpaRepository.findAll]: PROPAGATION_REQUIRED,ISOLATION_DEFAULT,readOnly
2025-03-17 16:17:39 [http-nio-8081-exec-5] DEBUG o.s.jdbc.datasource.DataSourceUtils - Setting JDBC Connection [HikariProxyConnection@1987150654 wrapping org.postgresql.jdbc.PgConnection@647bc89e] read-only
2025-03-17 16:17:39 [http-nio-8081-exec-5] DEBUG o.s.orm.jpa.JpaTransactionManager - Exposing JPA transaction as JDBC [org.springframework.orm.jpa.vendor.HibernateJpaDialect$HibernateConnectionHandle@114d78fd]
2025-03-17 16:17:39 [http-nio-8081-exec-5] DEBUG org.hibernate.SQL - select u1_0.id,u1_0.created_at,u1_0.email,u1_0.password,u1_0.updated_at,u1_0.username from users u1_0
2025-03-17 16:17:39 [http-nio-8081-exec-5] DEBUG org.hibernate.SQL - select r1_0.user_id,r1_1.id,r1_1.created_at,r1_1.name,p1_0.role_id,p1_1.id,p1_1.created_at,p1_1.description,p1_1.name,p1_1.updated_at,r1_1.updated_at from user_roles r1_0 join roles r1_1 on r1_1.id=r1_0.role_id left join role_permissions p1_0 on r1_1.id=p1_0.role_id left join permissions p1_1 on p1_1.id=p1_0.permission_id where r1_0.user_id=?
2025-03-17 16:17:39 [http-nio-8081-exec-5] DEBUG org.hibernate.SQL - select r1_0.user_id,r1_1.id,r1_1.created_at,r1_1.name,p1_0.role_id,p1_1.id,p1_1.created_at,p1_1.description,p1_1.name,p1_1.updated_at,r1_1.updated_at from user_roles r1_0 join roles r1_1 on r1_1.id=r1_0.role_id left join role_permissions p1_0 on r1_1.id=p1_0.role_id left join permissions p1_1 on p1_1.id=p1_0.permission_id where r1_0.user_id=?
2025-03-17 16:17:39 [http-nio-8081-exec-5] DEBUG org.hibernate.SQL - select r1_0.user_id,r1_1.id,r1_1.created_at,r1_1.name,p1_0.role_id,p1_1.id,p1_1.created_at,p1_1.description,p1_1.name,p1_1.updated_at,r1_1.updated_at from user_roles r1_0 join roles r1_1 on r1_1.id=r1_0.role_id left join role_permissions p1_0 on r1_1.id=p1_0.role_id left join permissions p1_1 on p1_1.id=p1_0.permission_id where r1_0.user_id=?
2025-03-17 16:17:39 [http-nio-8081-exec-5] DEBUG org.hibernate.SQL - select r1_0.user_id,r1_1.id,r1_1.created_at,r1_1.name,p1_0.role_id,p1_1.id,p1_1.created_at,p1_1.description,p1_1.name,p1_1.updated_at,r1_1.updated_at from user_roles r1_0 join roles r1_1 on r1_1.id=r1_0.role_id left join role_permissions p1_0 on r1_1.id=p1_0.role_id left join permissions p1_1 on p1_1.id=p1_0.permission_id where r1_0.user_id=?
2025-03-17 16:17:39 [http-nio-8081-exec-5] DEBUG org.hibernate.SQL - select r1_0.user_id,r1_1.id,r1_1.created_at,r1_1.name,p1_0.role_id,p1_1.id,p1_1.created_at,p1_1.description,p1_1.name,p1_1.updated_at,r1_1.updated_at from user_roles r1_0 join roles r1_1 on r1_1.id=r1_0.role_id left join role_permissions p1_0 on r1_1.id=p1_0.role_id left join permissions p1_1 on p1_1.id=p1_0.permission_id where r1_0.user_id=?
2025-03-17 16:17:39 [http-nio-8081-exec-5] DEBUG o.s.orm.jpa.JpaTransactionManager - Initiating transaction commit
2025-03-17 16:17:39 [http-nio-8081-exec-5] DEBUG o.s.orm.jpa.JpaTransactionManager - Committing JPA transaction on EntityManager [SessionImpl(1663847751<open>)]
2025-03-17 16:17:39 [http-nio-8081-exec-5] DEBUG o.s.jdbc.datasource.DataSourceUtils - Resetting read-only flag of JDBC Connection [HikariProxyConnection@1987150654 wrapping org.postgresql.jdbc.PgConnection@647bc89e]
2025-03-17 16:17:39 [http-nio-8081-exec-5] DEBUG o.s.orm.jpa.JpaTransactionManager - Not closing pre-bound JPA EntityManager after transaction
2025-03-17 16:17:39 [http-nio-8081-exec-5] INFO  o.g.login.services.UserService - getAllUsers: Retrieved 5 users.
2025-03-17 16:17:39 [http-nio-8081-exec-5] DEBUG o.s.w.s.m.m.a.HttpEntityMethodProcessor - Using 'application/json', given [*/*] and supported [application/json, application/*+json]
2025-03-17 16:17:39 [http-nio-8081-exec-5] DEBUG o.s.w.s.m.m.a.HttpEntityMethodProcessor - Writing [[org.guidewire.login.dto.responses.UserResponse@5e615445, org.guidewire.login.dto.responses.UserResp (truncated)...]
2025-03-17 16:17:39 [http-nio-8081-exec-5] DEBUG o.s.o.j.s.OpenEntityManagerInViewInterceptor - Closing JPA EntityManager in OpenEntityManagerInViewInterceptor
2025-03-17 16:17:39 [http-nio-8081-exec-5] DEBUG o.s.web.servlet.DispatcherServlet - Completed 200 OK
2025-03-17 16:17:40 [http-nio-8081-exec-6] DEBUG o.s.security.web.FilterChainProxy - Securing GET /api/auth/user/details
2025-03-17 16:17:40 [http-nio-8081-exec-6] DEBUG o.g.l.s.JwtAuthenticationFilter - doFilterInternal: No valid Authorization header found, skipping JWT processing.
2025-03-17 16:17:40 [http-nio-8081-exec-6] DEBUG o.s.s.w.a.AnonymousAuthenticationFilter - Set SecurityContextHolder to anonymous SecurityContext
2025-03-17 16:17:40 [http-nio-8081-exec-6] DEBUG o.s.security.web.FilterChainProxy - Secured GET /api/auth/user/details
2025-03-17 16:17:40 [http-nio-8081-exec-6] DEBUG o.s.web.servlet.DispatcherServlet - GET "/api/auth/user/details", parameters={}
2025-03-17 16:17:40 [http-nio-8081-exec-6] DEBUG o.s.w.s.m.m.a.RequestMappingHandlerMapping - Mapped to org.guidewire.login.controller.AuthController#fetchUserDetails(List)
2025-03-17 16:17:40 [http-nio-8081-exec-6] DEBUG o.s.o.j.s.OpenEntityManagerInViewInterceptor - Opening JPA EntityManager in OpenEntityManagerInViewInterceptor
2025-03-17 16:17:40 [http-nio-8081-exec-6] DEBUG o.s.w.s.m.m.a.RequestResponseBodyMethodProcessor - Read "application/json;charset=UTF-8" to [[3d480867-d12b-4c5f-a725-da17dd7e5590]]
2025-03-17 16:17:40 [http-nio-8081-exec-6] INFO  o.g.login.controller.AuthController - fetchUserDetails: Fetching details for users with IDs: [3d480867-d12b-4c5f-a725-da17dd7e5590]
2025-03-17 16:17:40 [http-nio-8081-exec-6] DEBUG o.s.orm.jpa.JpaTransactionManager - Found thread-bound EntityManager [SessionImpl(592768608<open>)] for JPA transaction
2025-03-17 16:17:40 [http-nio-8081-exec-6] DEBUG o.s.orm.jpa.JpaTransactionManager - Creating new transaction with name [org.springframework.data.jpa.repository.support.SimpleJpaRepository.findAllById]: PROPAGATION_REQUIRED,ISOLATION_DEFAULT,readOnly
2025-03-17 16:17:40 [http-nio-8081-exec-6] DEBUG o.s.jdbc.datasource.DataSourceUtils - Setting JDBC Connection [HikariProxyConnection@1719511816 wrapping org.postgresql.jdbc.PgConnection@647bc89e] read-only
2025-03-17 16:17:40 [http-nio-8081-exec-6] DEBUG o.s.orm.jpa.JpaTransactionManager - Exposing JPA transaction as JDBC [org.springframework.orm.jpa.vendor.HibernateJpaDialect$HibernateConnectionHandle@1f864792]
2025-03-17 16:17:40 [http-nio-8081-exec-6] DEBUG org.hibernate.SQL - select u1_0.id,u1_0.created_at,u1_0.email,u1_0.password,u1_0.updated_at,u1_0.username from users u1_0 where u1_0.id in (?)
2025-03-17 16:17:40 [http-nio-8081-exec-6] DEBUG org.hibernate.SQL - select r1_0.user_id,r1_1.id,r1_1.created_at,r1_1.name,p1_0.role_id,p1_1.id,p1_1.created_at,p1_1.description,p1_1.name,p1_1.updated_at,r1_1.updated_at from user_roles r1_0 join roles r1_1 on r1_1.id=r1_0.role_id left join role_permissions p1_0 on r1_1.id=p1_0.role_id left join permissions p1_1 on p1_1.id=p1_0.permission_id where r1_0.user_id=?
2025-03-17 16:17:40 [http-nio-8081-exec-6] DEBUG o.s.orm.jpa.JpaTransactionManager - Initiating transaction commit
2025-03-17 16:17:40 [http-nio-8081-exec-6] DEBUG o.s.orm.jpa.JpaTransactionManager - Committing JPA transaction on EntityManager [SessionImpl(592768608<open>)]
2025-03-17 16:17:40 [http-nio-8081-exec-6] DEBUG o.s.jdbc.datasource.DataSourceUtils - Resetting read-only flag of JDBC Connection [HikariProxyConnection@1719511816 wrapping org.postgresql.jdbc.PgConnection@647bc89e]
2025-03-17 16:17:40 [http-nio-8081-exec-6] DEBUG o.s.orm.jpa.JpaTransactionManager - Not closing pre-bound JPA EntityManager after transaction
2025-03-17 16:17:40 [http-nio-8081-exec-6] INFO  o.g.login.controller.AuthController - fetchUserDetails: Returning user details for users: [org.guidewire.login.dto.responses.UserResponse@5a1bb65f]
2025-03-17 16:17:40 [http-nio-8081-exec-6] DEBUG o.s.w.s.m.m.a.HttpEntityMethodProcessor - Using 'application/json', given [*/*] and supported [application/json, application/*+json]
2025-03-17 16:17:40 [http-nio-8081-exec-6] DEBUG o.s.w.s.m.m.a.HttpEntityMethodProcessor - Writing [[org.guidewire.login.dto.responses.UserResponse@5a1bb65f]]
2025-03-17 16:17:40 [http-nio-8081-exec-6] DEBUG o.s.o.j.s.OpenEntityManagerInViewInterceptor - Closing JPA EntityManager in OpenEntityManagerInViewInterceptor
2025-03-17 16:17:40 [http-nio-8081-exec-6] DEBUG o.s.web.servlet.DispatcherServlet - Completed 200 OK
2025-03-17 16:23:23 [http-nio-8081-exec-9] DEBUG o.s.security.web.FilterChainProxy - Securing GET /api/auth/users/list
2025-03-17 16:23:23 [http-nio-8081-exec-9] INFO  o.g.l.s.JwtAuthenticationFilter - doFilterInternal: Extracted username 'admin' from token.
2025-03-17 16:23:23 [http-nio-8081-exec-9] INFO  o.g.l.s.CustomUserDetailsService - loadUserByUsername: Searching for user: admin
2025-03-17 16:23:23 [http-nio-8081-exec-9] DEBUG o.s.o.j.SharedEntityManagerCreator$SharedEntityManagerInvocationHandler - Creating new EntityManager for shared EntityManager invocation
2025-03-17 16:23:23 [http-nio-8081-exec-9] DEBUG org.hibernate.SQL - select u1_0.id,u1_0.created_at,u1_0.email,u1_0.password,u1_0.updated_at,u1_0.username from users u1_0 where u1_0.username=?
2025-03-17 16:23:23 [http-nio-8081-exec-9] DEBUG org.hibernate.SQL - select r1_0.user_id,r1_1.id,r1_1.created_at,r1_1.name,p1_0.role_id,p1_1.id,p1_1.created_at,p1_1.description,p1_1.name,p1_1.updated_at,r1_1.updated_at from user_roles r1_0 join roles r1_1 on r1_1.id=r1_0.role_id left join role_permissions p1_0 on r1_1.id=p1_0.role_id left join permissions p1_1 on p1_1.id=p1_0.permission_id where r1_0.user_id=?
2025-03-17 16:23:23 [http-nio-8081-exec-9] INFO  o.g.l.s.CustomUserDetailsService - loadUserByUsername: User admin found with roles: [org.guidewire.login.model.Role@6ba453d3]
2025-03-17 16:23:23 [http-nio-8081-exec-9] INFO  o.g.login.security.CustomUserDetails - Initializing CustomUserDetails for user: admin
2025-03-17 16:23:23 [http-nio-8081-exec-9] DEBUG o.g.login.security.CustomUserDetails - User admin has roles: [ADMIN]
2025-03-17 16:23:23 [http-nio-8081-exec-9] DEBUG o.g.login.security.CustomUserDetails - User admin has permissions: [DELETE_TASK, CREATE_TASK, VIEW_TASK, CLOSE_TASK, ASSIGN_TASK, COMMENT_TASK, EDIT_TASK]
2025-03-17 16:23:23 [http-nio-8081-exec-9] INFO  o.g.login.security.CustomUserDetails - CustomUserDetails initialized successfully for user: admin
2025-03-17 16:23:23 [http-nio-8081-exec-9] INFO  o.guidewire.login.security.JwtUtil - validateToken:JWT validated successfully for user: admin
2025-03-17 16:23:23 [http-nio-8081-exec-9] DEBUG o.g.login.security.CustomUserDetails - Fetching authorities for user: admin
2025-03-17 16:23:23 [http-nio-8081-exec-9] INFO  o.g.l.s.JwtAuthenticationFilter - doFilterInternal: Authentication successful for user 'admin'.
2025-03-17 16:23:23 [http-nio-8081-exec-9] DEBUG o.s.security.web.FilterChainProxy - Secured GET /api/auth/users/list
2025-03-17 16:23:23 [http-nio-8081-exec-9] DEBUG o.s.web.servlet.DispatcherServlet - GET "/api/auth/users/list", parameters={}
2025-03-17 16:23:23 [http-nio-8081-exec-9] DEBUG o.s.w.s.m.m.a.RequestMappingHandlerMapping - Mapped to org.guidewire.login.controller.UserController#getAllUsers()
2025-03-17 16:23:23 [http-nio-8081-exec-9] DEBUG o.s.o.j.s.OpenEntityManagerInViewInterceptor - Opening JPA EntityManager in OpenEntityManagerInViewInterceptor
2025-03-17 16:23:23 [http-nio-8081-exec-9] INFO  o.g.login.services.UserService - getAllUsers: Fetching all users from the database.
2025-03-17 16:23:23 [http-nio-8081-exec-9] DEBUG o.s.orm.jpa.JpaTransactionManager - Found thread-bound EntityManager [SessionImpl(1132622802<open>)] for JPA transaction
2025-03-17 16:23:23 [http-nio-8081-exec-9] DEBUG o.s.orm.jpa.JpaTransactionManager - Creating new transaction with name [org.springframework.data.jpa.repository.support.SimpleJpaRepository.findAll]: PROPAGATION_REQUIRED,ISOLATION_DEFAULT,readOnly
2025-03-17 16:23:23 [http-nio-8081-exec-9] DEBUG o.s.jdbc.datasource.DataSourceUtils - Setting JDBC Connection [HikariProxyConnection@1664471285 wrapping org.postgresql.jdbc.PgConnection@647bc89e] read-only
2025-03-17 16:23:23 [http-nio-8081-exec-9] DEBUG o.s.orm.jpa.JpaTransactionManager - Exposing JPA transaction as JDBC [org.springframework.orm.jpa.vendor.HibernateJpaDialect$HibernateConnectionHandle@2dc94ba3]
2025-03-17 16:23:23 [http-nio-8081-exec-9] DEBUG org.hibernate.SQL - select u1_0.id,u1_0.created_at,u1_0.email,u1_0.password,u1_0.updated_at,u1_0.username from users u1_0
2025-03-17 16:23:23 [http-nio-8081-exec-9] DEBUG org.hibernate.SQL - select r1_0.user_id,r1_1.id,r1_1.created_at,r1_1.name,p1_0.role_id,p1_1.id,p1_1.created_at,p1_1.description,p1_1.name,p1_1.updated_at,r1_1.updated_at from user_roles r1_0 join roles r1_1 on r1_1.id=r1_0.role_id left join role_permissions p1_0 on r1_1.id=p1_0.role_id left join permissions p1_1 on p1_1.id=p1_0.permission_id where r1_0.user_id=?
2025-03-17 16:23:23 [http-nio-8081-exec-9] DEBUG org.hibernate.SQL - select r1_0.user_id,r1_1.id,r1_1.created_at,r1_1.name,p1_0.role_id,p1_1.id,p1_1.created_at,p1_1.description,p1_1.name,p1_1.updated_at,r1_1.updated_at from user_roles r1_0 join roles r1_1 on r1_1.id=r1_0.role_id left join role_permissions p1_0 on r1_1.id=p1_0.role_id left join permissions p1_1 on p1_1.id=p1_0.permission_id where r1_0.user_id=?
2025-03-17 16:23:23 [http-nio-8081-exec-9] DEBUG org.hibernate.SQL - select r1_0.user_id,r1_1.id,r1_1.created_at,r1_1.name,p1_0.role_id,p1_1.id,p1_1.created_at,p1_1.description,p1_1.name,p1_1.updated_at,r1_1.updated_at from user_roles r1_0 join roles r1_1 on r1_1.id=r1_0.role_id left join role_permissions p1_0 on r1_1.id=p1_0.role_id left join permissions p1_1 on p1_1.id=p1_0.permission_id where r1_0.user_id=?
2025-03-17 16:23:23 [http-nio-8081-exec-9] DEBUG org.hibernate.SQL - select r1_0.user_id,r1_1.id,r1_1.created_at,r1_1.name,p1_0.role_id,p1_1.id,p1_1.created_at,p1_1.description,p1_1.name,p1_1.updated_at,r1_1.updated_at from user_roles r1_0 join roles r1_1 on r1_1.id=r1_0.role_id left join role_permissions p1_0 on r1_1.id=p1_0.role_id left join permissions p1_1 on p1_1.id=p1_0.permission_id where r1_0.user_id=?
2025-03-17 16:23:23 [http-nio-8081-exec-9] DEBUG org.hibernate.SQL - select r1_0.user_id,r1_1.id,r1_1.created_at,r1_1.name,p1_0.role_id,p1_1.id,p1_1.created_at,p1_1.description,p1_1.name,p1_1.updated_at,r1_1.updated_at from user_roles r1_0 join roles r1_1 on r1_1.id=r1_0.role_id left join role_permissions p1_0 on r1_1.id=p1_0.role_id left join permissions p1_1 on p1_1.id=p1_0.permission_id where r1_0.user_id=?
2025-03-17 16:23:23 [http-nio-8081-exec-9] DEBUG o.s.orm.jpa.JpaTransactionManager - Initiating transaction commit
2025-03-17 16:23:23 [http-nio-8081-exec-9] DEBUG o.s.orm.jpa.JpaTransactionManager - Committing JPA transaction on EntityManager [SessionImpl(1132622802<open>)]
2025-03-17 16:23:23 [http-nio-8081-exec-9] DEBUG o.s.jdbc.datasource.DataSourceUtils - Resetting read-only flag of JDBC Connection [HikariProxyConnection@1664471285 wrapping org.postgresql.jdbc.PgConnection@647bc89e]
2025-03-17 16:23:23 [http-nio-8081-exec-9] DEBUG o.s.orm.jpa.JpaTransactionManager - Not closing pre-bound JPA EntityManager after transaction
2025-03-17 16:23:23 [http-nio-8081-exec-9] INFO  o.g.login.services.UserService - getAllUsers: Retrieved 5 users.
2025-03-17 16:23:23 [http-nio-8081-exec-9] DEBUG o.s.w.s.m.m.a.HttpEntityMethodProcessor - Using 'application/json', given [*/*] and supported [application/json, application/*+json]
2025-03-17 16:23:23 [http-nio-8081-exec-9] DEBUG o.s.w.s.m.m.a.HttpEntityMethodProcessor - Writing [[org.guidewire.login.dto.responses.UserResponse@60d2e431, org.guidewire.login.dto.responses.UserResp (truncated)...]
2025-03-17 16:23:23 [http-nio-8081-exec-9] DEBUG o.s.o.j.s.OpenEntityManagerInViewInterceptor - Closing JPA EntityManager in OpenEntityManagerInViewInterceptor
2025-03-17 16:23:23 [http-nio-8081-exec-9] DEBUG o.s.web.servlet.DispatcherServlet - Completed 200 OK
2025-03-17 16:23:23 [http-nio-8081-exec-8] DEBUG o.s.security.web.FilterChainProxy - Securing GET /api/auth/user/details
2025-03-17 16:23:23 [http-nio-8081-exec-8] DEBUG o.g.l.s.JwtAuthenticationFilter - doFilterInternal: No valid Authorization header found, skipping JWT processing.
2025-03-17 16:23:23 [http-nio-8081-exec-8] DEBUG o.s.s.w.a.AnonymousAuthenticationFilter - Set SecurityContextHolder to anonymous SecurityContext
2025-03-17 16:23:23 [http-nio-8081-exec-8] DEBUG o.s.security.web.FilterChainProxy - Secured GET /api/auth/user/details
2025-03-17 16:23:23 [http-nio-8081-exec-8] DEBUG o.s.web.servlet.DispatcherServlet - GET "/api/auth/user/details", parameters={}
2025-03-17 16:23:23 [http-nio-8081-exec-8] DEBUG o.s.w.s.m.m.a.RequestMappingHandlerMapping - Mapped to org.guidewire.login.controller.AuthController#fetchUserDetails(List)
2025-03-17 16:23:23 [http-nio-8081-exec-8] DEBUG o.s.o.j.s.OpenEntityManagerInViewInterceptor - Opening JPA EntityManager in OpenEntityManagerInViewInterceptor
2025-03-17 16:23:23 [http-nio-8081-exec-8] DEBUG o.s.w.s.m.m.a.RequestResponseBodyMethodProcessor - Read "application/json;charset=UTF-8" to [[3d480867-d12b-4c5f-a725-da17dd7e5590]]
2025-03-17 16:23:23 [http-nio-8081-exec-8] INFO  o.g.login.controller.AuthController - fetchUserDetails: Fetching details for users with IDs: [3d480867-d12b-4c5f-a725-da17dd7e5590]
2025-03-17 16:23:23 [http-nio-8081-exec-8] DEBUG o.s.orm.jpa.JpaTransactionManager - Found thread-bound EntityManager [SessionImpl(121068634<open>)] for JPA transaction
2025-03-17 16:23:23 [http-nio-8081-exec-8] DEBUG o.s.orm.jpa.JpaTransactionManager - Creating new transaction with name [org.springframework.data.jpa.repository.support.SimpleJpaRepository.findAllById]: PROPAGATION_REQUIRED,ISOLATION_DEFAULT,readOnly
2025-03-17 16:23:23 [http-nio-8081-exec-8] DEBUG o.s.jdbc.datasource.DataSourceUtils - Setting JDBC Connection [HikariProxyConnection@1118544778 wrapping org.postgresql.jdbc.PgConnection@725e9d66] read-only
2025-03-17 16:23:23 [http-nio-8081-exec-8] DEBUG o.s.orm.jpa.JpaTransactionManager - Exposing JPA transaction as JDBC [org.springframework.orm.jpa.vendor.HibernateJpaDialect$HibernateConnectionHandle@3a7ea6ef]
2025-03-17 16:23:23 [http-nio-8081-exec-8] DEBUG org.hibernate.SQL - select u1_0.id,u1_0.created_at,u1_0.email,u1_0.password,u1_0.updated_at,u1_0.username from users u1_0 where u1_0.id in (?)
2025-03-17 16:23:23 [http-nio-8081-exec-8] DEBUG org.hibernate.SQL - select r1_0.user_id,r1_1.id,r1_1.created_at,r1_1.name,p1_0.role_id,p1_1.id,p1_1.created_at,p1_1.description,p1_1.name,p1_1.updated_at,r1_1.updated_at from user_roles r1_0 join roles r1_1 on r1_1.id=r1_0.role_id left join role_permissions p1_0 on r1_1.id=p1_0.role_id left join permissions p1_1 on p1_1.id=p1_0.permission_id where r1_0.user_id=?
2025-03-17 16:23:23 [http-nio-8081-exec-8] DEBUG o.s.orm.jpa.JpaTransactionManager - Initiating transaction commit
2025-03-17 16:23:23 [http-nio-8081-exec-8] DEBUG o.s.orm.jpa.JpaTransactionManager - Committing JPA transaction on EntityManager [SessionImpl(121068634<open>)]
2025-03-17 16:23:23 [http-nio-8081-exec-8] DEBUG o.s.jdbc.datasource.DataSourceUtils - Resetting read-only flag of JDBC Connection [HikariProxyConnection@1118544778 wrapping org.postgresql.jdbc.PgConnection@725e9d66]
2025-03-17 16:23:23 [http-nio-8081-exec-8] DEBUG o.s.orm.jpa.JpaTransactionManager - Not closing pre-bound JPA EntityManager after transaction
2025-03-17 16:23:23 [http-nio-8081-exec-8] INFO  o.g.login.controller.AuthController - fetchUserDetails: Returning user details for users: [org.guidewire.login.dto.responses.UserResponse@52f31e3e]
2025-03-17 16:23:23 [http-nio-8081-exec-8] DEBUG o.s.w.s.m.m.a.HttpEntityMethodProcessor - Using 'application/json', given [*/*] and supported [application/json, application/*+json]
2025-03-17 16:23:23 [http-nio-8081-exec-8] DEBUG o.s.w.s.m.m.a.HttpEntityMethodProcessor - Writing [[org.guidewire.login.dto.responses.UserResponse@52f31e3e]]
2025-03-17 16:23:23 [http-nio-8081-exec-8] DEBUG o.s.o.j.s.OpenEntityManagerInViewInterceptor - Closing JPA EntityManager in OpenEntityManagerInViewInterceptor
2025-03-17 16:23:23 [http-nio-8081-exec-8] DEBUG o.s.web.servlet.DispatcherServlet - Completed 200 OK
2025-03-17 16:33:05 [HikariPool-1 housekeeper] WARN  com.zaxxer.hikari.pool.HikariPool - HikariPool-1 - Thread starvation or clock leap detected (housekeeper delta=1m57s954ms).
2025-03-17 16:56:51 [HikariPool-1 housekeeper] WARN  com.zaxxer.hikari.pool.HikariPool - HikariPool-1 - Thread starvation or clock leap detected (housekeeper delta=23m45s313ms).
2025-03-17 19:03:31 [http-nio-8081-exec-1] DEBUG o.s.security.web.FilterChainProxy - Securing GET /api/auth/users/list
2025-03-17 19:03:31 [http-nio-8081-exec-1] INFO  o.g.l.s.JwtAuthenticationFilter - doFilterInternal: Extracted username 'admin' from token.
2025-03-17 19:03:31 [http-nio-8081-exec-1] INFO  o.g.l.s.CustomUserDetailsService - loadUserByUsername: Searching for user: admin
2025-03-17 19:03:31 [http-nio-8081-exec-1] DEBUG o.s.o.j.SharedEntityManagerCreator$SharedEntityManagerInvocationHandler - Creating new EntityManager for shared EntityManager invocation
2025-03-17 19:03:31 [http-nio-8081-exec-1] DEBUG org.hibernate.SQL - select u1_0.id,u1_0.created_at,u1_0.email,u1_0.password,u1_0.updated_at,u1_0.username from users u1_0 where u1_0.username=?
2025-03-17 19:03:31 [http-nio-8081-exec-1] DEBUG org.hibernate.SQL - select r1_0.user_id,r1_1.id,r1_1.created_at,r1_1.name,p1_0.role_id,p1_1.id,p1_1.created_at,p1_1.description,p1_1.name,p1_1.updated_at,r1_1.updated_at from user_roles r1_0 join roles r1_1 on r1_1.id=r1_0.role_id left join role_permissions p1_0 on r1_1.id=p1_0.role_id left join permissions p1_1 on p1_1.id=p1_0.permission_id where r1_0.user_id=?
2025-03-17 19:03:31 [http-nio-8081-exec-1] INFO  o.g.l.s.CustomUserDetailsService - loadUserByUsername: User admin found with roles: [org.guidewire.login.model.Role@400da8ae]
2025-03-17 19:03:31 [http-nio-8081-exec-1] INFO  o.g.login.security.CustomUserDetails - Initializing CustomUserDetails for user: admin
2025-03-17 19:03:31 [http-nio-8081-exec-1] DEBUG o.g.login.security.CustomUserDetails - User admin has roles: [ADMIN]
2025-03-17 19:03:31 [http-nio-8081-exec-1] DEBUG o.g.login.security.CustomUserDetails - User admin has permissions: [DELETE_TASK, CREATE_TASK, VIEW_TASK, CLOSE_TASK, ASSIGN_TASK, COMMENT_TASK, EDIT_TASK]
2025-03-17 19:03:31 [http-nio-8081-exec-1] INFO  o.g.login.security.CustomUserDetails - CustomUserDetails initialized successfully for user: admin
2025-03-17 19:03:31 [http-nio-8081-exec-1] INFO  o.guidewire.login.security.JwtUtil - validateToken:JWT validated successfully for user: admin
2025-03-17 19:03:31 [http-nio-8081-exec-1] DEBUG o.g.login.security.CustomUserDetails - Fetching authorities for user: admin
2025-03-17 19:03:31 [http-nio-8081-exec-1] INFO  o.g.l.s.JwtAuthenticationFilter - doFilterInternal: Authentication successful for user 'admin'.
2025-03-17 19:03:31 [http-nio-8081-exec-1] DEBUG o.s.security.web.FilterChainProxy - Secured GET /api/auth/users/list
2025-03-17 19:03:31 [http-nio-8081-exec-1] DEBUG o.s.web.servlet.DispatcherServlet - GET "/api/auth/users/list", parameters={}
2025-03-17 19:03:31 [http-nio-8081-exec-1] DEBUG o.s.w.s.m.m.a.RequestMappingHandlerMapping - Mapped to org.guidewire.login.controller.UserController#getAllUsers()
2025-03-17 19:03:31 [http-nio-8081-exec-1] DEBUG o.s.o.j.s.OpenEntityManagerInViewInterceptor - Opening JPA EntityManager in OpenEntityManagerInViewInterceptor
2025-03-17 19:03:31 [http-nio-8081-exec-1] INFO  o.g.login.services.UserService - getAllUsers: Fetching all users from the database.
2025-03-17 19:03:31 [http-nio-8081-exec-1] DEBUG o.s.orm.jpa.JpaTransactionManager - Found thread-bound EntityManager [SessionImpl(2075220873<open>)] for JPA transaction
2025-03-17 19:03:31 [http-nio-8081-exec-1] DEBUG o.s.orm.jpa.JpaTransactionManager - Creating new transaction with name [org.springframework.data.jpa.repository.support.SimpleJpaRepository.findAll]: PROPAGATION_REQUIRED,ISOLATION_DEFAULT,readOnly
2025-03-17 19:03:31 [http-nio-8081-exec-1] DEBUG o.s.jdbc.datasource.DataSourceUtils - Setting JDBC Connection [HikariProxyConnection@219788147 wrapping org.postgresql.jdbc.PgConnection@4dad039b] read-only
2025-03-17 19:03:31 [http-nio-8081-exec-1] DEBUG o.s.orm.jpa.JpaTransactionManager - Exposing JPA transaction as JDBC [org.springframework.orm.jpa.vendor.HibernateJpaDialect$HibernateConnectionHandle@3a2c641a]
2025-03-17 19:03:31 [http-nio-8081-exec-1] DEBUG org.hibernate.SQL - select u1_0.id,u1_0.created_at,u1_0.email,u1_0.password,u1_0.updated_at,u1_0.username from users u1_0
2025-03-17 19:03:31 [http-nio-8081-exec-1] DEBUG org.hibernate.SQL - select r1_0.user_id,r1_1.id,r1_1.created_at,r1_1.name,p1_0.role_id,p1_1.id,p1_1.created_at,p1_1.description,p1_1.name,p1_1.updated_at,r1_1.updated_at from user_roles r1_0 join roles r1_1 on r1_1.id=r1_0.role_id left join role_permissions p1_0 on r1_1.id=p1_0.role_id left join permissions p1_1 on p1_1.id=p1_0.permission_id where r1_0.user_id=?
2025-03-17 19:03:31 [http-nio-8081-exec-1] DEBUG org.hibernate.SQL - select r1_0.user_id,r1_1.id,r1_1.created_at,r1_1.name,p1_0.role_id,p1_1.id,p1_1.created_at,p1_1.description,p1_1.name,p1_1.updated_at,r1_1.updated_at from user_roles r1_0 join roles r1_1 on r1_1.id=r1_0.role_id left join role_permissions p1_0 on r1_1.id=p1_0.role_id left join permissions p1_1 on p1_1.id=p1_0.permission_id where r1_0.user_id=?
2025-03-17 19:03:31 [http-nio-8081-exec-1] DEBUG org.hibernate.SQL - select r1_0.user_id,r1_1.id,r1_1.created_at,r1_1.name,p1_0.role_id,p1_1.id,p1_1.created_at,p1_1.description,p1_1.name,p1_1.updated_at,r1_1.updated_at from user_roles r1_0 join roles r1_1 on r1_1.id=r1_0.role_id left join role_permissions p1_0 on r1_1.id=p1_0.role_id left join permissions p1_1 on p1_1.id=p1_0.permission_id where r1_0.user_id=?
2025-03-17 19:03:31 [http-nio-8081-exec-1] DEBUG org.hibernate.SQL - select r1_0.user_id,r1_1.id,r1_1.created_at,r1_1.name,p1_0.role_id,p1_1.id,p1_1.created_at,p1_1.description,p1_1.name,p1_1.updated_at,r1_1.updated_at from user_roles r1_0 join roles r1_1 on r1_1.id=r1_0.role_id left join role_permissions p1_0 on r1_1.id=p1_0.role_id left join permissions p1_1 on p1_1.id=p1_0.permission_id where r1_0.user_id=?
2025-03-17 19:03:31 [http-nio-8081-exec-1] DEBUG org.hibernate.SQL - select r1_0.user_id,r1_1.id,r1_1.created_at,r1_1.name,p1_0.role_id,p1_1.id,p1_1.created_at,p1_1.description,p1_1.name,p1_1.updated_at,r1_1.updated_at from user_roles r1_0 join roles r1_1 on r1_1.id=r1_0.role_id left join role_permissions p1_0 on r1_1.id=p1_0.role_id left join permissions p1_1 on p1_1.id=p1_0.permission_id where r1_0.user_id=?
2025-03-17 19:03:31 [http-nio-8081-exec-1] DEBUG o.s.orm.jpa.JpaTransactionManager - Initiating transaction commit
2025-03-17 19:03:31 [http-nio-8081-exec-1] DEBUG o.s.orm.jpa.JpaTransactionManager - Committing JPA transaction on EntityManager [SessionImpl(2075220873<open>)]
2025-03-17 19:03:31 [http-nio-8081-exec-1] DEBUG o.s.jdbc.datasource.DataSourceUtils - Resetting read-only flag of JDBC Connection [HikariProxyConnection@219788147 wrapping org.postgresql.jdbc.PgConnection@4dad039b]
2025-03-17 19:03:31 [http-nio-8081-exec-1] DEBUG o.s.orm.jpa.JpaTransactionManager - Not closing pre-bound JPA EntityManager after transaction
2025-03-17 19:03:31 [http-nio-8081-exec-1] INFO  o.g.login.services.UserService - getAllUsers: Retrieved 5 users.
2025-03-17 19:03:31 [http-nio-8081-exec-1] DEBUG o.s.w.s.m.m.a.HttpEntityMethodProcessor - Using 'application/json', given [*/*] and supported [application/json, application/*+json]
2025-03-17 19:03:31 [http-nio-8081-exec-1] DEBUG o.s.w.s.m.m.a.HttpEntityMethodProcessor - Writing [[org.guidewire.login.dto.responses.UserResponse@dfa4bd9, org.guidewire.login.dto.responses.UserRespo (truncated)...]
2025-03-17 19:03:31 [http-nio-8081-exec-1] DEBUG o.s.o.j.s.OpenEntityManagerInViewInterceptor - Closing JPA EntityManager in OpenEntityManagerInViewInterceptor
2025-03-17 19:03:31 [http-nio-8081-exec-1] DEBUG o.s.web.servlet.DispatcherServlet - Completed 200 OK
2025-03-17 19:03:31 [http-nio-8081-exec-2] DEBUG o.s.security.web.FilterChainProxy - Securing GET /api/auth/user/details
2025-03-17 19:03:31 [http-nio-8081-exec-2] DEBUG o.g.l.s.JwtAuthenticationFilter - doFilterInternal: No valid Authorization header found, skipping JWT processing.
2025-03-17 19:03:31 [http-nio-8081-exec-2] DEBUG o.s.s.w.a.AnonymousAuthenticationFilter - Set SecurityContextHolder to anonymous SecurityContext
2025-03-17 19:03:31 [http-nio-8081-exec-2] DEBUG o.s.security.web.FilterChainProxy - Secured GET /api/auth/user/details
2025-03-17 19:03:31 [http-nio-8081-exec-2] DEBUG o.s.web.servlet.DispatcherServlet - GET "/api/auth/user/details", parameters={}
2025-03-17 19:03:31 [http-nio-8081-exec-2] DEBUG o.s.w.s.m.m.a.RequestMappingHandlerMapping - Mapped to org.guidewire.login.controller.AuthController#fetchUserDetails(List)
2025-03-17 19:03:31 [http-nio-8081-exec-2] DEBUG o.s.o.j.s.OpenEntityManagerInViewInterceptor - Opening JPA EntityManager in OpenEntityManagerInViewInterceptor
2025-03-17 19:03:31 [http-nio-8081-exec-2] DEBUG o.s.w.s.m.m.a.RequestResponseBodyMethodProcessor - Read "application/json;charset=UTF-8" to [[3d480867-d12b-4c5f-a725-da17dd7e5590]]
2025-03-17 19:03:31 [http-nio-8081-exec-2] INFO  o.g.login.controller.AuthController - fetchUserDetails: Fetching details for users with IDs: [3d480867-d12b-4c5f-a725-da17dd7e5590]
2025-03-17 19:03:31 [http-nio-8081-exec-2] DEBUG o.s.orm.jpa.JpaTransactionManager - Found thread-bound EntityManager [SessionImpl(1860800157<open>)] for JPA transaction
2025-03-17 19:03:31 [http-nio-8081-exec-2] DEBUG o.s.orm.jpa.JpaTransactionManager - Creating new transaction with name [org.springframework.data.jpa.repository.support.SimpleJpaRepository.findAllById]: PROPAGATION_REQUIRED,ISOLATION_DEFAULT,readOnly
2025-03-17 19:03:31 [http-nio-8081-exec-2] DEBUG o.s.jdbc.datasource.DataSourceUtils - Setting JDBC Connection [HikariProxyConnection@460247047 wrapping org.postgresql.jdbc.PgConnection@4dad039b] read-only
2025-03-17 19:03:31 [http-nio-8081-exec-2] DEBUG o.s.orm.jpa.JpaTransactionManager - Exposing JPA transaction as JDBC [org.springframework.orm.jpa.vendor.HibernateJpaDialect$HibernateConnectionHandle@2688db14]
2025-03-17 19:03:31 [http-nio-8081-exec-2] DEBUG org.hibernate.SQL - select u1_0.id,u1_0.created_at,u1_0.email,u1_0.password,u1_0.updated_at,u1_0.username from users u1_0 where u1_0.id in (?)
2025-03-17 19:03:31 [http-nio-8081-exec-2] DEBUG org.hibernate.SQL - select r1_0.user_id,r1_1.id,r1_1.created_at,r1_1.name,p1_0.role_id,p1_1.id,p1_1.created_at,p1_1.description,p1_1.name,p1_1.updated_at,r1_1.updated_at from user_roles r1_0 join roles r1_1 on r1_1.id=r1_0.role_id left join role_permissions p1_0 on r1_1.id=p1_0.role_id left join permissions p1_1 on p1_1.id=p1_0.permission_id where r1_0.user_id=?
2025-03-17 19:03:31 [http-nio-8081-exec-2] DEBUG o.s.orm.jpa.JpaTransactionManager - Initiating transaction commit
2025-03-17 19:03:31 [http-nio-8081-exec-2] DEBUG o.s.orm.jpa.JpaTransactionManager - Committing JPA transaction on EntityManager [SessionImpl(1860800157<open>)]
2025-03-17 19:03:31 [http-nio-8081-exec-2] DEBUG o.s.jdbc.datasource.DataSourceUtils - Resetting read-only flag of JDBC Connection [HikariProxyConnection@460247047 wrapping org.postgresql.jdbc.PgConnection@4dad039b]
2025-03-17 19:03:31 [http-nio-8081-exec-2] DEBUG o.s.orm.jpa.JpaTransactionManager - Not closing pre-bound JPA EntityManager after transaction
2025-03-17 19:03:31 [http-nio-8081-exec-2] INFO  o.g.login.controller.AuthController - fetchUserDetails: Returning user details for users: [org.guidewire.login.dto.responses.UserResponse@496d47bf]
2025-03-17 19:03:31 [http-nio-8081-exec-2] DEBUG o.s.w.s.m.m.a.HttpEntityMethodProcessor - Using 'application/json', given [*/*] and supported [application/json, application/*+json]
2025-03-17 19:03:31 [http-nio-8081-exec-2] DEBUG o.s.w.s.m.m.a.HttpEntityMethodProcessor - Writing [[org.guidewire.login.dto.responses.UserResponse@496d47bf]]
2025-03-17 19:03:31 [http-nio-8081-exec-2] DEBUG o.s.o.j.s.OpenEntityManagerInViewInterceptor - Closing JPA EntityManager in OpenEntityManagerInViewInterceptor
2025-03-17 19:03:31 [http-nio-8081-exec-2] DEBUG o.s.web.servlet.DispatcherServlet - Completed 200 OK
2025-03-17 19:17:47 [http-nio-8081-exec-4] DEBUG o.s.security.web.FilterChainProxy - Securing GET /api/auth/users/list
2025-03-17 19:17:47 [http-nio-8081-exec-4] INFO  o.g.l.s.JwtAuthenticationFilter - doFilterInternal: Extracted username 'admin' from token.
2025-03-17 19:17:47 [http-nio-8081-exec-4] INFO  o.g.l.s.CustomUserDetailsService - loadUserByUsername: Searching for user: admin
2025-03-17 19:17:47 [http-nio-8081-exec-4] DEBUG o.s.o.j.SharedEntityManagerCreator$SharedEntityManagerInvocationHandler - Creating new EntityManager for shared EntityManager invocation
2025-03-17 19:17:47 [http-nio-8081-exec-4] DEBUG org.hibernate.SQL - select u1_0.id,u1_0.created_at,u1_0.email,u1_0.password,u1_0.updated_at,u1_0.username from users u1_0 where u1_0.username=?
2025-03-17 19:17:47 [http-nio-8081-exec-4] DEBUG org.hibernate.SQL - select r1_0.user_id,r1_1.id,r1_1.created_at,r1_1.name,p1_0.role_id,p1_1.id,p1_1.created_at,p1_1.description,p1_1.name,p1_1.updated_at,r1_1.updated_at from user_roles r1_0 join roles r1_1 on r1_1.id=r1_0.role_id left join role_permissions p1_0 on r1_1.id=p1_0.role_id left join permissions p1_1 on p1_1.id=p1_0.permission_id where r1_0.user_id=?
2025-03-17 19:17:47 [http-nio-8081-exec-4] INFO  o.g.l.s.CustomUserDetailsService - loadUserByUsername: User admin found with roles: [org.guidewire.login.model.Role@6dc69cdd]
2025-03-17 19:17:47 [http-nio-8081-exec-4] INFO  o.g.login.security.CustomUserDetails - Initializing CustomUserDetails for user: admin
2025-03-17 19:17:47 [http-nio-8081-exec-4] DEBUG o.g.login.security.CustomUserDetails - User admin has roles: [ADMIN]
2025-03-17 19:17:47 [http-nio-8081-exec-4] DEBUG o.g.login.security.CustomUserDetails - User admin has permissions: [DELETE_TASK, CREATE_TASK, CLOSE_TASK, VIEW_TASK, COMMENT_TASK, ASSIGN_TASK, EDIT_TASK]
2025-03-17 19:17:47 [http-nio-8081-exec-4] INFO  o.g.login.security.CustomUserDetails - CustomUserDetails initialized successfully for user: admin
2025-03-17 19:17:47 [http-nio-8081-exec-4] INFO  o.guidewire.login.security.JwtUtil - validateToken:JWT validated successfully for user: admin
2025-03-17 19:17:47 [http-nio-8081-exec-4] DEBUG o.g.login.security.CustomUserDetails - Fetching authorities for user: admin
2025-03-17 19:17:47 [http-nio-8081-exec-4] INFO  o.g.l.s.JwtAuthenticationFilter - doFilterInternal: Authentication successful for user 'admin'.
2025-03-17 19:17:47 [http-nio-8081-exec-4] DEBUG o.s.security.web.FilterChainProxy - Secured GET /api/auth/users/list
2025-03-17 19:17:47 [http-nio-8081-exec-4] DEBUG o.s.web.servlet.DispatcherServlet - GET "/api/auth/users/list", parameters={}
2025-03-17 19:17:47 [http-nio-8081-exec-4] DEBUG o.s.w.s.m.m.a.RequestMappingHandlerMapping - Mapped to org.guidewire.login.controller.UserController#getAllUsers()
2025-03-17 19:17:47 [http-nio-8081-exec-4] DEBUG o.s.o.j.s.OpenEntityManagerInViewInterceptor - Opening JPA EntityManager in OpenEntityManagerInViewInterceptor
2025-03-17 19:17:47 [http-nio-8081-exec-4] INFO  o.g.login.services.UserService - getAllUsers: Fetching all users from the database.
2025-03-17 19:17:47 [http-nio-8081-exec-4] DEBUG o.s.orm.jpa.JpaTransactionManager - Found thread-bound EntityManager [SessionImpl(482974246<open>)] for JPA transaction
2025-03-17 19:17:47 [http-nio-8081-exec-4] DEBUG o.s.orm.jpa.JpaTransactionManager - Creating new transaction with name [org.springframework.data.jpa.repository.support.SimpleJpaRepository.findAll]: PROPAGATION_REQUIRED,ISOLATION_DEFAULT,readOnly
2025-03-17 19:17:47 [http-nio-8081-exec-4] DEBUG o.s.jdbc.datasource.DataSourceUtils - Setting JDBC Connection [HikariProxyConnection@363091430 wrapping org.postgresql.jdbc.PgConnection@4dad039b] read-only
2025-03-17 19:17:47 [http-nio-8081-exec-4] DEBUG o.s.orm.jpa.JpaTransactionManager - Exposing JPA transaction as JDBC [org.springframework.orm.jpa.vendor.HibernateJpaDialect$HibernateConnectionHandle@2cd7a561]
2025-03-17 19:17:47 [http-nio-8081-exec-4] DEBUG org.hibernate.SQL - select u1_0.id,u1_0.created_at,u1_0.email,u1_0.password,u1_0.updated_at,u1_0.username from users u1_0
2025-03-17 19:17:47 [http-nio-8081-exec-4] DEBUG org.hibernate.SQL - select r1_0.user_id,r1_1.id,r1_1.created_at,r1_1.name,p1_0.role_id,p1_1.id,p1_1.created_at,p1_1.description,p1_1.name,p1_1.updated_at,r1_1.updated_at from user_roles r1_0 join roles r1_1 on r1_1.id=r1_0.role_id left join role_permissions p1_0 on r1_1.id=p1_0.role_id left join permissions p1_1 on p1_1.id=p1_0.permission_id where r1_0.user_id=?
2025-03-17 19:17:47 [http-nio-8081-exec-4] DEBUG org.hibernate.SQL - select r1_0.user_id,r1_1.id,r1_1.created_at,r1_1.name,p1_0.role_id,p1_1.id,p1_1.created_at,p1_1.description,p1_1.name,p1_1.updated_at,r1_1.updated_at from user_roles r1_0 join roles r1_1 on r1_1.id=r1_0.role_id left join role_permissions p1_0 on r1_1.id=p1_0.role_id left join permissions p1_1 on p1_1.id=p1_0.permission_id where r1_0.user_id=?
2025-03-17 19:17:47 [http-nio-8081-exec-4] DEBUG org.hibernate.SQL - select r1_0.user_id,r1_1.id,r1_1.created_at,r1_1.name,p1_0.role_id,p1_1.id,p1_1.created_at,p1_1.description,p1_1.name,p1_1.updated_at,r1_1.updated_at from user_roles r1_0 join roles r1_1 on r1_1.id=r1_0.role_id left join role_permissions p1_0 on r1_1.id=p1_0.role_id left join permissions p1_1 on p1_1.id=p1_0.permission_id where r1_0.user_id=?
2025-03-17 19:17:47 [http-nio-8081-exec-4] DEBUG org.hibernate.SQL - select r1_0.user_id,r1_1.id,r1_1.created_at,r1_1.name,p1_0.role_id,p1_1.id,p1_1.created_at,p1_1.description,p1_1.name,p1_1.updated_at,r1_1.updated_at from user_roles r1_0 join roles r1_1 on r1_1.id=r1_0.role_id left join role_permissions p1_0 on r1_1.id=p1_0.role_id left join permissions p1_1 on p1_1.id=p1_0.permission_id where r1_0.user_id=?
2025-03-17 19:17:47 [http-nio-8081-exec-4] DEBUG org.hibernate.SQL - select r1_0.user_id,r1_1.id,r1_1.created_at,r1_1.name,p1_0.role_id,p1_1.id,p1_1.created_at,p1_1.description,p1_1.name,p1_1.updated_at,r1_1.updated_at from user_roles r1_0 join roles r1_1 on r1_1.id=r1_0.role_id left join role_permissions p1_0 on r1_1.id=p1_0.role_id left join permissions p1_1 on p1_1.id=p1_0.permission_id where r1_0.user_id=?
2025-03-17 19:17:47 [http-nio-8081-exec-4] DEBUG o.s.orm.jpa.JpaTransactionManager - Initiating transaction commit
2025-03-17 19:17:47 [http-nio-8081-exec-4] DEBUG o.s.orm.jpa.JpaTransactionManager - Committing JPA transaction on EntityManager [SessionImpl(482974246<open>)]
2025-03-17 19:17:47 [http-nio-8081-exec-4] DEBUG o.s.jdbc.datasource.DataSourceUtils - Resetting read-only flag of JDBC Connection [HikariProxyConnection@363091430 wrapping org.postgresql.jdbc.PgConnection@4dad039b]
2025-03-17 19:17:47 [http-nio-8081-exec-4] DEBUG o.s.orm.jpa.JpaTransactionManager - Not closing pre-bound JPA EntityManager after transaction
2025-03-17 19:17:47 [http-nio-8081-exec-4] INFO  o.g.login.services.UserService - getAllUsers: Retrieved 5 users.
2025-03-17 19:17:47 [http-nio-8081-exec-4] DEBUG o.s.w.s.m.m.a.HttpEntityMethodProcessor - Using 'application/json', given [*/*] and supported [application/json, application/*+json]
2025-03-17 19:17:47 [http-nio-8081-exec-4] DEBUG o.s.w.s.m.m.a.HttpEntityMethodProcessor - Writing [[org.guidewire.login.dto.responses.UserResponse@71e7efbb, org.guidewire.login.dto.responses.UserResp (truncated)...]
2025-03-17 19:17:47 [http-nio-8081-exec-4] DEBUG o.s.o.j.s.OpenEntityManagerInViewInterceptor - Closing JPA EntityManager in OpenEntityManagerInViewInterceptor
2025-03-17 19:17:47 [http-nio-8081-exec-4] DEBUG o.s.web.servlet.DispatcherServlet - Completed 200 OK
2025-03-17 19:17:47 [http-nio-8081-exec-5] DEBUG o.s.security.web.FilterChainProxy - Securing GET /api/auth/user/details
2025-03-17 19:17:47 [http-nio-8081-exec-5] DEBUG o.g.l.s.JwtAuthenticationFilter - doFilterInternal: No valid Authorization header found, skipping JWT processing.
2025-03-17 19:17:47 [http-nio-8081-exec-5] DEBUG o.s.s.w.a.AnonymousAuthenticationFilter - Set SecurityContextHolder to anonymous SecurityContext
2025-03-17 19:17:47 [http-nio-8081-exec-5] DEBUG o.s.security.web.FilterChainProxy - Secured GET /api/auth/user/details
2025-03-17 19:17:47 [http-nio-8081-exec-5] DEBUG o.s.web.servlet.DispatcherServlet - GET "/api/auth/user/details", parameters={}
2025-03-17 19:17:47 [http-nio-8081-exec-5] DEBUG o.s.w.s.m.m.a.RequestMappingHandlerMapping - Mapped to org.guidewire.login.controller.AuthController#fetchUserDetails(List)
2025-03-17 19:17:47 [http-nio-8081-exec-5] DEBUG o.s.o.j.s.OpenEntityManagerInViewInterceptor - Opening JPA EntityManager in OpenEntityManagerInViewInterceptor
2025-03-17 19:17:47 [http-nio-8081-exec-5] DEBUG o.s.w.s.m.m.a.RequestResponseBodyMethodProcessor - Read "application/json;charset=UTF-8" to [[3d480867-d12b-4c5f-a725-da17dd7e5590]]
2025-03-17 19:17:47 [http-nio-8081-exec-5] INFO  o.g.login.controller.AuthController - fetchUserDetails: Fetching details for users with IDs: [3d480867-d12b-4c5f-a725-da17dd7e5590]
2025-03-17 19:17:47 [http-nio-8081-exec-5] DEBUG o.s.orm.jpa.JpaTransactionManager - Found thread-bound EntityManager [SessionImpl(581441550<open>)] for JPA transaction
2025-03-17 19:17:47 [http-nio-8081-exec-5] DEBUG o.s.orm.jpa.JpaTransactionManager - Creating new transaction with name [org.springframework.data.jpa.repository.support.SimpleJpaRepository.findAllById]: PROPAGATION_REQUIRED,ISOLATION_DEFAULT,readOnly
2025-03-17 19:17:47 [http-nio-8081-exec-5] DEBUG o.s.jdbc.datasource.DataSourceUtils - Setting JDBC Connection [HikariProxyConnection@5950635 wrapping org.postgresql.jdbc.PgConnection@4dad039b] read-only
2025-03-17 19:17:47 [http-nio-8081-exec-5] DEBUG o.s.orm.jpa.JpaTransactionManager - Exposing JPA transaction as JDBC [org.springframework.orm.jpa.vendor.HibernateJpaDialect$HibernateConnectionHandle@3cb1517e]
2025-03-17 19:17:47 [http-nio-8081-exec-5] DEBUG org.hibernate.SQL - select u1_0.id,u1_0.created_at,u1_0.email,u1_0.password,u1_0.updated_at,u1_0.username from users u1_0 where u1_0.id in (?)
2025-03-17 19:17:47 [http-nio-8081-exec-5] DEBUG org.hibernate.SQL - select r1_0.user_id,r1_1.id,r1_1.created_at,r1_1.name,p1_0.role_id,p1_1.id,p1_1.created_at,p1_1.description,p1_1.name,p1_1.updated_at,r1_1.updated_at from user_roles r1_0 join roles r1_1 on r1_1.id=r1_0.role_id left join role_permissions p1_0 on r1_1.id=p1_0.role_id left join permissions p1_1 on p1_1.id=p1_0.permission_id where r1_0.user_id=?
2025-03-17 19:17:47 [http-nio-8081-exec-5] DEBUG o.s.orm.jpa.JpaTransactionManager - Initiating transaction commit
2025-03-17 19:17:47 [http-nio-8081-exec-5] DEBUG o.s.orm.jpa.JpaTransactionManager - Committing JPA transaction on EntityManager [SessionImpl(581441550<open>)]
2025-03-17 19:17:47 [http-nio-8081-exec-5] DEBUG o.s.jdbc.datasource.DataSourceUtils - Resetting read-only flag of JDBC Connection [HikariProxyConnection@5950635 wrapping org.postgresql.jdbc.PgConnection@4dad039b]
2025-03-17 19:17:47 [http-nio-8081-exec-5] DEBUG o.s.orm.jpa.JpaTransactionManager - Not closing pre-bound JPA EntityManager after transaction
2025-03-17 19:17:47 [http-nio-8081-exec-5] INFO  o.g.login.controller.AuthController - fetchUserDetails: Returning user details for users: [org.guidewire.login.dto.responses.UserResponse@3744c365]
2025-03-17 19:17:47 [http-nio-8081-exec-5] DEBUG o.s.w.s.m.m.a.HttpEntityMethodProcessor - Using 'application/json', given [*/*] and supported [application/json, application/*+json]
2025-03-17 19:17:47 [http-nio-8081-exec-5] DEBUG o.s.w.s.m.m.a.HttpEntityMethodProcessor - Writing [[org.guidewire.login.dto.responses.UserResponse@3744c365]]
2025-03-17 19:17:47 [http-nio-8081-exec-5] DEBUG o.s.o.j.s.OpenEntityManagerInViewInterceptor - Closing JPA EntityManager in OpenEntityManagerInViewInterceptor
2025-03-17 19:17:47 [http-nio-8081-exec-5] DEBUG o.s.web.servlet.DispatcherServlet - Completed 200 OK
2025-03-17 19:22:01 [http-nio-8081-exec-7] DEBUG o.s.security.web.FilterChainProxy - Securing GET /api/auth/check-admin
2025-03-17 19:22:01 [http-nio-8081-exec-7] INFO  o.g.l.s.JwtAuthenticationFilter - doFilterInternal: Extracted username 'admin' from token.
2025-03-17 19:22:01 [http-nio-8081-exec-7] INFO  o.g.l.s.CustomUserDetailsService - loadUserByUsername: Searching for user: admin
2025-03-17 19:22:01 [http-nio-8081-exec-7] DEBUG o.s.o.j.SharedEntityManagerCreator$SharedEntityManagerInvocationHandler - Creating new EntityManager for shared EntityManager invocation
2025-03-17 19:22:01 [http-nio-8081-exec-7] DEBUG org.hibernate.SQL - select u1_0.id,u1_0.created_at,u1_0.email,u1_0.password,u1_0.updated_at,u1_0.username from users u1_0 where u1_0.username=?
2025-03-17 19:22:01 [http-nio-8081-exec-7] DEBUG org.hibernate.SQL - select r1_0.user_id,r1_1.id,r1_1.created_at,r1_1.name,p1_0.role_id,p1_1.id,p1_1.created_at,p1_1.description,p1_1.name,p1_1.updated_at,r1_1.updated_at from user_roles r1_0 join roles r1_1 on r1_1.id=r1_0.role_id left join role_permissions p1_0 on r1_1.id=p1_0.role_id left join permissions p1_1 on p1_1.id=p1_0.permission_id where r1_0.user_id=?
2025-03-17 19:22:01 [http-nio-8081-exec-7] INFO  o.g.l.s.CustomUserDetailsService - loadUserByUsername: User admin found with roles: [org.guidewire.login.model.Role@4992121d]
2025-03-17 19:22:01 [http-nio-8081-exec-7] INFO  o.g.login.security.CustomUserDetails - Initializing CustomUserDetails for user: admin
2025-03-17 19:22:01 [http-nio-8081-exec-7] DEBUG o.g.login.security.CustomUserDetails - User admin has roles: [ADMIN]
2025-03-17 19:22:01 [http-nio-8081-exec-7] DEBUG o.g.login.security.CustomUserDetails - User admin has permissions: [DELETE_TASK, CREATE_TASK, CLOSE_TASK, VIEW_TASK, COMMENT_TASK, ASSIGN_TASK, EDIT_TASK]
2025-03-17 19:22:01 [http-nio-8081-exec-7] INFO  o.g.login.security.CustomUserDetails - CustomUserDetails initialized successfully for user: admin
2025-03-17 19:22:01 [http-nio-8081-exec-7] INFO  o.guidewire.login.security.JwtUtil - validateToken:JWT validated successfully for user: admin
2025-03-17 19:22:01 [http-nio-8081-exec-7] DEBUG o.g.login.security.CustomUserDetails - Fetching authorities for user: admin
2025-03-17 19:22:01 [http-nio-8081-exec-7] INFO  o.g.l.s.JwtAuthenticationFilter - doFilterInternal: Authentication successful for user 'admin'.
2025-03-17 19:22:01 [http-nio-8081-exec-7] DEBUG o.s.security.web.FilterChainProxy - Secured GET /api/auth/check-admin
2025-03-17 19:22:01 [http-nio-8081-exec-7] DEBUG o.s.web.servlet.DispatcherServlet - GET "/api/auth/check-admin", parameters={}
2025-03-17 19:22:01 [http-nio-8081-exec-7] DEBUG o.s.w.s.m.m.a.RequestMappingHandlerMapping - Mapped to org.guidewire.login.controller.AuthController#checkIfAdmin(UserDetails)
2025-03-17 19:22:01 [http-nio-8081-exec-7] DEBUG o.s.o.j.s.OpenEntityManagerInViewInterceptor - Opening JPA EntityManager in OpenEntityManagerInViewInterceptor
2025-03-17 19:22:01 [http-nio-8081-exec-7] DEBUG o.g.login.security.CustomUserDetails - Fetching authorities for user: admin
2025-03-17 19:22:01 [http-nio-8081-exec-7] DEBUG o.s.w.s.m.m.a.HttpEntityMethodProcessor - Using 'application/json', given [*/*] and supported [application/json, application/*+json]
2025-03-17 19:22:01 [http-nio-8081-exec-7] DEBUG o.s.w.s.m.m.a.HttpEntityMethodProcessor - Writing [org.guidewire.login.dto.responses.UserRoleResponse@14f6e9ba]
2025-03-17 19:22:01 [http-nio-8081-exec-7] DEBUG o.s.o.j.s.OpenEntityManagerInViewInterceptor - Closing JPA EntityManager in OpenEntityManagerInViewInterceptor
2025-03-17 19:22:01 [http-nio-8081-exec-7] DEBUG o.s.web.servlet.DispatcherServlet - Completed 200 OK
2025-03-17 19:22:01 [http-nio-8081-exec-9] DEBUG o.s.security.web.FilterChainProxy - Securing GET /api/auth/users/list
2025-03-17 19:22:01 [http-nio-8081-exec-9] INFO  o.g.l.s.JwtAuthenticationFilter - doFilterInternal: Extracted username 'admin' from token.
2025-03-17 19:22:01 [http-nio-8081-exec-9] INFO  o.g.l.s.CustomUserDetailsService - loadUserByUsername: Searching for user: admin
2025-03-17 19:22:01 [http-nio-8081-exec-9] DEBUG o.s.o.j.SharedEntityManagerCreator$SharedEntityManagerInvocationHandler - Creating new EntityManager for shared EntityManager invocation
2025-03-17 19:22:01 [http-nio-8081-exec-9] DEBUG org.hibernate.SQL - select u1_0.id,u1_0.created_at,u1_0.email,u1_0.password,u1_0.updated_at,u1_0.username from users u1_0 where u1_0.username=?
2025-03-17 19:22:01 [http-nio-8081-exec-9] DEBUG org.hibernate.SQL - select r1_0.user_id,r1_1.id,r1_1.created_at,r1_1.name,p1_0.role_id,p1_1.id,p1_1.created_at,p1_1.description,p1_1.name,p1_1.updated_at,r1_1.updated_at from user_roles r1_0 join roles r1_1 on r1_1.id=r1_0.role_id left join role_permissions p1_0 on r1_1.id=p1_0.role_id left join permissions p1_1 on p1_1.id=p1_0.permission_id where r1_0.user_id=?
2025-03-17 19:22:01 [http-nio-8081-exec-9] INFO  o.g.l.s.CustomUserDetailsService - loadUserByUsername: User admin found with roles: [org.guidewire.login.model.Role@2234f039]
2025-03-17 19:22:01 [http-nio-8081-exec-9] INFO  o.g.login.security.CustomUserDetails - Initializing CustomUserDetails for user: admin
2025-03-17 19:22:01 [http-nio-8081-exec-9] DEBUG o.g.login.security.CustomUserDetails - User admin has roles: [ADMIN]
2025-03-17 19:22:01 [http-nio-8081-exec-9] DEBUG o.g.login.security.CustomUserDetails - User admin has permissions: [DELETE_TASK, CREATE_TASK, VIEW_TASK, CLOSE_TASK, ASSIGN_TASK, COMMENT_TASK, EDIT_TASK]
2025-03-17 19:22:01 [http-nio-8081-exec-9] INFO  o.g.login.security.CustomUserDetails - CustomUserDetails initialized successfully for user: admin
2025-03-17 19:22:01 [http-nio-8081-exec-9] INFO  o.guidewire.login.security.JwtUtil - validateToken:JWT validated successfully for user: admin
2025-03-17 19:22:01 [http-nio-8081-exec-9] DEBUG o.g.login.security.CustomUserDetails - Fetching authorities for user: admin
2025-03-17 19:22:01 [http-nio-8081-exec-9] INFO  o.g.l.s.JwtAuthenticationFilter - doFilterInternal: Authentication successful for user 'admin'.
2025-03-17 19:22:01 [http-nio-8081-exec-9] DEBUG o.s.security.web.FilterChainProxy - Secured GET /api/auth/users/list
2025-03-17 19:22:01 [http-nio-8081-exec-9] DEBUG o.s.web.servlet.DispatcherServlet - GET "/api/auth/users/list", parameters={}
2025-03-17 19:22:01 [http-nio-8081-exec-9] DEBUG o.s.w.s.m.m.a.RequestMappingHandlerMapping - Mapped to org.guidewire.login.controller.UserController#getAllUsers()
2025-03-17 19:22:01 [http-nio-8081-exec-9] DEBUG o.s.o.j.s.OpenEntityManagerInViewInterceptor - Opening JPA EntityManager in OpenEntityManagerInViewInterceptor
2025-03-17 19:22:01 [http-nio-8081-exec-9] INFO  o.g.login.services.UserService - getAllUsers: Fetching all users from the database.
2025-03-17 19:22:01 [http-nio-8081-exec-9] DEBUG o.s.orm.jpa.JpaTransactionManager - Found thread-bound EntityManager [SessionImpl(1887495036<open>)] for JPA transaction
2025-03-17 19:22:01 [http-nio-8081-exec-9] DEBUG o.s.orm.jpa.JpaTransactionManager - Creating new transaction with name [org.springframework.data.jpa.repository.support.SimpleJpaRepository.findAll]: PROPAGATION_REQUIRED,ISOLATION_DEFAULT,readOnly
2025-03-17 19:22:01 [http-nio-8081-exec-9] DEBUG o.s.jdbc.datasource.DataSourceUtils - Setting JDBC Connection [HikariProxyConnection@1016670328 wrapping org.postgresql.jdbc.PgConnection@4dad039b] read-only
2025-03-17 19:22:01 [http-nio-8081-exec-9] DEBUG o.s.orm.jpa.JpaTransactionManager - Exposing JPA transaction as JDBC [org.springframework.orm.jpa.vendor.HibernateJpaDialect$HibernateConnectionHandle@2ae43496]
2025-03-17 19:22:01 [http-nio-8081-exec-9] DEBUG org.hibernate.SQL - select u1_0.id,u1_0.created_at,u1_0.email,u1_0.password,u1_0.updated_at,u1_0.username from users u1_0
2025-03-17 19:22:01 [http-nio-8081-exec-9] DEBUG org.hibernate.SQL - select r1_0.user_id,r1_1.id,r1_1.created_at,r1_1.name,p1_0.role_id,p1_1.id,p1_1.created_at,p1_1.description,p1_1.name,p1_1.updated_at,r1_1.updated_at from user_roles r1_0 join roles r1_1 on r1_1.id=r1_0.role_id left join role_permissions p1_0 on r1_1.id=p1_0.role_id left join permissions p1_1 on p1_1.id=p1_0.permission_id where r1_0.user_id=?
2025-03-17 19:22:01 [http-nio-8081-exec-9] DEBUG org.hibernate.SQL - select r1_0.user_id,r1_1.id,r1_1.created_at,r1_1.name,p1_0.role_id,p1_1.id,p1_1.created_at,p1_1.description,p1_1.name,p1_1.updated_at,r1_1.updated_at from user_roles r1_0 join roles r1_1 on r1_1.id=r1_0.role_id left join role_permissions p1_0 on r1_1.id=p1_0.role_id left join permissions p1_1 on p1_1.id=p1_0.permission_id where r1_0.user_id=?
2025-03-17 19:22:01 [http-nio-8081-exec-9] DEBUG org.hibernate.SQL - select r1_0.user_id,r1_1.id,r1_1.created_at,r1_1.name,p1_0.role_id,p1_1.id,p1_1.created_at,p1_1.description,p1_1.name,p1_1.updated_at,r1_1.updated_at from user_roles r1_0 join roles r1_1 on r1_1.id=r1_0.role_id left join role_permissions p1_0 on r1_1.id=p1_0.role_id left join permissions p1_1 on p1_1.id=p1_0.permission_id where r1_0.user_id=?
2025-03-17 19:22:01 [http-nio-8081-exec-9] DEBUG org.hibernate.SQL - select r1_0.user_id,r1_1.id,r1_1.created_at,r1_1.name,p1_0.role_id,p1_1.id,p1_1.created_at,p1_1.description,p1_1.name,p1_1.updated_at,r1_1.updated_at from user_roles r1_0 join roles r1_1 on r1_1.id=r1_0.role_id left join role_permissions p1_0 on r1_1.id=p1_0.role_id left join permissions p1_1 on p1_1.id=p1_0.permission_id where r1_0.user_id=?
2025-03-17 19:22:01 [http-nio-8081-exec-9] DEBUG org.hibernate.SQL - select r1_0.user_id,r1_1.id,r1_1.created_at,r1_1.name,p1_0.role_id,p1_1.id,p1_1.created_at,p1_1.description,p1_1.name,p1_1.updated_at,r1_1.updated_at from user_roles r1_0 join roles r1_1 on r1_1.id=r1_0.role_id left join role_permissions p1_0 on r1_1.id=p1_0.role_id left join permissions p1_1 on p1_1.id=p1_0.permission_id where r1_0.user_id=?
2025-03-17 19:22:01 [http-nio-8081-exec-9] DEBUG o.s.orm.jpa.JpaTransactionManager - Initiating transaction commit
2025-03-17 19:22:01 [http-nio-8081-exec-9] DEBUG o.s.orm.jpa.JpaTransactionManager - Committing JPA transaction on EntityManager [SessionImpl(1887495036<open>)]
2025-03-17 19:22:01 [http-nio-8081-exec-9] DEBUG o.s.jdbc.datasource.DataSourceUtils - Resetting read-only flag of JDBC Connection [HikariProxyConnection@1016670328 wrapping org.postgresql.jdbc.PgConnection@4dad039b]
2025-03-17 19:22:01 [http-nio-8081-exec-9] DEBUG o.s.orm.jpa.JpaTransactionManager - Not closing pre-bound JPA EntityManager after transaction
2025-03-17 19:22:01 [http-nio-8081-exec-9] INFO  o.g.login.services.UserService - getAllUsers: Retrieved 5 users.
2025-03-17 19:22:01 [http-nio-8081-exec-9] DEBUG o.s.w.s.m.m.a.HttpEntityMethodProcessor - Using 'application/json', given [*/*] and supported [application/json, application/*+json]
2025-03-17 19:22:01 [http-nio-8081-exec-9] DEBUG o.s.w.s.m.m.a.HttpEntityMethodProcessor - Writing [[org.guidewire.login.dto.responses.UserResponse@6381630, org.guidewire.login.dto.responses.UserRespo (truncated)...]
2025-03-17 19:22:01 [http-nio-8081-exec-9] DEBUG o.s.o.j.s.OpenEntityManagerInViewInterceptor - Closing JPA EntityManager in OpenEntityManagerInViewInterceptor
2025-03-17 19:22:01 [http-nio-8081-exec-9] DEBUG o.s.web.servlet.DispatcherServlet - Completed 200 OK
2025-03-17 19:22:01 [http-nio-8081-exec-8] DEBUG o.s.security.web.FilterChainProxy - Securing GET /api/auth/current/user
2025-03-17 19:22:01 [http-nio-8081-exec-8] INFO  o.g.l.s.JwtAuthenticationFilter - doFilterInternal: Extracted username 'admin' from token.
2025-03-17 19:22:01 [http-nio-8081-exec-8] INFO  o.g.l.s.CustomUserDetailsService - loadUserByUsername: Searching for user: admin
2025-03-17 19:22:01 [http-nio-8081-exec-8] DEBUG o.s.o.j.SharedEntityManagerCreator$SharedEntityManagerInvocationHandler - Creating new EntityManager for shared EntityManager invocation
2025-03-17 19:22:01 [http-nio-8081-exec-8] DEBUG org.hibernate.SQL - select u1_0.id,u1_0.created_at,u1_0.email,u1_0.password,u1_0.updated_at,u1_0.username from users u1_0 where u1_0.username=?
2025-03-17 19:22:01 [http-nio-8081-exec-8] DEBUG org.hibernate.SQL - select r1_0.user_id,r1_1.id,r1_1.created_at,r1_1.name,p1_0.role_id,p1_1.id,p1_1.created_at,p1_1.description,p1_1.name,p1_1.updated_at,r1_1.updated_at from user_roles r1_0 join roles r1_1 on r1_1.id=r1_0.role_id left join role_permissions p1_0 on r1_1.id=p1_0.role_id left join permissions p1_1 on p1_1.id=p1_0.permission_id where r1_0.user_id=?
2025-03-17 19:22:01 [http-nio-8081-exec-8] INFO  o.g.l.s.CustomUserDetailsService - loadUserByUsername: User admin found with roles: [org.guidewire.login.model.Role@57eb2a0f]
2025-03-17 19:22:01 [http-nio-8081-exec-8] INFO  o.g.login.security.CustomUserDetails - Initializing CustomUserDetails for user: admin
2025-03-17 19:22:01 [http-nio-8081-exec-8] DEBUG o.g.login.security.CustomUserDetails - User admin has roles: [ADMIN]
2025-03-17 19:22:01 [http-nio-8081-exec-8] DEBUG o.g.login.security.CustomUserDetails - User admin has permissions: [DELETE_TASK, CREATE_TASK, VIEW_TASK, CLOSE_TASK, COMMENT_TASK, ASSIGN_TASK, EDIT_TASK]
2025-03-17 19:22:01 [http-nio-8081-exec-8] INFO  o.g.login.security.CustomUserDetails - CustomUserDetails initialized successfully for user: admin
2025-03-17 19:22:01 [http-nio-8081-exec-8] INFO  o.guidewire.login.security.JwtUtil - validateToken:JWT validated successfully for user: admin
2025-03-17 19:22:01 [http-nio-8081-exec-8] DEBUG o.g.login.security.CustomUserDetails - Fetching authorities for user: admin
2025-03-17 19:22:01 [http-nio-8081-exec-8] INFO  o.g.l.s.JwtAuthenticationFilter - doFilterInternal: Authentication successful for user 'admin'.
2025-03-17 19:22:01 [http-nio-8081-exec-8] DEBUG o.s.security.web.FilterChainProxy - Secured GET /api/auth/current/user
2025-03-17 19:22:01 [http-nio-8081-exec-8] DEBUG o.s.web.servlet.DispatcherServlet - GET "/api/auth/current/user", parameters={}
2025-03-17 19:22:01 [http-nio-8081-exec-8] DEBUG o.s.w.s.m.m.a.RequestMappingHandlerMapping - Mapped to org.guidewire.login.controller.AuthController#getCurrentUser(Principal)
2025-03-17 19:22:01 [http-nio-8081-exec-8] DEBUG o.s.o.j.s.OpenEntityManagerInViewInterceptor - Opening JPA EntityManager in OpenEntityManagerInViewInterceptor
2025-03-17 19:22:01 [http-nio-8081-exec-8] INFO  o.g.login.controller.AuthController - getCurrentUser: Fetching details for user: admin
2025-03-17 19:22:01 [http-nio-8081-exec-8] DEBUG o.g.login.services.AuthService - getUserDetails:Fetching user details for: admin
2025-03-17 19:22:01 [http-nio-8081-exec-8] DEBUG org.hibernate.SQL - select u1_0.id,u1_0.created_at,u1_0.email,u1_0.password,u1_0.updated_at,u1_0.username from users u1_0 where u1_0.username=?
2025-03-17 19:22:01 [http-nio-8081-exec-8] DEBUG org.hibernate.SQL - select r1_0.user_id,r1_1.id,r1_1.created_at,r1_1.name,p1_0.role_id,p1_1.id,p1_1.created_at,p1_1.description,p1_1.name,p1_1.updated_at,r1_1.updated_at from user_roles r1_0 join roles r1_1 on r1_1.id=r1_0.role_id left join role_permissions p1_0 on r1_1.id=p1_0.role_id left join permissions p1_1 on p1_1.id=p1_0.permission_id where r1_0.user_id=?
2025-03-17 19:22:01 [http-nio-8081-exec-8] INFO  o.g.login.controller.AuthController - getCurrentUser: Returning user details for admin
2025-03-17 19:22:01 [http-nio-8081-exec-8] DEBUG o.s.w.s.m.m.a.HttpEntityMethodProcessor - Using 'application/json', given [*/*] and supported [application/json, application/*+json]
2025-03-17 19:22:01 [http-nio-8081-exec-8] DEBUG o.s.w.s.m.m.a.HttpEntityMethodProcessor - Writing [org.guidewire.login.dto.responses.UserResponse@26507c1c]
2025-03-17 19:22:01 [http-nio-8081-exec-8] DEBUG o.s.o.j.s.OpenEntityManagerInViewInterceptor - Closing JPA EntityManager in OpenEntityManagerInViewInterceptor
2025-03-17 19:22:01 [http-nio-8081-exec-8] DEBUG o.s.web.servlet.DispatcherServlet - Completed 200 OK
2025-03-17 19:22:15 [http-nio-8081-exec-10] DEBUG o.s.security.web.FilterChainProxy - Securing GET /api/auth/check-admin
2025-03-17 19:22:15 [http-nio-8081-exec-10] INFO  o.g.l.s.JwtAuthenticationFilter - doFilterInternal: Extracted username 'admin' from token.
2025-03-17 19:22:15 [http-nio-8081-exec-10] INFO  o.g.l.s.CustomUserDetailsService - loadUserByUsername: Searching for user: admin
2025-03-17 19:22:15 [http-nio-8081-exec-10] DEBUG o.s.o.j.SharedEntityManagerCreator$SharedEntityManagerInvocationHandler - Creating new EntityManager for shared EntityManager invocation
2025-03-17 19:22:15 [http-nio-8081-exec-10] DEBUG org.hibernate.SQL - select u1_0.id,u1_0.created_at,u1_0.email,u1_0.password,u1_0.updated_at,u1_0.username from users u1_0 where u1_0.username=?
2025-03-17 19:22:15 [http-nio-8081-exec-10] DEBUG org.hibernate.SQL - select r1_0.user_id,r1_1.id,r1_1.created_at,r1_1.name,p1_0.role_id,p1_1.id,p1_1.created_at,p1_1.description,p1_1.name,p1_1.updated_at,r1_1.updated_at from user_roles r1_0 join roles r1_1 on r1_1.id=r1_0.role_id left join role_permissions p1_0 on r1_1.id=p1_0.role_id left join permissions p1_1 on p1_1.id=p1_0.permission_id where r1_0.user_id=?
2025-03-17 19:22:15 [http-nio-8081-exec-10] INFO  o.g.l.s.CustomUserDetailsService - loadUserByUsername: User admin found with roles: [org.guidewire.login.model.Role@3c9d0fcb]
2025-03-17 19:22:15 [http-nio-8081-exec-10] INFO  o.g.login.security.CustomUserDetails - Initializing CustomUserDetails for user: admin
2025-03-17 19:22:15 [http-nio-8081-exec-10] DEBUG o.g.login.security.CustomUserDetails - User admin has roles: [ADMIN]
2025-03-17 19:22:15 [http-nio-8081-exec-10] DEBUG o.g.login.security.CustomUserDetails - User admin has permissions: [DELETE_TASK, CREATE_TASK, CLOSE_TASK, VIEW_TASK, COMMENT_TASK, ASSIGN_TASK, EDIT_TASK]
2025-03-17 19:22:15 [http-nio-8081-exec-10] INFO  o.g.login.security.CustomUserDetails - CustomUserDetails initialized successfully for user: admin
2025-03-17 19:22:15 [http-nio-8081-exec-10] INFO  o.guidewire.login.security.JwtUtil - validateToken:JWT validated successfully for user: admin
2025-03-17 19:22:15 [http-nio-8081-exec-10] DEBUG o.g.login.security.CustomUserDetails - Fetching authorities for user: admin
2025-03-17 19:22:15 [http-nio-8081-exec-10] INFO  o.g.l.s.JwtAuthenticationFilter - doFilterInternal: Authentication successful for user 'admin'.
2025-03-17 19:22:15 [http-nio-8081-exec-10] DEBUG o.s.security.web.FilterChainProxy - Secured GET /api/auth/check-admin
2025-03-17 19:22:15 [http-nio-8081-exec-10] DEBUG o.s.web.servlet.DispatcherServlet - GET "/api/auth/check-admin", parameters={}
2025-03-17 19:22:15 [http-nio-8081-exec-10] DEBUG o.s.w.s.m.m.a.RequestMappingHandlerMapping - Mapped to org.guidewire.login.controller.AuthController#checkIfAdmin(UserDetails)
2025-03-17 19:22:15 [http-nio-8081-exec-10] DEBUG o.s.o.j.s.OpenEntityManagerInViewInterceptor - Opening JPA EntityManager in OpenEntityManagerInViewInterceptor
2025-03-17 19:22:15 [http-nio-8081-exec-10] DEBUG o.g.login.security.CustomUserDetails - Fetching authorities for user: admin
2025-03-17 19:22:15 [http-nio-8081-exec-10] DEBUG o.s.w.s.m.m.a.HttpEntityMethodProcessor - Using 'application/json', given [*/*] and supported [application/json, application/*+json]
2025-03-17 19:22:15 [http-nio-8081-exec-10] DEBUG o.s.w.s.m.m.a.HttpEntityMethodProcessor - Writing [org.guidewire.login.dto.responses.UserRoleResponse@56ca8a3c]
2025-03-17 19:22:15 [http-nio-8081-exec-10] DEBUG o.s.o.j.s.OpenEntityManagerInViewInterceptor - Closing JPA EntityManager in OpenEntityManagerInViewInterceptor
2025-03-17 19:22:15 [http-nio-8081-exec-10] DEBUG o.s.web.servlet.DispatcherServlet - Completed 200 OK
2025-03-17 19:22:15 [http-nio-8081-exec-1] DEBUG o.s.security.web.FilterChainProxy - Securing GET /api/auth/users/list
2025-03-17 19:22:15 [http-nio-8081-exec-1] INFO  o.g.l.s.JwtAuthenticationFilter - doFilterInternal: Extracted username 'admin' from token.
2025-03-17 19:22:15 [http-nio-8081-exec-1] INFO  o.g.l.s.CustomUserDetailsService - loadUserByUsername: Searching for user: admin
2025-03-17 19:22:15 [http-nio-8081-exec-1] DEBUG o.s.o.j.SharedEntityManagerCreator$SharedEntityManagerInvocationHandler - Creating new EntityManager for shared EntityManager invocation
2025-03-17 19:22:15 [http-nio-8081-exec-1] DEBUG org.hibernate.SQL - select u1_0.id,u1_0.created_at,u1_0.email,u1_0.password,u1_0.updated_at,u1_0.username from users u1_0 where u1_0.username=?
2025-03-17 19:22:15 [http-nio-8081-exec-1] DEBUG org.hibernate.SQL - select r1_0.user_id,r1_1.id,r1_1.created_at,r1_1.name,p1_0.role_id,p1_1.id,p1_1.created_at,p1_1.description,p1_1.name,p1_1.updated_at,r1_1.updated_at from user_roles r1_0 join roles r1_1 on r1_1.id=r1_0.role_id left join role_permissions p1_0 on r1_1.id=p1_0.role_id left join permissions p1_1 on p1_1.id=p1_0.permission_id where r1_0.user_id=?
2025-03-17 19:22:15 [http-nio-8081-exec-1] INFO  o.g.l.s.CustomUserDetailsService - loadUserByUsername: User admin found with roles: [org.guidewire.login.model.Role@47b2b982]
2025-03-17 19:22:15 [http-nio-8081-exec-1] INFO  o.g.login.security.CustomUserDetails - Initializing CustomUserDetails for user: admin
2025-03-17 19:22:15 [http-nio-8081-exec-1] DEBUG o.g.login.security.CustomUserDetails - User admin has roles: [ADMIN]
2025-03-17 19:22:15 [http-nio-8081-exec-1] DEBUG o.g.login.security.CustomUserDetails - User admin has permissions: [DELETE_TASK, CREATE_TASK, CLOSE_TASK, VIEW_TASK, ASSIGN_TASK, COMMENT_TASK, EDIT_TASK]
2025-03-17 19:22:15 [http-nio-8081-exec-1] INFO  o.g.login.security.CustomUserDetails - CustomUserDetails initialized successfully for user: admin
2025-03-17 19:22:15 [http-nio-8081-exec-1] INFO  o.guidewire.login.security.JwtUtil - validateToken:JWT validated successfully for user: admin
2025-03-17 19:22:15 [http-nio-8081-exec-1] DEBUG o.g.login.security.CustomUserDetails - Fetching authorities for user: admin
2025-03-17 19:22:15 [http-nio-8081-exec-1] INFO  o.g.l.s.JwtAuthenticationFilter - doFilterInternal: Authentication successful for user 'admin'.
2025-03-17 19:22:15 [http-nio-8081-exec-1] DEBUG o.s.security.web.FilterChainProxy - Secured GET /api/auth/users/list
2025-03-17 19:22:15 [http-nio-8081-exec-1] DEBUG o.s.web.servlet.DispatcherServlet - GET "/api/auth/users/list", parameters={}
2025-03-17 19:22:15 [http-nio-8081-exec-1] DEBUG o.s.w.s.m.m.a.RequestMappingHandlerMapping - Mapped to org.guidewire.login.controller.UserController#getAllUsers()
2025-03-17 19:22:15 [http-nio-8081-exec-1] DEBUG o.s.o.j.s.OpenEntityManagerInViewInterceptor - Opening JPA EntityManager in OpenEntityManagerInViewInterceptor
2025-03-17 19:22:15 [http-nio-8081-exec-1] INFO  o.g.login.services.UserService - getAllUsers: Fetching all users from the database.
2025-03-17 19:22:15 [http-nio-8081-exec-1] DEBUG o.s.orm.jpa.JpaTransactionManager - Found thread-bound EntityManager [SessionImpl(2142957851<open>)] for JPA transaction
2025-03-17 19:22:15 [http-nio-8081-exec-1] DEBUG o.s.orm.jpa.JpaTransactionManager - Creating new transaction with name [org.springframework.data.jpa.repository.support.SimpleJpaRepository.findAll]: PROPAGATION_REQUIRED,ISOLATION_DEFAULT,readOnly
2025-03-17 19:22:15 [http-nio-8081-exec-1] DEBUG o.s.jdbc.datasource.DataSourceUtils - Setting JDBC Connection [HikariProxyConnection@427666113 wrapping org.postgresql.jdbc.PgConnection@4dad039b] read-only
2025-03-17 19:22:15 [http-nio-8081-exec-1] DEBUG o.s.orm.jpa.JpaTransactionManager - Exposing JPA transaction as JDBC [org.springframework.orm.jpa.vendor.HibernateJpaDialect$HibernateConnectionHandle@556c5194]
2025-03-17 19:22:15 [http-nio-8081-exec-1] DEBUG org.hibernate.SQL - select u1_0.id,u1_0.created_at,u1_0.email,u1_0.password,u1_0.updated_at,u1_0.username from users u1_0
2025-03-17 19:22:15 [http-nio-8081-exec-1] DEBUG org.hibernate.SQL - select r1_0.user_id,r1_1.id,r1_1.created_at,r1_1.name,p1_0.role_id,p1_1.id,p1_1.created_at,p1_1.description,p1_1.name,p1_1.updated_at,r1_1.updated_at from user_roles r1_0 join roles r1_1 on r1_1.id=r1_0.role_id left join role_permissions p1_0 on r1_1.id=p1_0.role_id left join permissions p1_1 on p1_1.id=p1_0.permission_id where r1_0.user_id=?
2025-03-17 19:22:15 [http-nio-8081-exec-1] DEBUG org.hibernate.SQL - select r1_0.user_id,r1_1.id,r1_1.created_at,r1_1.name,p1_0.role_id,p1_1.id,p1_1.created_at,p1_1.description,p1_1.name,p1_1.updated_at,r1_1.updated_at from user_roles r1_0 join roles r1_1 on r1_1.id=r1_0.role_id left join role_permissions p1_0 on r1_1.id=p1_0.role_id left join permissions p1_1 on p1_1.id=p1_0.permission_id where r1_0.user_id=?
2025-03-17 19:22:15 [http-nio-8081-exec-1] DEBUG org.hibernate.SQL - select r1_0.user_id,r1_1.id,r1_1.created_at,r1_1.name,p1_0.role_id,p1_1.id,p1_1.created_at,p1_1.description,p1_1.name,p1_1.updated_at,r1_1.updated_at from user_roles r1_0 join roles r1_1 on r1_1.id=r1_0.role_id left join role_permissions p1_0 on r1_1.id=p1_0.role_id left join permissions p1_1 on p1_1.id=p1_0.permission_id where r1_0.user_id=?
2025-03-17 19:22:15 [http-nio-8081-exec-1] DEBUG org.hibernate.SQL - select r1_0.user_id,r1_1.id,r1_1.created_at,r1_1.name,p1_0.role_id,p1_1.id,p1_1.created_at,p1_1.description,p1_1.name,p1_1.updated_at,r1_1.updated_at from user_roles r1_0 join roles r1_1 on r1_1.id=r1_0.role_id left join role_permissions p1_0 on r1_1.id=p1_0.role_id left join permissions p1_1 on p1_1.id=p1_0.permission_id where r1_0.user_id=?
2025-03-17 19:22:15 [http-nio-8081-exec-1] DEBUG org.hibernate.SQL - select r1_0.user_id,r1_1.id,r1_1.created_at,r1_1.name,p1_0.role_id,p1_1.id,p1_1.created_at,p1_1.description,p1_1.name,p1_1.updated_at,r1_1.updated_at from user_roles r1_0 join roles r1_1 on r1_1.id=r1_0.role_id left join role_permissions p1_0 on r1_1.id=p1_0.role_id left join permissions p1_1 on p1_1.id=p1_0.permission_id where r1_0.user_id=?
2025-03-17 19:22:15 [http-nio-8081-exec-1] DEBUG o.s.orm.jpa.JpaTransactionManager - Initiating transaction commit
2025-03-17 19:22:15 [http-nio-8081-exec-1] DEBUG o.s.orm.jpa.JpaTransactionManager - Committing JPA transaction on EntityManager [SessionImpl(2142957851<open>)]
2025-03-17 19:22:15 [http-nio-8081-exec-1] DEBUG o.s.jdbc.datasource.DataSourceUtils - Resetting read-only flag of JDBC Connection [HikariProxyConnection@427666113 wrapping org.postgresql.jdbc.PgConnection@4dad039b]
2025-03-17 19:22:15 [http-nio-8081-exec-1] DEBUG o.s.orm.jpa.JpaTransactionManager - Not closing pre-bound JPA EntityManager after transaction
2025-03-17 19:22:15 [http-nio-8081-exec-1] INFO  o.g.login.services.UserService - getAllUsers: Retrieved 5 users.
2025-03-17 19:22:15 [http-nio-8081-exec-1] DEBUG o.s.w.s.m.m.a.HttpEntityMethodProcessor - Using 'application/json', given [*/*] and supported [application/json, application/*+json]
2025-03-17 19:22:15 [http-nio-8081-exec-1] DEBUG o.s.w.s.m.m.a.HttpEntityMethodProcessor - Writing [[org.guidewire.login.dto.responses.UserResponse@cc2aeb0, org.guidewire.login.dto.responses.UserRespo (truncated)...]
2025-03-17 19:22:15 [http-nio-8081-exec-1] DEBUG o.s.o.j.s.OpenEntityManagerInViewInterceptor - Closing JPA EntityManager in OpenEntityManagerInViewInterceptor
2025-03-17 19:22:15 [http-nio-8081-exec-1] DEBUG o.s.web.servlet.DispatcherServlet - Completed 200 OK
2025-03-17 19:22:15 [http-nio-8081-exec-2] DEBUG o.s.security.web.FilterChainProxy - Securing GET /api/auth/current/user
2025-03-17 19:22:15 [http-nio-8081-exec-2] INFO  o.g.l.s.JwtAuthenticationFilter - doFilterInternal: Extracted username 'admin' from token.
2025-03-17 19:22:15 [http-nio-8081-exec-2] INFO  o.g.l.s.CustomUserDetailsService - loadUserByUsername: Searching for user: admin
2025-03-17 19:22:15 [http-nio-8081-exec-2] DEBUG o.s.o.j.SharedEntityManagerCreator$SharedEntityManagerInvocationHandler - Creating new EntityManager for shared EntityManager invocation
2025-03-17 19:22:15 [http-nio-8081-exec-2] DEBUG org.hibernate.SQL - select u1_0.id,u1_0.created_at,u1_0.email,u1_0.password,u1_0.updated_at,u1_0.username from users u1_0 where u1_0.username=?
2025-03-17 19:22:15 [http-nio-8081-exec-2] DEBUG org.hibernate.SQL - select r1_0.user_id,r1_1.id,r1_1.created_at,r1_1.name,p1_0.role_id,p1_1.id,p1_1.created_at,p1_1.description,p1_1.name,p1_1.updated_at,r1_1.updated_at from user_roles r1_0 join roles r1_1 on r1_1.id=r1_0.role_id left join role_permissions p1_0 on r1_1.id=p1_0.role_id left join permissions p1_1 on p1_1.id=p1_0.permission_id where r1_0.user_id=?
2025-03-17 19:22:15 [http-nio-8081-exec-2] INFO  o.g.l.s.CustomUserDetailsService - loadUserByUsername: User admin found with roles: [org.guidewire.login.model.Role@12a449e9]
2025-03-17 19:22:15 [http-nio-8081-exec-2] INFO  o.g.login.security.CustomUserDetails - Initializing CustomUserDetails for user: admin
2025-03-17 19:22:15 [http-nio-8081-exec-2] DEBUG o.g.login.security.CustomUserDetails - User admin has roles: [ADMIN]
2025-03-17 19:22:15 [http-nio-8081-exec-2] DEBUG o.g.login.security.CustomUserDetails - User admin has permissions: [DELETE_TASK, CREATE_TASK, CLOSE_TASK, VIEW_TASK, ASSIGN_TASK, COMMENT_TASK, EDIT_TASK]
2025-03-17 19:22:15 [http-nio-8081-exec-2] INFO  o.g.login.security.CustomUserDetails - CustomUserDetails initialized successfully for user: admin
2025-03-17 19:22:15 [http-nio-8081-exec-2] INFO  o.guidewire.login.security.JwtUtil - validateToken:JWT validated successfully for user: admin
2025-03-17 19:22:15 [http-nio-8081-exec-2] DEBUG o.g.login.security.CustomUserDetails - Fetching authorities for user: admin
2025-03-17 19:22:15 [http-nio-8081-exec-2] INFO  o.g.l.s.JwtAuthenticationFilter - doFilterInternal: Authentication successful for user 'admin'.
2025-03-17 19:22:15 [http-nio-8081-exec-2] DEBUG o.s.security.web.FilterChainProxy - Secured GET /api/auth/current/user
2025-03-17 19:22:15 [http-nio-8081-exec-2] DEBUG o.s.web.servlet.DispatcherServlet - GET "/api/auth/current/user", parameters={}
2025-03-17 19:22:15 [http-nio-8081-exec-2] DEBUG o.s.w.s.m.m.a.RequestMappingHandlerMapping - Mapped to org.guidewire.login.controller.AuthController#getCurrentUser(Principal)
2025-03-17 19:22:15 [http-nio-8081-exec-2] DEBUG o.s.o.j.s.OpenEntityManagerInViewInterceptor - Opening JPA EntityManager in OpenEntityManagerInViewInterceptor
2025-03-17 19:22:15 [http-nio-8081-exec-2] INFO  o.g.login.controller.AuthController - getCurrentUser: Fetching details for user: admin
2025-03-17 19:22:15 [http-nio-8081-exec-2] DEBUG o.g.login.services.AuthService - getUserDetails:Fetching user details for: admin
2025-03-17 19:22:15 [http-nio-8081-exec-2] DEBUG org.hibernate.SQL - select u1_0.id,u1_0.created_at,u1_0.email,u1_0.password,u1_0.updated_at,u1_0.username from users u1_0 where u1_0.username=?
2025-03-17 19:22:15 [http-nio-8081-exec-2] DEBUG org.hibernate.SQL - select r1_0.user_id,r1_1.id,r1_1.created_at,r1_1.name,p1_0.role_id,p1_1.id,p1_1.created_at,p1_1.description,p1_1.name,p1_1.updated_at,r1_1.updated_at from user_roles r1_0 join roles r1_1 on r1_1.id=r1_0.role_id left join role_permissions p1_0 on r1_1.id=p1_0.role_id left join permissions p1_1 on p1_1.id=p1_0.permission_id where r1_0.user_id=?
2025-03-17 19:22:15 [http-nio-8081-exec-2] INFO  o.g.login.controller.AuthController - getCurrentUser: Returning user details for admin
2025-03-17 19:22:15 [http-nio-8081-exec-2] DEBUG o.s.w.s.m.m.a.HttpEntityMethodProcessor - Using 'application/json', given [*/*] and supported [application/json, application/*+json]
2025-03-17 19:22:15 [http-nio-8081-exec-2] DEBUG o.s.w.s.m.m.a.HttpEntityMethodProcessor - Writing [org.guidewire.login.dto.responses.UserResponse@26bb5775]
2025-03-17 19:22:15 [http-nio-8081-exec-2] DEBUG o.s.o.j.s.OpenEntityManagerInViewInterceptor - Closing JPA EntityManager in OpenEntityManagerInViewInterceptor
2025-03-17 19:22:15 [http-nio-8081-exec-2] DEBUG o.s.web.servlet.DispatcherServlet - Completed 200 OK
2025-03-17 19:22:39 [http-nio-8081-exec-3] DEBUG o.s.security.web.FilterChainProxy - Securing GET /api/auth/check-admin
2025-03-17 19:22:39 [http-nio-8081-exec-3] INFO  o.g.l.s.JwtAuthenticationFilter - doFilterInternal: Extracted username 'admin' from token.
2025-03-17 19:22:39 [http-nio-8081-exec-3] INFO  o.g.l.s.CustomUserDetailsService - loadUserByUsername: Searching for user: admin
2025-03-17 19:22:39 [http-nio-8081-exec-3] DEBUG o.s.o.j.SharedEntityManagerCreator$SharedEntityManagerInvocationHandler - Creating new EntityManager for shared EntityManager invocation
2025-03-17 19:22:39 [http-nio-8081-exec-3] DEBUG org.hibernate.SQL - select u1_0.id,u1_0.created_at,u1_0.email,u1_0.password,u1_0.updated_at,u1_0.username from users u1_0 where u1_0.username=?
2025-03-17 19:22:39 [http-nio-8081-exec-3] DEBUG org.hibernate.SQL - select r1_0.user_id,r1_1.id,r1_1.created_at,r1_1.name,p1_0.role_id,p1_1.id,p1_1.created_at,p1_1.description,p1_1.name,p1_1.updated_at,r1_1.updated_at from user_roles r1_0 join roles r1_1 on r1_1.id=r1_0.role_id left join role_permissions p1_0 on r1_1.id=p1_0.role_id left join permissions p1_1 on p1_1.id=p1_0.permission_id where r1_0.user_id=?
2025-03-17 19:22:39 [http-nio-8081-exec-3] INFO  o.g.l.s.CustomUserDetailsService - loadUserByUsername: User admin found with roles: [org.guidewire.login.model.Role@3334a714]
2025-03-17 19:22:39 [http-nio-8081-exec-3] INFO  o.g.login.security.CustomUserDetails - Initializing CustomUserDetails for user: admin
2025-03-17 19:22:39 [http-nio-8081-exec-3] DEBUG o.g.login.security.CustomUserDetails - User admin has roles: [ADMIN]
2025-03-17 19:22:39 [http-nio-8081-exec-3] DEBUG o.g.login.security.CustomUserDetails - User admin has permissions: [DELETE_TASK, CREATE_TASK, VIEW_TASK, CLOSE_TASK, COMMENT_TASK, ASSIGN_TASK, EDIT_TASK]
2025-03-17 19:22:39 [http-nio-8081-exec-3] INFO  o.g.login.security.CustomUserDetails - CustomUserDetails initialized successfully for user: admin
2025-03-17 19:22:39 [http-nio-8081-exec-3] INFO  o.guidewire.login.security.JwtUtil - validateToken:JWT validated successfully for user: admin
2025-03-17 19:22:39 [http-nio-8081-exec-3] DEBUG o.g.login.security.CustomUserDetails - Fetching authorities for user: admin
2025-03-17 19:22:39 [http-nio-8081-exec-3] INFO  o.g.l.s.JwtAuthenticationFilter - doFilterInternal: Authentication successful for user 'admin'.
2025-03-17 19:22:39 [http-nio-8081-exec-3] DEBUG o.s.security.web.FilterChainProxy - Secured GET /api/auth/check-admin
2025-03-17 19:22:39 [http-nio-8081-exec-3] DEBUG o.s.web.servlet.DispatcherServlet - GET "/api/auth/check-admin", parameters={}
2025-03-17 19:22:39 [http-nio-8081-exec-3] DEBUG o.s.w.s.m.m.a.RequestMappingHandlerMapping - Mapped to org.guidewire.login.controller.AuthController#checkIfAdmin(UserDetails)
2025-03-17 19:22:39 [http-nio-8081-exec-3] DEBUG o.s.o.j.s.OpenEntityManagerInViewInterceptor - Opening JPA EntityManager in OpenEntityManagerInViewInterceptor
2025-03-17 19:22:39 [http-nio-8081-exec-3] DEBUG o.g.login.security.CustomUserDetails - Fetching authorities for user: admin
2025-03-17 19:22:39 [http-nio-8081-exec-3] DEBUG o.s.w.s.m.m.a.HttpEntityMethodProcessor - Using 'application/json', given [*/*] and supported [application/json, application/*+json]
2025-03-17 19:22:39 [http-nio-8081-exec-3] DEBUG o.s.w.s.m.m.a.HttpEntityMethodProcessor - Writing [org.guidewire.login.dto.responses.UserRoleResponse@2861ca01]
2025-03-17 19:22:39 [http-nio-8081-exec-3] DEBUG o.s.o.j.s.OpenEntityManagerInViewInterceptor - Closing JPA EntityManager in OpenEntityManagerInViewInterceptor
2025-03-17 19:22:39 [http-nio-8081-exec-3] DEBUG o.s.web.servlet.DispatcherServlet - Completed 200 OK
2025-03-17 19:22:40 [http-nio-8081-exec-4] DEBUG o.s.security.web.FilterChainProxy - Securing GET /api/auth/users/list
2025-03-17 19:22:40 [http-nio-8081-exec-4] INFO  o.g.l.s.JwtAuthenticationFilter - doFilterInternal: Extracted username 'admin' from token.
2025-03-17 19:22:40 [http-nio-8081-exec-4] INFO  o.g.l.s.CustomUserDetailsService - loadUserByUsername: Searching for user: admin
2025-03-17 19:22:40 [http-nio-8081-exec-4] DEBUG o.s.o.j.SharedEntityManagerCreator$SharedEntityManagerInvocationHandler - Creating new EntityManager for shared EntityManager invocation
2025-03-17 19:22:40 [http-nio-8081-exec-4] DEBUG org.hibernate.SQL - select u1_0.id,u1_0.created_at,u1_0.email,u1_0.password,u1_0.updated_at,u1_0.username from users u1_0 where u1_0.username=?
2025-03-17 19:22:40 [http-nio-8081-exec-4] DEBUG org.hibernate.SQL - select r1_0.user_id,r1_1.id,r1_1.created_at,r1_1.name,p1_0.role_id,p1_1.id,p1_1.created_at,p1_1.description,p1_1.name,p1_1.updated_at,r1_1.updated_at from user_roles r1_0 join roles r1_1 on r1_1.id=r1_0.role_id left join role_permissions p1_0 on r1_1.id=p1_0.role_id left join permissions p1_1 on p1_1.id=p1_0.permission_id where r1_0.user_id=?
2025-03-17 19:22:40 [http-nio-8081-exec-4] INFO  o.g.l.s.CustomUserDetailsService - loadUserByUsername: User admin found with roles: [org.guidewire.login.model.Role@4c9574e9]
2025-03-17 19:22:40 [http-nio-8081-exec-4] INFO  o.g.login.security.CustomUserDetails - Initializing CustomUserDetails for user: admin
2025-03-17 19:22:40 [http-nio-8081-exec-4] DEBUG o.g.login.security.CustomUserDetails - User admin has roles: [ADMIN]
2025-03-17 19:22:40 [http-nio-8081-exec-4] DEBUG o.g.login.security.CustomUserDetails - User admin has permissions: [DELETE_TASK, CREATE_TASK, CLOSE_TASK, VIEW_TASK, ASSIGN_TASK, COMMENT_TASK, EDIT_TASK]
2025-03-17 19:22:40 [http-nio-8081-exec-4] INFO  o.g.login.security.CustomUserDetails - CustomUserDetails initialized successfully for user: admin
2025-03-17 19:22:40 [http-nio-8081-exec-4] INFO  o.guidewire.login.security.JwtUtil - validateToken:JWT validated successfully for user: admin
2025-03-17 19:22:40 [http-nio-8081-exec-4] DEBUG o.g.login.security.CustomUserDetails - Fetching authorities for user: admin
2025-03-17 19:22:40 [http-nio-8081-exec-4] INFO  o.g.l.s.JwtAuthenticationFilter - doFilterInternal: Authentication successful for user 'admin'.
2025-03-17 19:22:40 [http-nio-8081-exec-4] DEBUG o.s.security.web.FilterChainProxy - Secured GET /api/auth/users/list
2025-03-17 19:22:40 [http-nio-8081-exec-4] DEBUG o.s.web.servlet.DispatcherServlet - GET "/api/auth/users/list", parameters={}
2025-03-17 19:22:40 [http-nio-8081-exec-4] DEBUG o.s.w.s.m.m.a.RequestMappingHandlerMapping - Mapped to org.guidewire.login.controller.UserController#getAllUsers()
2025-03-17 19:22:40 [http-nio-8081-exec-4] DEBUG o.s.o.j.s.OpenEntityManagerInViewInterceptor - Opening JPA EntityManager in OpenEntityManagerInViewInterceptor
2025-03-17 19:22:40 [http-nio-8081-exec-4] INFO  o.g.login.services.UserService - getAllUsers: Fetching all users from the database.
2025-03-17 19:22:40 [http-nio-8081-exec-4] DEBUG o.s.orm.jpa.JpaTransactionManager - Found thread-bound EntityManager [SessionImpl(1766430885<open>)] for JPA transaction
2025-03-17 19:22:40 [http-nio-8081-exec-4] DEBUG o.s.orm.jpa.JpaTransactionManager - Creating new transaction with name [org.springframework.data.jpa.repository.support.SimpleJpaRepository.findAll]: PROPAGATION_REQUIRED,ISOLATION_DEFAULT,readOnly
2025-03-17 19:22:40 [http-nio-8081-exec-4] DEBUG o.s.jdbc.datasource.DataSourceUtils - Setting JDBC Connection [HikariProxyConnection@715173215 wrapping org.postgresql.jdbc.PgConnection@4dad039b] read-only
2025-03-17 19:22:40 [http-nio-8081-exec-4] DEBUG o.s.orm.jpa.JpaTransactionManager - Exposing JPA transaction as JDBC [org.springframework.orm.jpa.vendor.HibernateJpaDialect$HibernateConnectionHandle@299c1e3c]
2025-03-17 19:22:40 [http-nio-8081-exec-4] DEBUG org.hibernate.SQL - select u1_0.id,u1_0.created_at,u1_0.email,u1_0.password,u1_0.updated_at,u1_0.username from users u1_0
2025-03-17 19:22:40 [http-nio-8081-exec-4] DEBUG org.hibernate.SQL - select r1_0.user_id,r1_1.id,r1_1.created_at,r1_1.name,p1_0.role_id,p1_1.id,p1_1.created_at,p1_1.description,p1_1.name,p1_1.updated_at,r1_1.updated_at from user_roles r1_0 join roles r1_1 on r1_1.id=r1_0.role_id left join role_permissions p1_0 on r1_1.id=p1_0.role_id left join permissions p1_1 on p1_1.id=p1_0.permission_id where r1_0.user_id=?
2025-03-17 19:22:40 [http-nio-8081-exec-4] DEBUG org.hibernate.SQL - select r1_0.user_id,r1_1.id,r1_1.created_at,r1_1.name,p1_0.role_id,p1_1.id,p1_1.created_at,p1_1.description,p1_1.name,p1_1.updated_at,r1_1.updated_at from user_roles r1_0 join roles r1_1 on r1_1.id=r1_0.role_id left join role_permissions p1_0 on r1_1.id=p1_0.role_id left join permissions p1_1 on p1_1.id=p1_0.permission_id where r1_0.user_id=?
2025-03-17 19:22:40 [http-nio-8081-exec-4] DEBUG org.hibernate.SQL - select r1_0.user_id,r1_1.id,r1_1.created_at,r1_1.name,p1_0.role_id,p1_1.id,p1_1.created_at,p1_1.description,p1_1.name,p1_1.updated_at,r1_1.updated_at from user_roles r1_0 join roles r1_1 on r1_1.id=r1_0.role_id left join role_permissions p1_0 on r1_1.id=p1_0.role_id left join permissions p1_1 on p1_1.id=p1_0.permission_id where r1_0.user_id=?
2025-03-17 19:22:40 [http-nio-8081-exec-4] DEBUG org.hibernate.SQL - select r1_0.user_id,r1_1.id,r1_1.created_at,r1_1.name,p1_0.role_id,p1_1.id,p1_1.created_at,p1_1.description,p1_1.name,p1_1.updated_at,r1_1.updated_at from user_roles r1_0 join roles r1_1 on r1_1.id=r1_0.role_id left join role_permissions p1_0 on r1_1.id=p1_0.role_id left join permissions p1_1 on p1_1.id=p1_0.permission_id where r1_0.user_id=?
2025-03-17 19:22:40 [http-nio-8081-exec-4] DEBUG org.hibernate.SQL - select r1_0.user_id,r1_1.id,r1_1.created_at,r1_1.name,p1_0.role_id,p1_1.id,p1_1.created_at,p1_1.description,p1_1.name,p1_1.updated_at,r1_1.updated_at from user_roles r1_0 join roles r1_1 on r1_1.id=r1_0.role_id left join role_permissions p1_0 on r1_1.id=p1_0.role_id left join permissions p1_1 on p1_1.id=p1_0.permission_id where r1_0.user_id=?
2025-03-17 19:22:40 [http-nio-8081-exec-4] DEBUG o.s.orm.jpa.JpaTransactionManager - Initiating transaction commit
2025-03-17 19:22:40 [http-nio-8081-exec-4] DEBUG o.s.orm.jpa.JpaTransactionManager - Committing JPA transaction on EntityManager [SessionImpl(1766430885<open>)]
2025-03-17 19:22:40 [http-nio-8081-exec-4] DEBUG o.s.jdbc.datasource.DataSourceUtils - Resetting read-only flag of JDBC Connection [HikariProxyConnection@715173215 wrapping org.postgresql.jdbc.PgConnection@4dad039b]
2025-03-17 19:22:40 [http-nio-8081-exec-4] DEBUG o.s.orm.jpa.JpaTransactionManager - Not closing pre-bound JPA EntityManager after transaction
2025-03-17 19:22:40 [http-nio-8081-exec-4] INFO  o.g.login.services.UserService - getAllUsers: Retrieved 5 users.
2025-03-17 19:22:40 [http-nio-8081-exec-4] DEBUG o.s.w.s.m.m.a.HttpEntityMethodProcessor - Using 'application/json', given [*/*] and supported [application/json, application/*+json]
2025-03-17 19:22:40 [http-nio-8081-exec-4] DEBUG o.s.w.s.m.m.a.HttpEntityMethodProcessor - Writing [[org.guidewire.login.dto.responses.UserResponse@5610b758, org.guidewire.login.dto.responses.UserResp (truncated)...]
2025-03-17 19:22:40 [http-nio-8081-exec-4] DEBUG o.s.o.j.s.OpenEntityManagerInViewInterceptor - Closing JPA EntityManager in OpenEntityManagerInViewInterceptor
2025-03-17 19:22:40 [http-nio-8081-exec-4] DEBUG o.s.web.servlet.DispatcherServlet - Completed 200 OK
2025-03-17 19:22:40 [http-nio-8081-exec-5] DEBUG o.s.security.web.FilterChainProxy - Securing GET /api/auth/current/user
2025-03-17 19:22:40 [http-nio-8081-exec-5] INFO  o.g.l.s.JwtAuthenticationFilter - doFilterInternal: Extracted username 'admin' from token.
2025-03-17 19:22:40 [http-nio-8081-exec-5] INFO  o.g.l.s.CustomUserDetailsService - loadUserByUsername: Searching for user: admin
2025-03-17 19:22:40 [http-nio-8081-exec-5] DEBUG o.s.o.j.SharedEntityManagerCreator$SharedEntityManagerInvocationHandler - Creating new EntityManager for shared EntityManager invocation
2025-03-17 19:22:40 [http-nio-8081-exec-5] DEBUG org.hibernate.SQL - select u1_0.id,u1_0.created_at,u1_0.email,u1_0.password,u1_0.updated_at,u1_0.username from users u1_0 where u1_0.username=?
2025-03-17 19:22:40 [http-nio-8081-exec-5] DEBUG org.hibernate.SQL - select r1_0.user_id,r1_1.id,r1_1.created_at,r1_1.name,p1_0.role_id,p1_1.id,p1_1.created_at,p1_1.description,p1_1.name,p1_1.updated_at,r1_1.updated_at from user_roles r1_0 join roles r1_1 on r1_1.id=r1_0.role_id left join role_permissions p1_0 on r1_1.id=p1_0.role_id left join permissions p1_1 on p1_1.id=p1_0.permission_id where r1_0.user_id=?
2025-03-17 19:22:40 [http-nio-8081-exec-5] INFO  o.g.l.s.CustomUserDetailsService - loadUserByUsername: User admin found with roles: [org.guidewire.login.model.Role@7fbc2bcd]
2025-03-17 19:22:40 [http-nio-8081-exec-5] INFO  o.g.login.security.CustomUserDetails - Initializing CustomUserDetails for user: admin
2025-03-17 19:22:40 [http-nio-8081-exec-5] DEBUG o.g.login.security.CustomUserDetails - User admin has roles: [ADMIN]
2025-03-17 19:22:40 [http-nio-8081-exec-5] DEBUG o.g.login.security.CustomUserDetails - User admin has permissions: [DELETE_TASK, CREATE_TASK, VIEW_TASK, CLOSE_TASK, ASSIGN_TASK, COMMENT_TASK, EDIT_TASK]
2025-03-17 19:22:40 [http-nio-8081-exec-5] INFO  o.g.login.security.CustomUserDetails - CustomUserDetails initialized successfully for user: admin
2025-03-17 19:22:40 [http-nio-8081-exec-5] INFO  o.guidewire.login.security.JwtUtil - validateToken:JWT validated successfully for user: admin
2025-03-17 19:22:40 [http-nio-8081-exec-5] DEBUG o.g.login.security.CustomUserDetails - Fetching authorities for user: admin
2025-03-17 19:22:40 [http-nio-8081-exec-5] INFO  o.g.l.s.JwtAuthenticationFilter - doFilterInternal: Authentication successful for user 'admin'.
2025-03-17 19:22:40 [http-nio-8081-exec-5] DEBUG o.s.security.web.FilterChainProxy - Secured GET /api/auth/current/user
2025-03-17 19:22:40 [http-nio-8081-exec-5] DEBUG o.s.web.servlet.DispatcherServlet - GET "/api/auth/current/user", parameters={}
2025-03-17 19:22:40 [http-nio-8081-exec-5] DEBUG o.s.w.s.m.m.a.RequestMappingHandlerMapping - Mapped to org.guidewire.login.controller.AuthController#getCurrentUser(Principal)
2025-03-17 19:22:40 [http-nio-8081-exec-5] DEBUG o.s.o.j.s.OpenEntityManagerInViewInterceptor - Opening JPA EntityManager in OpenEntityManagerInViewInterceptor
2025-03-17 19:22:40 [http-nio-8081-exec-5] INFO  o.g.login.controller.AuthController - getCurrentUser: Fetching details for user: admin
2025-03-17 19:22:40 [http-nio-8081-exec-5] DEBUG o.g.login.services.AuthService - getUserDetails:Fetching user details for: admin
2025-03-17 19:22:40 [http-nio-8081-exec-5] DEBUG org.hibernate.SQL - select u1_0.id,u1_0.created_at,u1_0.email,u1_0.password,u1_0.updated_at,u1_0.username from users u1_0 where u1_0.username=?
2025-03-17 19:22:40 [http-nio-8081-exec-5] DEBUG org.hibernate.SQL - select r1_0.user_id,r1_1.id,r1_1.created_at,r1_1.name,p1_0.role_id,p1_1.id,p1_1.created_at,p1_1.description,p1_1.name,p1_1.updated_at,r1_1.updated_at from user_roles r1_0 join roles r1_1 on r1_1.id=r1_0.role_id left join role_permissions p1_0 on r1_1.id=p1_0.role_id left join permissions p1_1 on p1_1.id=p1_0.permission_id where r1_0.user_id=?
2025-03-17 19:22:40 [http-nio-8081-exec-5] INFO  o.g.login.controller.AuthController - getCurrentUser: Returning user details for admin
2025-03-17 19:22:40 [http-nio-8081-exec-5] DEBUG o.s.w.s.m.m.a.HttpEntityMethodProcessor - Using 'application/json', given [*/*] and supported [application/json, application/*+json]
2025-03-17 19:22:40 [http-nio-8081-exec-5] DEBUG o.s.w.s.m.m.a.HttpEntityMethodProcessor - Writing [org.guidewire.login.dto.responses.UserResponse@6d5429f3]
2025-03-17 19:22:40 [http-nio-8081-exec-5] DEBUG o.s.o.j.s.OpenEntityManagerInViewInterceptor - Closing JPA EntityManager in OpenEntityManagerInViewInterceptor
2025-03-17 19:22:40 [http-nio-8081-exec-5] DEBUG o.s.web.servlet.DispatcherServlet - Completed 200 OK
2025-03-17 19:22:41 [http-nio-8081-exec-6] DEBUG o.s.security.web.FilterChainProxy - Securing GET /api/auth/users/list
2025-03-17 19:22:41 [http-nio-8081-exec-6] INFO  o.g.l.s.JwtAuthenticationFilter - doFilterInternal: Extracted username 'admin' from token.
2025-03-17 19:22:41 [http-nio-8081-exec-6] INFO  o.g.l.s.CustomUserDetailsService - loadUserByUsername: Searching for user: admin
2025-03-17 19:22:41 [http-nio-8081-exec-6] DEBUG o.s.o.j.SharedEntityManagerCreator$SharedEntityManagerInvocationHandler - Creating new EntityManager for shared EntityManager invocation
2025-03-17 19:22:41 [http-nio-8081-exec-6] DEBUG org.hibernate.SQL - select u1_0.id,u1_0.created_at,u1_0.email,u1_0.password,u1_0.updated_at,u1_0.username from users u1_0 where u1_0.username=?
2025-03-17 19:22:41 [http-nio-8081-exec-6] DEBUG org.hibernate.SQL - select r1_0.user_id,r1_1.id,r1_1.created_at,r1_1.name,p1_0.role_id,p1_1.id,p1_1.created_at,p1_1.description,p1_1.name,p1_1.updated_at,r1_1.updated_at from user_roles r1_0 join roles r1_1 on r1_1.id=r1_0.role_id left join role_permissions p1_0 on r1_1.id=p1_0.role_id left join permissions p1_1 on p1_1.id=p1_0.permission_id where r1_0.user_id=?
2025-03-17 19:22:41 [http-nio-8081-exec-6] INFO  o.g.l.s.CustomUserDetailsService - loadUserByUsername: User admin found with roles: [org.guidewire.login.model.Role@2f107307]
2025-03-17 19:22:41 [http-nio-8081-exec-6] INFO  o.g.login.security.CustomUserDetails - Initializing CustomUserDetails for user: admin
2025-03-17 19:22:41 [http-nio-8081-exec-6] DEBUG o.g.login.security.CustomUserDetails - User admin has roles: [ADMIN]
2025-03-17 19:22:41 [http-nio-8081-exec-6] DEBUG o.g.login.security.CustomUserDetails - User admin has permissions: [DELETE_TASK, CREATE_TASK, VIEW_TASK, CLOSE_TASK, ASSIGN_TASK, COMMENT_TASK, EDIT_TASK]
2025-03-17 19:22:41 [http-nio-8081-exec-6] INFO  o.g.login.security.CustomUserDetails - CustomUserDetails initialized successfully for user: admin
2025-03-17 19:22:41 [http-nio-8081-exec-6] INFO  o.guidewire.login.security.JwtUtil - validateToken:JWT validated successfully for user: admin
2025-03-17 19:22:41 [http-nio-8081-exec-6] DEBUG o.g.login.security.CustomUserDetails - Fetching authorities for user: admin
2025-03-17 19:22:41 [http-nio-8081-exec-6] INFO  o.g.l.s.JwtAuthenticationFilter - doFilterInternal: Authentication successful for user 'admin'.
2025-03-17 19:22:41 [http-nio-8081-exec-6] DEBUG o.s.security.web.FilterChainProxy - Secured GET /api/auth/users/list
2025-03-17 19:22:41 [http-nio-8081-exec-6] DEBUG o.s.web.servlet.DispatcherServlet - GET "/api/auth/users/list", parameters={}
2025-03-17 19:22:41 [http-nio-8081-exec-6] DEBUG o.s.w.s.m.m.a.RequestMappingHandlerMapping - Mapped to org.guidewire.login.controller.UserController#getAllUsers()
2025-03-17 19:22:41 [http-nio-8081-exec-6] DEBUG o.s.o.j.s.OpenEntityManagerInViewInterceptor - Opening JPA EntityManager in OpenEntityManagerInViewInterceptor
2025-03-17 19:22:41 [http-nio-8081-exec-6] INFO  o.g.login.services.UserService - getAllUsers: Fetching all users from the database.
2025-03-17 19:22:41 [http-nio-8081-exec-6] DEBUG o.s.orm.jpa.JpaTransactionManager - Found thread-bound EntityManager [SessionImpl(363792380<open>)] for JPA transaction
2025-03-17 19:22:41 [http-nio-8081-exec-6] DEBUG o.s.orm.jpa.JpaTransactionManager - Creating new transaction with name [org.springframework.data.jpa.repository.support.SimpleJpaRepository.findAll]: PROPAGATION_REQUIRED,ISOLATION_DEFAULT,readOnly
2025-03-17 19:22:41 [http-nio-8081-exec-6] DEBUG o.s.jdbc.datasource.DataSourceUtils - Setting JDBC Connection [HikariProxyConnection@100572209 wrapping org.postgresql.jdbc.PgConnection@4dad039b] read-only
2025-03-17 19:22:41 [http-nio-8081-exec-6] DEBUG o.s.orm.jpa.JpaTransactionManager - Exposing JPA transaction as JDBC [org.springframework.orm.jpa.vendor.HibernateJpaDialect$HibernateConnectionHandle@705a5012]
2025-03-17 19:22:41 [http-nio-8081-exec-6] DEBUG org.hibernate.SQL - select u1_0.id,u1_0.created_at,u1_0.email,u1_0.password,u1_0.updated_at,u1_0.username from users u1_0
2025-03-17 19:22:41 [http-nio-8081-exec-6] DEBUG org.hibernate.SQL - select r1_0.user_id,r1_1.id,r1_1.created_at,r1_1.name,p1_0.role_id,p1_1.id,p1_1.created_at,p1_1.description,p1_1.name,p1_1.updated_at,r1_1.updated_at from user_roles r1_0 join roles r1_1 on r1_1.id=r1_0.role_id left join role_permissions p1_0 on r1_1.id=p1_0.role_id left join permissions p1_1 on p1_1.id=p1_0.permission_id where r1_0.user_id=?
2025-03-17 19:22:41 [http-nio-8081-exec-6] DEBUG org.hibernate.SQL - select r1_0.user_id,r1_1.id,r1_1.created_at,r1_1.name,p1_0.role_id,p1_1.id,p1_1.created_at,p1_1.description,p1_1.name,p1_1.updated_at,r1_1.updated_at from user_roles r1_0 join roles r1_1 on r1_1.id=r1_0.role_id left join role_permissions p1_0 on r1_1.id=p1_0.role_id left join permissions p1_1 on p1_1.id=p1_0.permission_id where r1_0.user_id=?
2025-03-17 19:22:41 [http-nio-8081-exec-6] DEBUG org.hibernate.SQL - select r1_0.user_id,r1_1.id,r1_1.created_at,r1_1.name,p1_0.role_id,p1_1.id,p1_1.created_at,p1_1.description,p1_1.name,p1_1.updated_at,r1_1.updated_at from user_roles r1_0 join roles r1_1 on r1_1.id=r1_0.role_id left join role_permissions p1_0 on r1_1.id=p1_0.role_id left join permissions p1_1 on p1_1.id=p1_0.permission_id where r1_0.user_id=?
2025-03-17 19:22:41 [http-nio-8081-exec-6] DEBUG org.hibernate.SQL - select r1_0.user_id,r1_1.id,r1_1.created_at,r1_1.name,p1_0.role_id,p1_1.id,p1_1.created_at,p1_1.description,p1_1.name,p1_1.updated_at,r1_1.updated_at from user_roles r1_0 join roles r1_1 on r1_1.id=r1_0.role_id left join role_permissions p1_0 on r1_1.id=p1_0.role_id left join permissions p1_1 on p1_1.id=p1_0.permission_id where r1_0.user_id=?
2025-03-17 19:22:41 [http-nio-8081-exec-6] DEBUG org.hibernate.SQL - select r1_0.user_id,r1_1.id,r1_1.created_at,r1_1.name,p1_0.role_id,p1_1.id,p1_1.created_at,p1_1.description,p1_1.name,p1_1.updated_at,r1_1.updated_at from user_roles r1_0 join roles r1_1 on r1_1.id=r1_0.role_id left join role_permissions p1_0 on r1_1.id=p1_0.role_id left join permissions p1_1 on p1_1.id=p1_0.permission_id where r1_0.user_id=?
2025-03-17 19:22:41 [http-nio-8081-exec-6] DEBUG o.s.orm.jpa.JpaTransactionManager - Initiating transaction commit
2025-03-17 19:22:41 [http-nio-8081-exec-6] DEBUG o.s.orm.jpa.JpaTransactionManager - Committing JPA transaction on EntityManager [SessionImpl(363792380<open>)]
2025-03-17 19:22:41 [http-nio-8081-exec-6] DEBUG o.s.jdbc.datasource.DataSourceUtils - Resetting read-only flag of JDBC Connection [HikariProxyConnection@100572209 wrapping org.postgresql.jdbc.PgConnection@4dad039b]
2025-03-17 19:22:41 [http-nio-8081-exec-6] DEBUG o.s.orm.jpa.JpaTransactionManager - Not closing pre-bound JPA EntityManager after transaction
2025-03-17 19:22:41 [http-nio-8081-exec-6] INFO  o.g.login.services.UserService - getAllUsers: Retrieved 5 users.
2025-03-17 19:22:41 [http-nio-8081-exec-6] DEBUG o.s.w.s.m.m.a.HttpEntityMethodProcessor - Using 'application/json', given [*/*] and supported [application/json, application/*+json]
2025-03-17 19:22:41 [http-nio-8081-exec-6] DEBUG o.s.w.s.m.m.a.HttpEntityMethodProcessor - Writing [[org.guidewire.login.dto.responses.UserResponse@4d1de2b, org.guidewire.login.dto.responses.UserRespo (truncated)...]
2025-03-17 19:22:41 [http-nio-8081-exec-6] DEBUG o.s.o.j.s.OpenEntityManagerInViewInterceptor - Closing JPA EntityManager in OpenEntityManagerInViewInterceptor
2025-03-17 19:22:41 [http-nio-8081-exec-6] DEBUG o.s.web.servlet.DispatcherServlet - Completed 200 OK
2025-03-17 19:22:41 [http-nio-8081-exec-7] DEBUG o.s.security.web.FilterChainProxy - Securing GET /api/auth/user/details
2025-03-17 19:22:41 [http-nio-8081-exec-7] DEBUG o.g.l.s.JwtAuthenticationFilter - doFilterInternal: No valid Authorization header found, skipping JWT processing.
2025-03-17 19:22:41 [http-nio-8081-exec-7] DEBUG o.s.s.w.a.AnonymousAuthenticationFilter - Set SecurityContextHolder to anonymous SecurityContext
2025-03-17 19:22:41 [http-nio-8081-exec-7] DEBUG o.s.security.web.FilterChainProxy - Secured GET /api/auth/user/details
2025-03-17 19:22:41 [http-nio-8081-exec-7] DEBUG o.s.web.servlet.DispatcherServlet - GET "/api/auth/user/details", parameters={}
2025-03-17 19:22:41 [http-nio-8081-exec-7] DEBUG o.s.w.s.m.m.a.RequestMappingHandlerMapping - Mapped to org.guidewire.login.controller.AuthController#fetchUserDetails(List)
2025-03-17 19:22:41 [http-nio-8081-exec-7] DEBUG o.s.o.j.s.OpenEntityManagerInViewInterceptor - Opening JPA EntityManager in OpenEntityManagerInViewInterceptor
2025-03-17 19:22:41 [http-nio-8081-exec-7] DEBUG o.s.w.s.m.m.a.RequestResponseBodyMethodProcessor - Read "application/json;charset=UTF-8" to [[3d480867-d12b-4c5f-a725-da17dd7e5590]]
2025-03-17 19:22:41 [http-nio-8081-exec-7] INFO  o.g.login.controller.AuthController - fetchUserDetails: Fetching details for users with IDs: [3d480867-d12b-4c5f-a725-da17dd7e5590]
2025-03-17 19:22:41 [http-nio-8081-exec-7] DEBUG o.s.orm.jpa.JpaTransactionManager - Found thread-bound EntityManager [SessionImpl(1068435319<open>)] for JPA transaction
2025-03-17 19:22:41 [http-nio-8081-exec-7] DEBUG o.s.orm.jpa.JpaTransactionManager - Creating new transaction with name [org.springframework.data.jpa.repository.support.SimpleJpaRepository.findAllById]: PROPAGATION_REQUIRED,ISOLATION_DEFAULT,readOnly
2025-03-17 19:22:41 [http-nio-8081-exec-7] DEBUG o.s.jdbc.datasource.DataSourceUtils - Setting JDBC Connection [HikariProxyConnection@1122881461 wrapping org.postgresql.jdbc.PgConnection@4dad039b] read-only
2025-03-17 19:22:41 [http-nio-8081-exec-7] DEBUG o.s.orm.jpa.JpaTransactionManager - Exposing JPA transaction as JDBC [org.springframework.orm.jpa.vendor.HibernateJpaDialect$HibernateConnectionHandle@27310adb]
2025-03-17 19:22:41 [http-nio-8081-exec-7] DEBUG org.hibernate.SQL - select u1_0.id,u1_0.created_at,u1_0.email,u1_0.password,u1_0.updated_at,u1_0.username from users u1_0 where u1_0.id in (?)
2025-03-17 19:22:41 [http-nio-8081-exec-7] DEBUG org.hibernate.SQL - select r1_0.user_id,r1_1.id,r1_1.created_at,r1_1.name,p1_0.role_id,p1_1.id,p1_1.created_at,p1_1.description,p1_1.name,p1_1.updated_at,r1_1.updated_at from user_roles r1_0 join roles r1_1 on r1_1.id=r1_0.role_id left join role_permissions p1_0 on r1_1.id=p1_0.role_id left join permissions p1_1 on p1_1.id=p1_0.permission_id where r1_0.user_id=?
2025-03-17 19:22:41 [http-nio-8081-exec-7] DEBUG o.s.orm.jpa.JpaTransactionManager - Initiating transaction commit
2025-03-17 19:22:41 [http-nio-8081-exec-7] DEBUG o.s.orm.jpa.JpaTransactionManager - Committing JPA transaction on EntityManager [SessionImpl(1068435319<open>)]
2025-03-17 19:22:41 [http-nio-8081-exec-7] DEBUG o.s.jdbc.datasource.DataSourceUtils - Resetting read-only flag of JDBC Connection [HikariProxyConnection@1122881461 wrapping org.postgresql.jdbc.PgConnection@4dad039b]
2025-03-17 19:22:41 [http-nio-8081-exec-7] DEBUG o.s.orm.jpa.JpaTransactionManager - Not closing pre-bound JPA EntityManager after transaction
2025-03-17 19:22:41 [http-nio-8081-exec-7] INFO  o.g.login.controller.AuthController - fetchUserDetails: Returning user details for users: [org.guidewire.login.dto.responses.UserResponse@2465b28]
2025-03-17 19:22:41 [http-nio-8081-exec-7] DEBUG o.s.w.s.m.m.a.HttpEntityMethodProcessor - Using 'application/json', given [*/*] and supported [application/json, application/*+json]
2025-03-17 19:22:41 [http-nio-8081-exec-7] DEBUG o.s.w.s.m.m.a.HttpEntityMethodProcessor - Writing [[org.guidewire.login.dto.responses.UserResponse@2465b28]]
2025-03-17 19:22:41 [http-nio-8081-exec-7] DEBUG o.s.o.j.s.OpenEntityManagerInViewInterceptor - Closing JPA EntityManager in OpenEntityManagerInViewInterceptor
2025-03-17 19:22:41 [http-nio-8081-exec-7] DEBUG o.s.web.servlet.DispatcherServlet - Completed 200 OK
2025-03-17 19:30:42 [http-nio-8081-exec-8] DEBUG o.s.security.web.FilterChainProxy - Securing GET /api/auth/users/list
2025-03-17 19:30:42 [http-nio-8081-exec-8] INFO  o.g.l.s.JwtAuthenticationFilter - doFilterInternal: Extracted username 'admin' from token.
2025-03-17 19:30:42 [http-nio-8081-exec-8] INFO  o.g.l.s.CustomUserDetailsService - loadUserByUsername: Searching for user: admin
2025-03-17 19:30:42 [http-nio-8081-exec-8] DEBUG o.s.o.j.SharedEntityManagerCreator$SharedEntityManagerInvocationHandler - Creating new EntityManager for shared EntityManager invocation
2025-03-17 19:30:42 [http-nio-8081-exec-8] DEBUG org.hibernate.SQL - select u1_0.id,u1_0.created_at,u1_0.email,u1_0.password,u1_0.updated_at,u1_0.username from users u1_0 where u1_0.username=?
2025-03-17 19:30:42 [http-nio-8081-exec-8] DEBUG org.hibernate.SQL - select r1_0.user_id,r1_1.id,r1_1.created_at,r1_1.name,p1_0.role_id,p1_1.id,p1_1.created_at,p1_1.description,p1_1.name,p1_1.updated_at,r1_1.updated_at from user_roles r1_0 join roles r1_1 on r1_1.id=r1_0.role_id left join role_permissions p1_0 on r1_1.id=p1_0.role_id left join permissions p1_1 on p1_1.id=p1_0.permission_id where r1_0.user_id=?
2025-03-17 19:30:42 [http-nio-8081-exec-8] INFO  o.g.l.s.CustomUserDetailsService - loadUserByUsername: User admin found with roles: [org.guidewire.login.model.Role@21a09fd1]
2025-03-17 19:30:42 [http-nio-8081-exec-8] INFO  o.g.login.security.CustomUserDetails - Initializing CustomUserDetails for user: admin
2025-03-17 19:30:42 [http-nio-8081-exec-8] DEBUG o.g.login.security.CustomUserDetails - User admin has roles: [ADMIN]
2025-03-17 19:30:42 [http-nio-8081-exec-8] DEBUG o.g.login.security.CustomUserDetails - User admin has permissions: [DELETE_TASK, CREATE_TASK, CLOSE_TASK, VIEW_TASK, ASSIGN_TASK, COMMENT_TASK, EDIT_TASK]
2025-03-17 19:30:42 [http-nio-8081-exec-8] INFO  o.g.login.security.CustomUserDetails - CustomUserDetails initialized successfully for user: admin
2025-03-17 19:30:42 [http-nio-8081-exec-8] INFO  o.guidewire.login.security.JwtUtil - validateToken:JWT validated successfully for user: admin
2025-03-17 19:30:42 [http-nio-8081-exec-8] DEBUG o.g.login.security.CustomUserDetails - Fetching authorities for user: admin
2025-03-17 19:30:42 [http-nio-8081-exec-8] INFO  o.g.l.s.JwtAuthenticationFilter - doFilterInternal: Authentication successful for user 'admin'.
2025-03-17 19:30:42 [http-nio-8081-exec-8] DEBUG o.s.security.web.FilterChainProxy - Secured GET /api/auth/users/list
2025-03-17 19:30:42 [http-nio-8081-exec-8] DEBUG o.s.web.servlet.DispatcherServlet - GET "/api/auth/users/list", parameters={}
2025-03-17 19:30:42 [http-nio-8081-exec-8] DEBUG o.s.w.s.m.m.a.RequestMappingHandlerMapping - Mapped to org.guidewire.login.controller.UserController#getAllUsers()
2025-03-17 19:30:42 [http-nio-8081-exec-8] DEBUG o.s.o.j.s.OpenEntityManagerInViewInterceptor - Opening JPA EntityManager in OpenEntityManagerInViewInterceptor
2025-03-17 19:30:42 [http-nio-8081-exec-8] INFO  o.g.login.services.UserService - getAllUsers: Fetching all users from the database.
2025-03-17 19:30:42 [http-nio-8081-exec-8] DEBUG o.s.orm.jpa.JpaTransactionManager - Found thread-bound EntityManager [SessionImpl(179963553<open>)] for JPA transaction
2025-03-17 19:30:42 [http-nio-8081-exec-8] DEBUG o.s.orm.jpa.JpaTransactionManager - Creating new transaction with name [org.springframework.data.jpa.repository.support.SimpleJpaRepository.findAll]: PROPAGATION_REQUIRED,ISOLATION_DEFAULT,readOnly
2025-03-17 19:30:42 [http-nio-8081-exec-8] DEBUG o.s.jdbc.datasource.DataSourceUtils - Setting JDBC Connection [HikariProxyConnection@1118822929 wrapping org.postgresql.jdbc.PgConnection@1b41cdda] read-only
2025-03-17 19:30:42 [http-nio-8081-exec-8] DEBUG o.s.orm.jpa.JpaTransactionManager - Exposing JPA transaction as JDBC [org.springframework.orm.jpa.vendor.HibernateJpaDialect$HibernateConnectionHandle@222e77ec]
2025-03-17 19:30:42 [http-nio-8081-exec-8] DEBUG org.hibernate.SQL - select u1_0.id,u1_0.created_at,u1_0.email,u1_0.password,u1_0.updated_at,u1_0.username from users u1_0
2025-03-17 19:30:42 [http-nio-8081-exec-8] DEBUG org.hibernate.SQL - select r1_0.user_id,r1_1.id,r1_1.created_at,r1_1.name,p1_0.role_id,p1_1.id,p1_1.created_at,p1_1.description,p1_1.name,p1_1.updated_at,r1_1.updated_at from user_roles r1_0 join roles r1_1 on r1_1.id=r1_0.role_id left join role_permissions p1_0 on r1_1.id=p1_0.role_id left join permissions p1_1 on p1_1.id=p1_0.permission_id where r1_0.user_id=?
2025-03-17 19:30:42 [http-nio-8081-exec-8] DEBUG org.hibernate.SQL - select r1_0.user_id,r1_1.id,r1_1.created_at,r1_1.name,p1_0.role_id,p1_1.id,p1_1.created_at,p1_1.description,p1_1.name,p1_1.updated_at,r1_1.updated_at from user_roles r1_0 join roles r1_1 on r1_1.id=r1_0.role_id left join role_permissions p1_0 on r1_1.id=p1_0.role_id left join permissions p1_1 on p1_1.id=p1_0.permission_id where r1_0.user_id=?
2025-03-17 19:30:42 [http-nio-8081-exec-8] DEBUG org.hibernate.SQL - select r1_0.user_id,r1_1.id,r1_1.created_at,r1_1.name,p1_0.role_id,p1_1.id,p1_1.created_at,p1_1.description,p1_1.name,p1_1.updated_at,r1_1.updated_at from user_roles r1_0 join roles r1_1 on r1_1.id=r1_0.role_id left join role_permissions p1_0 on r1_1.id=p1_0.role_id left join permissions p1_1 on p1_1.id=p1_0.permission_id where r1_0.user_id=?
2025-03-17 19:30:42 [http-nio-8081-exec-8] DEBUG org.hibernate.SQL - select r1_0.user_id,r1_1.id,r1_1.created_at,r1_1.name,p1_0.role_id,p1_1.id,p1_1.created_at,p1_1.description,p1_1.name,p1_1.updated_at,r1_1.updated_at from user_roles r1_0 join roles r1_1 on r1_1.id=r1_0.role_id left join role_permissions p1_0 on r1_1.id=p1_0.role_id left join permissions p1_1 on p1_1.id=p1_0.permission_id where r1_0.user_id=?
2025-03-17 19:30:42 [http-nio-8081-exec-8] DEBUG org.hibernate.SQL - select r1_0.user_id,r1_1.id,r1_1.created_at,r1_1.name,p1_0.role_id,p1_1.id,p1_1.created_at,p1_1.description,p1_1.name,p1_1.updated_at,r1_1.updated_at from user_roles r1_0 join roles r1_1 on r1_1.id=r1_0.role_id left join role_permissions p1_0 on r1_1.id=p1_0.role_id left join permissions p1_1 on p1_1.id=p1_0.permission_id where r1_0.user_id=?
2025-03-17 19:30:42 [http-nio-8081-exec-8] DEBUG o.s.orm.jpa.JpaTransactionManager - Initiating transaction commit
2025-03-17 19:30:42 [http-nio-8081-exec-8] DEBUG o.s.orm.jpa.JpaTransactionManager - Committing JPA transaction on EntityManager [SessionImpl(179963553<open>)]
2025-03-17 19:30:42 [http-nio-8081-exec-8] DEBUG o.s.jdbc.datasource.DataSourceUtils - Resetting read-only flag of JDBC Connection [HikariProxyConnection@1118822929 wrapping org.postgresql.jdbc.PgConnection@1b41cdda]
2025-03-17 19:30:42 [http-nio-8081-exec-8] DEBUG o.s.orm.jpa.JpaTransactionManager - Not closing pre-bound JPA EntityManager after transaction
2025-03-17 19:30:42 [http-nio-8081-exec-8] INFO  o.g.login.services.UserService - getAllUsers: Retrieved 5 users.
2025-03-17 19:30:42 [http-nio-8081-exec-8] DEBUG o.s.w.s.m.m.a.HttpEntityMethodProcessor - Using 'application/json', given [*/*] and supported [application/json, application/*+json]
2025-03-17 19:30:42 [http-nio-8081-exec-8] DEBUG o.s.w.s.m.m.a.HttpEntityMethodProcessor - Writing [[org.guidewire.login.dto.responses.UserResponse@2c10bcc2, org.guidewire.login.dto.responses.UserResp (truncated)...]
2025-03-17 19:30:42 [http-nio-8081-exec-8] DEBUG o.s.o.j.s.OpenEntityManagerInViewInterceptor - Closing JPA EntityManager in OpenEntityManagerInViewInterceptor
2025-03-17 19:30:42 [http-nio-8081-exec-8] DEBUG o.s.web.servlet.DispatcherServlet - Completed 200 OK
2025-03-17 19:30:42 [http-nio-8081-exec-10] DEBUG o.s.security.web.FilterChainProxy - Securing GET /api/auth/user/details
2025-03-17 19:30:42 [http-nio-8081-exec-10] DEBUG o.g.l.s.JwtAuthenticationFilter - doFilterInternal: No valid Authorization header found, skipping JWT processing.
2025-03-17 19:30:42 [http-nio-8081-exec-10] DEBUG o.s.s.w.a.AnonymousAuthenticationFilter - Set SecurityContextHolder to anonymous SecurityContext
2025-03-17 19:30:42 [http-nio-8081-exec-10] DEBUG o.s.security.web.FilterChainProxy - Secured GET /api/auth/user/details
2025-03-17 19:30:42 [http-nio-8081-exec-10] DEBUG o.s.web.servlet.DispatcherServlet - GET "/api/auth/user/details", parameters={}
2025-03-17 19:30:42 [http-nio-8081-exec-10] DEBUG o.s.w.s.m.m.a.RequestMappingHandlerMapping - Mapped to org.guidewire.login.controller.AuthController#fetchUserDetails(List)
2025-03-17 19:30:42 [http-nio-8081-exec-10] DEBUG o.s.o.j.s.OpenEntityManagerInViewInterceptor - Opening JPA EntityManager in OpenEntityManagerInViewInterceptor
2025-03-17 19:30:42 [http-nio-8081-exec-10] DEBUG o.s.w.s.m.m.a.RequestResponseBodyMethodProcessor - Read "application/json;charset=UTF-8" to [[3d480867-d12b-4c5f-a725-da17dd7e5590]]
2025-03-17 19:30:42 [http-nio-8081-exec-10] INFO  o.g.login.controller.AuthController - fetchUserDetails: Fetching details for users with IDs: [3d480867-d12b-4c5f-a725-da17dd7e5590]
2025-03-17 19:30:42 [http-nio-8081-exec-10] DEBUG o.s.orm.jpa.JpaTransactionManager - Found thread-bound EntityManager [SessionImpl(78536939<open>)] for JPA transaction
2025-03-17 19:30:42 [http-nio-8081-exec-10] DEBUG o.s.orm.jpa.JpaTransactionManager - Creating new transaction with name [org.springframework.data.jpa.repository.support.SimpleJpaRepository.findAllById]: PROPAGATION_REQUIRED,ISOLATION_DEFAULT,readOnly
2025-03-17 19:30:42 [http-nio-8081-exec-10] DEBUG o.s.jdbc.datasource.DataSourceUtils - Setting JDBC Connection [HikariProxyConnection@472704852 wrapping org.postgresql.jdbc.PgConnection@1b41cdda] read-only
2025-03-17 19:30:42 [http-nio-8081-exec-10] DEBUG o.s.orm.jpa.JpaTransactionManager - Exposing JPA transaction as JDBC [org.springframework.orm.jpa.vendor.HibernateJpaDialect$HibernateConnectionHandle@d15a2c2]
2025-03-17 19:30:42 [http-nio-8081-exec-10] DEBUG org.hibernate.SQL - select u1_0.id,u1_0.created_at,u1_0.email,u1_0.password,u1_0.updated_at,u1_0.username from users u1_0 where u1_0.id in (?)
2025-03-17 19:30:42 [http-nio-8081-exec-10] DEBUG org.hibernate.SQL - select r1_0.user_id,r1_1.id,r1_1.created_at,r1_1.name,p1_0.role_id,p1_1.id,p1_1.created_at,p1_1.description,p1_1.name,p1_1.updated_at,r1_1.updated_at from user_roles r1_0 join roles r1_1 on r1_1.id=r1_0.role_id left join role_permissions p1_0 on r1_1.id=p1_0.role_id left join permissions p1_1 on p1_1.id=p1_0.permission_id where r1_0.user_id=?
2025-03-17 19:30:42 [http-nio-8081-exec-10] DEBUG o.s.orm.jpa.JpaTransactionManager - Initiating transaction commit
2025-03-17 19:30:42 [http-nio-8081-exec-10] DEBUG o.s.orm.jpa.JpaTransactionManager - Committing JPA transaction on EntityManager [SessionImpl(78536939<open>)]
2025-03-17 19:30:42 [http-nio-8081-exec-10] DEBUG o.s.jdbc.datasource.DataSourceUtils - Resetting read-only flag of JDBC Connection [HikariProxyConnection@472704852 wrapping org.postgresql.jdbc.PgConnection@1b41cdda]
2025-03-17 19:30:42 [http-nio-8081-exec-10] DEBUG o.s.orm.jpa.JpaTransactionManager - Not closing pre-bound JPA EntityManager after transaction
2025-03-17 19:30:42 [http-nio-8081-exec-10] INFO  o.g.login.controller.AuthController - fetchUserDetails: Returning user details for users: [org.guidewire.login.dto.responses.UserResponse@24710295]
2025-03-17 19:30:42 [http-nio-8081-exec-10] DEBUG o.s.w.s.m.m.a.HttpEntityMethodProcessor - Using 'application/json', given [*/*] and supported [application/json, application/*+json]
2025-03-17 19:30:42 [http-nio-8081-exec-10] DEBUG o.s.w.s.m.m.a.HttpEntityMethodProcessor - Writing [[org.guidewire.login.dto.responses.UserResponse@24710295]]
2025-03-17 19:30:42 [http-nio-8081-exec-10] DEBUG o.s.o.j.s.OpenEntityManagerInViewInterceptor - Closing JPA EntityManager in OpenEntityManagerInViewInterceptor
2025-03-17 19:30:42 [http-nio-8081-exec-10] DEBUG o.s.web.servlet.DispatcherServlet - Completed 200 OK
2025-03-17 20:14:49 [http-nio-8081-exec-2] DEBUG o.s.security.web.FilterChainProxy - Securing GET /api/auth/users/list
2025-03-17 20:14:49 [http-nio-8081-exec-2] INFO  o.g.l.s.JwtAuthenticationFilter - doFilterInternal: Extracted username 'admin' from token.
2025-03-17 20:14:49 [http-nio-8081-exec-2] INFO  o.g.l.s.CustomUserDetailsService - loadUserByUsername: Searching for user: admin
2025-03-17 20:14:49 [http-nio-8081-exec-2] DEBUG o.s.o.j.SharedEntityManagerCreator$SharedEntityManagerInvocationHandler - Creating new EntityManager for shared EntityManager invocation
2025-03-17 20:14:49 [http-nio-8081-exec-2] DEBUG org.hibernate.SQL - select u1_0.id,u1_0.created_at,u1_0.email,u1_0.password,u1_0.updated_at,u1_0.username from users u1_0 where u1_0.username=?
2025-03-17 20:14:49 [http-nio-8081-exec-2] DEBUG org.hibernate.SQL - select r1_0.user_id,r1_1.id,r1_1.created_at,r1_1.name,p1_0.role_id,p1_1.id,p1_1.created_at,p1_1.description,p1_1.name,p1_1.updated_at,r1_1.updated_at from user_roles r1_0 join roles r1_1 on r1_1.id=r1_0.role_id left join role_permissions p1_0 on r1_1.id=p1_0.role_id left join permissions p1_1 on p1_1.id=p1_0.permission_id where r1_0.user_id=?
2025-03-17 20:14:49 [http-nio-8081-exec-2] INFO  o.g.l.s.CustomUserDetailsService - loadUserByUsername: User admin found with roles: [org.guidewire.login.model.Role@61a68dac]
2025-03-17 20:14:49 [http-nio-8081-exec-2] INFO  o.g.login.security.CustomUserDetails - Initializing CustomUserDetails for user: admin
2025-03-17 20:14:49 [http-nio-8081-exec-2] DEBUG o.g.login.security.CustomUserDetails - User admin has roles: [ADMIN]
2025-03-17 20:14:49 [http-nio-8081-exec-2] DEBUG o.g.login.security.CustomUserDetails - User admin has permissions: [DELETE_TASK, CREATE_TASK, CLOSE_TASK, VIEW_TASK, ASSIGN_TASK, COMMENT_TASK, EDIT_TASK]
2025-03-17 20:14:49 [http-nio-8081-exec-2] INFO  o.g.login.security.CustomUserDetails - CustomUserDetails initialized successfully for user: admin
2025-03-17 20:14:49 [http-nio-8081-exec-2] INFO  o.guidewire.login.security.JwtUtil - validateToken:JWT validated successfully for user: admin
2025-03-17 20:14:49 [http-nio-8081-exec-2] DEBUG o.g.login.security.CustomUserDetails - Fetching authorities for user: admin
2025-03-17 20:14:49 [http-nio-8081-exec-2] INFO  o.g.l.s.JwtAuthenticationFilter - doFilterInternal: Authentication successful for user 'admin'.
2025-03-17 20:14:49 [http-nio-8081-exec-2] DEBUG o.s.security.web.FilterChainProxy - Secured GET /api/auth/users/list
2025-03-17 20:14:49 [http-nio-8081-exec-2] DEBUG o.s.web.servlet.DispatcherServlet - GET "/api/auth/users/list", parameters={}
2025-03-17 20:14:49 [http-nio-8081-exec-2] DEBUG o.s.w.s.m.m.a.RequestMappingHandlerMapping - Mapped to org.guidewire.login.controller.UserController#getAllUsers()
2025-03-17 20:14:49 [http-nio-8081-exec-2] DEBUG o.s.o.j.s.OpenEntityManagerInViewInterceptor - Opening JPA EntityManager in OpenEntityManagerInViewInterceptor
2025-03-17 20:14:49 [http-nio-8081-exec-2] INFO  o.g.login.services.UserService - getAllUsers: Fetching all users from the database.
2025-03-17 20:14:49 [http-nio-8081-exec-2] DEBUG o.s.orm.jpa.JpaTransactionManager - Found thread-bound EntityManager [SessionImpl(162736031<open>)] for JPA transaction
2025-03-17 20:14:49 [http-nio-8081-exec-2] DEBUG o.s.orm.jpa.JpaTransactionManager - Creating new transaction with name [org.springframework.data.jpa.repository.support.SimpleJpaRepository.findAll]: PROPAGATION_REQUIRED,ISOLATION_DEFAULT,readOnly
2025-03-17 20:14:49 [http-nio-8081-exec-2] DEBUG o.s.jdbc.datasource.DataSourceUtils - Setting JDBC Connection [HikariProxyConnection@1750496360 wrapping org.postgresql.jdbc.PgConnection@562ee485] read-only
2025-03-17 20:14:49 [http-nio-8081-exec-2] DEBUG o.s.orm.jpa.JpaTransactionManager - Exposing JPA transaction as JDBC [org.springframework.orm.jpa.vendor.HibernateJpaDialect$HibernateConnectionHandle@10afa52]
2025-03-17 20:14:49 [http-nio-8081-exec-2] DEBUG org.hibernate.SQL - select u1_0.id,u1_0.created_at,u1_0.email,u1_0.password,u1_0.updated_at,u1_0.username from users u1_0
2025-03-17 20:14:49 [http-nio-8081-exec-2] DEBUG org.hibernate.SQL - select r1_0.user_id,r1_1.id,r1_1.created_at,r1_1.name,p1_0.role_id,p1_1.id,p1_1.created_at,p1_1.description,p1_1.name,p1_1.updated_at,r1_1.updated_at from user_roles r1_0 join roles r1_1 on r1_1.id=r1_0.role_id left join role_permissions p1_0 on r1_1.id=p1_0.role_id left join permissions p1_1 on p1_1.id=p1_0.permission_id where r1_0.user_id=?
2025-03-17 20:14:49 [http-nio-8081-exec-2] DEBUG org.hibernate.SQL - select r1_0.user_id,r1_1.id,r1_1.created_at,r1_1.name,p1_0.role_id,p1_1.id,p1_1.created_at,p1_1.description,p1_1.name,p1_1.updated_at,r1_1.updated_at from user_roles r1_0 join roles r1_1 on r1_1.id=r1_0.role_id left join role_permissions p1_0 on r1_1.id=p1_0.role_id left join permissions p1_1 on p1_1.id=p1_0.permission_id where r1_0.user_id=?
2025-03-17 20:14:49 [http-nio-8081-exec-2] DEBUG org.hibernate.SQL - select r1_0.user_id,r1_1.id,r1_1.created_at,r1_1.name,p1_0.role_id,p1_1.id,p1_1.created_at,p1_1.description,p1_1.name,p1_1.updated_at,r1_1.updated_at from user_roles r1_0 join roles r1_1 on r1_1.id=r1_0.role_id left join role_permissions p1_0 on r1_1.id=p1_0.role_id left join permissions p1_1 on p1_1.id=p1_0.permission_id where r1_0.user_id=?
2025-03-17 20:14:49 [http-nio-8081-exec-2] DEBUG org.hibernate.SQL - select r1_0.user_id,r1_1.id,r1_1.created_at,r1_1.name,p1_0.role_id,p1_1.id,p1_1.created_at,p1_1.description,p1_1.name,p1_1.updated_at,r1_1.updated_at from user_roles r1_0 join roles r1_1 on r1_1.id=r1_0.role_id left join role_permissions p1_0 on r1_1.id=p1_0.role_id left join permissions p1_1 on p1_1.id=p1_0.permission_id where r1_0.user_id=?
2025-03-17 20:14:49 [http-nio-8081-exec-2] DEBUG org.hibernate.SQL - select r1_0.user_id,r1_1.id,r1_1.created_at,r1_1.name,p1_0.role_id,p1_1.id,p1_1.created_at,p1_1.description,p1_1.name,p1_1.updated_at,r1_1.updated_at from user_roles r1_0 join roles r1_1 on r1_1.id=r1_0.role_id left join role_permissions p1_0 on r1_1.id=p1_0.role_id left join permissions p1_1 on p1_1.id=p1_0.permission_id where r1_0.user_id=?
2025-03-17 20:14:49 [http-nio-8081-exec-2] DEBUG o.s.orm.jpa.JpaTransactionManager - Initiating transaction commit
2025-03-17 20:14:49 [http-nio-8081-exec-2] DEBUG o.s.orm.jpa.JpaTransactionManager - Committing JPA transaction on EntityManager [SessionImpl(162736031<open>)]
2025-03-17 20:14:49 [http-nio-8081-exec-2] DEBUG o.s.jdbc.datasource.DataSourceUtils - Resetting read-only flag of JDBC Connection [HikariProxyConnection@1750496360 wrapping org.postgresql.jdbc.PgConnection@562ee485]
2025-03-17 20:14:49 [http-nio-8081-exec-2] DEBUG o.s.orm.jpa.JpaTransactionManager - Not closing pre-bound JPA EntityManager after transaction
2025-03-17 20:14:49 [http-nio-8081-exec-2] INFO  o.g.login.services.UserService - getAllUsers: Retrieved 5 users.
2025-03-17 20:14:49 [http-nio-8081-exec-2] DEBUG o.s.w.s.m.m.a.HttpEntityMethodProcessor - Using 'application/json', given [*/*] and supported [application/json, application/*+json]
2025-03-17 20:14:49 [http-nio-8081-exec-2] DEBUG o.s.w.s.m.m.a.HttpEntityMethodProcessor - Writing [[org.guidewire.login.dto.responses.UserResponse@74e4dc94, org.guidewire.login.dto.responses.UserResp (truncated)...]
2025-03-17 20:14:49 [http-nio-8081-exec-2] DEBUG o.s.o.j.s.OpenEntityManagerInViewInterceptor - Closing JPA EntityManager in OpenEntityManagerInViewInterceptor
2025-03-17 20:14:49 [http-nio-8081-exec-2] DEBUG o.s.web.servlet.DispatcherServlet - Completed 200 OK
2025-03-17 20:14:49 [http-nio-8081-exec-3] DEBUG o.s.security.web.FilterChainProxy - Securing GET /api/auth/user/details
2025-03-17 20:14:49 [http-nio-8081-exec-3] DEBUG o.g.l.s.JwtAuthenticationFilter - doFilterInternal: No valid Authorization header found, skipping JWT processing.
2025-03-17 20:14:49 [http-nio-8081-exec-3] DEBUG o.s.s.w.a.AnonymousAuthenticationFilter - Set SecurityContextHolder to anonymous SecurityContext
2025-03-17 20:14:49 [http-nio-8081-exec-3] DEBUG o.s.security.web.FilterChainProxy - Secured GET /api/auth/user/details
2025-03-17 20:14:49 [http-nio-8081-exec-3] DEBUG o.s.web.servlet.DispatcherServlet - GET "/api/auth/user/details", parameters={}
2025-03-17 20:14:49 [http-nio-8081-exec-3] DEBUG o.s.w.s.m.m.a.RequestMappingHandlerMapping - Mapped to org.guidewire.login.controller.AuthController#fetchUserDetails(List)
2025-03-17 20:14:49 [http-nio-8081-exec-3] DEBUG o.s.o.j.s.OpenEntityManagerInViewInterceptor - Opening JPA EntityManager in OpenEntityManagerInViewInterceptor
2025-03-17 20:14:49 [http-nio-8081-exec-3] DEBUG o.s.w.s.m.m.a.RequestResponseBodyMethodProcessor - Read "application/json;charset=UTF-8" to [[3d480867-d12b-4c5f-a725-da17dd7e5590]]
2025-03-17 20:14:49 [http-nio-8081-exec-3] INFO  o.g.login.controller.AuthController - fetchUserDetails: Fetching details for users with IDs: [3d480867-d12b-4c5f-a725-da17dd7e5590]
2025-03-17 20:14:49 [http-nio-8081-exec-3] DEBUG o.s.orm.jpa.JpaTransactionManager - Found thread-bound EntityManager [SessionImpl(1840998611<open>)] for JPA transaction
2025-03-17 20:14:49 [http-nio-8081-exec-3] DEBUG o.s.orm.jpa.JpaTransactionManager - Creating new transaction with name [org.springframework.data.jpa.repository.support.SimpleJpaRepository.findAllById]: PROPAGATION_REQUIRED,ISOLATION_DEFAULT,readOnly
2025-03-17 20:14:49 [http-nio-8081-exec-3] DEBUG o.s.jdbc.datasource.DataSourceUtils - Setting JDBC Connection [HikariProxyConnection@1344750198 wrapping org.postgresql.jdbc.PgConnection@562ee485] read-only
2025-03-17 20:14:49 [http-nio-8081-exec-3] DEBUG o.s.orm.jpa.JpaTransactionManager - Exposing JPA transaction as JDBC [org.springframework.orm.jpa.vendor.HibernateJpaDialect$HibernateConnectionHandle@36a0f0c3]
2025-03-17 20:14:49 [http-nio-8081-exec-3] DEBUG org.hibernate.SQL - select u1_0.id,u1_0.created_at,u1_0.email,u1_0.password,u1_0.updated_at,u1_0.username from users u1_0 where u1_0.id in (?)
2025-03-17 20:14:49 [http-nio-8081-exec-3] DEBUG org.hibernate.SQL - select r1_0.user_id,r1_1.id,r1_1.created_at,r1_1.name,p1_0.role_id,p1_1.id,p1_1.created_at,p1_1.description,p1_1.name,p1_1.updated_at,r1_1.updated_at from user_roles r1_0 join roles r1_1 on r1_1.id=r1_0.role_id left join role_permissions p1_0 on r1_1.id=p1_0.role_id left join permissions p1_1 on p1_1.id=p1_0.permission_id where r1_0.user_id=?
2025-03-17 20:14:49 [http-nio-8081-exec-3] DEBUG o.s.orm.jpa.JpaTransactionManager - Initiating transaction commit
2025-03-17 20:14:49 [http-nio-8081-exec-3] DEBUG o.s.orm.jpa.JpaTransactionManager - Committing JPA transaction on EntityManager [SessionImpl(1840998611<open>)]
2025-03-17 20:14:49 [http-nio-8081-exec-3] DEBUG o.s.jdbc.datasource.DataSourceUtils - Resetting read-only flag of JDBC Connection [HikariProxyConnection@1344750198 wrapping org.postgresql.jdbc.PgConnection@562ee485]
2025-03-17 20:14:49 [http-nio-8081-exec-3] DEBUG o.s.orm.jpa.JpaTransactionManager - Not closing pre-bound JPA EntityManager after transaction
2025-03-17 20:14:49 [http-nio-8081-exec-3] INFO  o.g.login.controller.AuthController - fetchUserDetails: Returning user details for users: [org.guidewire.login.dto.responses.UserResponse@54b3471f]
2025-03-17 20:14:49 [http-nio-8081-exec-3] DEBUG o.s.w.s.m.m.a.HttpEntityMethodProcessor - Using 'application/json', given [*/*] and supported [application/json, application/*+json]
2025-03-17 20:14:49 [http-nio-8081-exec-3] DEBUG o.s.w.s.m.m.a.HttpEntityMethodProcessor - Writing [[org.guidewire.login.dto.responses.UserResponse@54b3471f]]
2025-03-17 20:14:49 [http-nio-8081-exec-3] DEBUG o.s.o.j.s.OpenEntityManagerInViewInterceptor - Closing JPA EntityManager in OpenEntityManagerInViewInterceptor
2025-03-17 20:14:49 [http-nio-8081-exec-3] DEBUG o.s.web.servlet.DispatcherServlet - Completed 200 OK
2025-03-17 22:06:15 [HikariPool-1 housekeeper] WARN  com.zaxxer.hikari.pool.HikariPool - HikariPool-1 - Thread starvation or clock leap detected (housekeeper delta=51s228ms).
2025-03-17 22:26:09 [HikariPool-1 housekeeper] WARN  com.zaxxer.hikari.pool.HikariPool - HikariPool-1 - Thread starvation or clock leap detected (housekeeper delta=19m54s536ms).
2025-03-17 23:47:59 [HikariPool-1 housekeeper] WARN  com.zaxxer.hikari.pool.HikariPool - HikariPool-1 - Thread starvation or clock leap detected (housekeeper delta=1h21m19s683ms).
