2025-05-31 04:24:23 [http-nio-8081-exec-7] DEBUG o.s.security.web.FilterChainProxy - Securing GET /api/auth/user/details
2025-05-31 04:24:23 [http-nio-8081-exec-7] DEBUG o.g.l.s.JwtAuthenticationFilter - doFilterInternal: No valid Authorization header found, skipping JWT processing.
2025-05-31 04:24:23 [http-nio-8081-exec-7] DEBUG o.s.s.w.a.AnonymousAuthenticationFilter - Set SecurityContextHolder to anonymous SecurityContext
2025-05-31 04:24:23 [http-nio-8081-exec-7] DEBUG o.s.security.web.FilterChainProxy - Secured GET /api/auth/user/details
2025-05-31 04:24:23 [http-nio-8081-exec-7] DEBUG o.s.web.servlet.DispatcherServlet - GET "/api/auth/user/details", parameters={}
2025-05-31 04:24:23 [http-nio-8081-exec-7] DEBUG o.s.w.s.m.m.a.RequestMappingHandlerMapping - Mapped to org.guidewire.login.controller.AuthController#fetchUserDetails(List)
2025-05-31 04:24:23 [http-nio-8081-exec-7] DEBUG o.s.o.j.s.OpenEntityManagerInViewInterceptor - Opening JPA EntityManager in OpenEntityManagerInViewInterceptor
2025-05-31 04:24:23 [http-nio-8081-exec-7] DEBUG o.s.w.s.m.m.a.RequestResponseBodyMethodProcessor - Read "application/json;charset=UTF-8" to [[3d480867-d12b-4c5f-a725-da17dd7e5590]]
2025-05-31 04:24:23 [http-nio-8081-exec-7] INFO  o.g.login.controller.AuthController - fetchUserDetails: Fetching details for users with IDs: [3d480867-d12b-4c5f-a725-da17dd7e5590]
2025-05-31 04:24:23 [http-nio-8081-exec-7] DEBUG o.s.orm.jpa.JpaTransactionManager - Found thread-bound EntityManager [SessionImpl(1960235549<open>)] for JPA transaction
2025-05-31 04:24:23 [http-nio-8081-exec-7] DEBUG o.s.orm.jpa.JpaTransactionManager - Creating new transaction with name [org.springframework.data.jpa.repository.support.SimpleJpaRepository.findAllById]: PROPAGATION_REQUIRED,ISOLATION_DEFAULT,readOnly
2025-05-31 04:24:23 [http-nio-8081-exec-7] DEBUG o.s.jdbc.datasource.DataSourceUtils - Setting JDBC Connection [HikariProxyConnection@402078285 wrapping org.postgresql.jdbc.PgConnection@514f75a5] read-only
2025-05-31 04:24:23 [http-nio-8081-exec-7] DEBUG o.s.orm.jpa.JpaTransactionManager - Exposing JPA transaction as JDBC [org.springframework.orm.jpa.vendor.HibernateJpaDialect$HibernateConnectionHandle@2347c957]
2025-05-31 04:24:23 [http-nio-8081-exec-7] DEBUG org.hibernate.SQL - select u1_0.id,u1_0.created_at,u1_0.email,u1_0.password,u1_0.phone_number,u1_0.updated_at,u1_0.username from users u1_0 where u1_0.id in (?)
2025-05-31 04:24:23 [http-nio-8081-exec-7] DEBUG org.hibernate.SQL - select r1_0.user_id,r1_1.id,r1_1.created_at,r1_1.name,p1_0.role_id,p1_1.id,p1_1.created_at,p1_1.description,p1_1.name,p1_1.updated_at,r1_1.updated_at from user_roles r1_0 join roles r1_1 on r1_1.id=r1_0.role_id left join role_permissions p1_0 on r1_1.id=p1_0.role_id left join permissions p1_1 on p1_1.id=p1_0.permission_id where r1_0.user_id=?
2025-05-31 04:24:23 [http-nio-8081-exec-7] DEBUG o.s.orm.jpa.JpaTransactionManager - Initiating transaction commit
2025-05-31 04:24:23 [http-nio-8081-exec-7] DEBUG o.s.orm.jpa.JpaTransactionManager - Committing JPA transaction on EntityManager [SessionImpl(1960235549<open>)]
2025-05-31 04:24:23 [http-nio-8081-exec-7] DEBUG o.s.jdbc.datasource.DataSourceUtils - Resetting read-only flag of JDBC Connection [HikariProxyConnection@402078285 wrapping org.postgresql.jdbc.PgConnection@514f75a5]
2025-05-31 04:24:23 [http-nio-8081-exec-7] DEBUG o.s.orm.jpa.JpaTransactionManager - Not closing pre-bound JPA EntityManager after transaction
2025-05-31 04:24:23 [http-nio-8081-exec-7] INFO  o.g.login.controller.AuthController - fetchUserDetails: Returning user details for users: [org.guidewire.login.dto.responses.UserResponse@9ba752a]
2025-05-31 04:24:23 [http-nio-8081-exec-7] DEBUG o.s.w.s.m.m.a.HttpEntityMethodProcessor - Using 'application/json', given [*/*] and supported [application/json, application/*+json]
2025-05-31 04:24:23 [http-nio-8081-exec-7] DEBUG o.s.w.s.m.m.a.HttpEntityMethodProcessor - Writing [[org.guidewire.login.dto.responses.UserResponse@9ba752a]]
2025-05-31 04:24:23 [http-nio-8081-exec-7] DEBUG o.s.o.j.s.OpenEntityManagerInViewInterceptor - Closing JPA EntityManager in OpenEntityManagerInViewInterceptor
2025-05-31 04:24:23 [http-nio-8081-exec-7] DEBUG o.s.web.servlet.DispatcherServlet - Completed 200 OK
2025-05-31 04:25:19 [http-nio-8081-exec-8] DEBUG o.s.security.web.FilterChainProxy - Securing GET /api/auth/user/details
2025-05-31 04:25:19 [http-nio-8081-exec-8] DEBUG o.g.l.s.JwtAuthenticationFilter - doFilterInternal: No valid Authorization header found, skipping JWT processing.
2025-05-31 04:25:19 [http-nio-8081-exec-8] DEBUG o.s.s.w.a.AnonymousAuthenticationFilter - Set SecurityContextHolder to anonymous SecurityContext
2025-05-31 04:25:19 [http-nio-8081-exec-8] DEBUG o.s.security.web.FilterChainProxy - Secured GET /api/auth/user/details
2025-05-31 04:25:19 [http-nio-8081-exec-8] DEBUG o.s.web.servlet.DispatcherServlet - GET "/api/auth/user/details", parameters={}
2025-05-31 04:25:19 [http-nio-8081-exec-8] DEBUG o.s.w.s.m.m.a.RequestMappingHandlerMapping - Mapped to org.guidewire.login.controller.AuthController#fetchUserDetails(List)
2025-05-31 04:25:19 [http-nio-8081-exec-8] DEBUG o.s.o.j.s.OpenEntityManagerInViewInterceptor - Opening JPA EntityManager in OpenEntityManagerInViewInterceptor
2025-05-31 04:25:19 [http-nio-8081-exec-8] DEBUG o.s.w.s.m.m.a.RequestResponseBodyMethodProcessor - Read "application/json;charset=UTF-8" to [[3d480867-d12b-4c5f-a725-da17dd7e5590, 3d480867-d12b-4c5f-a725-da17dd7e5590]]
2025-05-31 04:25:19 [http-nio-8081-exec-8] INFO  o.g.login.controller.AuthController - fetchUserDetails: Fetching details for users with IDs: [3d480867-d12b-4c5f-a725-da17dd7e5590, 3d480867-d12b-4c5f-a725-da17dd7e5590]
2025-05-31 04:25:19 [http-nio-8081-exec-8] DEBUG o.s.orm.jpa.JpaTransactionManager - Found thread-bound EntityManager [SessionImpl(1347652074<open>)] for JPA transaction
2025-05-31 04:25:19 [http-nio-8081-exec-8] DEBUG o.s.orm.jpa.JpaTransactionManager - Creating new transaction with name [org.springframework.data.jpa.repository.support.SimpleJpaRepository.findAllById]: PROPAGATION_REQUIRED,ISOLATION_DEFAULT,readOnly
2025-05-31 04:25:19 [http-nio-8081-exec-8] DEBUG o.s.jdbc.datasource.DataSourceUtils - Setting JDBC Connection [HikariProxyConnection@1712622966 wrapping org.postgresql.jdbc.PgConnection@514f75a5] read-only
2025-05-31 04:25:19 [http-nio-8081-exec-8] DEBUG o.s.orm.jpa.JpaTransactionManager - Exposing JPA transaction as JDBC [org.springframework.orm.jpa.vendor.HibernateJpaDialect$HibernateConnectionHandle@327f1df1]
2025-05-31 04:25:19 [http-nio-8081-exec-8] DEBUG org.hibernate.SQL - select u1_0.id,u1_0.created_at,u1_0.email,u1_0.password,u1_0.phone_number,u1_0.updated_at,u1_0.username from users u1_0 where u1_0.id in (?,?)
2025-05-31 04:25:19 [http-nio-8081-exec-8] DEBUG org.hibernate.SQL - select r1_0.user_id,r1_1.id,r1_1.created_at,r1_1.name,p1_0.role_id,p1_1.id,p1_1.created_at,p1_1.description,p1_1.name,p1_1.updated_at,r1_1.updated_at from user_roles r1_0 join roles r1_1 on r1_1.id=r1_0.role_id left join role_permissions p1_0 on r1_1.id=p1_0.role_id left join permissions p1_1 on p1_1.id=p1_0.permission_id where r1_0.user_id=?
2025-05-31 04:25:19 [http-nio-8081-exec-8] DEBUG o.s.orm.jpa.JpaTransactionManager - Initiating transaction commit
2025-05-31 04:25:19 [http-nio-8081-exec-8] DEBUG o.s.orm.jpa.JpaTransactionManager - Committing JPA transaction on EntityManager [SessionImpl(1347652074<open>)]
2025-05-31 04:25:19 [http-nio-8081-exec-8] DEBUG o.s.jdbc.datasource.DataSourceUtils - Resetting read-only flag of JDBC Connection [HikariProxyConnection@1712622966 wrapping org.postgresql.jdbc.PgConnection@514f75a5]
2025-05-31 04:25:19 [http-nio-8081-exec-8] DEBUG o.s.orm.jpa.JpaTransactionManager - Not closing pre-bound JPA EntityManager after transaction
2025-05-31 04:25:19 [http-nio-8081-exec-8] INFO  o.g.login.controller.AuthController - fetchUserDetails: Returning user details for users: [org.guidewire.login.dto.responses.UserResponse@3eb22e9f]
2025-05-31 04:25:19 [http-nio-8081-exec-8] DEBUG o.s.w.s.m.m.a.HttpEntityMethodProcessor - Using 'application/json', given [*/*] and supported [application/json, application/*+json]
2025-05-31 04:25:19 [http-nio-8081-exec-8] DEBUG o.s.w.s.m.m.a.HttpEntityMethodProcessor - Writing [[org.guidewire.login.dto.responses.UserResponse@3eb22e9f]]
2025-05-31 04:25:19 [http-nio-8081-exec-8] DEBUG o.s.o.j.s.OpenEntityManagerInViewInterceptor - Closing JPA EntityManager in OpenEntityManagerInViewInterceptor
2025-05-31 04:25:19 [http-nio-8081-exec-8] DEBUG o.s.web.servlet.DispatcherServlet - Completed 200 OK
2025-05-31 04:25:35 [http-nio-8081-exec-9] DEBUG o.s.security.web.FilterChainProxy - Securing GET /api/auth/users/list
2025-05-31 04:25:35 [http-nio-8081-exec-9] INFO  o.g.l.s.JwtAuthenticationFilter - doFilterInternal: Extracted username 'admin' with roles [ADMIN] and permissions [DELETE_TASK, EDIT_USER, CREATE_TASK, CREATE_USER, VIEW_DASHBOARD, ADD_WATCHER, DELETE_USER, CLOSE_TASK, VIEW_TASK, VIEW_ROLE, COMMENT_TASK, ASSIGN_TASK, EDIT_ROLE, ADD_SUBTASK, REMOVE_SUBTASK, DELETE_ROLE, REMOVE_WATCHER, CREATE_ROLE, REOPEN_TASK, ASSIGN_ROLE, EDIT_TASK, VIEW_USER]
2025-05-31 04:25:35 [http-nio-8081-exec-9] INFO  o.g.l.s.CustomUserDetailsService - loadUserByUsername: Searching for user: admin
2025-05-31 04:25:35 [http-nio-8081-exec-9] DEBUG o.s.o.j.SharedEntityManagerCreator$SharedEntityManagerInvocationHandler - Creating new EntityManager for shared EntityManager invocation
2025-05-31 04:25:35 [http-nio-8081-exec-9] DEBUG org.hibernate.SQL - select u1_0.id,u1_0.created_at,u1_0.email,u1_0.password,u1_0.phone_number,u1_0.updated_at,u1_0.username from users u1_0 where u1_0.username=?
2025-05-31 04:25:35 [http-nio-8081-exec-9] DEBUG org.hibernate.SQL - select r1_0.user_id,r1_1.id,r1_1.created_at,r1_1.name,p1_0.role_id,p1_1.id,p1_1.created_at,p1_1.description,p1_1.name,p1_1.updated_at,r1_1.updated_at from user_roles r1_0 join roles r1_1 on r1_1.id=r1_0.role_id left join role_permissions p1_0 on r1_1.id=p1_0.role_id left join permissions p1_1 on p1_1.id=p1_0.permission_id where r1_0.user_id=?
2025-05-31 04:25:35 [http-nio-8081-exec-9] INFO  o.g.l.s.CustomUserDetailsService - loadUserByUsername: User admin found with roles: [org.guidewire.login.model.Role@18d24fbe]
2025-05-31 04:25:35 [http-nio-8081-exec-9] INFO  o.g.login.security.CustomUserDetails - Initializing CustomUserDetails for user: admin
2025-05-31 04:25:35 [http-nio-8081-exec-9] DEBUG o.g.login.security.CustomUserDetails - User admin has roles: [ADMIN]
2025-05-31 04:25:35 [http-nio-8081-exec-9] DEBUG o.g.login.security.CustomUserDetails - User admin has permissions: [DELETE_TASK, EDIT_USER, CREATE_TASK, CREATE_USER, ADD_WATCHER, VIEW_DASHBOARD, DELETE_USER, VIEW_TASK, CLOSE_TASK, VIEW_ROLE, COMMENT_TASK, ASSIGN_TASK, EDIT_ROLE, ADD_SUBTASK, REMOVE_SUBTASK, DELETE_ROLE, REMOVE_WATCHER, CREATE_ROLE, REOPEN_TASK, ASSIGN_ROLE, EDIT_TASK, VIEW_USER]
2025-05-31 04:25:35 [http-nio-8081-exec-9] INFO  o.g.login.security.CustomUserDetails - CustomUserDetails initialized successfully for user: admin
2025-05-31 04:25:35 [http-nio-8081-exec-9] INFO  o.guidewire.login.security.JwtUtil - validateToken:JWT validated successfully for user: admin
2025-05-31 04:25:35 [http-nio-8081-exec-9] INFO  o.g.l.s.JwtAuthenticationFilter - doFilterInternal: Authentication successful for user 'admin'. Authorities: [ROLE_ADMIN, DELETE_TASK, EDIT_USER, CREATE_TASK, CREATE_USER, VIEW_DASHBOARD, ADD_WATCHER, DELETE_USER, CLOSE_TASK, VIEW_TASK, VIEW_ROLE, COMMENT_TASK, ASSIGN_TASK, EDIT_ROLE, ADD_SUBTASK, REMOVE_SUBTASK, DELETE_ROLE, REMOVE_WATCHER, CREATE_ROLE, REOPEN_TASK, ASSIGN_ROLE, EDIT_TASK, VIEW_USER]
2025-05-31 04:25:35 [http-nio-8081-exec-9] DEBUG o.s.security.web.FilterChainProxy - Secured GET /api/auth/users/list
2025-05-31 04:25:35 [http-nio-8081-exec-9] DEBUG o.s.web.servlet.DispatcherServlet - GET "/api/auth/users/list", parameters={}
2025-05-31 04:25:35 [http-nio-8081-exec-9] DEBUG o.s.w.s.m.m.a.RequestMappingHandlerMapping - Mapped to org.guidewire.login.controller.UserController#getAllUsers()
2025-05-31 04:25:35 [http-nio-8081-exec-9] DEBUG o.s.o.j.s.OpenEntityManagerInViewInterceptor - Opening JPA EntityManager in OpenEntityManagerInViewInterceptor
2025-05-31 04:25:35 [http-nio-8081-exec-9] INFO  o.g.login.services.UserService - getAllUsers: Fetching all users from the database.
2025-05-31 04:25:35 [http-nio-8081-exec-9] DEBUG o.s.orm.jpa.JpaTransactionManager - Found thread-bound EntityManager [SessionImpl(1675625929<open>)] for JPA transaction
2025-05-31 04:25:35 [http-nio-8081-exec-9] DEBUG o.s.orm.jpa.JpaTransactionManager - Creating new transaction with name [org.springframework.data.jpa.repository.support.SimpleJpaRepository.findAll]: PROPAGATION_REQUIRED,ISOLATION_DEFAULT,readOnly
2025-05-31 04:25:35 [http-nio-8081-exec-9] DEBUG o.s.jdbc.datasource.DataSourceUtils - Setting JDBC Connection [HikariProxyConnection@131221563 wrapping org.postgresql.jdbc.PgConnection@514f75a5] read-only
2025-05-31 04:25:35 [http-nio-8081-exec-9] DEBUG o.s.orm.jpa.JpaTransactionManager - Exposing JPA transaction as JDBC [org.springframework.orm.jpa.vendor.HibernateJpaDialect$HibernateConnectionHandle@3e382141]
2025-05-31 04:25:35 [http-nio-8081-exec-9] DEBUG org.hibernate.SQL - select u1_0.id,u1_0.created_at,u1_0.email,u1_0.password,u1_0.phone_number,u1_0.updated_at,u1_0.username from users u1_0
2025-05-31 04:25:35 [http-nio-8081-exec-9] DEBUG org.hibernate.SQL - select r1_0.user_id,r1_1.id,r1_1.created_at,r1_1.name,p1_0.role_id,p1_1.id,p1_1.created_at,p1_1.description,p1_1.name,p1_1.updated_at,r1_1.updated_at from user_roles r1_0 join roles r1_1 on r1_1.id=r1_0.role_id left join role_permissions p1_0 on r1_1.id=p1_0.role_id left join permissions p1_1 on p1_1.id=p1_0.permission_id where r1_0.user_id=?
2025-05-31 04:25:35 [http-nio-8081-exec-9] DEBUG org.hibernate.SQL - select r1_0.user_id,r1_1.id,r1_1.created_at,r1_1.name,p1_0.role_id,p1_1.id,p1_1.created_at,p1_1.description,p1_1.name,p1_1.updated_at,r1_1.updated_at from user_roles r1_0 join roles r1_1 on r1_1.id=r1_0.role_id left join role_permissions p1_0 on r1_1.id=p1_0.role_id left join permissions p1_1 on p1_1.id=p1_0.permission_id where r1_0.user_id=?
2025-05-31 04:25:35 [http-nio-8081-exec-9] DEBUG org.hibernate.SQL - select r1_0.user_id,r1_1.id,r1_1.created_at,r1_1.name,p1_0.role_id,p1_1.id,p1_1.created_at,p1_1.description,p1_1.name,p1_1.updated_at,r1_1.updated_at from user_roles r1_0 join roles r1_1 on r1_1.id=r1_0.role_id left join role_permissions p1_0 on r1_1.id=p1_0.role_id left join permissions p1_1 on p1_1.id=p1_0.permission_id where r1_0.user_id=?
2025-05-31 04:25:35 [http-nio-8081-exec-9] DEBUG org.hibernate.SQL - select r1_0.user_id,r1_1.id,r1_1.created_at,r1_1.name,p1_0.role_id,p1_1.id,p1_1.created_at,p1_1.description,p1_1.name,p1_1.updated_at,r1_1.updated_at from user_roles r1_0 join roles r1_1 on r1_1.id=r1_0.role_id left join role_permissions p1_0 on r1_1.id=p1_0.role_id left join permissions p1_1 on p1_1.id=p1_0.permission_id where r1_0.user_id=?
2025-05-31 04:25:35 [http-nio-8081-exec-9] DEBUG org.hibernate.SQL - select r1_0.user_id,r1_1.id,r1_1.created_at,r1_1.name,p1_0.role_id,p1_1.id,p1_1.created_at,p1_1.description,p1_1.name,p1_1.updated_at,r1_1.updated_at from user_roles r1_0 join roles r1_1 on r1_1.id=r1_0.role_id left join role_permissions p1_0 on r1_1.id=p1_0.role_id left join permissions p1_1 on p1_1.id=p1_0.permission_id where r1_0.user_id=?
2025-05-31 04:25:35 [http-nio-8081-exec-9] DEBUG org.hibernate.SQL - select r1_0.user_id,r1_1.id,r1_1.created_at,r1_1.name,p1_0.role_id,p1_1.id,p1_1.created_at,p1_1.description,p1_1.name,p1_1.updated_at,r1_1.updated_at from user_roles r1_0 join roles r1_1 on r1_1.id=r1_0.role_id left join role_permissions p1_0 on r1_1.id=p1_0.role_id left join permissions p1_1 on p1_1.id=p1_0.permission_id where r1_0.user_id=?
2025-05-31 04:25:35 [http-nio-8081-exec-9] DEBUG o.s.orm.jpa.JpaTransactionManager - Initiating transaction commit
2025-05-31 04:25:35 [http-nio-8081-exec-9] DEBUG o.s.orm.jpa.JpaTransactionManager - Committing JPA transaction on EntityManager [SessionImpl(1675625929<open>)]
2025-05-31 04:25:35 [http-nio-8081-exec-9] DEBUG o.s.jdbc.datasource.DataSourceUtils - Resetting read-only flag of JDBC Connection [HikariProxyConnection@131221563 wrapping org.postgresql.jdbc.PgConnection@514f75a5]
2025-05-31 04:25:35 [http-nio-8081-exec-9] DEBUG o.s.orm.jpa.JpaTransactionManager - Not closing pre-bound JPA EntityManager after transaction
2025-05-31 04:25:35 [http-nio-8081-exec-9] INFO  o.g.login.services.UserService - getAllUsers: Retrieved 6 users.
2025-05-31 04:25:35 [http-nio-8081-exec-9] DEBUG o.s.w.s.m.m.a.HttpEntityMethodProcessor - Using 'application/json', given [*/*] and supported [application/json, application/*+json]
2025-05-31 04:25:35 [http-nio-8081-exec-9] DEBUG o.s.w.s.m.m.a.HttpEntityMethodProcessor - Writing [[org.guidewire.login.dto.responses.UserResponse@5a2debc0, org.guidewire.login.dto.responses.UserResp (truncated)...]
2025-05-31 04:25:35 [http-nio-8081-exec-9] DEBUG o.s.o.j.s.OpenEntityManagerInViewInterceptor - Closing JPA EntityManager in OpenEntityManagerInViewInterceptor
2025-05-31 04:25:35 [http-nio-8081-exec-9] DEBUG o.s.web.servlet.DispatcherServlet - Completed 200 OK
2025-05-31 04:25:36 [http-nio-8081-exec-10] DEBUG o.s.security.web.FilterChainProxy - Securing GET /api/auth/user/details
2025-05-31 04:25:36 [http-nio-8081-exec-10] INFO  o.g.l.s.JwtAuthenticationFilter - doFilterInternal: Extracted username 'admin' with roles [ADMIN] and permissions [DELETE_TASK, EDIT_USER, CREATE_TASK, CREATE_USER, VIEW_DASHBOARD, ADD_WATCHER, DELETE_USER, CLOSE_TASK, VIEW_TASK, VIEW_ROLE, COMMENT_TASK, ASSIGN_TASK, EDIT_ROLE, ADD_SUBTASK, REMOVE_SUBTASK, DELETE_ROLE, REMOVE_WATCHER, CREATE_ROLE, REOPEN_TASK, ASSIGN_ROLE, EDIT_TASK, VIEW_USER]
2025-05-31 04:25:36 [http-nio-8081-exec-10] INFO  o.g.l.s.CustomUserDetailsService - loadUserByUsername: Searching for user: admin
2025-05-31 04:25:36 [http-nio-8081-exec-10] DEBUG o.s.o.j.SharedEntityManagerCreator$SharedEntityManagerInvocationHandler - Creating new EntityManager for shared EntityManager invocation
2025-05-31 04:25:36 [http-nio-8081-exec-10] DEBUG org.hibernate.SQL - select u1_0.id,u1_0.created_at,u1_0.email,u1_0.password,u1_0.phone_number,u1_0.updated_at,u1_0.username from users u1_0 where u1_0.username=?
2025-05-31 04:25:36 [http-nio-8081-exec-10] DEBUG org.hibernate.SQL - select r1_0.user_id,r1_1.id,r1_1.created_at,r1_1.name,p1_0.role_id,p1_1.id,p1_1.created_at,p1_1.description,p1_1.name,p1_1.updated_at,r1_1.updated_at from user_roles r1_0 join roles r1_1 on r1_1.id=r1_0.role_id left join role_permissions p1_0 on r1_1.id=p1_0.role_id left join permissions p1_1 on p1_1.id=p1_0.permission_id where r1_0.user_id=?
2025-05-31 04:25:36 [http-nio-8081-exec-10] INFO  o.g.l.s.CustomUserDetailsService - loadUserByUsername: User admin found with roles: [org.guidewire.login.model.Role@59d2f6b8]
2025-05-31 04:25:36 [http-nio-8081-exec-10] INFO  o.g.login.security.CustomUserDetails - Initializing CustomUserDetails for user: admin
2025-05-31 04:25:36 [http-nio-8081-exec-10] DEBUG o.g.login.security.CustomUserDetails - User admin has roles: [ADMIN]
2025-05-31 04:25:36 [http-nio-8081-exec-10] DEBUG o.g.login.security.CustomUserDetails - User admin has permissions: [DELETE_TASK, EDIT_USER, CREATE_TASK, CREATE_USER, ADD_WATCHER, VIEW_DASHBOARD, DELETE_USER, VIEW_TASK, CLOSE_TASK, VIEW_ROLE, COMMENT_TASK, ASSIGN_TASK, EDIT_ROLE, ADD_SUBTASK, REMOVE_SUBTASK, REMOVE_WATCHER, DELETE_ROLE, CREATE_ROLE, REOPEN_TASK, ASSIGN_ROLE, EDIT_TASK, VIEW_USER]
2025-05-31 04:25:36 [http-nio-8081-exec-10] INFO  o.g.login.security.CustomUserDetails - CustomUserDetails initialized successfully for user: admin
2025-05-31 04:25:36 [http-nio-8081-exec-10] INFO  o.guidewire.login.security.JwtUtil - validateToken:JWT validated successfully for user: admin
2025-05-31 04:25:36 [http-nio-8081-exec-10] INFO  o.g.l.s.JwtAuthenticationFilter - doFilterInternal: Authentication successful for user 'admin'. Authorities: [ROLE_ADMIN, DELETE_TASK, EDIT_USER, CREATE_TASK, CREATE_USER, VIEW_DASHBOARD, ADD_WATCHER, DELETE_USER, CLOSE_TASK, VIEW_TASK, VIEW_ROLE, COMMENT_TASK, ASSIGN_TASK, EDIT_ROLE, ADD_SUBTASK, REMOVE_SUBTASK, DELETE_ROLE, REMOVE_WATCHER, CREATE_ROLE, REOPEN_TASK, ASSIGN_ROLE, EDIT_TASK, VIEW_USER]
2025-05-31 04:25:36 [http-nio-8081-exec-10] DEBUG o.s.security.web.FilterChainProxy - Secured GET /api/auth/user/details
2025-05-31 04:25:36 [http-nio-8081-exec-10] DEBUG o.s.web.servlet.DispatcherServlet - GET "/api/auth/user/details", parameters={}
2025-05-31 04:25:36 [http-nio-8081-exec-10] DEBUG o.s.w.s.m.m.a.RequestMappingHandlerMapping - Mapped to org.guidewire.login.controller.AuthController#fetchUserDetails(List)
2025-05-31 04:25:36 [http-nio-8081-exec-10] DEBUG o.s.o.j.s.OpenEntityManagerInViewInterceptor - Opening JPA EntityManager in OpenEntityManagerInViewInterceptor
2025-05-31 04:25:36 [http-nio-8081-exec-10] DEBUG o.s.w.s.m.m.a.RequestResponseBodyMethodProcessor - Read "application/json;charset=UTF-8" to [[3d480867-d12b-4c5f-a725-da17dd7e5590]]
2025-05-31 04:25:36 [http-nio-8081-exec-10] INFO  o.g.login.controller.AuthController - fetchUserDetails: Fetching details for users with IDs: [3d480867-d12b-4c5f-a725-da17dd7e5590]
2025-05-31 04:25:36 [http-nio-8081-exec-10] DEBUG o.s.orm.jpa.JpaTransactionManager - Found thread-bound EntityManager [SessionImpl(407096305<open>)] for JPA transaction
2025-05-31 04:25:36 [http-nio-8081-exec-10] DEBUG o.s.orm.jpa.JpaTransactionManager - Creating new transaction with name [org.springframework.data.jpa.repository.support.SimpleJpaRepository.findAllById]: PROPAGATION_REQUIRED,ISOLATION_DEFAULT,readOnly
2025-05-31 04:25:36 [http-nio-8081-exec-10] DEBUG o.s.jdbc.datasource.DataSourceUtils - Setting JDBC Connection [HikariProxyConnection@284852488 wrapping org.postgresql.jdbc.PgConnection@514f75a5] read-only
2025-05-31 04:25:36 [http-nio-8081-exec-10] DEBUG o.s.orm.jpa.JpaTransactionManager - Exposing JPA transaction as JDBC [org.springframework.orm.jpa.vendor.HibernateJpaDialect$HibernateConnectionHandle@7aaaed8d]
2025-05-31 04:25:36 [http-nio-8081-exec-10] DEBUG org.hibernate.SQL - select u1_0.id,u1_0.created_at,u1_0.email,u1_0.password,u1_0.phone_number,u1_0.updated_at,u1_0.username from users u1_0 where u1_0.id in (?)
2025-05-31 04:25:36 [http-nio-8081-exec-10] DEBUG org.hibernate.SQL - select r1_0.user_id,r1_1.id,r1_1.created_at,r1_1.name,p1_0.role_id,p1_1.id,p1_1.created_at,p1_1.description,p1_1.name,p1_1.updated_at,r1_1.updated_at from user_roles r1_0 join roles r1_1 on r1_1.id=r1_0.role_id left join role_permissions p1_0 on r1_1.id=p1_0.role_id left join permissions p1_1 on p1_1.id=p1_0.permission_id where r1_0.user_id=?
2025-05-31 04:25:36 [http-nio-8081-exec-10] DEBUG o.s.orm.jpa.JpaTransactionManager - Initiating transaction commit
2025-05-31 04:25:36 [http-nio-8081-exec-10] DEBUG o.s.orm.jpa.JpaTransactionManager - Committing JPA transaction on EntityManager [SessionImpl(407096305<open>)]
2025-05-31 04:25:36 [http-nio-8081-exec-10] DEBUG o.s.jdbc.datasource.DataSourceUtils - Resetting read-only flag of JDBC Connection [HikariProxyConnection@284852488 wrapping org.postgresql.jdbc.PgConnection@514f75a5]
2025-05-31 04:25:36 [http-nio-8081-exec-10] DEBUG o.s.orm.jpa.JpaTransactionManager - Not closing pre-bound JPA EntityManager after transaction
2025-05-31 04:25:36 [http-nio-8081-exec-10] INFO  o.g.login.controller.AuthController - fetchUserDetails: Returning user details for users: [org.guidewire.login.dto.responses.UserResponse@aa5b209]
2025-05-31 04:25:36 [http-nio-8081-exec-10] DEBUG o.s.w.s.m.m.a.HttpEntityMethodProcessor - Using 'application/json', given [*/*] and supported [application/json, application/*+json]
2025-05-31 04:25:36 [http-nio-8081-exec-10] DEBUG o.s.w.s.m.m.a.HttpEntityMethodProcessor - Writing [[org.guidewire.login.dto.responses.UserResponse@aa5b209]]
2025-05-31 04:25:36 [http-nio-8081-exec-10] DEBUG o.s.o.j.s.OpenEntityManagerInViewInterceptor - Closing JPA EntityManager in OpenEntityManagerInViewInterceptor
2025-05-31 04:25:36 [http-nio-8081-exec-10] DEBUG o.s.web.servlet.DispatcherServlet - Completed 200 OK
2025-05-31 04:25:36 [http-nio-8081-exec-2] DEBUG o.s.security.web.FilterChainProxy - Securing GET /api/auth/user/details
2025-05-31 04:25:36 [http-nio-8081-exec-2] INFO  o.g.l.s.JwtAuthenticationFilter - doFilterInternal: Extracted username 'admin' with roles [ADMIN] and permissions [DELETE_TASK, EDIT_USER, CREATE_TASK, CREATE_USER, VIEW_DASHBOARD, ADD_WATCHER, DELETE_USER, CLOSE_TASK, VIEW_TASK, VIEW_ROLE, COMMENT_TASK, ASSIGN_TASK, EDIT_ROLE, ADD_SUBTASK, REMOVE_SUBTASK, DELETE_ROLE, REMOVE_WATCHER, CREATE_ROLE, REOPEN_TASK, ASSIGN_ROLE, EDIT_TASK, VIEW_USER]
2025-05-31 04:25:36 [http-nio-8081-exec-2] INFO  o.g.l.s.CustomUserDetailsService - loadUserByUsername: Searching for user: admin
2025-05-31 04:25:36 [http-nio-8081-exec-2] DEBUG o.s.o.j.SharedEntityManagerCreator$SharedEntityManagerInvocationHandler - Creating new EntityManager for shared EntityManager invocation
2025-05-31 04:25:36 [http-nio-8081-exec-2] DEBUG org.hibernate.SQL - select u1_0.id,u1_0.created_at,u1_0.email,u1_0.password,u1_0.phone_number,u1_0.updated_at,u1_0.username from users u1_0 where u1_0.username=?
2025-05-31 04:25:36 [http-nio-8081-exec-2] DEBUG org.hibernate.SQL - select r1_0.user_id,r1_1.id,r1_1.created_at,r1_1.name,p1_0.role_id,p1_1.id,p1_1.created_at,p1_1.description,p1_1.name,p1_1.updated_at,r1_1.updated_at from user_roles r1_0 join roles r1_1 on r1_1.id=r1_0.role_id left join role_permissions p1_0 on r1_1.id=p1_0.role_id left join permissions p1_1 on p1_1.id=p1_0.permission_id where r1_0.user_id=?
2025-05-31 04:25:36 [http-nio-8081-exec-2] INFO  o.g.l.s.CustomUserDetailsService - loadUserByUsername: User admin found with roles: [org.guidewire.login.model.Role@5f7385e5]
2025-05-31 04:25:36 [http-nio-8081-exec-2] INFO  o.g.login.security.CustomUserDetails - Initializing CustomUserDetails for user: admin
2025-05-31 04:25:36 [http-nio-8081-exec-2] DEBUG o.g.login.security.CustomUserDetails - User admin has roles: [ADMIN]
2025-05-31 04:25:36 [http-nio-8081-exec-2] DEBUG o.g.login.security.CustomUserDetails - User admin has permissions: [DELETE_TASK, EDIT_USER, CREATE_TASK, CREATE_USER, DELETE_USER, VIEW_DASHBOARD, ADD_WATCHER, VIEW_ROLE, CLOSE_TASK, VIEW_TASK, ASSIGN_TASK, COMMENT_TASK, EDIT_ROLE, ADD_SUBTASK, REMOVE_SUBTASK, DELETE_ROLE, REMOVE_WATCHER, CREATE_ROLE, REOPEN_TASK, ASSIGN_ROLE, EDIT_TASK, VIEW_USER]
2025-05-31 04:25:36 [http-nio-8081-exec-2] INFO  o.g.login.security.CustomUserDetails - CustomUserDetails initialized successfully for user: admin
2025-05-31 04:25:36 [http-nio-8081-exec-2] INFO  o.guidewire.login.security.JwtUtil - validateToken:JWT validated successfully for user: admin
2025-05-31 04:25:36 [http-nio-8081-exec-2] INFO  o.g.l.s.JwtAuthenticationFilter - doFilterInternal: Authentication successful for user 'admin'. Authorities: [ROLE_ADMIN, DELETE_TASK, EDIT_USER, CREATE_TASK, CREATE_USER, VIEW_DASHBOARD, ADD_WATCHER, DELETE_USER, CLOSE_TASK, VIEW_TASK, VIEW_ROLE, COMMENT_TASK, ASSIGN_TASK, EDIT_ROLE, ADD_SUBTASK, REMOVE_SUBTASK, DELETE_ROLE, REMOVE_WATCHER, CREATE_ROLE, REOPEN_TASK, ASSIGN_ROLE, EDIT_TASK, VIEW_USER]
2025-05-31 04:25:36 [http-nio-8081-exec-2] DEBUG o.s.security.web.FilterChainProxy - Secured GET /api/auth/user/details
2025-05-31 04:25:36 [http-nio-8081-exec-2] DEBUG o.s.web.servlet.DispatcherServlet - GET "/api/auth/user/details", parameters={}
2025-05-31 04:25:36 [http-nio-8081-exec-2] DEBUG o.s.w.s.m.m.a.RequestMappingHandlerMapping - Mapped to org.guidewire.login.controller.AuthController#fetchUserDetails(List)
2025-05-31 04:25:36 [http-nio-8081-exec-2] DEBUG o.s.o.j.s.OpenEntityManagerInViewInterceptor - Opening JPA EntityManager in OpenEntityManagerInViewInterceptor
2025-05-31 04:25:36 [http-nio-8081-exec-2] DEBUG o.s.w.s.m.m.a.RequestResponseBodyMethodProcessor - Read "application/json;charset=UTF-8" to [[3d480867-d12b-4c5f-a725-da17dd7e5590]]
2025-05-31 04:25:36 [http-nio-8081-exec-2] INFO  o.g.login.controller.AuthController - fetchUserDetails: Fetching details for users with IDs: [3d480867-d12b-4c5f-a725-da17dd7e5590]
2025-05-31 04:25:36 [http-nio-8081-exec-2] DEBUG o.s.orm.jpa.JpaTransactionManager - Found thread-bound EntityManager [SessionImpl(551201139<open>)] for JPA transaction
2025-05-31 04:25:36 [http-nio-8081-exec-2] DEBUG o.s.orm.jpa.JpaTransactionManager - Creating new transaction with name [org.springframework.data.jpa.repository.support.SimpleJpaRepository.findAllById]: PROPAGATION_REQUIRED,ISOLATION_DEFAULT,readOnly
2025-05-31 04:25:36 [http-nio-8081-exec-2] DEBUG o.s.jdbc.datasource.DataSourceUtils - Setting JDBC Connection [HikariProxyConnection@1630858610 wrapping org.postgresql.jdbc.PgConnection@514f75a5] read-only
2025-05-31 04:25:36 [http-nio-8081-exec-2] DEBUG o.s.orm.jpa.JpaTransactionManager - Exposing JPA transaction as JDBC [org.springframework.orm.jpa.vendor.HibernateJpaDialect$HibernateConnectionHandle@9b037d8]
2025-05-31 04:25:36 [http-nio-8081-exec-2] DEBUG org.hibernate.SQL - select u1_0.id,u1_0.created_at,u1_0.email,u1_0.password,u1_0.phone_number,u1_0.updated_at,u1_0.username from users u1_0 where u1_0.id in (?)
2025-05-31 04:25:36 [http-nio-8081-exec-2] DEBUG org.hibernate.SQL - select r1_0.user_id,r1_1.id,r1_1.created_at,r1_1.name,p1_0.role_id,p1_1.id,p1_1.created_at,p1_1.description,p1_1.name,p1_1.updated_at,r1_1.updated_at from user_roles r1_0 join roles r1_1 on r1_1.id=r1_0.role_id left join role_permissions p1_0 on r1_1.id=p1_0.role_id left join permissions p1_1 on p1_1.id=p1_0.permission_id where r1_0.user_id=?
2025-05-31 04:25:36 [http-nio-8081-exec-2] DEBUG o.s.orm.jpa.JpaTransactionManager - Initiating transaction commit
2025-05-31 04:25:36 [http-nio-8081-exec-2] DEBUG o.s.orm.jpa.JpaTransactionManager - Committing JPA transaction on EntityManager [SessionImpl(551201139<open>)]
2025-05-31 04:25:36 [http-nio-8081-exec-2] DEBUG o.s.jdbc.datasource.DataSourceUtils - Resetting read-only flag of JDBC Connection [HikariProxyConnection@1630858610 wrapping org.postgresql.jdbc.PgConnection@514f75a5]
2025-05-31 04:25:36 [http-nio-8081-exec-2] DEBUG o.s.orm.jpa.JpaTransactionManager - Not closing pre-bound JPA EntityManager after transaction
2025-05-31 04:25:36 [http-nio-8081-exec-2] INFO  o.g.login.controller.AuthController - fetchUserDetails: Returning user details for users: [org.guidewire.login.dto.responses.UserResponse@515bdb21]
2025-05-31 04:25:36 [http-nio-8081-exec-2] DEBUG o.s.w.s.m.m.a.HttpEntityMethodProcessor - Using 'application/json', given [*/*] and supported [application/json, application/*+json]
2025-05-31 04:25:36 [http-nio-8081-exec-2] DEBUG o.s.w.s.m.m.a.HttpEntityMethodProcessor - Writing [[org.guidewire.login.dto.responses.UserResponse@515bdb21]]
2025-05-31 04:25:36 [http-nio-8081-exec-2] DEBUG o.s.o.j.s.OpenEntityManagerInViewInterceptor - Closing JPA EntityManager in OpenEntityManagerInViewInterceptor
2025-05-31 04:25:36 [http-nio-8081-exec-2] DEBUG o.s.web.servlet.DispatcherServlet - Completed 200 OK
2025-05-31 04:25:36 [http-nio-8081-exec-1] DEBUG o.s.security.web.FilterChainProxy - Securing GET /api/auth/user/details
2025-05-31 04:25:36 [http-nio-8081-exec-1] DEBUG o.g.l.s.JwtAuthenticationFilter - doFilterInternal: No valid Authorization header found, skipping JWT processing.
2025-05-31 04:25:36 [http-nio-8081-exec-1] DEBUG o.s.s.w.a.AnonymousAuthenticationFilter - Set SecurityContextHolder to anonymous SecurityContext
2025-05-31 04:25:36 [http-nio-8081-exec-1] DEBUG o.s.security.web.FilterChainProxy - Secured GET /api/auth/user/details
2025-05-31 04:25:36 [http-nio-8081-exec-1] DEBUG o.s.web.servlet.DispatcherServlet - GET "/api/auth/user/details", parameters={}
2025-05-31 04:25:36 [http-nio-8081-exec-1] DEBUG o.s.w.s.m.m.a.RequestMappingHandlerMapping - Mapped to org.guidewire.login.controller.AuthController#fetchUserDetails(List)
2025-05-31 04:25:36 [http-nio-8081-exec-1] DEBUG o.s.o.j.s.OpenEntityManagerInViewInterceptor - Opening JPA EntityManager in OpenEntityManagerInViewInterceptor
2025-05-31 04:25:36 [http-nio-8081-exec-1] DEBUG o.s.w.s.m.m.a.RequestResponseBodyMethodProcessor - Read "application/json;charset=UTF-8" to [[ce3ef1d5-ef3e-42b1-9ba6-fc808ad7eef5, 4bcced83-fb72-4ea7-8957-2db00dd6fc95, 3d480867-d12b-4c5f-a725 (truncated)...]
2025-05-31 04:25:36 [http-nio-8081-exec-1] INFO  o.g.login.controller.AuthController - fetchUserDetails: Fetching details for users with IDs: [ce3ef1d5-ef3e-42b1-9ba6-fc808ad7eef5, 4bcced83-fb72-4ea7-8957-2db00dd6fc95, 3d480867-d12b-4c5f-a725-da17dd7e5590, c00fda99-1472-4452-8b18-fb0273c2db55]
2025-05-31 04:25:36 [http-nio-8081-exec-1] DEBUG o.s.orm.jpa.JpaTransactionManager - Found thread-bound EntityManager [SessionImpl(702888346<open>)] for JPA transaction
2025-05-31 04:25:36 [http-nio-8081-exec-1] DEBUG o.s.orm.jpa.JpaTransactionManager - Creating new transaction with name [org.springframework.data.jpa.repository.support.SimpleJpaRepository.findAllById]: PROPAGATION_REQUIRED,ISOLATION_DEFAULT,readOnly
2025-05-31 04:25:36 [http-nio-8081-exec-1] DEBUG o.s.jdbc.datasource.DataSourceUtils - Setting JDBC Connection [HikariProxyConnection@595212721 wrapping org.postgresql.jdbc.PgConnection@514f75a5] read-only
2025-05-31 04:25:36 [http-nio-8081-exec-1] DEBUG o.s.orm.jpa.JpaTransactionManager - Exposing JPA transaction as JDBC [org.springframework.orm.jpa.vendor.HibernateJpaDialect$HibernateConnectionHandle@79f054a]
2025-05-31 04:25:36 [http-nio-8081-exec-1] DEBUG org.hibernate.SQL - select u1_0.id,u1_0.created_at,u1_0.email,u1_0.password,u1_0.phone_number,u1_0.updated_at,u1_0.username from users u1_0 where u1_0.id in (?,?,?,?)
2025-05-31 04:25:36 [http-nio-8081-exec-1] DEBUG org.hibernate.SQL - select r1_0.user_id,r1_1.id,r1_1.created_at,r1_1.name,p1_0.role_id,p1_1.id,p1_1.created_at,p1_1.description,p1_1.name,p1_1.updated_at,r1_1.updated_at from user_roles r1_0 join roles r1_1 on r1_1.id=r1_0.role_id left join role_permissions p1_0 on r1_1.id=p1_0.role_id left join permissions p1_1 on p1_1.id=p1_0.permission_id where r1_0.user_id=?
2025-05-31 04:25:36 [http-nio-8081-exec-1] DEBUG org.hibernate.SQL - select r1_0.user_id,r1_1.id,r1_1.created_at,r1_1.name,p1_0.role_id,p1_1.id,p1_1.created_at,p1_1.description,p1_1.name,p1_1.updated_at,r1_1.updated_at from user_roles r1_0 join roles r1_1 on r1_1.id=r1_0.role_id left join role_permissions p1_0 on r1_1.id=p1_0.role_id left join permissions p1_1 on p1_1.id=p1_0.permission_id where r1_0.user_id=?
2025-05-31 04:25:36 [http-nio-8081-exec-1] DEBUG org.hibernate.SQL - select r1_0.user_id,r1_1.id,r1_1.created_at,r1_1.name,p1_0.role_id,p1_1.id,p1_1.created_at,p1_1.description,p1_1.name,p1_1.updated_at,r1_1.updated_at from user_roles r1_0 join roles r1_1 on r1_1.id=r1_0.role_id left join role_permissions p1_0 on r1_1.id=p1_0.role_id left join permissions p1_1 on p1_1.id=p1_0.permission_id where r1_0.user_id=?
2025-05-31 04:25:36 [http-nio-8081-exec-1] DEBUG org.hibernate.SQL - select r1_0.user_id,r1_1.id,r1_1.created_at,r1_1.name,p1_0.role_id,p1_1.id,p1_1.created_at,p1_1.description,p1_1.name,p1_1.updated_at,r1_1.updated_at from user_roles r1_0 join roles r1_1 on r1_1.id=r1_0.role_id left join role_permissions p1_0 on r1_1.id=p1_0.role_id left join permissions p1_1 on p1_1.id=p1_0.permission_id where r1_0.user_id=?
2025-05-31 04:25:36 [http-nio-8081-exec-1] DEBUG o.s.orm.jpa.JpaTransactionManager - Initiating transaction commit
2025-05-31 04:25:36 [http-nio-8081-exec-1] DEBUG o.s.orm.jpa.JpaTransactionManager - Committing JPA transaction on EntityManager [SessionImpl(702888346<open>)]
2025-05-31 04:25:36 [http-nio-8081-exec-1] DEBUG o.s.jdbc.datasource.DataSourceUtils - Resetting read-only flag of JDBC Connection [HikariProxyConnection@595212721 wrapping org.postgresql.jdbc.PgConnection@514f75a5]
2025-05-31 04:25:36 [http-nio-8081-exec-1] DEBUG o.s.orm.jpa.JpaTransactionManager - Not closing pre-bound JPA EntityManager after transaction
2025-05-31 04:25:36 [http-nio-8081-exec-1] INFO  o.g.login.controller.AuthController - fetchUserDetails: Returning user details for users: [org.guidewire.login.dto.responses.UserResponse@3fa931ef, org.guidewire.login.dto.responses.UserResponse@283c8356, org.guidewire.login.dto.responses.UserResponse@1738f298, org.guidewire.login.dto.responses.UserResponse@132f8af9]
2025-05-31 04:25:36 [http-nio-8081-exec-1] DEBUG o.s.w.s.m.m.a.HttpEntityMethodProcessor - Using 'application/json', given [*/*] and supported [application/json, application/*+json]
2025-05-31 04:25:36 [http-nio-8081-exec-1] DEBUG o.s.w.s.m.m.a.HttpEntityMethodProcessor - Writing [[org.guidewire.login.dto.responses.UserResponse@3fa931ef, org.guidewire.login.dto.responses.UserResp (truncated)...]
2025-05-31 04:25:36 [http-nio-8081-exec-1] DEBUG o.s.o.j.s.OpenEntityManagerInViewInterceptor - Closing JPA EntityManager in OpenEntityManagerInViewInterceptor
2025-05-31 04:25:36 [http-nio-8081-exec-1] DEBUG o.s.web.servlet.DispatcherServlet - Completed 200 OK
2025-05-31 04:41:04 [http-nio-8081-exec-5] DEBUG o.s.security.web.FilterChainProxy - Securing GET /api/auth/users/list
2025-05-31 04:41:04 [http-nio-8081-exec-5] DEBUG o.g.l.s.JwtAuthenticationFilter - doFilterInternal: No valid Authorization header found, skipping JWT processing.
2025-05-31 04:41:04 [http-nio-8081-exec-5] DEBUG o.s.s.w.a.AnonymousAuthenticationFilter - Set SecurityContextHolder to anonymous SecurityContext
2025-05-31 04:41:04 [http-nio-8081-exec-5] DEBUG o.s.security.web.FilterChainProxy - Secured GET /api/auth/users/list
2025-05-31 04:41:04 [http-nio-8081-exec-5] DEBUG o.s.web.servlet.DispatcherServlet - GET "/api/auth/users/list", parameters={}
2025-05-31 04:41:04 [http-nio-8081-exec-5] DEBUG o.s.w.s.m.m.a.RequestMappingHandlerMapping - Mapped to org.guidewire.login.controller.UserController#getAllUsers()
2025-05-31 04:41:04 [http-nio-8081-exec-5] DEBUG o.s.o.j.s.OpenEntityManagerInViewInterceptor - Opening JPA EntityManager in OpenEntityManagerInViewInterceptor
2025-05-31 04:41:04 [http-nio-8081-exec-5] INFO  o.g.login.services.UserService - getAllUsers: Fetching all users from the database.
2025-05-31 04:41:04 [http-nio-8081-exec-5] DEBUG o.s.orm.jpa.JpaTransactionManager - Found thread-bound EntityManager [SessionImpl(79442940<open>)] for JPA transaction
2025-05-31 04:41:04 [http-nio-8081-exec-5] DEBUG o.s.orm.jpa.JpaTransactionManager - Creating new transaction with name [org.springframework.data.jpa.repository.support.SimpleJpaRepository.findAll]: PROPAGATION_REQUIRED,ISOLATION_DEFAULT,readOnly
2025-05-31 04:41:04 [http-nio-8081-exec-5] DEBUG o.s.jdbc.datasource.DataSourceUtils - Setting JDBC Connection [HikariProxyConnection@2123128700 wrapping org.postgresql.jdbc.PgConnection@514f75a5] read-only
2025-05-31 04:41:04 [http-nio-8081-exec-5] DEBUG o.s.orm.jpa.JpaTransactionManager - Exposing JPA transaction as JDBC [org.springframework.orm.jpa.vendor.HibernateJpaDialect$HibernateConnectionHandle@71ab5f6d]
2025-05-31 04:41:04 [http-nio-8081-exec-5] DEBUG org.hibernate.SQL - select u1_0.id,u1_0.created_at,u1_0.email,u1_0.password,u1_0.phone_number,u1_0.updated_at,u1_0.username from users u1_0
2025-05-31 04:41:04 [http-nio-8081-exec-5] DEBUG org.hibernate.SQL - select r1_0.user_id,r1_1.id,r1_1.created_at,r1_1.name,p1_0.role_id,p1_1.id,p1_1.created_at,p1_1.description,p1_1.name,p1_1.updated_at,r1_1.updated_at from user_roles r1_0 join roles r1_1 on r1_1.id=r1_0.role_id left join role_permissions p1_0 on r1_1.id=p1_0.role_id left join permissions p1_1 on p1_1.id=p1_0.permission_id where r1_0.user_id=?
2025-05-31 04:41:04 [http-nio-8081-exec-5] DEBUG org.hibernate.SQL - select r1_0.user_id,r1_1.id,r1_1.created_at,r1_1.name,p1_0.role_id,p1_1.id,p1_1.created_at,p1_1.description,p1_1.name,p1_1.updated_at,r1_1.updated_at from user_roles r1_0 join roles r1_1 on r1_1.id=r1_0.role_id left join role_permissions p1_0 on r1_1.id=p1_0.role_id left join permissions p1_1 on p1_1.id=p1_0.permission_id where r1_0.user_id=?
2025-05-31 04:41:04 [http-nio-8081-exec-5] DEBUG org.hibernate.SQL - select r1_0.user_id,r1_1.id,r1_1.created_at,r1_1.name,p1_0.role_id,p1_1.id,p1_1.created_at,p1_1.description,p1_1.name,p1_1.updated_at,r1_1.updated_at from user_roles r1_0 join roles r1_1 on r1_1.id=r1_0.role_id left join role_permissions p1_0 on r1_1.id=p1_0.role_id left join permissions p1_1 on p1_1.id=p1_0.permission_id where r1_0.user_id=?
2025-05-31 04:41:04 [http-nio-8081-exec-5] DEBUG org.hibernate.SQL - select r1_0.user_id,r1_1.id,r1_1.created_at,r1_1.name,p1_0.role_id,p1_1.id,p1_1.created_at,p1_1.description,p1_1.name,p1_1.updated_at,r1_1.updated_at from user_roles r1_0 join roles r1_1 on r1_1.id=r1_0.role_id left join role_permissions p1_0 on r1_1.id=p1_0.role_id left join permissions p1_1 on p1_1.id=p1_0.permission_id where r1_0.user_id=?
2025-05-31 04:41:04 [http-nio-8081-exec-5] DEBUG org.hibernate.SQL - select r1_0.user_id,r1_1.id,r1_1.created_at,r1_1.name,p1_0.role_id,p1_1.id,p1_1.created_at,p1_1.description,p1_1.name,p1_1.updated_at,r1_1.updated_at from user_roles r1_0 join roles r1_1 on r1_1.id=r1_0.role_id left join role_permissions p1_0 on r1_1.id=p1_0.role_id left join permissions p1_1 on p1_1.id=p1_0.permission_id where r1_0.user_id=?
2025-05-31 04:41:04 [http-nio-8081-exec-5] DEBUG org.hibernate.SQL - select r1_0.user_id,r1_1.id,r1_1.created_at,r1_1.name,p1_0.role_id,p1_1.id,p1_1.created_at,p1_1.description,p1_1.name,p1_1.updated_at,r1_1.updated_at from user_roles r1_0 join roles r1_1 on r1_1.id=r1_0.role_id left join role_permissions p1_0 on r1_1.id=p1_0.role_id left join permissions p1_1 on p1_1.id=p1_0.permission_id where r1_0.user_id=?
2025-05-31 04:41:04 [http-nio-8081-exec-5] DEBUG o.s.orm.jpa.JpaTransactionManager - Initiating transaction commit
2025-05-31 04:41:04 [http-nio-8081-exec-5] DEBUG o.s.orm.jpa.JpaTransactionManager - Committing JPA transaction on EntityManager [SessionImpl(79442940<open>)]
2025-05-31 04:41:04 [http-nio-8081-exec-5] DEBUG o.s.jdbc.datasource.DataSourceUtils - Resetting read-only flag of JDBC Connection [HikariProxyConnection@2123128700 wrapping org.postgresql.jdbc.PgConnection@514f75a5]
2025-05-31 04:41:04 [http-nio-8081-exec-5] DEBUG o.s.orm.jpa.JpaTransactionManager - Not closing pre-bound JPA EntityManager after transaction
2025-05-31 04:41:04 [http-nio-8081-exec-5] INFO  o.g.login.services.UserService - getAllUsers: Retrieved 6 users.
2025-05-31 04:41:04 [http-nio-8081-exec-5] DEBUG o.s.w.s.m.m.a.HttpEntityMethodProcessor - Using 'application/json', given [*/*] and supported [application/json, application/*+json]
2025-05-31 04:41:04 [http-nio-8081-exec-5] DEBUG o.s.w.s.m.m.a.HttpEntityMethodProcessor - Writing [[org.guidewire.login.dto.responses.UserResponse@55a071fb, org.guidewire.login.dto.responses.UserResp (truncated)...]
2025-05-31 04:41:04 [http-nio-8081-exec-5] DEBUG o.s.o.j.s.OpenEntityManagerInViewInterceptor - Closing JPA EntityManager in OpenEntityManagerInViewInterceptor
2025-05-31 04:41:04 [http-nio-8081-exec-5] DEBUG o.s.web.servlet.DispatcherServlet - Completed 200 OK
2025-05-31 04:41:05 [http-nio-8081-exec-6] DEBUG o.s.security.web.FilterChainProxy - Securing GET /api/auth/user/details
2025-05-31 04:41:05 [http-nio-8081-exec-6] DEBUG o.g.l.s.JwtAuthenticationFilter - doFilterInternal: No valid Authorization header found, skipping JWT processing.
2025-05-31 04:41:05 [http-nio-8081-exec-6] DEBUG o.s.s.w.a.AnonymousAuthenticationFilter - Set SecurityContextHolder to anonymous SecurityContext
2025-05-31 04:41:05 [http-nio-8081-exec-6] DEBUG o.s.security.web.FilterChainProxy - Secured GET /api/auth/user/details
2025-05-31 04:41:05 [http-nio-8081-exec-6] DEBUG o.s.web.servlet.DispatcherServlet - GET "/api/auth/user/details", parameters={}
2025-05-31 04:41:05 [http-nio-8081-exec-6] DEBUG o.s.w.s.m.m.a.RequestMappingHandlerMapping - Mapped to org.guidewire.login.controller.AuthController#fetchUserDetails(List)
2025-05-31 04:41:05 [http-nio-8081-exec-6] DEBUG o.s.o.j.s.OpenEntityManagerInViewInterceptor - Opening JPA EntityManager in OpenEntityManagerInViewInterceptor
2025-05-31 04:41:05 [http-nio-8081-exec-6] DEBUG o.s.w.s.m.m.a.RequestResponseBodyMethodProcessor - Read "application/json;charset=UTF-8" to [[3d480867-d12b-4c5f-a725-da17dd7e5590]]
2025-05-31 04:41:05 [http-nio-8081-exec-6] INFO  o.g.login.controller.AuthController - fetchUserDetails: Fetching details for users with IDs: [3d480867-d12b-4c5f-a725-da17dd7e5590]
2025-05-31 04:41:05 [http-nio-8081-exec-6] DEBUG o.s.orm.jpa.JpaTransactionManager - Found thread-bound EntityManager [SessionImpl(844079405<open>)] for JPA transaction
2025-05-31 04:41:05 [http-nio-8081-exec-6] DEBUG o.s.orm.jpa.JpaTransactionManager - Creating new transaction with name [org.springframework.data.jpa.repository.support.SimpleJpaRepository.findAllById]: PROPAGATION_REQUIRED,ISOLATION_DEFAULT,readOnly
2025-05-31 04:41:05 [http-nio-8081-exec-6] DEBUG o.s.jdbc.datasource.DataSourceUtils - Setting JDBC Connection [HikariProxyConnection@174845958 wrapping org.postgresql.jdbc.PgConnection@514f75a5] read-only
2025-05-31 04:41:05 [http-nio-8081-exec-6] DEBUG o.s.orm.jpa.JpaTransactionManager - Exposing JPA transaction as JDBC [org.springframework.orm.jpa.vendor.HibernateJpaDialect$HibernateConnectionHandle@2b4e666b]
2025-05-31 04:41:05 [http-nio-8081-exec-6] DEBUG org.hibernate.SQL - select u1_0.id,u1_0.created_at,u1_0.email,u1_0.password,u1_0.phone_number,u1_0.updated_at,u1_0.username from users u1_0 where u1_0.id in (?)
2025-05-31 04:41:05 [http-nio-8081-exec-6] DEBUG org.hibernate.SQL - select r1_0.user_id,r1_1.id,r1_1.created_at,r1_1.name,p1_0.role_id,p1_1.id,p1_1.created_at,p1_1.description,p1_1.name,p1_1.updated_at,r1_1.updated_at from user_roles r1_0 join roles r1_1 on r1_1.id=r1_0.role_id left join role_permissions p1_0 on r1_1.id=p1_0.role_id left join permissions p1_1 on p1_1.id=p1_0.permission_id where r1_0.user_id=?
2025-05-31 04:41:05 [http-nio-8081-exec-6] DEBUG o.s.orm.jpa.JpaTransactionManager - Initiating transaction commit
2025-05-31 04:41:05 [http-nio-8081-exec-6] DEBUG o.s.orm.jpa.JpaTransactionManager - Committing JPA transaction on EntityManager [SessionImpl(844079405<open>)]
2025-05-31 04:41:05 [http-nio-8081-exec-6] DEBUG o.s.jdbc.datasource.DataSourceUtils - Resetting read-only flag of JDBC Connection [HikariProxyConnection@174845958 wrapping org.postgresql.jdbc.PgConnection@514f75a5]
2025-05-31 04:41:05 [http-nio-8081-exec-6] DEBUG o.s.orm.jpa.JpaTransactionManager - Not closing pre-bound JPA EntityManager after transaction
2025-05-31 04:41:05 [http-nio-8081-exec-6] INFO  o.g.login.controller.AuthController - fetchUserDetails: Returning user details for users: [org.guidewire.login.dto.responses.UserResponse@5cad2338]
2025-05-31 04:41:05 [http-nio-8081-exec-6] DEBUG o.s.w.s.m.m.a.HttpEntityMethodProcessor - Using 'application/json', given [*/*] and supported [application/json, application/*+json]
2025-05-31 04:41:05 [http-nio-8081-exec-6] DEBUG o.s.w.s.m.m.a.HttpEntityMethodProcessor - Writing [[org.guidewire.login.dto.responses.UserResponse@5cad2338]]
2025-05-31 04:41:05 [http-nio-8081-exec-6] DEBUG o.s.o.j.s.OpenEntityManagerInViewInterceptor - Closing JPA EntityManager in OpenEntityManagerInViewInterceptor
2025-05-31 04:41:05 [http-nio-8081-exec-6] DEBUG o.s.web.servlet.DispatcherServlet - Completed 200 OK
2025-05-31 04:41:05 [http-nio-8081-exec-4] DEBUG o.s.security.web.FilterChainProxy - Securing GET /api/auth/user/details
2025-05-31 04:41:05 [http-nio-8081-exec-4] DEBUG o.g.l.s.JwtAuthenticationFilter - doFilterInternal: No valid Authorization header found, skipping JWT processing.
2025-05-31 04:41:05 [http-nio-8081-exec-4] DEBUG o.s.s.w.a.AnonymousAuthenticationFilter - Set SecurityContextHolder to anonymous SecurityContext
2025-05-31 04:41:05 [http-nio-8081-exec-4] DEBUG o.s.security.web.FilterChainProxy - Secured GET /api/auth/user/details
2025-05-31 04:41:05 [http-nio-8081-exec-4] DEBUG o.s.web.servlet.DispatcherServlet - GET "/api/auth/user/details", parameters={}
2025-05-31 04:41:05 [http-nio-8081-exec-4] DEBUG o.s.w.s.m.m.a.RequestMappingHandlerMapping - Mapped to org.guidewire.login.controller.AuthController#fetchUserDetails(List)
2025-05-31 04:41:05 [http-nio-8081-exec-4] DEBUG o.s.o.j.s.OpenEntityManagerInViewInterceptor - Opening JPA EntityManager in OpenEntityManagerInViewInterceptor
2025-05-31 04:41:05 [http-nio-8081-exec-4] DEBUG o.s.w.s.m.m.a.RequestResponseBodyMethodProcessor - Read "application/json;charset=UTF-8" to [[3d480867-d12b-4c5f-a725-da17dd7e5590]]
2025-05-31 04:41:05 [http-nio-8081-exec-4] INFO  o.g.login.controller.AuthController - fetchUserDetails: Fetching details for users with IDs: [3d480867-d12b-4c5f-a725-da17dd7e5590]
2025-05-31 04:41:05 [http-nio-8081-exec-4] DEBUG o.s.orm.jpa.JpaTransactionManager - Found thread-bound EntityManager [SessionImpl(1087713361<open>)] for JPA transaction
2025-05-31 04:41:05 [http-nio-8081-exec-4] DEBUG o.s.orm.jpa.JpaTransactionManager - Creating new transaction with name [org.springframework.data.jpa.repository.support.SimpleJpaRepository.findAllById]: PROPAGATION_REQUIRED,ISOLATION_DEFAULT,readOnly
2025-05-31 04:41:05 [http-nio-8081-exec-4] DEBUG o.s.jdbc.datasource.DataSourceUtils - Setting JDBC Connection [HikariProxyConnection@7049783 wrapping org.postgresql.jdbc.PgConnection@514f75a5] read-only
2025-05-31 04:41:05 [http-nio-8081-exec-4] DEBUG o.s.orm.jpa.JpaTransactionManager - Exposing JPA transaction as JDBC [org.springframework.orm.jpa.vendor.HibernateJpaDialect$HibernateConnectionHandle@41ea4bbe]
2025-05-31 04:41:05 [http-nio-8081-exec-4] DEBUG org.hibernate.SQL - select u1_0.id,u1_0.created_at,u1_0.email,u1_0.password,u1_0.phone_number,u1_0.updated_at,u1_0.username from users u1_0 where u1_0.id in (?)
2025-05-31 04:41:05 [http-nio-8081-exec-4] DEBUG org.hibernate.SQL - select r1_0.user_id,r1_1.id,r1_1.created_at,r1_1.name,p1_0.role_id,p1_1.id,p1_1.created_at,p1_1.description,p1_1.name,p1_1.updated_at,r1_1.updated_at from user_roles r1_0 join roles r1_1 on r1_1.id=r1_0.role_id left join role_permissions p1_0 on r1_1.id=p1_0.role_id left join permissions p1_1 on p1_1.id=p1_0.permission_id where r1_0.user_id=?
2025-05-31 04:41:05 [http-nio-8081-exec-4] DEBUG o.s.orm.jpa.JpaTransactionManager - Initiating transaction commit
2025-05-31 04:41:05 [http-nio-8081-exec-4] DEBUG o.s.orm.jpa.JpaTransactionManager - Committing JPA transaction on EntityManager [SessionImpl(1087713361<open>)]
2025-05-31 04:41:05 [http-nio-8081-exec-4] DEBUG o.s.jdbc.datasource.DataSourceUtils - Resetting read-only flag of JDBC Connection [HikariProxyConnection@7049783 wrapping org.postgresql.jdbc.PgConnection@514f75a5]
2025-05-31 04:41:05 [http-nio-8081-exec-4] DEBUG o.s.orm.jpa.JpaTransactionManager - Not closing pre-bound JPA EntityManager after transaction
2025-05-31 04:41:05 [http-nio-8081-exec-4] INFO  o.g.login.controller.AuthController - fetchUserDetails: Returning user details for users: [org.guidewire.login.dto.responses.UserResponse@5d3ac33]
2025-05-31 04:41:05 [http-nio-8081-exec-4] DEBUG o.s.w.s.m.m.a.HttpEntityMethodProcessor - Using 'application/json', given [*/*] and supported [application/json, application/*+json]
2025-05-31 04:41:05 [http-nio-8081-exec-4] DEBUG o.s.w.s.m.m.a.HttpEntityMethodProcessor - Writing [[org.guidewire.login.dto.responses.UserResponse@5d3ac33]]
2025-05-31 04:41:05 [http-nio-8081-exec-4] DEBUG o.s.o.j.s.OpenEntityManagerInViewInterceptor - Closing JPA EntityManager in OpenEntityManagerInViewInterceptor
2025-05-31 04:41:05 [http-nio-8081-exec-4] DEBUG o.s.web.servlet.DispatcherServlet - Completed 200 OK
2025-05-31 04:41:05 [http-nio-8081-exec-7] DEBUG o.s.security.web.FilterChainProxy - Securing GET /api/auth/user/details
2025-05-31 04:41:05 [http-nio-8081-exec-7] DEBUG o.g.l.s.JwtAuthenticationFilter - doFilterInternal: No valid Authorization header found, skipping JWT processing.
2025-05-31 04:41:05 [http-nio-8081-exec-7] DEBUG o.s.s.w.a.AnonymousAuthenticationFilter - Set SecurityContextHolder to anonymous SecurityContext
2025-05-31 04:41:05 [http-nio-8081-exec-7] DEBUG o.s.security.web.FilterChainProxy - Secured GET /api/auth/user/details
2025-05-31 04:41:05 [http-nio-8081-exec-7] DEBUG o.s.web.servlet.DispatcherServlet - GET "/api/auth/user/details", parameters={}
2025-05-31 04:41:05 [http-nio-8081-exec-7] DEBUG o.s.w.s.m.m.a.RequestMappingHandlerMapping - Mapped to org.guidewire.login.controller.AuthController#fetchUserDetails(List)
2025-05-31 04:41:05 [http-nio-8081-exec-7] DEBUG o.s.o.j.s.OpenEntityManagerInViewInterceptor - Opening JPA EntityManager in OpenEntityManagerInViewInterceptor
2025-05-31 04:41:05 [http-nio-8081-exec-7] DEBUG o.s.w.s.m.m.a.RequestResponseBodyMethodProcessor - Read "application/json;charset=UTF-8" to [[ce3ef1d5-ef3e-42b1-9ba6-fc808ad7eef5, 4bcced83-fb72-4ea7-8957-2db00dd6fc95, 3d480867-d12b-4c5f-a725 (truncated)...]
2025-05-31 04:41:05 [http-nio-8081-exec-7] INFO  o.g.login.controller.AuthController - fetchUserDetails: Fetching details for users with IDs: [ce3ef1d5-ef3e-42b1-9ba6-fc808ad7eef5, 4bcced83-fb72-4ea7-8957-2db00dd6fc95, 3d480867-d12b-4c5f-a725-da17dd7e5590, c00fda99-1472-4452-8b18-fb0273c2db55]
2025-05-31 04:41:05 [http-nio-8081-exec-7] DEBUG o.s.orm.jpa.JpaTransactionManager - Found thread-bound EntityManager [SessionImpl(613320368<open>)] for JPA transaction
2025-05-31 04:41:05 [http-nio-8081-exec-7] DEBUG o.s.orm.jpa.JpaTransactionManager - Creating new transaction with name [org.springframework.data.jpa.repository.support.SimpleJpaRepository.findAllById]: PROPAGATION_REQUIRED,ISOLATION_DEFAULT,readOnly
2025-05-31 04:41:05 [http-nio-8081-exec-7] DEBUG o.s.jdbc.datasource.DataSourceUtils - Setting JDBC Connection [HikariProxyConnection@2062134724 wrapping org.postgresql.jdbc.PgConnection@514f75a5] read-only
2025-05-31 04:41:05 [http-nio-8081-exec-7] DEBUG o.s.orm.jpa.JpaTransactionManager - Exposing JPA transaction as JDBC [org.springframework.orm.jpa.vendor.HibernateJpaDialect$HibernateConnectionHandle@8a34905]
2025-05-31 04:41:05 [http-nio-8081-exec-7] DEBUG org.hibernate.SQL - select u1_0.id,u1_0.created_at,u1_0.email,u1_0.password,u1_0.phone_number,u1_0.updated_at,u1_0.username from users u1_0 where u1_0.id in (?,?,?,?)
2025-05-31 04:41:05 [http-nio-8081-exec-7] DEBUG org.hibernate.SQL - select r1_0.user_id,r1_1.id,r1_1.created_at,r1_1.name,p1_0.role_id,p1_1.id,p1_1.created_at,p1_1.description,p1_1.name,p1_1.updated_at,r1_1.updated_at from user_roles r1_0 join roles r1_1 on r1_1.id=r1_0.role_id left join role_permissions p1_0 on r1_1.id=p1_0.role_id left join permissions p1_1 on p1_1.id=p1_0.permission_id where r1_0.user_id=?
2025-05-31 04:41:05 [http-nio-8081-exec-7] DEBUG org.hibernate.SQL - select r1_0.user_id,r1_1.id,r1_1.created_at,r1_1.name,p1_0.role_id,p1_1.id,p1_1.created_at,p1_1.description,p1_1.name,p1_1.updated_at,r1_1.updated_at from user_roles r1_0 join roles r1_1 on r1_1.id=r1_0.role_id left join role_permissions p1_0 on r1_1.id=p1_0.role_id left join permissions p1_1 on p1_1.id=p1_0.permission_id where r1_0.user_id=?
2025-05-31 04:41:05 [http-nio-8081-exec-7] DEBUG org.hibernate.SQL - select r1_0.user_id,r1_1.id,r1_1.created_at,r1_1.name,p1_0.role_id,p1_1.id,p1_1.created_at,p1_1.description,p1_1.name,p1_1.updated_at,r1_1.updated_at from user_roles r1_0 join roles r1_1 on r1_1.id=r1_0.role_id left join role_permissions p1_0 on r1_1.id=p1_0.role_id left join permissions p1_1 on p1_1.id=p1_0.permission_id where r1_0.user_id=?
2025-05-31 04:41:05 [http-nio-8081-exec-7] DEBUG org.hibernate.SQL - select r1_0.user_id,r1_1.id,r1_1.created_at,r1_1.name,p1_0.role_id,p1_1.id,p1_1.created_at,p1_1.description,p1_1.name,p1_1.updated_at,r1_1.updated_at from user_roles r1_0 join roles r1_1 on r1_1.id=r1_0.role_id left join role_permissions p1_0 on r1_1.id=p1_0.role_id left join permissions p1_1 on p1_1.id=p1_0.permission_id where r1_0.user_id=?
2025-05-31 04:41:05 [http-nio-8081-exec-7] DEBUG o.s.orm.jpa.JpaTransactionManager - Initiating transaction commit
2025-05-31 04:41:05 [http-nio-8081-exec-7] DEBUG o.s.orm.jpa.JpaTransactionManager - Committing JPA transaction on EntityManager [SessionImpl(613320368<open>)]
2025-05-31 04:41:05 [http-nio-8081-exec-7] DEBUG o.s.jdbc.datasource.DataSourceUtils - Resetting read-only flag of JDBC Connection [HikariProxyConnection@2062134724 wrapping org.postgresql.jdbc.PgConnection@514f75a5]
2025-05-31 04:41:05 [http-nio-8081-exec-7] DEBUG o.s.orm.jpa.JpaTransactionManager - Not closing pre-bound JPA EntityManager after transaction
2025-05-31 04:41:05 [http-nio-8081-exec-7] INFO  o.g.login.controller.AuthController - fetchUserDetails: Returning user details for users: [org.guidewire.login.dto.responses.UserResponse@41389010, org.guidewire.login.dto.responses.UserResponse@7a5056b4, org.guidewire.login.dto.responses.UserResponse@43d4ba32, org.guidewire.login.dto.responses.UserResponse@1cadb598]
2025-05-31 04:41:05 [http-nio-8081-exec-7] DEBUG o.s.w.s.m.m.a.HttpEntityMethodProcessor - Using 'application/json', given [*/*] and supported [application/json, application/*+json]
2025-05-31 04:41:05 [http-nio-8081-exec-7] DEBUG o.s.w.s.m.m.a.HttpEntityMethodProcessor - Writing [[org.guidewire.login.dto.responses.UserResponse@41389010, org.guidewire.login.dto.responses.UserResp (truncated)...]
2025-05-31 04:41:05 [http-nio-8081-exec-7] DEBUG o.s.o.j.s.OpenEntityManagerInViewInterceptor - Closing JPA EntityManager in OpenEntityManagerInViewInterceptor
2025-05-31 04:41:05 [http-nio-8081-exec-7] DEBUG o.s.web.servlet.DispatcherServlet - Completed 200 OK
2025-05-31 04:41:06 [http-nio-8081-exec-8] DEBUG o.s.security.web.FilterChainProxy - Securing GET /api/auth/current/user
2025-05-31 04:41:06 [http-nio-8081-exec-8] INFO  o.g.l.s.JwtAuthenticationFilter - doFilterInternal: Extracted username 'admin' with roles [ADMIN] and permissions [DELETE_TASK, EDIT_USER, CREATE_TASK, CREATE_USER, VIEW_DASHBOARD, ADD_WATCHER, DELETE_USER, CLOSE_TASK, VIEW_TASK, VIEW_ROLE, COMMENT_TASK, ASSIGN_TASK, EDIT_ROLE, ADD_SUBTASK, REMOVE_SUBTASK, DELETE_ROLE, REMOVE_WATCHER, CREATE_ROLE, REOPEN_TASK, ASSIGN_ROLE, EDIT_TASK, VIEW_USER]
2025-05-31 04:41:06 [http-nio-8081-exec-8] INFO  o.g.l.s.CustomUserDetailsService - loadUserByUsername: Searching for user: admin
2025-05-31 04:41:06 [http-nio-8081-exec-8] DEBUG o.s.o.j.SharedEntityManagerCreator$SharedEntityManagerInvocationHandler - Creating new EntityManager for shared EntityManager invocation
2025-05-31 04:41:06 [http-nio-8081-exec-8] DEBUG org.hibernate.SQL - select u1_0.id,u1_0.created_at,u1_0.email,u1_0.password,u1_0.phone_number,u1_0.updated_at,u1_0.username from users u1_0 where u1_0.username=?
2025-05-31 04:41:06 [http-nio-8081-exec-8] DEBUG org.hibernate.SQL - select r1_0.user_id,r1_1.id,r1_1.created_at,r1_1.name,p1_0.role_id,p1_1.id,p1_1.created_at,p1_1.description,p1_1.name,p1_1.updated_at,r1_1.updated_at from user_roles r1_0 join roles r1_1 on r1_1.id=r1_0.role_id left join role_permissions p1_0 on r1_1.id=p1_0.role_id left join permissions p1_1 on p1_1.id=p1_0.permission_id where r1_0.user_id=?
2025-05-31 04:41:06 [http-nio-8081-exec-8] INFO  o.g.l.s.CustomUserDetailsService - loadUserByUsername: User admin found with roles: [org.guidewire.login.model.Role@5b4f597b]
2025-05-31 04:41:06 [http-nio-8081-exec-8] INFO  o.g.login.security.CustomUserDetails - Initializing CustomUserDetails for user: admin
2025-05-31 04:41:06 [http-nio-8081-exec-8] DEBUG o.g.login.security.CustomUserDetails - User admin has roles: [ADMIN]
2025-05-31 04:41:06 [http-nio-8081-exec-8] DEBUG o.g.login.security.CustomUserDetails - User admin has permissions: [DELETE_TASK, EDIT_USER, CREATE_TASK, CREATE_USER, VIEW_DASHBOARD, ADD_WATCHER, DELETE_USER, VIEW_TASK, CLOSE_TASK, VIEW_ROLE, COMMENT_TASK, ASSIGN_TASK, EDIT_ROLE, ADD_SUBTASK, REMOVE_SUBTASK, REMOVE_WATCHER, DELETE_ROLE, CREATE_ROLE, REOPEN_TASK, ASSIGN_ROLE, EDIT_TASK, VIEW_USER]
2025-05-31 04:41:06 [http-nio-8081-exec-8] INFO  o.g.login.security.CustomUserDetails - CustomUserDetails initialized successfully for user: admin
2025-05-31 04:41:06 [http-nio-8081-exec-8] INFO  o.guidewire.login.security.JwtUtil - validateToken:JWT validated successfully for user: admin
2025-05-31 04:41:06 [http-nio-8081-exec-8] INFO  o.g.l.s.JwtAuthenticationFilter - doFilterInternal: Authentication successful for user 'admin'. Authorities: [ROLE_ADMIN, DELETE_TASK, EDIT_USER, CREATE_TASK, CREATE_USER, VIEW_DASHBOARD, ADD_WATCHER, DELETE_USER, CLOSE_TASK, VIEW_TASK, VIEW_ROLE, COMMENT_TASK, ASSIGN_TASK, EDIT_ROLE, ADD_SUBTASK, REMOVE_SUBTASK, DELETE_ROLE, REMOVE_WATCHER, CREATE_ROLE, REOPEN_TASK, ASSIGN_ROLE, EDIT_TASK, VIEW_USER]
2025-05-31 04:41:06 [http-nio-8081-exec-8] DEBUG o.s.security.web.FilterChainProxy - Secured GET /api/auth/current/user
2025-05-31 04:41:06 [http-nio-8081-exec-8] DEBUG o.s.web.servlet.DispatcherServlet - GET "/api/auth/current/user", parameters={}
2025-05-31 04:41:06 [http-nio-8081-exec-8] DEBUG o.s.w.s.m.m.a.RequestMappingHandlerMapping - Mapped to org.guidewire.login.controller.AuthController#getCurrentUser(Principal)
2025-05-31 04:41:06 [http-nio-8081-exec-8] DEBUG o.s.o.j.s.OpenEntityManagerInViewInterceptor - Opening JPA EntityManager in OpenEntityManagerInViewInterceptor
2025-05-31 04:41:06 [http-nio-8081-exec-8] INFO  o.g.login.controller.AuthController - getCurrentUser: Fetching details for user: admin
2025-05-31 04:41:06 [http-nio-8081-exec-8] DEBUG o.g.login.services.AuthService - getUserDetails:Fetching user details for: admin
2025-05-31 04:41:06 [http-nio-8081-exec-8] DEBUG org.hibernate.SQL - select u1_0.id,u1_0.created_at,u1_0.email,u1_0.password,u1_0.phone_number,u1_0.updated_at,u1_0.username from users u1_0 where u1_0.username=?
2025-05-31 04:41:06 [http-nio-8081-exec-8] DEBUG org.hibernate.SQL - select r1_0.user_id,r1_1.id,r1_1.created_at,r1_1.name,p1_0.role_id,p1_1.id,p1_1.created_at,p1_1.description,p1_1.name,p1_1.updated_at,r1_1.updated_at from user_roles r1_0 join roles r1_1 on r1_1.id=r1_0.role_id left join role_permissions p1_0 on r1_1.id=p1_0.role_id left join permissions p1_1 on p1_1.id=p1_0.permission_id where r1_0.user_id=?
2025-05-31 04:41:06 [http-nio-8081-exec-8] INFO  o.g.login.controller.AuthController - getCurrentUser: Returning user details for admin
2025-05-31 04:41:06 [http-nio-8081-exec-8] DEBUG o.s.w.s.m.m.a.HttpEntityMethodProcessor - Using 'application/json', given [*/*] and supported [application/json, application/*+json]
2025-05-31 04:41:06 [http-nio-8081-exec-8] DEBUG o.s.w.s.m.m.a.HttpEntityMethodProcessor - Writing [org.guidewire.login.dto.responses.UserResponse@3cab21da]
2025-05-31 04:41:06 [http-nio-8081-exec-8] DEBUG o.s.o.j.s.OpenEntityManagerInViewInterceptor - Closing JPA EntityManager in OpenEntityManagerInViewInterceptor
2025-05-31 04:41:06 [http-nio-8081-exec-8] DEBUG o.s.web.servlet.DispatcherServlet - Completed 200 OK
2025-05-31 04:41:06 [http-nio-8081-exec-9] DEBUG o.s.security.web.FilterChainProxy - Securing GET /api/auth/current/user
2025-05-31 04:41:06 [http-nio-8081-exec-9] INFO  o.g.l.s.JwtAuthenticationFilter - doFilterInternal: Extracted username 'admin' with roles [ADMIN] and permissions [DELETE_TASK, EDIT_USER, CREATE_TASK, CREATE_USER, VIEW_DASHBOARD, ADD_WATCHER, DELETE_USER, CLOSE_TASK, VIEW_TASK, VIEW_ROLE, COMMENT_TASK, ASSIGN_TASK, EDIT_ROLE, ADD_SUBTASK, REMOVE_SUBTASK, DELETE_ROLE, REMOVE_WATCHER, CREATE_ROLE, REOPEN_TASK, ASSIGN_ROLE, EDIT_TASK, VIEW_USER]
2025-05-31 04:41:06 [http-nio-8081-exec-9] INFO  o.g.l.s.CustomUserDetailsService - loadUserByUsername: Searching for user: admin
2025-05-31 04:41:06 [http-nio-8081-exec-9] DEBUG o.s.o.j.SharedEntityManagerCreator$SharedEntityManagerInvocationHandler - Creating new EntityManager for shared EntityManager invocation
2025-05-31 04:41:06 [http-nio-8081-exec-9] DEBUG org.hibernate.SQL - select u1_0.id,u1_0.created_at,u1_0.email,u1_0.password,u1_0.phone_number,u1_0.updated_at,u1_0.username from users u1_0 where u1_0.username=?
2025-05-31 04:41:06 [http-nio-8081-exec-9] DEBUG org.hibernate.SQL - select r1_0.user_id,r1_1.id,r1_1.created_at,r1_1.name,p1_0.role_id,p1_1.id,p1_1.created_at,p1_1.description,p1_1.name,p1_1.updated_at,r1_1.updated_at from user_roles r1_0 join roles r1_1 on r1_1.id=r1_0.role_id left join role_permissions p1_0 on r1_1.id=p1_0.role_id left join permissions p1_1 on p1_1.id=p1_0.permission_id where r1_0.user_id=?
2025-05-31 04:41:06 [http-nio-8081-exec-9] INFO  o.g.l.s.CustomUserDetailsService - loadUserByUsername: User admin found with roles: [org.guidewire.login.model.Role@57aa5c89]
2025-05-31 04:41:06 [http-nio-8081-exec-9] INFO  o.g.login.security.CustomUserDetails - Initializing CustomUserDetails for user: admin
2025-05-31 04:41:06 [http-nio-8081-exec-9] DEBUG o.g.login.security.CustomUserDetails - User admin has roles: [ADMIN]
2025-05-31 04:41:06 [http-nio-8081-exec-9] DEBUG o.g.login.security.CustomUserDetails - User admin has permissions: [DELETE_TASK, EDIT_USER, CREATE_TASK, CREATE_USER, ADD_WATCHER, DELETE_USER, VIEW_DASHBOARD, VIEW_TASK, VIEW_ROLE, CLOSE_TASK, COMMENT_TASK, ASSIGN_TASK, EDIT_ROLE, ADD_SUBTASK, REMOVE_SUBTASK, REMOVE_WATCHER, DELETE_ROLE, CREATE_ROLE, REOPEN_TASK, ASSIGN_ROLE, EDIT_TASK, VIEW_USER]
2025-05-31 04:41:06 [http-nio-8081-exec-9] INFO  o.g.login.security.CustomUserDetails - CustomUserDetails initialized successfully for user: admin
2025-05-31 04:41:06 [http-nio-8081-exec-9] INFO  o.guidewire.login.security.JwtUtil - validateToken:JWT validated successfully for user: admin
2025-05-31 04:41:06 [http-nio-8081-exec-9] INFO  o.g.l.s.JwtAuthenticationFilter - doFilterInternal: Authentication successful for user 'admin'. Authorities: [ROLE_ADMIN, DELETE_TASK, EDIT_USER, CREATE_TASK, CREATE_USER, VIEW_DASHBOARD, ADD_WATCHER, DELETE_USER, CLOSE_TASK, VIEW_TASK, VIEW_ROLE, COMMENT_TASK, ASSIGN_TASK, EDIT_ROLE, ADD_SUBTASK, REMOVE_SUBTASK, DELETE_ROLE, REMOVE_WATCHER, CREATE_ROLE, REOPEN_TASK, ASSIGN_ROLE, EDIT_TASK, VIEW_USER]
2025-05-31 04:41:06 [http-nio-8081-exec-9] DEBUG o.s.security.web.FilterChainProxy - Secured GET /api/auth/current/user
2025-05-31 04:41:06 [http-nio-8081-exec-9] DEBUG o.s.web.servlet.DispatcherServlet - GET "/api/auth/current/user", parameters={}
2025-05-31 04:41:06 [http-nio-8081-exec-9] DEBUG o.s.w.s.m.m.a.RequestMappingHandlerMapping - Mapped to org.guidewire.login.controller.AuthController#getCurrentUser(Principal)
2025-05-31 04:41:06 [http-nio-8081-exec-9] DEBUG o.s.o.j.s.OpenEntityManagerInViewInterceptor - Opening JPA EntityManager in OpenEntityManagerInViewInterceptor
2025-05-31 04:41:06 [http-nio-8081-exec-9] INFO  o.g.login.controller.AuthController - getCurrentUser: Fetching details for user: admin
2025-05-31 04:41:06 [http-nio-8081-exec-9] DEBUG o.g.login.services.AuthService - getUserDetails:Fetching user details for: admin
2025-05-31 04:41:06 [http-nio-8081-exec-9] DEBUG org.hibernate.SQL - select u1_0.id,u1_0.created_at,u1_0.email,u1_0.password,u1_0.phone_number,u1_0.updated_at,u1_0.username from users u1_0 where u1_0.username=?
2025-05-31 04:41:06 [http-nio-8081-exec-9] DEBUG org.hibernate.SQL - select r1_0.user_id,r1_1.id,r1_1.created_at,r1_1.name,p1_0.role_id,p1_1.id,p1_1.created_at,p1_1.description,p1_1.name,p1_1.updated_at,r1_1.updated_at from user_roles r1_0 join roles r1_1 on r1_1.id=r1_0.role_id left join role_permissions p1_0 on r1_1.id=p1_0.role_id left join permissions p1_1 on p1_1.id=p1_0.permission_id where r1_0.user_id=?
2025-05-31 04:41:06 [http-nio-8081-exec-9] INFO  o.g.login.controller.AuthController - getCurrentUser: Returning user details for admin
2025-05-31 04:41:06 [http-nio-8081-exec-9] DEBUG o.s.w.s.m.m.a.HttpEntityMethodProcessor - Using 'application/json', given [*/*] and supported [application/json, application/*+json]
2025-05-31 04:41:06 [http-nio-8081-exec-9] DEBUG o.s.w.s.m.m.a.HttpEntityMethodProcessor - Writing [org.guidewire.login.dto.responses.UserResponse@29d99c43]
2025-05-31 04:41:06 [http-nio-8081-exec-9] DEBUG o.s.o.j.s.OpenEntityManagerInViewInterceptor - Closing JPA EntityManager in OpenEntityManagerInViewInterceptor
2025-05-31 04:41:06 [http-nio-8081-exec-9] DEBUG o.s.web.servlet.DispatcherServlet - Completed 200 OK
2025-05-31 04:41:07 [http-nio-8081-exec-10] DEBUG o.s.security.web.FilterChainProxy - Securing GET /api/auth/user/details
2025-05-31 04:41:07 [http-nio-8081-exec-10] DEBUG o.g.l.s.JwtAuthenticationFilter - doFilterInternal: No valid Authorization header found, skipping JWT processing.
2025-05-31 04:41:07 [http-nio-8081-exec-10] DEBUG o.s.s.w.a.AnonymousAuthenticationFilter - Set SecurityContextHolder to anonymous SecurityContext
2025-05-31 04:41:07 [http-nio-8081-exec-10] DEBUG o.s.security.web.FilterChainProxy - Secured GET /api/auth/user/details
2025-05-31 04:41:07 [http-nio-8081-exec-10] DEBUG o.s.web.servlet.DispatcherServlet - GET "/api/auth/user/details", parameters={}
2025-05-31 04:41:07 [http-nio-8081-exec-10] DEBUG o.s.w.s.m.m.a.RequestMappingHandlerMapping - Mapped to org.guidewire.login.controller.AuthController#fetchUserDetails(List)
2025-05-31 04:41:07 [http-nio-8081-exec-10] DEBUG o.s.o.j.s.OpenEntityManagerInViewInterceptor - Opening JPA EntityManager in OpenEntityManagerInViewInterceptor
2025-05-31 04:41:07 [http-nio-8081-exec-10] DEBUG o.s.w.s.m.m.a.RequestResponseBodyMethodProcessor - Read "application/json;charset=UTF-8" to [[ce3ef1d5-ef3e-42b1-9ba6-fc808ad7eef5, 4bcced83-fb72-4ea7-8957-2db00dd6fc95, 3d480867-d12b-4c5f-a725 (truncated)...]
2025-05-31 04:41:07 [http-nio-8081-exec-10] INFO  o.g.login.controller.AuthController - fetchUserDetails: Fetching details for users with IDs: [ce3ef1d5-ef3e-42b1-9ba6-fc808ad7eef5, 4bcced83-fb72-4ea7-8957-2db00dd6fc95, 3d480867-d12b-4c5f-a725-da17dd7e5590, c00fda99-1472-4452-8b18-fb0273c2db55]
2025-05-31 04:41:07 [http-nio-8081-exec-10] DEBUG o.s.orm.jpa.JpaTransactionManager - Found thread-bound EntityManager [SessionImpl(1825665717<open>)] for JPA transaction
2025-05-31 04:41:07 [http-nio-8081-exec-10] DEBUG o.s.orm.jpa.JpaTransactionManager - Creating new transaction with name [org.springframework.data.jpa.repository.support.SimpleJpaRepository.findAllById]: PROPAGATION_REQUIRED,ISOLATION_DEFAULT,readOnly
2025-05-31 04:41:07 [http-nio-8081-exec-10] DEBUG o.s.jdbc.datasource.DataSourceUtils - Setting JDBC Connection [HikariProxyConnection@1369978689 wrapping org.postgresql.jdbc.PgConnection@514f75a5] read-only
2025-05-31 04:41:07 [http-nio-8081-exec-10] DEBUG o.s.orm.jpa.JpaTransactionManager - Exposing JPA transaction as JDBC [org.springframework.orm.jpa.vendor.HibernateJpaDialect$HibernateConnectionHandle@203f81d9]
2025-05-31 04:41:07 [http-nio-8081-exec-10] DEBUG org.hibernate.SQL - select u1_0.id,u1_0.created_at,u1_0.email,u1_0.password,u1_0.phone_number,u1_0.updated_at,u1_0.username from users u1_0 where u1_0.id in (?,?,?,?)
2025-05-31 04:41:07 [http-nio-8081-exec-10] DEBUG org.hibernate.SQL - select r1_0.user_id,r1_1.id,r1_1.created_at,r1_1.name,p1_0.role_id,p1_1.id,p1_1.created_at,p1_1.description,p1_1.name,p1_1.updated_at,r1_1.updated_at from user_roles r1_0 join roles r1_1 on r1_1.id=r1_0.role_id left join role_permissions p1_0 on r1_1.id=p1_0.role_id left join permissions p1_1 on p1_1.id=p1_0.permission_id where r1_0.user_id=?
2025-05-31 04:41:07 [http-nio-8081-exec-10] DEBUG org.hibernate.SQL - select r1_0.user_id,r1_1.id,r1_1.created_at,r1_1.name,p1_0.role_id,p1_1.id,p1_1.created_at,p1_1.description,p1_1.name,p1_1.updated_at,r1_1.updated_at from user_roles r1_0 join roles r1_1 on r1_1.id=r1_0.role_id left join role_permissions p1_0 on r1_1.id=p1_0.role_id left join permissions p1_1 on p1_1.id=p1_0.permission_id where r1_0.user_id=?
2025-05-31 04:41:07 [http-nio-8081-exec-10] DEBUG org.hibernate.SQL - select r1_0.user_id,r1_1.id,r1_1.created_at,r1_1.name,p1_0.role_id,p1_1.id,p1_1.created_at,p1_1.description,p1_1.name,p1_1.updated_at,r1_1.updated_at from user_roles r1_0 join roles r1_1 on r1_1.id=r1_0.role_id left join role_permissions p1_0 on r1_1.id=p1_0.role_id left join permissions p1_1 on p1_1.id=p1_0.permission_id where r1_0.user_id=?
2025-05-31 04:41:07 [http-nio-8081-exec-10] DEBUG org.hibernate.SQL - select r1_0.user_id,r1_1.id,r1_1.created_at,r1_1.name,p1_0.role_id,p1_1.id,p1_1.created_at,p1_1.description,p1_1.name,p1_1.updated_at,r1_1.updated_at from user_roles r1_0 join roles r1_1 on r1_1.id=r1_0.role_id left join role_permissions p1_0 on r1_1.id=p1_0.role_id left join permissions p1_1 on p1_1.id=p1_0.permission_id where r1_0.user_id=?
2025-05-31 04:41:07 [http-nio-8081-exec-10] DEBUG o.s.orm.jpa.JpaTransactionManager - Initiating transaction commit
2025-05-31 04:41:07 [http-nio-8081-exec-10] DEBUG o.s.orm.jpa.JpaTransactionManager - Committing JPA transaction on EntityManager [SessionImpl(1825665717<open>)]
2025-05-31 04:41:07 [http-nio-8081-exec-10] DEBUG o.s.jdbc.datasource.DataSourceUtils - Resetting read-only flag of JDBC Connection [HikariProxyConnection@1369978689 wrapping org.postgresql.jdbc.PgConnection@514f75a5]
2025-05-31 04:41:07 [http-nio-8081-exec-10] DEBUG o.s.orm.jpa.JpaTransactionManager - Not closing pre-bound JPA EntityManager after transaction
2025-05-31 04:41:07 [http-nio-8081-exec-10] INFO  o.g.login.controller.AuthController - fetchUserDetails: Returning user details for users: [org.guidewire.login.dto.responses.UserResponse@39393053, org.guidewire.login.dto.responses.UserResponse@38f9bb90, org.guidewire.login.dto.responses.UserResponse@7992a583, org.guidewire.login.dto.responses.UserResponse@4b972f42]
2025-05-31 04:41:07 [http-nio-8081-exec-10] DEBUG o.s.w.s.m.m.a.HttpEntityMethodProcessor - Using 'application/json', given [*/*] and supported [application/json, application/*+json]
2025-05-31 04:41:07 [http-nio-8081-exec-10] DEBUG o.s.w.s.m.m.a.HttpEntityMethodProcessor - Writing [[org.guidewire.login.dto.responses.UserResponse@39393053, org.guidewire.login.dto.responses.UserResp (truncated)...]
2025-05-31 04:41:07 [http-nio-8081-exec-10] DEBUG o.s.o.j.s.OpenEntityManagerInViewInterceptor - Closing JPA EntityManager in OpenEntityManagerInViewInterceptor
2025-05-31 04:41:07 [http-nio-8081-exec-10] DEBUG o.s.web.servlet.DispatcherServlet - Completed 200 OK
2025-05-31 04:41:07 [http-nio-8081-exec-2] DEBUG o.s.security.web.FilterChainProxy - Securing GET /api/auth/user/details
2025-05-31 04:41:07 [http-nio-8081-exec-2] DEBUG o.g.l.s.JwtAuthenticationFilter - doFilterInternal: No valid Authorization header found, skipping JWT processing.
2025-05-31 04:41:07 [http-nio-8081-exec-2] DEBUG o.s.s.w.a.AnonymousAuthenticationFilter - Set SecurityContextHolder to anonymous SecurityContext
2025-05-31 04:41:07 [http-nio-8081-exec-2] DEBUG o.s.security.web.FilterChainProxy - Secured GET /api/auth/user/details
2025-05-31 04:41:07 [http-nio-8081-exec-2] DEBUG o.s.web.servlet.DispatcherServlet - GET "/api/auth/user/details", parameters={}
2025-05-31 04:41:07 [http-nio-8081-exec-2] DEBUG o.s.w.s.m.m.a.RequestMappingHandlerMapping - Mapped to org.guidewire.login.controller.AuthController#fetchUserDetails(List)
2025-05-31 04:41:07 [http-nio-8081-exec-2] DEBUG o.s.o.j.s.OpenEntityManagerInViewInterceptor - Opening JPA EntityManager in OpenEntityManagerInViewInterceptor
2025-05-31 04:41:07 [http-nio-8081-exec-2] DEBUG o.s.w.s.m.m.a.RequestResponseBodyMethodProcessor - Read "application/json;charset=UTF-8" to [[3d480867-d12b-4c5f-a725-da17dd7e5590]]
2025-05-31 04:41:07 [http-nio-8081-exec-2] INFO  o.g.login.controller.AuthController - fetchUserDetails: Fetching details for users with IDs: [3d480867-d12b-4c5f-a725-da17dd7e5590]
2025-05-31 04:41:07 [http-nio-8081-exec-2] DEBUG o.s.orm.jpa.JpaTransactionManager - Found thread-bound EntityManager [SessionImpl(1056850718<open>)] for JPA transaction
2025-05-31 04:41:07 [http-nio-8081-exec-2] DEBUG o.s.orm.jpa.JpaTransactionManager - Creating new transaction with name [org.springframework.data.jpa.repository.support.SimpleJpaRepository.findAllById]: PROPAGATION_REQUIRED,ISOLATION_DEFAULT,readOnly
2025-05-31 04:41:07 [http-nio-8081-exec-2] DEBUG o.s.jdbc.datasource.DataSourceUtils - Setting JDBC Connection [HikariProxyConnection@1254478511 wrapping org.postgresql.jdbc.PgConnection@514f75a5] read-only
2025-05-31 04:41:07 [http-nio-8081-exec-2] DEBUG o.s.orm.jpa.JpaTransactionManager - Exposing JPA transaction as JDBC [org.springframework.orm.jpa.vendor.HibernateJpaDialect$HibernateConnectionHandle@58a713ee]
2025-05-31 04:41:07 [http-nio-8081-exec-2] DEBUG org.hibernate.SQL - select u1_0.id,u1_0.created_at,u1_0.email,u1_0.password,u1_0.phone_number,u1_0.updated_at,u1_0.username from users u1_0 where u1_0.id in (?)
2025-05-31 04:41:07 [http-nio-8081-exec-2] DEBUG org.hibernate.SQL - select r1_0.user_id,r1_1.id,r1_1.created_at,r1_1.name,p1_0.role_id,p1_1.id,p1_1.created_at,p1_1.description,p1_1.name,p1_1.updated_at,r1_1.updated_at from user_roles r1_0 join roles r1_1 on r1_1.id=r1_0.role_id left join role_permissions p1_0 on r1_1.id=p1_0.role_id left join permissions p1_1 on p1_1.id=p1_0.permission_id where r1_0.user_id=?
2025-05-31 04:41:07 [http-nio-8081-exec-2] DEBUG o.s.orm.jpa.JpaTransactionManager - Initiating transaction commit
2025-05-31 04:41:07 [http-nio-8081-exec-2] DEBUG o.s.orm.jpa.JpaTransactionManager - Committing JPA transaction on EntityManager [SessionImpl(1056850718<open>)]
2025-05-31 04:41:07 [http-nio-8081-exec-2] DEBUG o.s.jdbc.datasource.DataSourceUtils - Resetting read-only flag of JDBC Connection [HikariProxyConnection@1254478511 wrapping org.postgresql.jdbc.PgConnection@514f75a5]
2025-05-31 04:41:07 [http-nio-8081-exec-2] DEBUG o.s.orm.jpa.JpaTransactionManager - Not closing pre-bound JPA EntityManager after transaction
2025-05-31 04:41:07 [http-nio-8081-exec-2] INFO  o.g.login.controller.AuthController - fetchUserDetails: Returning user details for users: [org.guidewire.login.dto.responses.UserResponse@486a6671]
2025-05-31 04:41:07 [http-nio-8081-exec-2] DEBUG o.s.w.s.m.m.a.HttpEntityMethodProcessor - Using 'application/json', given [*/*] and supported [application/json, application/*+json]
2025-05-31 04:41:07 [http-nio-8081-exec-2] DEBUG o.s.w.s.m.m.a.HttpEntityMethodProcessor - Writing [[org.guidewire.login.dto.responses.UserResponse@486a6671]]
2025-05-31 04:41:07 [http-nio-8081-exec-2] DEBUG o.s.o.j.s.OpenEntityManagerInViewInterceptor - Closing JPA EntityManager in OpenEntityManagerInViewInterceptor
2025-05-31 04:41:07 [http-nio-8081-exec-2] DEBUG o.s.web.servlet.DispatcherServlet - Completed 200 OK
2025-05-31 04:41:07 [http-nio-8081-exec-1] DEBUG o.s.security.web.FilterChainProxy - Securing GET /api/auth/user/details
2025-05-31 04:41:07 [http-nio-8081-exec-1] DEBUG o.g.l.s.JwtAuthenticationFilter - doFilterInternal: No valid Authorization header found, skipping JWT processing.
2025-05-31 04:41:07 [http-nio-8081-exec-1] DEBUG o.s.s.w.a.AnonymousAuthenticationFilter - Set SecurityContextHolder to anonymous SecurityContext
2025-05-31 04:41:07 [http-nio-8081-exec-1] DEBUG o.s.security.web.FilterChainProxy - Secured GET /api/auth/user/details
2025-05-31 04:41:07 [http-nio-8081-exec-1] DEBUG o.s.web.servlet.DispatcherServlet - GET "/api/auth/user/details", parameters={}
2025-05-31 04:41:07 [http-nio-8081-exec-1] DEBUG o.s.w.s.m.m.a.RequestMappingHandlerMapping - Mapped to org.guidewire.login.controller.AuthController#fetchUserDetails(List)
2025-05-31 04:41:07 [http-nio-8081-exec-1] DEBUG o.s.o.j.s.OpenEntityManagerInViewInterceptor - Opening JPA EntityManager in OpenEntityManagerInViewInterceptor
2025-05-31 04:41:07 [http-nio-8081-exec-1] DEBUG o.s.w.s.m.m.a.RequestResponseBodyMethodProcessor - Read "application/json;charset=UTF-8" to [[3d480867-d12b-4c5f-a725-da17dd7e5590]]
2025-05-31 04:41:07 [http-nio-8081-exec-1] INFO  o.g.login.controller.AuthController - fetchUserDetails: Fetching details for users with IDs: [3d480867-d12b-4c5f-a725-da17dd7e5590]
2025-05-31 04:41:07 [http-nio-8081-exec-1] DEBUG o.s.orm.jpa.JpaTransactionManager - Found thread-bound EntityManager [SessionImpl(1711273786<open>)] for JPA transaction
2025-05-31 04:41:07 [http-nio-8081-exec-1] DEBUG o.s.orm.jpa.JpaTransactionManager - Creating new transaction with name [org.springframework.data.jpa.repository.support.SimpleJpaRepository.findAllById]: PROPAGATION_REQUIRED,ISOLATION_DEFAULT,readOnly
2025-05-31 04:41:07 [http-nio-8081-exec-1] DEBUG o.s.jdbc.datasource.DataSourceUtils - Setting JDBC Connection [HikariProxyConnection@689303264 wrapping org.postgresql.jdbc.PgConnection@514f75a5] read-only
2025-05-31 04:41:07 [http-nio-8081-exec-1] DEBUG o.s.orm.jpa.JpaTransactionManager - Exposing JPA transaction as JDBC [org.springframework.orm.jpa.vendor.HibernateJpaDialect$HibernateConnectionHandle@79e96568]
2025-05-31 04:41:07 [http-nio-8081-exec-1] DEBUG org.hibernate.SQL - select u1_0.id,u1_0.created_at,u1_0.email,u1_0.password,u1_0.phone_number,u1_0.updated_at,u1_0.username from users u1_0 where u1_0.id in (?)
2025-05-31 04:41:07 [http-nio-8081-exec-1] DEBUG org.hibernate.SQL - select r1_0.user_id,r1_1.id,r1_1.created_at,r1_1.name,p1_0.role_id,p1_1.id,p1_1.created_at,p1_1.description,p1_1.name,p1_1.updated_at,r1_1.updated_at from user_roles r1_0 join roles r1_1 on r1_1.id=r1_0.role_id left join role_permissions p1_0 on r1_1.id=p1_0.role_id left join permissions p1_1 on p1_1.id=p1_0.permission_id where r1_0.user_id=?
2025-05-31 04:41:07 [http-nio-8081-exec-1] DEBUG o.s.orm.jpa.JpaTransactionManager - Initiating transaction commit
2025-05-31 04:41:07 [http-nio-8081-exec-1] DEBUG o.s.orm.jpa.JpaTransactionManager - Committing JPA transaction on EntityManager [SessionImpl(1711273786<open>)]
2025-05-31 04:41:07 [http-nio-8081-exec-1] DEBUG o.s.jdbc.datasource.DataSourceUtils - Resetting read-only flag of JDBC Connection [HikariProxyConnection@689303264 wrapping org.postgresql.jdbc.PgConnection@514f75a5]
2025-05-31 04:41:07 [http-nio-8081-exec-1] DEBUG o.s.orm.jpa.JpaTransactionManager - Not closing pre-bound JPA EntityManager after transaction
2025-05-31 04:41:07 [http-nio-8081-exec-1] INFO  o.g.login.controller.AuthController - fetchUserDetails: Returning user details for users: [org.guidewire.login.dto.responses.UserResponse@795a4bc8]
2025-05-31 04:41:07 [http-nio-8081-exec-1] DEBUG o.s.w.s.m.m.a.HttpEntityMethodProcessor - Using 'application/json', given [*/*] and supported [application/json, application/*+json]
2025-05-31 04:41:07 [http-nio-8081-exec-1] DEBUG o.s.w.s.m.m.a.HttpEntityMethodProcessor - Writing [[org.guidewire.login.dto.responses.UserResponse@795a4bc8]]
2025-05-31 04:41:07 [http-nio-8081-exec-1] DEBUG o.s.o.j.s.OpenEntityManagerInViewInterceptor - Closing JPA EntityManager in OpenEntityManagerInViewInterceptor
2025-05-31 04:41:07 [http-nio-8081-exec-1] DEBUG o.s.web.servlet.DispatcherServlet - Completed 200 OK
2025-05-31 04:41:13 [http-nio-8081-exec-3] DEBUG o.s.security.web.FilterChainProxy - Securing GET /api/auth/users/list
2025-05-31 04:41:13 [http-nio-8081-exec-3] DEBUG o.g.l.s.JwtAuthenticationFilter - doFilterInternal: No valid Authorization header found, skipping JWT processing.
2025-05-31 04:41:13 [http-nio-8081-exec-3] DEBUG o.s.s.w.a.AnonymousAuthenticationFilter - Set SecurityContextHolder to anonymous SecurityContext
2025-05-31 04:41:13 [http-nio-8081-exec-3] DEBUG o.s.security.web.FilterChainProxy - Secured GET /api/auth/users/list
2025-05-31 04:41:13 [http-nio-8081-exec-3] DEBUG o.s.web.servlet.DispatcherServlet - GET "/api/auth/users/list", parameters={}
2025-05-31 04:41:13 [http-nio-8081-exec-3] DEBUG o.s.w.s.m.m.a.RequestMappingHandlerMapping - Mapped to org.guidewire.login.controller.UserController#getAllUsers()
2025-05-31 04:41:13 [http-nio-8081-exec-3] DEBUG o.s.o.j.s.OpenEntityManagerInViewInterceptor - Opening JPA EntityManager in OpenEntityManagerInViewInterceptor
2025-05-31 04:41:13 [http-nio-8081-exec-3] INFO  o.g.login.services.UserService - getAllUsers: Fetching all users from the database.
2025-05-31 04:41:13 [http-nio-8081-exec-3] DEBUG o.s.orm.jpa.JpaTransactionManager - Found thread-bound EntityManager [SessionImpl(1790411096<open>)] for JPA transaction
2025-05-31 04:41:13 [http-nio-8081-exec-3] DEBUG o.s.orm.jpa.JpaTransactionManager - Creating new transaction with name [org.springframework.data.jpa.repository.support.SimpleJpaRepository.findAll]: PROPAGATION_REQUIRED,ISOLATION_DEFAULT,readOnly
2025-05-31 04:41:13 [http-nio-8081-exec-3] DEBUG o.s.jdbc.datasource.DataSourceUtils - Setting JDBC Connection [HikariProxyConnection@507165213 wrapping org.postgresql.jdbc.PgConnection@514f75a5] read-only
2025-05-31 04:41:13 [http-nio-8081-exec-3] DEBUG o.s.orm.jpa.JpaTransactionManager - Exposing JPA transaction as JDBC [org.springframework.orm.jpa.vendor.HibernateJpaDialect$HibernateConnectionHandle@4d38a6f6]
2025-05-31 04:41:13 [http-nio-8081-exec-3] DEBUG org.hibernate.SQL - select u1_0.id,u1_0.created_at,u1_0.email,u1_0.password,u1_0.phone_number,u1_0.updated_at,u1_0.username from users u1_0
2025-05-31 04:41:13 [http-nio-8081-exec-3] DEBUG org.hibernate.SQL - select r1_0.user_id,r1_1.id,r1_1.created_at,r1_1.name,p1_0.role_id,p1_1.id,p1_1.created_at,p1_1.description,p1_1.name,p1_1.updated_at,r1_1.updated_at from user_roles r1_0 join roles r1_1 on r1_1.id=r1_0.role_id left join role_permissions p1_0 on r1_1.id=p1_0.role_id left join permissions p1_1 on p1_1.id=p1_0.permission_id where r1_0.user_id=?
2025-05-31 04:41:13 [http-nio-8081-exec-3] DEBUG org.hibernate.SQL - select r1_0.user_id,r1_1.id,r1_1.created_at,r1_1.name,p1_0.role_id,p1_1.id,p1_1.created_at,p1_1.description,p1_1.name,p1_1.updated_at,r1_1.updated_at from user_roles r1_0 join roles r1_1 on r1_1.id=r1_0.role_id left join role_permissions p1_0 on r1_1.id=p1_0.role_id left join permissions p1_1 on p1_1.id=p1_0.permission_id where r1_0.user_id=?
2025-05-31 04:41:13 [http-nio-8081-exec-3] DEBUG org.hibernate.SQL - select r1_0.user_id,r1_1.id,r1_1.created_at,r1_1.name,p1_0.role_id,p1_1.id,p1_1.created_at,p1_1.description,p1_1.name,p1_1.updated_at,r1_1.updated_at from user_roles r1_0 join roles r1_1 on r1_1.id=r1_0.role_id left join role_permissions p1_0 on r1_1.id=p1_0.role_id left join permissions p1_1 on p1_1.id=p1_0.permission_id where r1_0.user_id=?
2025-05-31 04:41:13 [http-nio-8081-exec-3] DEBUG org.hibernate.SQL - select r1_0.user_id,r1_1.id,r1_1.created_at,r1_1.name,p1_0.role_id,p1_1.id,p1_1.created_at,p1_1.description,p1_1.name,p1_1.updated_at,r1_1.updated_at from user_roles r1_0 join roles r1_1 on r1_1.id=r1_0.role_id left join role_permissions p1_0 on r1_1.id=p1_0.role_id left join permissions p1_1 on p1_1.id=p1_0.permission_id where r1_0.user_id=?
2025-05-31 04:41:13 [http-nio-8081-exec-3] DEBUG org.hibernate.SQL - select r1_0.user_id,r1_1.id,r1_1.created_at,r1_1.name,p1_0.role_id,p1_1.id,p1_1.created_at,p1_1.description,p1_1.name,p1_1.updated_at,r1_1.updated_at from user_roles r1_0 join roles r1_1 on r1_1.id=r1_0.role_id left join role_permissions p1_0 on r1_1.id=p1_0.role_id left join permissions p1_1 on p1_1.id=p1_0.permission_id where r1_0.user_id=?
2025-05-31 04:41:13 [http-nio-8081-exec-3] DEBUG org.hibernate.SQL - select r1_0.user_id,r1_1.id,r1_1.created_at,r1_1.name,p1_0.role_id,p1_1.id,p1_1.created_at,p1_1.description,p1_1.name,p1_1.updated_at,r1_1.updated_at from user_roles r1_0 join roles r1_1 on r1_1.id=r1_0.role_id left join role_permissions p1_0 on r1_1.id=p1_0.role_id left join permissions p1_1 on p1_1.id=p1_0.permission_id where r1_0.user_id=?
2025-05-31 04:41:13 [http-nio-8081-exec-3] DEBUG o.s.orm.jpa.JpaTransactionManager - Initiating transaction commit
2025-05-31 04:41:13 [http-nio-8081-exec-3] DEBUG o.s.orm.jpa.JpaTransactionManager - Committing JPA transaction on EntityManager [SessionImpl(1790411096<open>)]
2025-05-31 04:41:13 [http-nio-8081-exec-3] DEBUG o.s.jdbc.datasource.DataSourceUtils - Resetting read-only flag of JDBC Connection [HikariProxyConnection@507165213 wrapping org.postgresql.jdbc.PgConnection@514f75a5]
2025-05-31 04:41:13 [http-nio-8081-exec-3] DEBUG o.s.orm.jpa.JpaTransactionManager - Not closing pre-bound JPA EntityManager after transaction
2025-05-31 04:41:13 [http-nio-8081-exec-3] INFO  o.g.login.services.UserService - getAllUsers: Retrieved 6 users.
2025-05-31 04:41:13 [http-nio-8081-exec-3] DEBUG o.s.w.s.m.m.a.HttpEntityMethodProcessor - Using 'application/json', given [*/*] and supported [application/json, application/*+json]
2025-05-31 04:41:13 [http-nio-8081-exec-3] DEBUG o.s.w.s.m.m.a.HttpEntityMethodProcessor - Writing [[org.guidewire.login.dto.responses.UserResponse@750261e0, org.guidewire.login.dto.responses.UserResp (truncated)...]
2025-05-31 04:41:13 [http-nio-8081-exec-3] DEBUG o.s.o.j.s.OpenEntityManagerInViewInterceptor - Closing JPA EntityManager in OpenEntityManagerInViewInterceptor
2025-05-31 04:41:13 [http-nio-8081-exec-3] DEBUG o.s.web.servlet.DispatcherServlet - Completed 200 OK
2025-05-31 04:41:14 [http-nio-8081-exec-5] DEBUG o.s.security.web.FilterChainProxy - Securing GET /api/auth/user/details
2025-05-31 04:41:14 [http-nio-8081-exec-5] DEBUG o.g.l.s.JwtAuthenticationFilter - doFilterInternal: No valid Authorization header found, skipping JWT processing.
2025-05-31 04:41:14 [http-nio-8081-exec-5] DEBUG o.s.s.w.a.AnonymousAuthenticationFilter - Set SecurityContextHolder to anonymous SecurityContext
2025-05-31 04:41:14 [http-nio-8081-exec-5] DEBUG o.s.security.web.FilterChainProxy - Secured GET /api/auth/user/details
2025-05-31 04:41:14 [http-nio-8081-exec-5] DEBUG o.s.web.servlet.DispatcherServlet - GET "/api/auth/user/details", parameters={}
2025-05-31 04:41:14 [http-nio-8081-exec-5] DEBUG o.s.w.s.m.m.a.RequestMappingHandlerMapping - Mapped to org.guidewire.login.controller.AuthController#fetchUserDetails(List)
2025-05-31 04:41:14 [http-nio-8081-exec-5] DEBUG o.s.o.j.s.OpenEntityManagerInViewInterceptor - Opening JPA EntityManager in OpenEntityManagerInViewInterceptor
2025-05-31 04:41:14 [http-nio-8081-exec-5] DEBUG o.s.w.s.m.m.a.RequestResponseBodyMethodProcessor - Read "application/json;charset=UTF-8" to [[null]]
2025-05-31 04:41:14 [http-nio-8081-exec-5] INFO  o.g.login.controller.AuthController - fetchUserDetails: Fetching details for users with IDs: [null]
2025-05-31 04:41:14 [http-nio-8081-exec-5] DEBUG o.s.orm.jpa.JpaTransactionManager - Found thread-bound EntityManager [SessionImpl(617210298<open>)] for JPA transaction
2025-05-31 04:41:14 [http-nio-8081-exec-5] DEBUG o.s.orm.jpa.JpaTransactionManager - Creating new transaction with name [org.springframework.data.jpa.repository.support.SimpleJpaRepository.findAllById]: PROPAGATION_REQUIRED,ISOLATION_DEFAULT,readOnly
2025-05-31 04:41:14 [http-nio-8081-exec-5] DEBUG o.s.jdbc.datasource.DataSourceUtils - Setting JDBC Connection [HikariProxyConnection@867929837 wrapping org.postgresql.jdbc.PgConnection@514f75a5] read-only
2025-05-31 04:41:14 [http-nio-8081-exec-5] DEBUG o.s.orm.jpa.JpaTransactionManager - Exposing JPA transaction as JDBC [org.springframework.orm.jpa.vendor.HibernateJpaDialect$HibernateConnectionHandle@3e97b0f3]
2025-05-31 04:41:14 [http-nio-8081-exec-5] DEBUG org.hibernate.SQL - select u1_0.id,u1_0.created_at,u1_0.email,u1_0.password,u1_0.phone_number,u1_0.updated_at,u1_0.username from users u1_0 where u1_0.id in (?)
2025-05-31 04:41:14 [http-nio-8081-exec-5] DEBUG o.s.orm.jpa.JpaTransactionManager - Initiating transaction commit
2025-05-31 04:41:14 [http-nio-8081-exec-5] DEBUG o.s.orm.jpa.JpaTransactionManager - Committing JPA transaction on EntityManager [SessionImpl(617210298<open>)]
2025-05-31 04:41:14 [http-nio-8081-exec-5] DEBUG o.s.jdbc.datasource.DataSourceUtils - Resetting read-only flag of JDBC Connection [HikariProxyConnection@867929837 wrapping org.postgresql.jdbc.PgConnection@514f75a5]
2025-05-31 04:41:14 [http-nio-8081-exec-5] DEBUG o.s.orm.jpa.JpaTransactionManager - Not closing pre-bound JPA EntityManager after transaction
2025-05-31 04:41:14 [http-nio-8081-exec-5] INFO  o.g.login.controller.AuthController - fetchUserDetails: Returning user details for users: []
2025-05-31 04:41:14 [http-nio-8081-exec-5] DEBUG o.s.w.s.m.m.a.HttpEntityMethodProcessor - Using 'application/json', given [*/*] and supported [application/json, application/*+json]
2025-05-31 04:41:14 [http-nio-8081-exec-5] DEBUG o.s.w.s.m.m.a.HttpEntityMethodProcessor - Writing [[]]
2025-05-31 04:41:14 [http-nio-8081-exec-5] DEBUG o.s.o.j.s.OpenEntityManagerInViewInterceptor - Closing JPA EntityManager in OpenEntityManagerInViewInterceptor
2025-05-31 04:41:14 [http-nio-8081-exec-5] DEBUG o.s.web.servlet.DispatcherServlet - Completed 200 OK
2025-05-31 04:41:14 [http-nio-8081-exec-6] DEBUG o.s.security.web.FilterChainProxy - Securing GET /api/auth/user/details
2025-05-31 04:41:14 [http-nio-8081-exec-6] DEBUG o.g.l.s.JwtAuthenticationFilter - doFilterInternal: No valid Authorization header found, skipping JWT processing.
2025-05-31 04:41:14 [http-nio-8081-exec-6] DEBUG o.s.s.w.a.AnonymousAuthenticationFilter - Set SecurityContextHolder to anonymous SecurityContext
2025-05-31 04:41:14 [http-nio-8081-exec-6] DEBUG o.s.security.web.FilterChainProxy - Secured GET /api/auth/user/details
2025-05-31 04:41:14 [http-nio-8081-exec-6] DEBUG o.s.web.servlet.DispatcherServlet - GET "/api/auth/user/details", parameters={}
2025-05-31 04:41:14 [http-nio-8081-exec-6] DEBUG o.s.w.s.m.m.a.RequestMappingHandlerMapping - Mapped to org.guidewire.login.controller.AuthController#fetchUserDetails(List)
2025-05-31 04:41:14 [http-nio-8081-exec-6] DEBUG o.s.o.j.s.OpenEntityManagerInViewInterceptor - Opening JPA EntityManager in OpenEntityManagerInViewInterceptor
2025-05-31 04:41:14 [http-nio-8081-exec-6] DEBUG o.s.w.s.m.m.a.RequestResponseBodyMethodProcessor - Read "application/json;charset=UTF-8" to []
2025-05-31 04:41:14 [http-nio-8081-exec-6] DEBUG o.s.w.s.m.m.a.ExceptionHandlerExceptionResolver - Using @ExceptionHandler org.guidewire.login.exceptions.GlobalExceptionHandler#handleRuntimeException(RuntimeException)
2025-05-31 04:41:14 [http-nio-8081-exec-6] ERROR o.g.l.e.GlobalExceptionHandler - bad request: Required request body is missing: public org.springframework.http.ResponseEntity<?> org.guidewire.login.controller.AuthController.fetchUserDetails(java.util.List<java.util.UUID>)
2025-05-31 04:41:14 [http-nio-8081-exec-6] DEBUG o.s.w.s.m.m.a.HttpEntityMethodProcessor - Using 'application/json', given [*/*] and supported [application/json, application/*+json]
2025-05-31 04:41:14 [http-nio-8081-exec-6] DEBUG o.s.w.s.m.m.a.HttpEntityMethodProcessor - Writing [{message=Something went wrong. Please try again., timestamp=2025-05-31T04:41:14.153169, status=400}]
2025-05-31 04:41:14 [http-nio-8081-exec-6] WARN  o.s.w.s.m.m.a.ExceptionHandlerExceptionResolver - Resolved [org.springframework.http.converter.HttpMessageNotReadableException: Required request body is missing: public org.springframework.http.ResponseEntity<?> org.guidewire.login.controller.AuthController.fetchUserDetails(java.util.List<java.util.UUID>)]
2025-05-31 04:41:14 [http-nio-8081-exec-6] DEBUG o.s.o.j.s.OpenEntityManagerInViewInterceptor - Closing JPA EntityManager in OpenEntityManagerInViewInterceptor
2025-05-31 04:41:14 [http-nio-8081-exec-6] DEBUG o.s.web.servlet.DispatcherServlet - Completed 400 BAD_REQUEST
2025-05-31 04:41:14 [http-nio-8081-exec-4] DEBUG o.s.security.web.FilterChainProxy - Securing GET /api/auth/user/details
2025-05-31 04:41:14 [http-nio-8081-exec-4] DEBUG o.g.l.s.JwtAuthenticationFilter - doFilterInternal: No valid Authorization header found, skipping JWT processing.
2025-05-31 04:41:14 [http-nio-8081-exec-4] DEBUG o.s.s.w.a.AnonymousAuthenticationFilter - Set SecurityContextHolder to anonymous SecurityContext
2025-05-31 04:41:14 [http-nio-8081-exec-4] DEBUG o.s.security.web.FilterChainProxy - Secured GET /api/auth/user/details
2025-05-31 04:41:14 [http-nio-8081-exec-4] DEBUG o.s.web.servlet.DispatcherServlet - GET "/api/auth/user/details", parameters={}
2025-05-31 04:41:14 [http-nio-8081-exec-4] DEBUG o.s.w.s.m.m.a.RequestMappingHandlerMapping - Mapped to org.guidewire.login.controller.AuthController#fetchUserDetails(List)
2025-05-31 04:41:14 [http-nio-8081-exec-4] DEBUG o.s.o.j.s.OpenEntityManagerInViewInterceptor - Opening JPA EntityManager in OpenEntityManagerInViewInterceptor
2025-05-31 04:41:14 [http-nio-8081-exec-4] DEBUG o.s.w.s.m.m.a.RequestResponseBodyMethodProcessor - Read "application/json;charset=UTF-8" to []
2025-05-31 04:41:14 [http-nio-8081-exec-4] DEBUG o.s.w.s.m.m.a.ExceptionHandlerExceptionResolver - Using @ExceptionHandler org.guidewire.login.exceptions.GlobalExceptionHandler#handleRuntimeException(RuntimeException)
2025-05-31 04:41:14 [http-nio-8081-exec-4] ERROR o.g.l.e.GlobalExceptionHandler - bad request: Required request body is missing: public org.springframework.http.ResponseEntity<?> org.guidewire.login.controller.AuthController.fetchUserDetails(java.util.List<java.util.UUID>)
2025-05-31 04:41:14 [http-nio-8081-exec-4] DEBUG o.s.w.s.m.m.a.HttpEntityMethodProcessor - Using 'application/json', given [*/*] and supported [application/json, application/*+json]
2025-05-31 04:41:14 [http-nio-8081-exec-4] DEBUG o.s.w.s.m.m.a.HttpEntityMethodProcessor - Writing [{message=Something went wrong. Please try again., timestamp=2025-05-31T04:41:14.405800, status=400}]
2025-05-31 04:41:14 [http-nio-8081-exec-4] WARN  o.s.w.s.m.m.a.ExceptionHandlerExceptionResolver - Resolved [org.springframework.http.converter.HttpMessageNotReadableException: Required request body is missing: public org.springframework.http.ResponseEntity<?> org.guidewire.login.controller.AuthController.fetchUserDetails(java.util.List<java.util.UUID>)]
2025-05-31 04:41:14 [http-nio-8081-exec-4] DEBUG o.s.o.j.s.OpenEntityManagerInViewInterceptor - Closing JPA EntityManager in OpenEntityManagerInViewInterceptor
2025-05-31 04:41:14 [http-nio-8081-exec-4] DEBUG o.s.web.servlet.DispatcherServlet - Completed 400 BAD_REQUEST
2025-05-31 04:41:14 [http-nio-8081-exec-7] DEBUG o.s.security.web.FilterChainProxy - Securing GET /api/auth/user/details
2025-05-31 04:41:14 [http-nio-8081-exec-7] DEBUG o.g.l.s.JwtAuthenticationFilter - doFilterInternal: No valid Authorization header found, skipping JWT processing.
2025-05-31 04:41:14 [http-nio-8081-exec-7] DEBUG o.s.s.w.a.AnonymousAuthenticationFilter - Set SecurityContextHolder to anonymous SecurityContext
2025-05-31 04:41:14 [http-nio-8081-exec-7] DEBUG o.s.security.web.FilterChainProxy - Secured GET /api/auth/user/details
2025-05-31 04:41:14 [http-nio-8081-exec-7] DEBUG o.s.web.servlet.DispatcherServlet - GET "/api/auth/user/details", parameters={}
2025-05-31 04:41:14 [http-nio-8081-exec-7] DEBUG o.s.w.s.m.m.a.RequestMappingHandlerMapping - Mapped to org.guidewire.login.controller.AuthController#fetchUserDetails(List)
2025-05-31 04:41:14 [http-nio-8081-exec-7] DEBUG o.s.o.j.s.OpenEntityManagerInViewInterceptor - Opening JPA EntityManager in OpenEntityManagerInViewInterceptor
2025-05-31 04:41:14 [http-nio-8081-exec-7] DEBUG o.s.w.s.m.m.a.RequestResponseBodyMethodProcessor - Read "application/json;charset=UTF-8" to [[null]]
2025-05-31 04:41:14 [http-nio-8081-exec-7] INFO  o.g.login.controller.AuthController - fetchUserDetails: Fetching details for users with IDs: [null]
2025-05-31 04:41:14 [http-nio-8081-exec-7] DEBUG o.s.orm.jpa.JpaTransactionManager - Found thread-bound EntityManager [SessionImpl(428875277<open>)] for JPA transaction
2025-05-31 04:41:14 [http-nio-8081-exec-7] DEBUG o.s.orm.jpa.JpaTransactionManager - Creating new transaction with name [org.springframework.data.jpa.repository.support.SimpleJpaRepository.findAllById]: PROPAGATION_REQUIRED,ISOLATION_DEFAULT,readOnly
2025-05-31 04:41:14 [http-nio-8081-exec-7] DEBUG o.s.jdbc.datasource.DataSourceUtils - Setting JDBC Connection [HikariProxyConnection@1636638333 wrapping org.postgresql.jdbc.PgConnection@514f75a5] read-only
2025-05-31 04:41:14 [http-nio-8081-exec-7] DEBUG o.s.orm.jpa.JpaTransactionManager - Exposing JPA transaction as JDBC [org.springframework.orm.jpa.vendor.HibernateJpaDialect$HibernateConnectionHandle@76e3d54]
2025-05-31 04:41:14 [http-nio-8081-exec-7] DEBUG org.hibernate.SQL - select u1_0.id,u1_0.created_at,u1_0.email,u1_0.password,u1_0.phone_number,u1_0.updated_at,u1_0.username from users u1_0 where u1_0.id in (?)
2025-05-31 04:41:14 [http-nio-8081-exec-7] DEBUG o.s.orm.jpa.JpaTransactionManager - Initiating transaction commit
2025-05-31 04:41:14 [http-nio-8081-exec-7] DEBUG o.s.orm.jpa.JpaTransactionManager - Committing JPA transaction on EntityManager [SessionImpl(428875277<open>)]
2025-05-31 04:41:14 [http-nio-8081-exec-7] DEBUG o.s.jdbc.datasource.DataSourceUtils - Resetting read-only flag of JDBC Connection [HikariProxyConnection@1636638333 wrapping org.postgresql.jdbc.PgConnection@514f75a5]
2025-05-31 04:41:14 [http-nio-8081-exec-7] DEBUG o.s.orm.jpa.JpaTransactionManager - Not closing pre-bound JPA EntityManager after transaction
2025-05-31 04:41:14 [http-nio-8081-exec-7] INFO  o.g.login.controller.AuthController - fetchUserDetails: Returning user details for users: []
2025-05-31 04:41:14 [http-nio-8081-exec-7] DEBUG o.s.w.s.m.m.a.HttpEntityMethodProcessor - Using 'application/json', given [*/*] and supported [application/json, application/*+json]
2025-05-31 04:41:14 [http-nio-8081-exec-7] DEBUG o.s.w.s.m.m.a.HttpEntityMethodProcessor - Writing [[]]
2025-05-31 04:41:14 [http-nio-8081-exec-7] DEBUG o.s.o.j.s.OpenEntityManagerInViewInterceptor - Closing JPA EntityManager in OpenEntityManagerInViewInterceptor
2025-05-31 04:41:14 [http-nio-8081-exec-7] DEBUG o.s.web.servlet.DispatcherServlet - Completed 200 OK
2025-05-31 04:41:19 [http-nio-8081-exec-8] DEBUG o.s.security.web.FilterChainProxy - Securing GET /api/auth/users/list
2025-05-31 04:41:19 [http-nio-8081-exec-8] DEBUG o.g.l.s.JwtAuthenticationFilter - doFilterInternal: No valid Authorization header found, skipping JWT processing.
2025-05-31 04:41:19 [http-nio-8081-exec-8] DEBUG o.s.s.w.a.AnonymousAuthenticationFilter - Set SecurityContextHolder to anonymous SecurityContext
2025-05-31 04:41:19 [http-nio-8081-exec-8] DEBUG o.s.security.web.FilterChainProxy - Secured GET /api/auth/users/list
2025-05-31 04:41:19 [http-nio-8081-exec-8] DEBUG o.s.web.servlet.DispatcherServlet - GET "/api/auth/users/list", parameters={}
2025-05-31 04:41:19 [http-nio-8081-exec-8] DEBUG o.s.w.s.m.m.a.RequestMappingHandlerMapping - Mapped to org.guidewire.login.controller.UserController#getAllUsers()
2025-05-31 04:41:19 [http-nio-8081-exec-8] DEBUG o.s.o.j.s.OpenEntityManagerInViewInterceptor - Opening JPA EntityManager in OpenEntityManagerInViewInterceptor
2025-05-31 04:41:19 [http-nio-8081-exec-8] INFO  o.g.login.services.UserService - getAllUsers: Fetching all users from the database.
2025-05-31 04:41:19 [http-nio-8081-exec-8] DEBUG o.s.orm.jpa.JpaTransactionManager - Found thread-bound EntityManager [SessionImpl(888827642<open>)] for JPA transaction
2025-05-31 04:41:19 [http-nio-8081-exec-8] DEBUG o.s.orm.jpa.JpaTransactionManager - Creating new transaction with name [org.springframework.data.jpa.repository.support.SimpleJpaRepository.findAll]: PROPAGATION_REQUIRED,ISOLATION_DEFAULT,readOnly
2025-05-31 04:41:19 [http-nio-8081-exec-8] DEBUG o.s.jdbc.datasource.DataSourceUtils - Setting JDBC Connection [HikariProxyConnection@759530241 wrapping org.postgresql.jdbc.PgConnection@514f75a5] read-only
2025-05-31 04:41:19 [http-nio-8081-exec-8] DEBUG o.s.orm.jpa.JpaTransactionManager - Exposing JPA transaction as JDBC [org.springframework.orm.jpa.vendor.HibernateJpaDialect$HibernateConnectionHandle@5fef1661]
2025-05-31 04:41:19 [http-nio-8081-exec-8] DEBUG org.hibernate.SQL - select u1_0.id,u1_0.created_at,u1_0.email,u1_0.password,u1_0.phone_number,u1_0.updated_at,u1_0.username from users u1_0
2025-05-31 04:41:19 [http-nio-8081-exec-8] DEBUG org.hibernate.SQL - select r1_0.user_id,r1_1.id,r1_1.created_at,r1_1.name,p1_0.role_id,p1_1.id,p1_1.created_at,p1_1.description,p1_1.name,p1_1.updated_at,r1_1.updated_at from user_roles r1_0 join roles r1_1 on r1_1.id=r1_0.role_id left join role_permissions p1_0 on r1_1.id=p1_0.role_id left join permissions p1_1 on p1_1.id=p1_0.permission_id where r1_0.user_id=?
2025-05-31 04:41:19 [http-nio-8081-exec-8] DEBUG org.hibernate.SQL - select r1_0.user_id,r1_1.id,r1_1.created_at,r1_1.name,p1_0.role_id,p1_1.id,p1_1.created_at,p1_1.description,p1_1.name,p1_1.updated_at,r1_1.updated_at from user_roles r1_0 join roles r1_1 on r1_1.id=r1_0.role_id left join role_permissions p1_0 on r1_1.id=p1_0.role_id left join permissions p1_1 on p1_1.id=p1_0.permission_id where r1_0.user_id=?
2025-05-31 04:41:19 [http-nio-8081-exec-8] DEBUG org.hibernate.SQL - select r1_0.user_id,r1_1.id,r1_1.created_at,r1_1.name,p1_0.role_id,p1_1.id,p1_1.created_at,p1_1.description,p1_1.name,p1_1.updated_at,r1_1.updated_at from user_roles r1_0 join roles r1_1 on r1_1.id=r1_0.role_id left join role_permissions p1_0 on r1_1.id=p1_0.role_id left join permissions p1_1 on p1_1.id=p1_0.permission_id where r1_0.user_id=?
2025-05-31 04:41:19 [http-nio-8081-exec-8] DEBUG org.hibernate.SQL - select r1_0.user_id,r1_1.id,r1_1.created_at,r1_1.name,p1_0.role_id,p1_1.id,p1_1.created_at,p1_1.description,p1_1.name,p1_1.updated_at,r1_1.updated_at from user_roles r1_0 join roles r1_1 on r1_1.id=r1_0.role_id left join role_permissions p1_0 on r1_1.id=p1_0.role_id left join permissions p1_1 on p1_1.id=p1_0.permission_id where r1_0.user_id=?
2025-05-31 04:41:19 [http-nio-8081-exec-8] DEBUG org.hibernate.SQL - select r1_0.user_id,r1_1.id,r1_1.created_at,r1_1.name,p1_0.role_id,p1_1.id,p1_1.created_at,p1_1.description,p1_1.name,p1_1.updated_at,r1_1.updated_at from user_roles r1_0 join roles r1_1 on r1_1.id=r1_0.role_id left join role_permissions p1_0 on r1_1.id=p1_0.role_id left join permissions p1_1 on p1_1.id=p1_0.permission_id where r1_0.user_id=?
2025-05-31 04:41:19 [http-nio-8081-exec-8] DEBUG org.hibernate.SQL - select r1_0.user_id,r1_1.id,r1_1.created_at,r1_1.name,p1_0.role_id,p1_1.id,p1_1.created_at,p1_1.description,p1_1.name,p1_1.updated_at,r1_1.updated_at from user_roles r1_0 join roles r1_1 on r1_1.id=r1_0.role_id left join role_permissions p1_0 on r1_1.id=p1_0.role_id left join permissions p1_1 on p1_1.id=p1_0.permission_id where r1_0.user_id=?
2025-05-31 04:41:19 [http-nio-8081-exec-8] DEBUG o.s.orm.jpa.JpaTransactionManager - Initiating transaction commit
2025-05-31 04:41:19 [http-nio-8081-exec-8] DEBUG o.s.orm.jpa.JpaTransactionManager - Committing JPA transaction on EntityManager [SessionImpl(888827642<open>)]
2025-05-31 04:41:19 [http-nio-8081-exec-8] DEBUG o.s.jdbc.datasource.DataSourceUtils - Resetting read-only flag of JDBC Connection [HikariProxyConnection@759530241 wrapping org.postgresql.jdbc.PgConnection@514f75a5]
2025-05-31 04:41:19 [http-nio-8081-exec-8] DEBUG o.s.orm.jpa.JpaTransactionManager - Not closing pre-bound JPA EntityManager after transaction
2025-05-31 04:41:19 [http-nio-8081-exec-8] INFO  o.g.login.services.UserService - getAllUsers: Retrieved 6 users.
2025-05-31 04:41:19 [http-nio-8081-exec-8] DEBUG o.s.w.s.m.m.a.HttpEntityMethodProcessor - Using 'application/json', given [*/*] and supported [application/json, application/*+json]
2025-05-31 04:41:19 [http-nio-8081-exec-8] DEBUG o.s.w.s.m.m.a.HttpEntityMethodProcessor - Writing [[org.guidewire.login.dto.responses.UserResponse@67700bf8, org.guidewire.login.dto.responses.UserResp (truncated)...]
2025-05-31 04:41:19 [http-nio-8081-exec-8] DEBUG o.s.o.j.s.OpenEntityManagerInViewInterceptor - Closing JPA EntityManager in OpenEntityManagerInViewInterceptor
2025-05-31 04:41:19 [http-nio-8081-exec-8] DEBUG o.s.web.servlet.DispatcherServlet - Completed 200 OK
2025-05-31 04:41:21 [http-nio-8081-exec-9] DEBUG o.s.security.web.FilterChainProxy - Securing GET /api/auth/user/details
2025-05-31 04:41:21 [http-nio-8081-exec-9] DEBUG o.g.l.s.JwtAuthenticationFilter - doFilterInternal: No valid Authorization header found, skipping JWT processing.
2025-05-31 04:41:21 [http-nio-8081-exec-9] DEBUG o.s.s.w.a.AnonymousAuthenticationFilter - Set SecurityContextHolder to anonymous SecurityContext
2025-05-31 04:41:21 [http-nio-8081-exec-9] DEBUG o.s.security.web.FilterChainProxy - Secured GET /api/auth/user/details
2025-05-31 04:41:21 [http-nio-8081-exec-9] DEBUG o.s.web.servlet.DispatcherServlet - GET "/api/auth/user/details", parameters={}
2025-05-31 04:41:21 [http-nio-8081-exec-9] DEBUG o.s.w.s.m.m.a.RequestMappingHandlerMapping - Mapped to org.guidewire.login.controller.AuthController#fetchUserDetails(List)
2025-05-31 04:41:21 [http-nio-8081-exec-9] DEBUG o.s.o.j.s.OpenEntityManagerInViewInterceptor - Opening JPA EntityManager in OpenEntityManagerInViewInterceptor
2025-05-31 04:41:21 [http-nio-8081-exec-9] DEBUG o.s.w.s.m.m.a.RequestResponseBodyMethodProcessor - Read "application/json;charset=UTF-8" to [[3d480867-d12b-4c5f-a725-da17dd7e5590]]
2025-05-31 04:41:21 [http-nio-8081-exec-9] INFO  o.g.login.controller.AuthController - fetchUserDetails: Fetching details for users with IDs: [3d480867-d12b-4c5f-a725-da17dd7e5590]
2025-05-31 04:41:21 [http-nio-8081-exec-9] DEBUG o.s.orm.jpa.JpaTransactionManager - Found thread-bound EntityManager [SessionImpl(1214048729<open>)] for JPA transaction
2025-05-31 04:41:21 [http-nio-8081-exec-9] DEBUG o.s.orm.jpa.JpaTransactionManager - Creating new transaction with name [org.springframework.data.jpa.repository.support.SimpleJpaRepository.findAllById]: PROPAGATION_REQUIRED,ISOLATION_DEFAULT,readOnly
2025-05-31 04:41:21 [http-nio-8081-exec-9] DEBUG o.s.jdbc.datasource.DataSourceUtils - Setting JDBC Connection [HikariProxyConnection@1252289429 wrapping org.postgresql.jdbc.PgConnection@514f75a5] read-only
2025-05-31 04:41:21 [http-nio-8081-exec-9] DEBUG o.s.orm.jpa.JpaTransactionManager - Exposing JPA transaction as JDBC [org.springframework.orm.jpa.vendor.HibernateJpaDialect$HibernateConnectionHandle@5c247575]
2025-05-31 04:41:21 [http-nio-8081-exec-9] DEBUG org.hibernate.SQL - select u1_0.id,u1_0.created_at,u1_0.email,u1_0.password,u1_0.phone_number,u1_0.updated_at,u1_0.username from users u1_0 where u1_0.id in (?)
2025-05-31 04:41:21 [http-nio-8081-exec-9] DEBUG org.hibernate.SQL - select r1_0.user_id,r1_1.id,r1_1.created_at,r1_1.name,p1_0.role_id,p1_1.id,p1_1.created_at,p1_1.description,p1_1.name,p1_1.updated_at,r1_1.updated_at from user_roles r1_0 join roles r1_1 on r1_1.id=r1_0.role_id left join role_permissions p1_0 on r1_1.id=p1_0.role_id left join permissions p1_1 on p1_1.id=p1_0.permission_id where r1_0.user_id=?
2025-05-31 04:41:21 [http-nio-8081-exec-9] DEBUG o.s.orm.jpa.JpaTransactionManager - Initiating transaction commit
2025-05-31 04:41:21 [http-nio-8081-exec-9] DEBUG o.s.orm.jpa.JpaTransactionManager - Committing JPA transaction on EntityManager [SessionImpl(1214048729<open>)]
2025-05-31 04:41:21 [http-nio-8081-exec-9] DEBUG o.s.jdbc.datasource.DataSourceUtils - Resetting read-only flag of JDBC Connection [HikariProxyConnection@1252289429 wrapping org.postgresql.jdbc.PgConnection@514f75a5]
2025-05-31 04:41:21 [http-nio-8081-exec-9] DEBUG o.s.orm.jpa.JpaTransactionManager - Not closing pre-bound JPA EntityManager after transaction
2025-05-31 04:41:21 [http-nio-8081-exec-9] INFO  o.g.login.controller.AuthController - fetchUserDetails: Returning user details for users: [org.guidewire.login.dto.responses.UserResponse@3741aada]
2025-05-31 04:41:21 [http-nio-8081-exec-9] DEBUG o.s.w.s.m.m.a.HttpEntityMethodProcessor - Using 'application/json', given [*/*] and supported [application/json, application/*+json]
2025-05-31 04:41:21 [http-nio-8081-exec-9] DEBUG o.s.w.s.m.m.a.HttpEntityMethodProcessor - Writing [[org.guidewire.login.dto.responses.UserResponse@3741aada]]
2025-05-31 04:41:21 [http-nio-8081-exec-9] DEBUG o.s.o.j.s.OpenEntityManagerInViewInterceptor - Closing JPA EntityManager in OpenEntityManagerInViewInterceptor
2025-05-31 04:41:21 [http-nio-8081-exec-9] DEBUG o.s.web.servlet.DispatcherServlet - Completed 200 OK
2025-05-31 04:41:21 [http-nio-8081-exec-10] DEBUG o.s.security.web.FilterChainProxy - Securing GET /api/auth/user/details
2025-05-31 04:41:21 [http-nio-8081-exec-10] DEBUG o.g.l.s.JwtAuthenticationFilter - doFilterInternal: No valid Authorization header found, skipping JWT processing.
2025-05-31 04:41:21 [http-nio-8081-exec-10] DEBUG o.s.s.w.a.AnonymousAuthenticationFilter - Set SecurityContextHolder to anonymous SecurityContext
2025-05-31 04:41:21 [http-nio-8081-exec-10] DEBUG o.s.security.web.FilterChainProxy - Secured GET /api/auth/user/details
2025-05-31 04:41:21 [http-nio-8081-exec-10] DEBUG o.s.web.servlet.DispatcherServlet - GET "/api/auth/user/details", parameters={}
2025-05-31 04:41:21 [http-nio-8081-exec-10] DEBUG o.s.w.s.m.m.a.RequestMappingHandlerMapping - Mapped to org.guidewire.login.controller.AuthController#fetchUserDetails(List)
2025-05-31 04:41:21 [http-nio-8081-exec-10] DEBUG o.s.o.j.s.OpenEntityManagerInViewInterceptor - Opening JPA EntityManager in OpenEntityManagerInViewInterceptor
2025-05-31 04:41:21 [http-nio-8081-exec-10] DEBUG o.s.w.s.m.m.a.RequestResponseBodyMethodProcessor - Read "application/json;charset=UTF-8" to [[3d480867-d12b-4c5f-a725-da17dd7e5590]]
2025-05-31 04:41:21 [http-nio-8081-exec-10] INFO  o.g.login.controller.AuthController - fetchUserDetails: Fetching details for users with IDs: [3d480867-d12b-4c5f-a725-da17dd7e5590]
2025-05-31 04:41:21 [http-nio-8081-exec-10] DEBUG o.s.orm.jpa.JpaTransactionManager - Found thread-bound EntityManager [SessionImpl(1004283339<open>)] for JPA transaction
2025-05-31 04:41:21 [http-nio-8081-exec-10] DEBUG o.s.orm.jpa.JpaTransactionManager - Creating new transaction with name [org.springframework.data.jpa.repository.support.SimpleJpaRepository.findAllById]: PROPAGATION_REQUIRED,ISOLATION_DEFAULT,readOnly
2025-05-31 04:41:21 [http-nio-8081-exec-10] DEBUG o.s.jdbc.datasource.DataSourceUtils - Setting JDBC Connection [HikariProxyConnection@1317813275 wrapping org.postgresql.jdbc.PgConnection@514f75a5] read-only
2025-05-31 04:41:21 [http-nio-8081-exec-10] DEBUG o.s.orm.jpa.JpaTransactionManager - Exposing JPA transaction as JDBC [org.springframework.orm.jpa.vendor.HibernateJpaDialect$HibernateConnectionHandle@225e36f4]
2025-05-31 04:41:21 [http-nio-8081-exec-10] DEBUG org.hibernate.SQL - select u1_0.id,u1_0.created_at,u1_0.email,u1_0.password,u1_0.phone_number,u1_0.updated_at,u1_0.username from users u1_0 where u1_0.id in (?)
2025-05-31 04:41:21 [http-nio-8081-exec-10] DEBUG org.hibernate.SQL - select r1_0.user_id,r1_1.id,r1_1.created_at,r1_1.name,p1_0.role_id,p1_1.id,p1_1.created_at,p1_1.description,p1_1.name,p1_1.updated_at,r1_1.updated_at from user_roles r1_0 join roles r1_1 on r1_1.id=r1_0.role_id left join role_permissions p1_0 on r1_1.id=p1_0.role_id left join permissions p1_1 on p1_1.id=p1_0.permission_id where r1_0.user_id=?
2025-05-31 04:41:21 [http-nio-8081-exec-10] DEBUG o.s.orm.jpa.JpaTransactionManager - Initiating transaction commit
2025-05-31 04:41:21 [http-nio-8081-exec-10] DEBUG o.s.orm.jpa.JpaTransactionManager - Committing JPA transaction on EntityManager [SessionImpl(1004283339<open>)]
2025-05-31 04:41:21 [http-nio-8081-exec-10] DEBUG o.s.jdbc.datasource.DataSourceUtils - Resetting read-only flag of JDBC Connection [HikariProxyConnection@1317813275 wrapping org.postgresql.jdbc.PgConnection@514f75a5]
2025-05-31 04:41:21 [http-nio-8081-exec-10] DEBUG o.s.orm.jpa.JpaTransactionManager - Not closing pre-bound JPA EntityManager after transaction
2025-05-31 04:41:21 [http-nio-8081-exec-10] INFO  o.g.login.controller.AuthController - fetchUserDetails: Returning user details for users: [org.guidewire.login.dto.responses.UserResponse@630f7187]
2025-05-31 04:41:21 [http-nio-8081-exec-10] DEBUG o.s.w.s.m.m.a.HttpEntityMethodProcessor - Using 'application/json', given [*/*] and supported [application/json, application/*+json]
2025-05-31 04:41:21 [http-nio-8081-exec-10] DEBUG o.s.w.s.m.m.a.HttpEntityMethodProcessor - Writing [[org.guidewire.login.dto.responses.UserResponse@630f7187]]
2025-05-31 04:41:21 [http-nio-8081-exec-10] DEBUG o.s.o.j.s.OpenEntityManagerInViewInterceptor - Closing JPA EntityManager in OpenEntityManagerInViewInterceptor
2025-05-31 04:41:21 [http-nio-8081-exec-10] DEBUG o.s.web.servlet.DispatcherServlet - Completed 200 OK
2025-05-31 04:41:21 [http-nio-8081-exec-2] DEBUG o.s.security.web.FilterChainProxy - Securing GET /api/auth/user/details
2025-05-31 04:41:21 [http-nio-8081-exec-2] DEBUG o.g.l.s.JwtAuthenticationFilter - doFilterInternal: No valid Authorization header found, skipping JWT processing.
2025-05-31 04:41:21 [http-nio-8081-exec-2] DEBUG o.s.s.w.a.AnonymousAuthenticationFilter - Set SecurityContextHolder to anonymous SecurityContext
2025-05-31 04:41:21 [http-nio-8081-exec-2] DEBUG o.s.security.web.FilterChainProxy - Secured GET /api/auth/user/details
2025-05-31 04:41:21 [http-nio-8081-exec-2] DEBUG o.s.web.servlet.DispatcherServlet - GET "/api/auth/user/details", parameters={}
2025-05-31 04:41:21 [http-nio-8081-exec-2] DEBUG o.s.w.s.m.m.a.RequestMappingHandlerMapping - Mapped to org.guidewire.login.controller.AuthController#fetchUserDetails(List)
2025-05-31 04:41:21 [http-nio-8081-exec-2] DEBUG o.s.o.j.s.OpenEntityManagerInViewInterceptor - Opening JPA EntityManager in OpenEntityManagerInViewInterceptor
2025-05-31 04:41:21 [http-nio-8081-exec-2] DEBUG o.s.w.s.m.m.a.RequestResponseBodyMethodProcessor - Read "application/json;charset=UTF-8" to [[ce3ef1d5-ef3e-42b1-9ba6-fc808ad7eef5, 4bcced83-fb72-4ea7-8957-2db00dd6fc95, 3d480867-d12b-4c5f-a725 (truncated)...]
2025-05-31 04:41:21 [http-nio-8081-exec-2] INFO  o.g.login.controller.AuthController - fetchUserDetails: Fetching details for users with IDs: [ce3ef1d5-ef3e-42b1-9ba6-fc808ad7eef5, 4bcced83-fb72-4ea7-8957-2db00dd6fc95, 3d480867-d12b-4c5f-a725-da17dd7e5590, c00fda99-1472-4452-8b18-fb0273c2db55]
2025-05-31 04:41:21 [http-nio-8081-exec-2] DEBUG o.s.orm.jpa.JpaTransactionManager - Found thread-bound EntityManager [SessionImpl(1426463304<open>)] for JPA transaction
2025-05-31 04:41:21 [http-nio-8081-exec-2] DEBUG o.s.orm.jpa.JpaTransactionManager - Creating new transaction with name [org.springframework.data.jpa.repository.support.SimpleJpaRepository.findAllById]: PROPAGATION_REQUIRED,ISOLATION_DEFAULT,readOnly
2025-05-31 04:41:21 [http-nio-8081-exec-2] DEBUG o.s.jdbc.datasource.DataSourceUtils - Setting JDBC Connection [HikariProxyConnection@1970408338 wrapping org.postgresql.jdbc.PgConnection@514f75a5] read-only
2025-05-31 04:41:21 [http-nio-8081-exec-2] DEBUG o.s.orm.jpa.JpaTransactionManager - Exposing JPA transaction as JDBC [org.springframework.orm.jpa.vendor.HibernateJpaDialect$HibernateConnectionHandle@6c5d4480]
2025-05-31 04:41:21 [http-nio-8081-exec-2] DEBUG org.hibernate.SQL - select u1_0.id,u1_0.created_at,u1_0.email,u1_0.password,u1_0.phone_number,u1_0.updated_at,u1_0.username from users u1_0 where u1_0.id in (?,?,?,?)
2025-05-31 04:41:21 [http-nio-8081-exec-2] DEBUG org.hibernate.SQL - select r1_0.user_id,r1_1.id,r1_1.created_at,r1_1.name,p1_0.role_id,p1_1.id,p1_1.created_at,p1_1.description,p1_1.name,p1_1.updated_at,r1_1.updated_at from user_roles r1_0 join roles r1_1 on r1_1.id=r1_0.role_id left join role_permissions p1_0 on r1_1.id=p1_0.role_id left join permissions p1_1 on p1_1.id=p1_0.permission_id where r1_0.user_id=?
2025-05-31 04:41:21 [http-nio-8081-exec-2] DEBUG org.hibernate.SQL - select r1_0.user_id,r1_1.id,r1_1.created_at,r1_1.name,p1_0.role_id,p1_1.id,p1_1.created_at,p1_1.description,p1_1.name,p1_1.updated_at,r1_1.updated_at from user_roles r1_0 join roles r1_1 on r1_1.id=r1_0.role_id left join role_permissions p1_0 on r1_1.id=p1_0.role_id left join permissions p1_1 on p1_1.id=p1_0.permission_id where r1_0.user_id=?
2025-05-31 04:41:21 [http-nio-8081-exec-2] DEBUG org.hibernate.SQL - select r1_0.user_id,r1_1.id,r1_1.created_at,r1_1.name,p1_0.role_id,p1_1.id,p1_1.created_at,p1_1.description,p1_1.name,p1_1.updated_at,r1_1.updated_at from user_roles r1_0 join roles r1_1 on r1_1.id=r1_0.role_id left join role_permissions p1_0 on r1_1.id=p1_0.role_id left join permissions p1_1 on p1_1.id=p1_0.permission_id where r1_0.user_id=?
2025-05-31 04:41:21 [http-nio-8081-exec-2] DEBUG org.hibernate.SQL - select r1_0.user_id,r1_1.id,r1_1.created_at,r1_1.name,p1_0.role_id,p1_1.id,p1_1.created_at,p1_1.description,p1_1.name,p1_1.updated_at,r1_1.updated_at from user_roles r1_0 join roles r1_1 on r1_1.id=r1_0.role_id left join role_permissions p1_0 on r1_1.id=p1_0.role_id left join permissions p1_1 on p1_1.id=p1_0.permission_id where r1_0.user_id=?
2025-05-31 04:41:21 [http-nio-8081-exec-2] DEBUG o.s.orm.jpa.JpaTransactionManager - Initiating transaction commit
2025-05-31 04:41:21 [http-nio-8081-exec-2] DEBUG o.s.orm.jpa.JpaTransactionManager - Committing JPA transaction on EntityManager [SessionImpl(1426463304<open>)]
2025-05-31 04:41:21 [http-nio-8081-exec-2] DEBUG o.s.jdbc.datasource.DataSourceUtils - Resetting read-only flag of JDBC Connection [HikariProxyConnection@1970408338 wrapping org.postgresql.jdbc.PgConnection@514f75a5]
2025-05-31 04:41:21 [http-nio-8081-exec-2] DEBUG o.s.orm.jpa.JpaTransactionManager - Not closing pre-bound JPA EntityManager after transaction
2025-05-31 04:41:21 [http-nio-8081-exec-2] INFO  o.g.login.controller.AuthController - fetchUserDetails: Returning user details for users: [org.guidewire.login.dto.responses.UserResponse@6454bd62, org.guidewire.login.dto.responses.UserResponse@284b8f89, org.guidewire.login.dto.responses.UserResponse@285a6387, org.guidewire.login.dto.responses.UserResponse@67477faf]
2025-05-31 04:41:21 [http-nio-8081-exec-2] DEBUG o.s.w.s.m.m.a.HttpEntityMethodProcessor - Using 'application/json', given [*/*] and supported [application/json, application/*+json]
2025-05-31 04:41:21 [http-nio-8081-exec-2] DEBUG o.s.w.s.m.m.a.HttpEntityMethodProcessor - Writing [[org.guidewire.login.dto.responses.UserResponse@6454bd62, org.guidewire.login.dto.responses.UserResp (truncated)...]
2025-05-31 04:41:21 [http-nio-8081-exec-2] DEBUG o.s.o.j.s.OpenEntityManagerInViewInterceptor - Closing JPA EntityManager in OpenEntityManagerInViewInterceptor
2025-05-31 04:41:21 [http-nio-8081-exec-2] DEBUG o.s.web.servlet.DispatcherServlet - Completed 200 OK
2025-05-31 04:41:22 [http-nio-8081-exec-1] DEBUG o.s.security.web.FilterChainProxy - Securing GET /api/auth/current/user
2025-05-31 04:41:22 [http-nio-8081-exec-1] INFO  o.g.l.s.JwtAuthenticationFilter - doFilterInternal: Extracted username 'admin' with roles [ADMIN] and permissions [DELETE_TASK, EDIT_USER, CREATE_TASK, CREATE_USER, VIEW_DASHBOARD, ADD_WATCHER, DELETE_USER, CLOSE_TASK, VIEW_TASK, VIEW_ROLE, COMMENT_TASK, ASSIGN_TASK, EDIT_ROLE, ADD_SUBTASK, REMOVE_SUBTASK, DELETE_ROLE, REMOVE_WATCHER, CREATE_ROLE, REOPEN_TASK, ASSIGN_ROLE, EDIT_TASK, VIEW_USER]
2025-05-31 04:41:22 [http-nio-8081-exec-1] INFO  o.g.l.s.CustomUserDetailsService - loadUserByUsername: Searching for user: admin
2025-05-31 04:41:22 [http-nio-8081-exec-1] DEBUG o.s.o.j.SharedEntityManagerCreator$SharedEntityManagerInvocationHandler - Creating new EntityManager for shared EntityManager invocation
2025-05-31 04:41:22 [http-nio-8081-exec-1] DEBUG org.hibernate.SQL - select u1_0.id,u1_0.created_at,u1_0.email,u1_0.password,u1_0.phone_number,u1_0.updated_at,u1_0.username from users u1_0 where u1_0.username=?
2025-05-31 04:41:22 [http-nio-8081-exec-1] DEBUG org.hibernate.SQL - select r1_0.user_id,r1_1.id,r1_1.created_at,r1_1.name,p1_0.role_id,p1_1.id,p1_1.created_at,p1_1.description,p1_1.name,p1_1.updated_at,r1_1.updated_at from user_roles r1_0 join roles r1_1 on r1_1.id=r1_0.role_id left join role_permissions p1_0 on r1_1.id=p1_0.role_id left join permissions p1_1 on p1_1.id=p1_0.permission_id where r1_0.user_id=?
2025-05-31 04:41:22 [http-nio-8081-exec-1] INFO  o.g.l.s.CustomUserDetailsService - loadUserByUsername: User admin found with roles: [org.guidewire.login.model.Role@9061d83]
2025-05-31 04:41:22 [http-nio-8081-exec-1] INFO  o.g.login.security.CustomUserDetails - Initializing CustomUserDetails for user: admin
2025-05-31 04:41:22 [http-nio-8081-exec-1] DEBUG o.g.login.security.CustomUserDetails - User admin has roles: [ADMIN]
2025-05-31 04:41:22 [http-nio-8081-exec-1] DEBUG o.g.login.security.CustomUserDetails - User admin has permissions: [DELETE_TASK, EDIT_USER, CREATE_TASK, CREATE_USER, DELETE_USER, VIEW_DASHBOARD, ADD_WATCHER, VIEW_ROLE, VIEW_TASK, CLOSE_TASK, ASSIGN_TASK, COMMENT_TASK, EDIT_ROLE, ADD_SUBTASK, REMOVE_SUBTASK, REMOVE_WATCHER, DELETE_ROLE, CREATE_ROLE, REOPEN_TASK, ASSIGN_ROLE, EDIT_TASK, VIEW_USER]
2025-05-31 04:41:22 [http-nio-8081-exec-1] INFO  o.g.login.security.CustomUserDetails - CustomUserDetails initialized successfully for user: admin
2025-05-31 04:41:22 [http-nio-8081-exec-1] INFO  o.guidewire.login.security.JwtUtil - validateToken:JWT validated successfully for user: admin
2025-05-31 04:41:22 [http-nio-8081-exec-1] INFO  o.g.l.s.JwtAuthenticationFilter - doFilterInternal: Authentication successful for user 'admin'. Authorities: [ROLE_ADMIN, DELETE_TASK, EDIT_USER, CREATE_TASK, CREATE_USER, VIEW_DASHBOARD, ADD_WATCHER, DELETE_USER, CLOSE_TASK, VIEW_TASK, VIEW_ROLE, COMMENT_TASK, ASSIGN_TASK, EDIT_ROLE, ADD_SUBTASK, REMOVE_SUBTASK, DELETE_ROLE, REMOVE_WATCHER, CREATE_ROLE, REOPEN_TASK, ASSIGN_ROLE, EDIT_TASK, VIEW_USER]
2025-05-31 04:41:22 [http-nio-8081-exec-1] DEBUG o.s.security.web.FilterChainProxy - Secured GET /api/auth/current/user
2025-05-31 04:41:22 [http-nio-8081-exec-1] DEBUG o.s.web.servlet.DispatcherServlet - GET "/api/auth/current/user", parameters={}
2025-05-31 04:41:22 [http-nio-8081-exec-1] DEBUG o.s.w.s.m.m.a.RequestMappingHandlerMapping - Mapped to org.guidewire.login.controller.AuthController#getCurrentUser(Principal)
2025-05-31 04:41:22 [http-nio-8081-exec-1] DEBUG o.s.o.j.s.OpenEntityManagerInViewInterceptor - Opening JPA EntityManager in OpenEntityManagerInViewInterceptor
2025-05-31 04:41:22 [http-nio-8081-exec-1] INFO  o.g.login.controller.AuthController - getCurrentUser: Fetching details for user: admin
2025-05-31 04:41:22 [http-nio-8081-exec-1] DEBUG o.g.login.services.AuthService - getUserDetails:Fetching user details for: admin
2025-05-31 04:41:22 [http-nio-8081-exec-1] DEBUG org.hibernate.SQL - select u1_0.id,u1_0.created_at,u1_0.email,u1_0.password,u1_0.phone_number,u1_0.updated_at,u1_0.username from users u1_0 where u1_0.username=?
2025-05-31 04:41:22 [http-nio-8081-exec-1] DEBUG org.hibernate.SQL - select r1_0.user_id,r1_1.id,r1_1.created_at,r1_1.name,p1_0.role_id,p1_1.id,p1_1.created_at,p1_1.description,p1_1.name,p1_1.updated_at,r1_1.updated_at from user_roles r1_0 join roles r1_1 on r1_1.id=r1_0.role_id left join role_permissions p1_0 on r1_1.id=p1_0.role_id left join permissions p1_1 on p1_1.id=p1_0.permission_id where r1_0.user_id=?
2025-05-31 04:41:22 [http-nio-8081-exec-1] INFO  o.g.login.controller.AuthController - getCurrentUser: Returning user details for admin
2025-05-31 04:41:22 [http-nio-8081-exec-1] DEBUG o.s.w.s.m.m.a.HttpEntityMethodProcessor - Using 'application/json', given [*/*] and supported [application/json, application/*+json]
2025-05-31 04:41:22 [http-nio-8081-exec-1] DEBUG o.s.w.s.m.m.a.HttpEntityMethodProcessor - Writing [org.guidewire.login.dto.responses.UserResponse@61909b4c]
2025-05-31 04:41:22 [http-nio-8081-exec-1] DEBUG o.s.o.j.s.OpenEntityManagerInViewInterceptor - Closing JPA EntityManager in OpenEntityManagerInViewInterceptor
2025-05-31 04:41:22 [http-nio-8081-exec-1] DEBUG o.s.web.servlet.DispatcherServlet - Completed 200 OK
2025-05-31 04:41:22 [http-nio-8081-exec-3] DEBUG o.s.security.web.FilterChainProxy - Securing GET /api/auth/current/user
2025-05-31 04:41:22 [http-nio-8081-exec-3] INFO  o.g.l.s.JwtAuthenticationFilter - doFilterInternal: Extracted username 'admin' with roles [ADMIN] and permissions [DELETE_TASK, EDIT_USER, CREATE_TASK, CREATE_USER, VIEW_DASHBOARD, ADD_WATCHER, DELETE_USER, CLOSE_TASK, VIEW_TASK, VIEW_ROLE, COMMENT_TASK, ASSIGN_TASK, EDIT_ROLE, ADD_SUBTASK, REMOVE_SUBTASK, DELETE_ROLE, REMOVE_WATCHER, CREATE_ROLE, REOPEN_TASK, ASSIGN_ROLE, EDIT_TASK, VIEW_USER]
2025-05-31 04:41:22 [http-nio-8081-exec-3] INFO  o.g.l.s.CustomUserDetailsService - loadUserByUsername: Searching for user: admin
2025-05-31 04:41:22 [http-nio-8081-exec-3] DEBUG o.s.o.j.SharedEntityManagerCreator$SharedEntityManagerInvocationHandler - Creating new EntityManager for shared EntityManager invocation
2025-05-31 04:41:22 [http-nio-8081-exec-3] DEBUG org.hibernate.SQL - select u1_0.id,u1_0.created_at,u1_0.email,u1_0.password,u1_0.phone_number,u1_0.updated_at,u1_0.username from users u1_0 where u1_0.username=?
2025-05-31 04:41:22 [http-nio-8081-exec-3] DEBUG org.hibernate.SQL - select r1_0.user_id,r1_1.id,r1_1.created_at,r1_1.name,p1_0.role_id,p1_1.id,p1_1.created_at,p1_1.description,p1_1.name,p1_1.updated_at,r1_1.updated_at from user_roles r1_0 join roles r1_1 on r1_1.id=r1_0.role_id left join role_permissions p1_0 on r1_1.id=p1_0.role_id left join permissions p1_1 on p1_1.id=p1_0.permission_id where r1_0.user_id=?
2025-05-31 04:41:22 [http-nio-8081-exec-3] INFO  o.g.l.s.CustomUserDetailsService - loadUserByUsername: User admin found with roles: [org.guidewire.login.model.Role@62c9efc1]
2025-05-31 04:41:22 [http-nio-8081-exec-3] INFO  o.g.login.security.CustomUserDetails - Initializing CustomUserDetails for user: admin
2025-05-31 04:41:22 [http-nio-8081-exec-3] DEBUG o.g.login.security.CustomUserDetails - User admin has roles: [ADMIN]
2025-05-31 04:41:22 [http-nio-8081-exec-3] DEBUG o.g.login.security.CustomUserDetails - User admin has permissions: [DELETE_TASK, EDIT_USER, CREATE_TASK, CREATE_USER, VIEW_DASHBOARD, DELETE_USER, ADD_WATCHER, CLOSE_TASK, VIEW_TASK, VIEW_ROLE, COMMENT_TASK, ASSIGN_TASK, EDIT_ROLE, ADD_SUBTASK, REMOVE_SUBTASK, REMOVE_WATCHER, DELETE_ROLE, CREATE_ROLE, REOPEN_TASK, ASSIGN_ROLE, EDIT_TASK, VIEW_USER]
2025-05-31 04:41:22 [http-nio-8081-exec-3] INFO  o.g.login.security.CustomUserDetails - CustomUserDetails initialized successfully for user: admin
2025-05-31 04:41:22 [http-nio-8081-exec-3] INFO  o.guidewire.login.security.JwtUtil - validateToken:JWT validated successfully for user: admin
2025-05-31 04:41:22 [http-nio-8081-exec-3] INFO  o.g.l.s.JwtAuthenticationFilter - doFilterInternal: Authentication successful for user 'admin'. Authorities: [ROLE_ADMIN, DELETE_TASK, EDIT_USER, CREATE_TASK, CREATE_USER, VIEW_DASHBOARD, ADD_WATCHER, DELETE_USER, CLOSE_TASK, VIEW_TASK, VIEW_ROLE, COMMENT_TASK, ASSIGN_TASK, EDIT_ROLE, ADD_SUBTASK, REMOVE_SUBTASK, DELETE_ROLE, REMOVE_WATCHER, CREATE_ROLE, REOPEN_TASK, ASSIGN_ROLE, EDIT_TASK, VIEW_USER]
2025-05-31 04:41:22 [http-nio-8081-exec-3] DEBUG o.s.security.web.FilterChainProxy - Secured GET /api/auth/current/user
2025-05-31 04:41:22 [http-nio-8081-exec-3] DEBUG o.s.web.servlet.DispatcherServlet - GET "/api/auth/current/user", parameters={}
2025-05-31 04:41:22 [http-nio-8081-exec-3] DEBUG o.s.w.s.m.m.a.RequestMappingHandlerMapping - Mapped to org.guidewire.login.controller.AuthController#getCurrentUser(Principal)
2025-05-31 04:41:22 [http-nio-8081-exec-3] DEBUG o.s.o.j.s.OpenEntityManagerInViewInterceptor - Opening JPA EntityManager in OpenEntityManagerInViewInterceptor
2025-05-31 04:41:22 [http-nio-8081-exec-3] INFO  o.g.login.controller.AuthController - getCurrentUser: Fetching details for user: admin
2025-05-31 04:41:22 [http-nio-8081-exec-3] DEBUG o.g.login.services.AuthService - getUserDetails:Fetching user details for: admin
2025-05-31 04:41:22 [http-nio-8081-exec-3] DEBUG org.hibernate.SQL - select u1_0.id,u1_0.created_at,u1_0.email,u1_0.password,u1_0.phone_number,u1_0.updated_at,u1_0.username from users u1_0 where u1_0.username=?
2025-05-31 04:41:22 [http-nio-8081-exec-3] DEBUG org.hibernate.SQL - select r1_0.user_id,r1_1.id,r1_1.created_at,r1_1.name,p1_0.role_id,p1_1.id,p1_1.created_at,p1_1.description,p1_1.name,p1_1.updated_at,r1_1.updated_at from user_roles r1_0 join roles r1_1 on r1_1.id=r1_0.role_id left join role_permissions p1_0 on r1_1.id=p1_0.role_id left join permissions p1_1 on p1_1.id=p1_0.permission_id where r1_0.user_id=?
2025-05-31 04:41:22 [http-nio-8081-exec-3] INFO  o.g.login.controller.AuthController - getCurrentUser: Returning user details for admin
2025-05-31 04:41:22 [http-nio-8081-exec-3] DEBUG o.s.w.s.m.m.a.HttpEntityMethodProcessor - Using 'application/json', given [*/*] and supported [application/json, application/*+json]
2025-05-31 04:41:22 [http-nio-8081-exec-3] DEBUG o.s.w.s.m.m.a.HttpEntityMethodProcessor - Writing [org.guidewire.login.dto.responses.UserResponse@3730fa12]
2025-05-31 04:41:22 [http-nio-8081-exec-3] DEBUG o.s.o.j.s.OpenEntityManagerInViewInterceptor - Closing JPA EntityManager in OpenEntityManagerInViewInterceptor
2025-05-31 04:41:22 [http-nio-8081-exec-3] DEBUG o.s.web.servlet.DispatcherServlet - Completed 200 OK
2025-05-31 04:41:22 [http-nio-8081-exec-5] DEBUG o.s.security.web.FilterChainProxy - Securing GET /api/auth/user/details
2025-05-31 04:41:22 [http-nio-8081-exec-5] DEBUG o.g.l.s.JwtAuthenticationFilter - doFilterInternal: No valid Authorization header found, skipping JWT processing.
2025-05-31 04:41:22 [http-nio-8081-exec-5] DEBUG o.s.s.w.a.AnonymousAuthenticationFilter - Set SecurityContextHolder to anonymous SecurityContext
2025-05-31 04:41:22 [http-nio-8081-exec-5] DEBUG o.s.security.web.FilterChainProxy - Secured GET /api/auth/user/details
2025-05-31 04:41:22 [http-nio-8081-exec-5] DEBUG o.s.web.servlet.DispatcherServlet - GET "/api/auth/user/details", parameters={}
2025-05-31 04:41:22 [http-nio-8081-exec-5] DEBUG o.s.w.s.m.m.a.RequestMappingHandlerMapping - Mapped to org.guidewire.login.controller.AuthController#fetchUserDetails(List)
2025-05-31 04:41:22 [http-nio-8081-exec-5] DEBUG o.s.o.j.s.OpenEntityManagerInViewInterceptor - Opening JPA EntityManager in OpenEntityManagerInViewInterceptor
2025-05-31 04:41:22 [http-nio-8081-exec-5] DEBUG o.s.w.s.m.m.a.RequestResponseBodyMethodProcessor - Read "application/json;charset=UTF-8" to [[ce3ef1d5-ef3e-42b1-9ba6-fc808ad7eef5, 4bcced83-fb72-4ea7-8957-2db00dd6fc95, 3d480867-d12b-4c5f-a725 (truncated)...]
2025-05-31 04:41:22 [http-nio-8081-exec-5] INFO  o.g.login.controller.AuthController - fetchUserDetails: Fetching details for users with IDs: [ce3ef1d5-ef3e-42b1-9ba6-fc808ad7eef5, 4bcced83-fb72-4ea7-8957-2db00dd6fc95, 3d480867-d12b-4c5f-a725-da17dd7e5590, c00fda99-1472-4452-8b18-fb0273c2db55]
2025-05-31 04:41:22 [http-nio-8081-exec-5] DEBUG o.s.orm.jpa.JpaTransactionManager - Found thread-bound EntityManager [SessionImpl(1052055459<open>)] for JPA transaction
2025-05-31 04:41:22 [http-nio-8081-exec-5] DEBUG o.s.orm.jpa.JpaTransactionManager - Creating new transaction with name [org.springframework.data.jpa.repository.support.SimpleJpaRepository.findAllById]: PROPAGATION_REQUIRED,ISOLATION_DEFAULT,readOnly
2025-05-31 04:41:22 [http-nio-8081-exec-5] DEBUG o.s.jdbc.datasource.DataSourceUtils - Setting JDBC Connection [HikariProxyConnection@2012716124 wrapping org.postgresql.jdbc.PgConnection@514f75a5] read-only
2025-05-31 04:41:22 [http-nio-8081-exec-5] DEBUG o.s.orm.jpa.JpaTransactionManager - Exposing JPA transaction as JDBC [org.springframework.orm.jpa.vendor.HibernateJpaDialect$HibernateConnectionHandle@b0e1dc4]
2025-05-31 04:41:22 [http-nio-8081-exec-5] DEBUG org.hibernate.SQL - select u1_0.id,u1_0.created_at,u1_0.email,u1_0.password,u1_0.phone_number,u1_0.updated_at,u1_0.username from users u1_0 where u1_0.id in (?,?,?,?)
2025-05-31 04:41:22 [http-nio-8081-exec-5] DEBUG org.hibernate.SQL - select r1_0.user_id,r1_1.id,r1_1.created_at,r1_1.name,p1_0.role_id,p1_1.id,p1_1.created_at,p1_1.description,p1_1.name,p1_1.updated_at,r1_1.updated_at from user_roles r1_0 join roles r1_1 on r1_1.id=r1_0.role_id left join role_permissions p1_0 on r1_1.id=p1_0.role_id left join permissions p1_1 on p1_1.id=p1_0.permission_id where r1_0.user_id=?
2025-05-31 04:41:22 [http-nio-8081-exec-5] DEBUG org.hibernate.SQL - select r1_0.user_id,r1_1.id,r1_1.created_at,r1_1.name,p1_0.role_id,p1_1.id,p1_1.created_at,p1_1.description,p1_1.name,p1_1.updated_at,r1_1.updated_at from user_roles r1_0 join roles r1_1 on r1_1.id=r1_0.role_id left join role_permissions p1_0 on r1_1.id=p1_0.role_id left join permissions p1_1 on p1_1.id=p1_0.permission_id where r1_0.user_id=?
2025-05-31 04:41:22 [http-nio-8081-exec-5] DEBUG org.hibernate.SQL - select r1_0.user_id,r1_1.id,r1_1.created_at,r1_1.name,p1_0.role_id,p1_1.id,p1_1.created_at,p1_1.description,p1_1.name,p1_1.updated_at,r1_1.updated_at from user_roles r1_0 join roles r1_1 on r1_1.id=r1_0.role_id left join role_permissions p1_0 on r1_1.id=p1_0.role_id left join permissions p1_1 on p1_1.id=p1_0.permission_id where r1_0.user_id=?
2025-05-31 04:41:22 [http-nio-8081-exec-5] DEBUG org.hibernate.SQL - select r1_0.user_id,r1_1.id,r1_1.created_at,r1_1.name,p1_0.role_id,p1_1.id,p1_1.created_at,p1_1.description,p1_1.name,p1_1.updated_at,r1_1.updated_at from user_roles r1_0 join roles r1_1 on r1_1.id=r1_0.role_id left join role_permissions p1_0 on r1_1.id=p1_0.role_id left join permissions p1_1 on p1_1.id=p1_0.permission_id where r1_0.user_id=?
2025-05-31 04:41:22 [http-nio-8081-exec-5] DEBUG o.s.orm.jpa.JpaTransactionManager - Initiating transaction commit
2025-05-31 04:41:22 [http-nio-8081-exec-5] DEBUG o.s.orm.jpa.JpaTransactionManager - Committing JPA transaction on EntityManager [SessionImpl(1052055459<open>)]
2025-05-31 04:41:22 [http-nio-8081-exec-5] DEBUG o.s.jdbc.datasource.DataSourceUtils - Resetting read-only flag of JDBC Connection [HikariProxyConnection@2012716124 wrapping org.postgresql.jdbc.PgConnection@514f75a5]
2025-05-31 04:41:22 [http-nio-8081-exec-5] DEBUG o.s.orm.jpa.JpaTransactionManager - Not closing pre-bound JPA EntityManager after transaction
2025-05-31 04:41:22 [http-nio-8081-exec-5] INFO  o.g.login.controller.AuthController - fetchUserDetails: Returning user details for users: [org.guidewire.login.dto.responses.UserResponse@183ab374, org.guidewire.login.dto.responses.UserResponse@5132d353, org.guidewire.login.dto.responses.UserResponse@6d888e33, org.guidewire.login.dto.responses.UserResponse@32bc8992]
2025-05-31 04:41:22 [http-nio-8081-exec-5] DEBUG o.s.w.s.m.m.a.HttpEntityMethodProcessor - Using 'application/json', given [*/*] and supported [application/json, application/*+json]
2025-05-31 04:41:22 [http-nio-8081-exec-5] DEBUG o.s.w.s.m.m.a.HttpEntityMethodProcessor - Writing [[org.guidewire.login.dto.responses.UserResponse@183ab374, org.guidewire.login.dto.responses.UserResp (truncated)...]
2025-05-31 04:41:22 [http-nio-8081-exec-5] DEBUG o.s.o.j.s.OpenEntityManagerInViewInterceptor - Closing JPA EntityManager in OpenEntityManagerInViewInterceptor
2025-05-31 04:41:22 [http-nio-8081-exec-5] DEBUG o.s.web.servlet.DispatcherServlet - Completed 200 OK
2025-05-31 04:41:23 [http-nio-8081-exec-6] DEBUG o.s.security.web.FilterChainProxy - Securing GET /api/auth/user/details
2025-05-31 04:41:23 [http-nio-8081-exec-6] DEBUG o.g.l.s.JwtAuthenticationFilter - doFilterInternal: No valid Authorization header found, skipping JWT processing.
2025-05-31 04:41:23 [http-nio-8081-exec-6] DEBUG o.s.s.w.a.AnonymousAuthenticationFilter - Set SecurityContextHolder to anonymous SecurityContext
2025-05-31 04:41:23 [http-nio-8081-exec-6] DEBUG o.s.security.web.FilterChainProxy - Secured GET /api/auth/user/details
2025-05-31 04:41:23 [http-nio-8081-exec-6] DEBUG o.s.web.servlet.DispatcherServlet - GET "/api/auth/user/details", parameters={}
2025-05-31 04:41:23 [http-nio-8081-exec-6] DEBUG o.s.w.s.m.m.a.RequestMappingHandlerMapping - Mapped to org.guidewire.login.controller.AuthController#fetchUserDetails(List)
2025-05-31 04:41:23 [http-nio-8081-exec-6] DEBUG o.s.o.j.s.OpenEntityManagerInViewInterceptor - Opening JPA EntityManager in OpenEntityManagerInViewInterceptor
2025-05-31 04:41:23 [http-nio-8081-exec-6] DEBUG o.s.w.s.m.m.a.RequestResponseBodyMethodProcessor - Read "application/json;charset=UTF-8" to [[3d480867-d12b-4c5f-a725-da17dd7e5590]]
2025-05-31 04:41:23 [http-nio-8081-exec-6] INFO  o.g.login.controller.AuthController - fetchUserDetails: Fetching details for users with IDs: [3d480867-d12b-4c5f-a725-da17dd7e5590]
2025-05-31 04:41:23 [http-nio-8081-exec-6] DEBUG o.s.orm.jpa.JpaTransactionManager - Found thread-bound EntityManager [SessionImpl(189714093<open>)] for JPA transaction
2025-05-31 04:41:23 [http-nio-8081-exec-6] DEBUG o.s.orm.jpa.JpaTransactionManager - Creating new transaction with name [org.springframework.data.jpa.repository.support.SimpleJpaRepository.findAllById]: PROPAGATION_REQUIRED,ISOLATION_DEFAULT,readOnly
2025-05-31 04:41:23 [http-nio-8081-exec-6] DEBUG o.s.jdbc.datasource.DataSourceUtils - Setting JDBC Connection [HikariProxyConnection@1800408123 wrapping org.postgresql.jdbc.PgConnection@514f75a5] read-only
2025-05-31 04:41:23 [http-nio-8081-exec-6] DEBUG o.s.orm.jpa.JpaTransactionManager - Exposing JPA transaction as JDBC [org.springframework.orm.jpa.vendor.HibernateJpaDialect$HibernateConnectionHandle@a581b6c]
2025-05-31 04:41:23 [http-nio-8081-exec-6] DEBUG org.hibernate.SQL - select u1_0.id,u1_0.created_at,u1_0.email,u1_0.password,u1_0.phone_number,u1_0.updated_at,u1_0.username from users u1_0 where u1_0.id in (?)
2025-05-31 04:41:23 [http-nio-8081-exec-6] DEBUG org.hibernate.SQL - select r1_0.user_id,r1_1.id,r1_1.created_at,r1_1.name,p1_0.role_id,p1_1.id,p1_1.created_at,p1_1.description,p1_1.name,p1_1.updated_at,r1_1.updated_at from user_roles r1_0 join roles r1_1 on r1_1.id=r1_0.role_id left join role_permissions p1_0 on r1_1.id=p1_0.role_id left join permissions p1_1 on p1_1.id=p1_0.permission_id where r1_0.user_id=?
2025-05-31 04:41:23 [http-nio-8081-exec-6] DEBUG o.s.orm.jpa.JpaTransactionManager - Initiating transaction commit
2025-05-31 04:41:23 [http-nio-8081-exec-6] DEBUG o.s.orm.jpa.JpaTransactionManager - Committing JPA transaction on EntityManager [SessionImpl(189714093<open>)]
2025-05-31 04:41:23 [http-nio-8081-exec-6] DEBUG o.s.jdbc.datasource.DataSourceUtils - Resetting read-only flag of JDBC Connection [HikariProxyConnection@1800408123 wrapping org.postgresql.jdbc.PgConnection@514f75a5]
2025-05-31 04:41:23 [http-nio-8081-exec-6] DEBUG o.s.orm.jpa.JpaTransactionManager - Not closing pre-bound JPA EntityManager after transaction
2025-05-31 04:41:23 [http-nio-8081-exec-6] INFO  o.g.login.controller.AuthController - fetchUserDetails: Returning user details for users: [org.guidewire.login.dto.responses.UserResponse@58df14d2]
2025-05-31 04:41:23 [http-nio-8081-exec-6] DEBUG o.s.w.s.m.m.a.HttpEntityMethodProcessor - Using 'application/json', given [*/*] and supported [application/json, application/*+json]
2025-05-31 04:41:23 [http-nio-8081-exec-6] DEBUG o.s.w.s.m.m.a.HttpEntityMethodProcessor - Writing [[org.guidewire.login.dto.responses.UserResponse@58df14d2]]
2025-05-31 04:41:23 [http-nio-8081-exec-6] DEBUG o.s.o.j.s.OpenEntityManagerInViewInterceptor - Closing JPA EntityManager in OpenEntityManagerInViewInterceptor
2025-05-31 04:41:23 [http-nio-8081-exec-6] DEBUG o.s.web.servlet.DispatcherServlet - Completed 200 OK
2025-05-31 04:41:23 [http-nio-8081-exec-4] DEBUG o.s.security.web.FilterChainProxy - Securing GET /api/auth/user/details
2025-05-31 04:41:23 [http-nio-8081-exec-4] DEBUG o.g.l.s.JwtAuthenticationFilter - doFilterInternal: No valid Authorization header found, skipping JWT processing.
2025-05-31 04:41:23 [http-nio-8081-exec-4] DEBUG o.s.s.w.a.AnonymousAuthenticationFilter - Set SecurityContextHolder to anonymous SecurityContext
2025-05-31 04:41:23 [http-nio-8081-exec-4] DEBUG o.s.security.web.FilterChainProxy - Secured GET /api/auth/user/details
2025-05-31 04:41:23 [http-nio-8081-exec-4] DEBUG o.s.web.servlet.DispatcherServlet - GET "/api/auth/user/details", parameters={}
2025-05-31 04:41:23 [http-nio-8081-exec-4] DEBUG o.s.w.s.m.m.a.RequestMappingHandlerMapping - Mapped to org.guidewire.login.controller.AuthController#fetchUserDetails(List)
2025-05-31 04:41:23 [http-nio-8081-exec-4] DEBUG o.s.o.j.s.OpenEntityManagerInViewInterceptor - Opening JPA EntityManager in OpenEntityManagerInViewInterceptor
2025-05-31 04:41:23 [http-nio-8081-exec-4] DEBUG o.s.w.s.m.m.a.RequestResponseBodyMethodProcessor - Read "application/json;charset=UTF-8" to [[3d480867-d12b-4c5f-a725-da17dd7e5590]]
2025-05-31 04:41:23 [http-nio-8081-exec-4] INFO  o.g.login.controller.AuthController - fetchUserDetails: Fetching details for users with IDs: [3d480867-d12b-4c5f-a725-da17dd7e5590]
2025-05-31 04:41:23 [http-nio-8081-exec-4] DEBUG o.s.orm.jpa.JpaTransactionManager - Found thread-bound EntityManager [SessionImpl(1565366071<open>)] for JPA transaction
2025-05-31 04:41:23 [http-nio-8081-exec-4] DEBUG o.s.orm.jpa.JpaTransactionManager - Creating new transaction with name [org.springframework.data.jpa.repository.support.SimpleJpaRepository.findAllById]: PROPAGATION_REQUIRED,ISOLATION_DEFAULT,readOnly
2025-05-31 04:41:23 [http-nio-8081-exec-4] DEBUG o.s.jdbc.datasource.DataSourceUtils - Setting JDBC Connection [HikariProxyConnection@544753633 wrapping org.postgresql.jdbc.PgConnection@514f75a5] read-only
2025-05-31 04:41:23 [http-nio-8081-exec-4] DEBUG o.s.orm.jpa.JpaTransactionManager - Exposing JPA transaction as JDBC [org.springframework.orm.jpa.vendor.HibernateJpaDialect$HibernateConnectionHandle@6466595f]
2025-05-31 04:41:23 [http-nio-8081-exec-4] DEBUG org.hibernate.SQL - select u1_0.id,u1_0.created_at,u1_0.email,u1_0.password,u1_0.phone_number,u1_0.updated_at,u1_0.username from users u1_0 where u1_0.id in (?)
2025-05-31 04:41:23 [http-nio-8081-exec-4] DEBUG org.hibernate.SQL - select r1_0.user_id,r1_1.id,r1_1.created_at,r1_1.name,p1_0.role_id,p1_1.id,p1_1.created_at,p1_1.description,p1_1.name,p1_1.updated_at,r1_1.updated_at from user_roles r1_0 join roles r1_1 on r1_1.id=r1_0.role_id left join role_permissions p1_0 on r1_1.id=p1_0.role_id left join permissions p1_1 on p1_1.id=p1_0.permission_id where r1_0.user_id=?
2025-05-31 04:41:23 [http-nio-8081-exec-4] DEBUG o.s.orm.jpa.JpaTransactionManager - Initiating transaction commit
2025-05-31 04:41:23 [http-nio-8081-exec-4] DEBUG o.s.orm.jpa.JpaTransactionManager - Committing JPA transaction on EntityManager [SessionImpl(1565366071<open>)]
2025-05-31 04:41:23 [http-nio-8081-exec-4] DEBUG o.s.jdbc.datasource.DataSourceUtils - Resetting read-only flag of JDBC Connection [HikariProxyConnection@544753633 wrapping org.postgresql.jdbc.PgConnection@514f75a5]
2025-05-31 04:41:23 [http-nio-8081-exec-4] DEBUG o.s.orm.jpa.JpaTransactionManager - Not closing pre-bound JPA EntityManager after transaction
2025-05-31 04:41:23 [http-nio-8081-exec-4] INFO  o.g.login.controller.AuthController - fetchUserDetails: Returning user details for users: [org.guidewire.login.dto.responses.UserResponse@dd49fe2]
2025-05-31 04:41:23 [http-nio-8081-exec-4] DEBUG o.s.w.s.m.m.a.HttpEntityMethodProcessor - Using 'application/json', given [*/*] and supported [application/json, application/*+json]
2025-05-31 04:41:23 [http-nio-8081-exec-4] DEBUG o.s.w.s.m.m.a.HttpEntityMethodProcessor - Writing [[org.guidewire.login.dto.responses.UserResponse@dd49fe2]]
2025-05-31 04:41:23 [http-nio-8081-exec-4] DEBUG o.s.o.j.s.OpenEntityManagerInViewInterceptor - Closing JPA EntityManager in OpenEntityManagerInViewInterceptor
2025-05-31 04:41:23 [http-nio-8081-exec-4] DEBUG o.s.web.servlet.DispatcherServlet - Completed 200 OK
2025-05-31 04:41:24 [http-nio-8081-exec-7] DEBUG o.s.security.web.FilterChainProxy - Securing GET /api/auth/users/list
2025-05-31 04:41:24 [http-nio-8081-exec-7] INFO  o.g.l.s.JwtAuthenticationFilter - doFilterInternal: Extracted username 'admin' with roles [ADMIN] and permissions [DELETE_TASK, EDIT_USER, CREATE_TASK, CREATE_USER, VIEW_DASHBOARD, ADD_WATCHER, DELETE_USER, CLOSE_TASK, VIEW_TASK, VIEW_ROLE, COMMENT_TASK, ASSIGN_TASK, EDIT_ROLE, ADD_SUBTASK, REMOVE_SUBTASK, DELETE_ROLE, REMOVE_WATCHER, CREATE_ROLE, REOPEN_TASK, ASSIGN_ROLE, EDIT_TASK, VIEW_USER]
2025-05-31 04:41:24 [http-nio-8081-exec-7] INFO  o.g.l.s.CustomUserDetailsService - loadUserByUsername: Searching for user: admin
2025-05-31 04:41:24 [http-nio-8081-exec-7] DEBUG o.s.o.j.SharedEntityManagerCreator$SharedEntityManagerInvocationHandler - Creating new EntityManager for shared EntityManager invocation
2025-05-31 04:41:24 [http-nio-8081-exec-7] DEBUG org.hibernate.SQL - select u1_0.id,u1_0.created_at,u1_0.email,u1_0.password,u1_0.phone_number,u1_0.updated_at,u1_0.username from users u1_0 where u1_0.username=?
2025-05-31 04:41:24 [http-nio-8081-exec-7] DEBUG org.hibernate.SQL - select r1_0.user_id,r1_1.id,r1_1.created_at,r1_1.name,p1_0.role_id,p1_1.id,p1_1.created_at,p1_1.description,p1_1.name,p1_1.updated_at,r1_1.updated_at from user_roles r1_0 join roles r1_1 on r1_1.id=r1_0.role_id left join role_permissions p1_0 on r1_1.id=p1_0.role_id left join permissions p1_1 on p1_1.id=p1_0.permission_id where r1_0.user_id=?
2025-05-31 04:41:24 [http-nio-8081-exec-7] INFO  o.g.l.s.CustomUserDetailsService - loadUserByUsername: User admin found with roles: [org.guidewire.login.model.Role@680a1991]
2025-05-31 04:41:24 [http-nio-8081-exec-7] INFO  o.g.login.security.CustomUserDetails - Initializing CustomUserDetails for user: admin
2025-05-31 04:41:24 [http-nio-8081-exec-7] DEBUG o.g.login.security.CustomUserDetails - User admin has roles: [ADMIN]
2025-05-31 04:41:24 [http-nio-8081-exec-7] DEBUG o.g.login.security.CustomUserDetails - User admin has permissions: [DELETE_TASK, EDIT_USER, CREATE_TASK, CREATE_USER, ADD_WATCHER, VIEW_DASHBOARD, DELETE_USER, VIEW_TASK, VIEW_ROLE, CLOSE_TASK, COMMENT_TASK, ASSIGN_TASK, EDIT_ROLE, ADD_SUBTASK, REMOVE_SUBTASK, REMOVE_WATCHER, DELETE_ROLE, CREATE_ROLE, REOPEN_TASK, ASSIGN_ROLE, EDIT_TASK, VIEW_USER]
2025-05-31 04:41:24 [http-nio-8081-exec-7] INFO  o.g.login.security.CustomUserDetails - CustomUserDetails initialized successfully for user: admin
2025-05-31 04:41:24 [http-nio-8081-exec-7] INFO  o.guidewire.login.security.JwtUtil - validateToken:JWT validated successfully for user: admin
2025-05-31 04:41:24 [http-nio-8081-exec-7] INFO  o.g.l.s.JwtAuthenticationFilter - doFilterInternal: Authentication successful for user 'admin'. Authorities: [ROLE_ADMIN, DELETE_TASK, EDIT_USER, CREATE_TASK, CREATE_USER, VIEW_DASHBOARD, ADD_WATCHER, DELETE_USER, CLOSE_TASK, VIEW_TASK, VIEW_ROLE, COMMENT_TASK, ASSIGN_TASK, EDIT_ROLE, ADD_SUBTASK, REMOVE_SUBTASK, DELETE_ROLE, REMOVE_WATCHER, CREATE_ROLE, REOPEN_TASK, ASSIGN_ROLE, EDIT_TASK, VIEW_USER]
2025-05-31 04:41:24 [http-nio-8081-exec-7] DEBUG o.s.security.web.FilterChainProxy - Secured GET /api/auth/users/list
2025-05-31 04:41:24 [http-nio-8081-exec-7] DEBUG o.s.web.servlet.DispatcherServlet - GET "/api/auth/users/list", parameters={}
2025-05-31 04:41:24 [http-nio-8081-exec-7] DEBUG o.s.w.s.m.m.a.RequestMappingHandlerMapping - Mapped to org.guidewire.login.controller.UserController#getAllUsers()
2025-05-31 04:41:24 [http-nio-8081-exec-7] DEBUG o.s.o.j.s.OpenEntityManagerInViewInterceptor - Opening JPA EntityManager in OpenEntityManagerInViewInterceptor
2025-05-31 04:41:24 [http-nio-8081-exec-7] INFO  o.g.login.services.UserService - getAllUsers: Fetching all users from the database.
2025-05-31 04:41:24 [http-nio-8081-exec-7] DEBUG o.s.orm.jpa.JpaTransactionManager - Found thread-bound EntityManager [SessionImpl(1730349592<open>)] for JPA transaction
2025-05-31 04:41:24 [http-nio-8081-exec-7] DEBUG o.s.orm.jpa.JpaTransactionManager - Creating new transaction with name [org.springframework.data.jpa.repository.support.SimpleJpaRepository.findAll]: PROPAGATION_REQUIRED,ISOLATION_DEFAULT,readOnly
2025-05-31 04:41:24 [http-nio-8081-exec-7] DEBUG o.s.jdbc.datasource.DataSourceUtils - Setting JDBC Connection [HikariProxyConnection@1763598257 wrapping org.postgresql.jdbc.PgConnection@514f75a5] read-only
2025-05-31 04:41:24 [http-nio-8081-exec-7] DEBUG o.s.orm.jpa.JpaTransactionManager - Exposing JPA transaction as JDBC [org.springframework.orm.jpa.vendor.HibernateJpaDialect$HibernateConnectionHandle@4f891b2e]
2025-05-31 04:41:24 [http-nio-8081-exec-7] DEBUG org.hibernate.SQL - select u1_0.id,u1_0.created_at,u1_0.email,u1_0.password,u1_0.phone_number,u1_0.updated_at,u1_0.username from users u1_0
2025-05-31 04:41:24 [http-nio-8081-exec-7] DEBUG org.hibernate.SQL - select r1_0.user_id,r1_1.id,r1_1.created_at,r1_1.name,p1_0.role_id,p1_1.id,p1_1.created_at,p1_1.description,p1_1.name,p1_1.updated_at,r1_1.updated_at from user_roles r1_0 join roles r1_1 on r1_1.id=r1_0.role_id left join role_permissions p1_0 on r1_1.id=p1_0.role_id left join permissions p1_1 on p1_1.id=p1_0.permission_id where r1_0.user_id=?
2025-05-31 04:41:24 [http-nio-8081-exec-7] DEBUG org.hibernate.SQL - select r1_0.user_id,r1_1.id,r1_1.created_at,r1_1.name,p1_0.role_id,p1_1.id,p1_1.created_at,p1_1.description,p1_1.name,p1_1.updated_at,r1_1.updated_at from user_roles r1_0 join roles r1_1 on r1_1.id=r1_0.role_id left join role_permissions p1_0 on r1_1.id=p1_0.role_id left join permissions p1_1 on p1_1.id=p1_0.permission_id where r1_0.user_id=?
2025-05-31 04:41:24 [http-nio-8081-exec-7] DEBUG org.hibernate.SQL - select r1_0.user_id,r1_1.id,r1_1.created_at,r1_1.name,p1_0.role_id,p1_1.id,p1_1.created_at,p1_1.description,p1_1.name,p1_1.updated_at,r1_1.updated_at from user_roles r1_0 join roles r1_1 on r1_1.id=r1_0.role_id left join role_permissions p1_0 on r1_1.id=p1_0.role_id left join permissions p1_1 on p1_1.id=p1_0.permission_id where r1_0.user_id=?
2025-05-31 04:41:24 [http-nio-8081-exec-7] DEBUG org.hibernate.SQL - select r1_0.user_id,r1_1.id,r1_1.created_at,r1_1.name,p1_0.role_id,p1_1.id,p1_1.created_at,p1_1.description,p1_1.name,p1_1.updated_at,r1_1.updated_at from user_roles r1_0 join roles r1_1 on r1_1.id=r1_0.role_id left join role_permissions p1_0 on r1_1.id=p1_0.role_id left join permissions p1_1 on p1_1.id=p1_0.permission_id where r1_0.user_id=?
2025-05-31 04:41:24 [http-nio-8081-exec-7] DEBUG org.hibernate.SQL - select r1_0.user_id,r1_1.id,r1_1.created_at,r1_1.name,p1_0.role_id,p1_1.id,p1_1.created_at,p1_1.description,p1_1.name,p1_1.updated_at,r1_1.updated_at from user_roles r1_0 join roles r1_1 on r1_1.id=r1_0.role_id left join role_permissions p1_0 on r1_1.id=p1_0.role_id left join permissions p1_1 on p1_1.id=p1_0.permission_id where r1_0.user_id=?
2025-05-31 04:41:24 [http-nio-8081-exec-7] DEBUG org.hibernate.SQL - select r1_0.user_id,r1_1.id,r1_1.created_at,r1_1.name,p1_0.role_id,p1_1.id,p1_1.created_at,p1_1.description,p1_1.name,p1_1.updated_at,r1_1.updated_at from user_roles r1_0 join roles r1_1 on r1_1.id=r1_0.role_id left join role_permissions p1_0 on r1_1.id=p1_0.role_id left join permissions p1_1 on p1_1.id=p1_0.permission_id where r1_0.user_id=?
2025-05-31 04:41:24 [http-nio-8081-exec-7] DEBUG o.s.orm.jpa.JpaTransactionManager - Initiating transaction commit
2025-05-31 04:41:24 [http-nio-8081-exec-7] DEBUG o.s.orm.jpa.JpaTransactionManager - Committing JPA transaction on EntityManager [SessionImpl(1730349592<open>)]
2025-05-31 04:41:24 [http-nio-8081-exec-7] DEBUG o.s.jdbc.datasource.DataSourceUtils - Resetting read-only flag of JDBC Connection [HikariProxyConnection@1763598257 wrapping org.postgresql.jdbc.PgConnection@514f75a5]
2025-05-31 04:41:24 [http-nio-8081-exec-7] DEBUG o.s.orm.jpa.JpaTransactionManager - Not closing pre-bound JPA EntityManager after transaction
2025-05-31 04:41:24 [http-nio-8081-exec-7] INFO  o.g.login.services.UserService - getAllUsers: Retrieved 6 users.
2025-05-31 04:41:24 [http-nio-8081-exec-7] DEBUG o.s.w.s.m.m.a.HttpEntityMethodProcessor - Using 'application/json', given [*/*] and supported [application/json, application/*+json]
2025-05-31 04:41:24 [http-nio-8081-exec-7] DEBUG o.s.w.s.m.m.a.HttpEntityMethodProcessor - Writing [[org.guidewire.login.dto.responses.UserResponse@7f428ea7, org.guidewire.login.dto.responses.UserResp (truncated)...]
2025-05-31 04:41:24 [http-nio-8081-exec-7] DEBUG o.s.o.j.s.OpenEntityManagerInViewInterceptor - Closing JPA EntityManager in OpenEntityManagerInViewInterceptor
2025-05-31 04:41:24 [http-nio-8081-exec-7] DEBUG o.s.web.servlet.DispatcherServlet - Completed 200 OK
2025-05-31 04:41:25 [http-nio-8081-exec-8] DEBUG o.s.security.web.FilterChainProxy - Securing GET /api/auth/user/details
2025-05-31 04:41:25 [http-nio-8081-exec-8] INFO  o.g.l.s.JwtAuthenticationFilter - doFilterInternal: Extracted username 'admin' with roles [ADMIN] and permissions [DELETE_TASK, EDIT_USER, CREATE_TASK, CREATE_USER, VIEW_DASHBOARD, ADD_WATCHER, DELETE_USER, CLOSE_TASK, VIEW_TASK, VIEW_ROLE, COMMENT_TASK, ASSIGN_TASK, EDIT_ROLE, ADD_SUBTASK, REMOVE_SUBTASK, DELETE_ROLE, REMOVE_WATCHER, CREATE_ROLE, REOPEN_TASK, ASSIGN_ROLE, EDIT_TASK, VIEW_USER]
2025-05-31 04:41:25 [http-nio-8081-exec-8] INFO  o.g.l.s.CustomUserDetailsService - loadUserByUsername: Searching for user: admin
2025-05-31 04:41:25 [http-nio-8081-exec-8] DEBUG o.s.o.j.SharedEntityManagerCreator$SharedEntityManagerInvocationHandler - Creating new EntityManager for shared EntityManager invocation
2025-05-31 04:41:25 [http-nio-8081-exec-8] DEBUG org.hibernate.SQL - select u1_0.id,u1_0.created_at,u1_0.email,u1_0.password,u1_0.phone_number,u1_0.updated_at,u1_0.username from users u1_0 where u1_0.username=?
2025-05-31 04:41:25 [http-nio-8081-exec-8] DEBUG org.hibernate.SQL - select r1_0.user_id,r1_1.id,r1_1.created_at,r1_1.name,p1_0.role_id,p1_1.id,p1_1.created_at,p1_1.description,p1_1.name,p1_1.updated_at,r1_1.updated_at from user_roles r1_0 join roles r1_1 on r1_1.id=r1_0.role_id left join role_permissions p1_0 on r1_1.id=p1_0.role_id left join permissions p1_1 on p1_1.id=p1_0.permission_id where r1_0.user_id=?
2025-05-31 04:41:25 [http-nio-8081-exec-8] INFO  o.g.l.s.CustomUserDetailsService - loadUserByUsername: User admin found with roles: [org.guidewire.login.model.Role@4ace5890]
2025-05-31 04:41:25 [http-nio-8081-exec-8] INFO  o.g.login.security.CustomUserDetails - Initializing CustomUserDetails for user: admin
2025-05-31 04:41:25 [http-nio-8081-exec-8] DEBUG o.g.login.security.CustomUserDetails - User admin has roles: [ADMIN]
2025-05-31 04:41:25 [http-nio-8081-exec-8] DEBUG o.g.login.security.CustomUserDetails - User admin has permissions: [DELETE_TASK, EDIT_USER, CREATE_TASK, CREATE_USER, DELETE_USER, ADD_WATCHER, VIEW_DASHBOARD, CLOSE_TASK, VIEW_TASK, VIEW_ROLE, ASSIGN_TASK, COMMENT_TASK, EDIT_ROLE, ADD_SUBTASK, REMOVE_SUBTASK, DELETE_ROLE, REMOVE_WATCHER, CREATE_ROLE, REOPEN_TASK, ASSIGN_ROLE, EDIT_TASK, VIEW_USER]
2025-05-31 04:41:25 [http-nio-8081-exec-8] INFO  o.g.login.security.CustomUserDetails - CustomUserDetails initialized successfully for user: admin
2025-05-31 04:41:25 [http-nio-8081-exec-8] INFO  o.guidewire.login.security.JwtUtil - validateToken:JWT validated successfully for user: admin
2025-05-31 04:41:25 [http-nio-8081-exec-8] INFO  o.g.l.s.JwtAuthenticationFilter - doFilterInternal: Authentication successful for user 'admin'. Authorities: [ROLE_ADMIN, DELETE_TASK, EDIT_USER, CREATE_TASK, CREATE_USER, VIEW_DASHBOARD, ADD_WATCHER, DELETE_USER, CLOSE_TASK, VIEW_TASK, VIEW_ROLE, COMMENT_TASK, ASSIGN_TASK, EDIT_ROLE, ADD_SUBTASK, REMOVE_SUBTASK, DELETE_ROLE, REMOVE_WATCHER, CREATE_ROLE, REOPEN_TASK, ASSIGN_ROLE, EDIT_TASK, VIEW_USER]
2025-05-31 04:41:25 [http-nio-8081-exec-9] DEBUG o.s.security.web.FilterChainProxy - Securing GET /api/auth/user/details
2025-05-31 04:41:25 [http-nio-8081-exec-8] DEBUG o.s.security.web.FilterChainProxy - Secured GET /api/auth/user/details
2025-05-31 04:41:25 [http-nio-8081-exec-8] DEBUG o.s.web.servlet.DispatcherServlet - GET "/api/auth/user/details", parameters={}
2025-05-31 04:41:25 [http-nio-8081-exec-8] DEBUG o.s.w.s.m.m.a.RequestMappingHandlerMapping - Mapped to org.guidewire.login.controller.AuthController#fetchUserDetails(List)
2025-05-31 04:41:25 [http-nio-8081-exec-8] DEBUG o.s.o.j.s.OpenEntityManagerInViewInterceptor - Opening JPA EntityManager in OpenEntityManagerInViewInterceptor
2025-05-31 04:41:25 [http-nio-8081-exec-8] DEBUG o.s.w.s.m.m.a.RequestResponseBodyMethodProcessor - Read "application/json;charset=UTF-8" to [[3d480867-d12b-4c5f-a725-da17dd7e5590]]
2025-05-31 04:41:25 [http-nio-8081-exec-8] INFO  o.g.login.controller.AuthController - fetchUserDetails: Fetching details for users with IDs: [3d480867-d12b-4c5f-a725-da17dd7e5590]
2025-05-31 04:41:25 [http-nio-8081-exec-8] DEBUG o.s.orm.jpa.JpaTransactionManager - Found thread-bound EntityManager [SessionImpl(1711931088<open>)] for JPA transaction
2025-05-31 04:41:25 [http-nio-8081-exec-8] DEBUG o.s.orm.jpa.JpaTransactionManager - Creating new transaction with name [org.springframework.data.jpa.repository.support.SimpleJpaRepository.findAllById]: PROPAGATION_REQUIRED,ISOLATION_DEFAULT,readOnly
2025-05-31 04:41:25 [http-nio-8081-exec-8] DEBUG o.s.jdbc.datasource.DataSourceUtils - Setting JDBC Connection [HikariProxyConnection@1673803138 wrapping org.postgresql.jdbc.PgConnection@514f75a5] read-only
2025-05-31 04:41:25 [http-nio-8081-exec-8] DEBUG o.s.orm.jpa.JpaTransactionManager - Exposing JPA transaction as JDBC [org.springframework.orm.jpa.vendor.HibernateJpaDialect$HibernateConnectionHandle@24e1ed72]
2025-05-31 04:41:25 [http-nio-8081-exec-9] INFO  o.g.l.s.JwtAuthenticationFilter - doFilterInternal: Extracted username 'admin' with roles [ADMIN] and permissions [DELETE_TASK, EDIT_USER, CREATE_TASK, CREATE_USER, VIEW_DASHBOARD, ADD_WATCHER, DELETE_USER, CLOSE_TASK, VIEW_TASK, VIEW_ROLE, COMMENT_TASK, ASSIGN_TASK, EDIT_ROLE, ADD_SUBTASK, REMOVE_SUBTASK, DELETE_ROLE, REMOVE_WATCHER, CREATE_ROLE, REOPEN_TASK, ASSIGN_ROLE, EDIT_TASK, VIEW_USER]
2025-05-31 04:41:25 [http-nio-8081-exec-9] INFO  o.g.l.s.CustomUserDetailsService - loadUserByUsername: Searching for user: admin
2025-05-31 04:41:25 [http-nio-8081-exec-9] DEBUG o.s.o.j.SharedEntityManagerCreator$SharedEntityManagerInvocationHandler - Creating new EntityManager for shared EntityManager invocation
2025-05-31 04:41:25 [http-nio-8081-exec-8] DEBUG org.hibernate.SQL - select u1_0.id,u1_0.created_at,u1_0.email,u1_0.password,u1_0.phone_number,u1_0.updated_at,u1_0.username from users u1_0 where u1_0.id in (?)
2025-05-31 04:41:25 [http-nio-8081-exec-9] DEBUG org.hibernate.SQL - select u1_0.id,u1_0.created_at,u1_0.email,u1_0.password,u1_0.phone_number,u1_0.updated_at,u1_0.username from users u1_0 where u1_0.username=?
2025-05-31 04:41:25 [http-nio-8081-exec-8] DEBUG org.hibernate.SQL - select r1_0.user_id,r1_1.id,r1_1.created_at,r1_1.name,p1_0.role_id,p1_1.id,p1_1.created_at,p1_1.description,p1_1.name,p1_1.updated_at,r1_1.updated_at from user_roles r1_0 join roles r1_1 on r1_1.id=r1_0.role_id left join role_permissions p1_0 on r1_1.id=p1_0.role_id left join permissions p1_1 on p1_1.id=p1_0.permission_id where r1_0.user_id=?
2025-05-31 04:41:25 [http-nio-8081-exec-8] DEBUG o.s.orm.jpa.JpaTransactionManager - Initiating transaction commit
2025-05-31 04:41:25 [http-nio-8081-exec-8] DEBUG o.s.orm.jpa.JpaTransactionManager - Committing JPA transaction on EntityManager [SessionImpl(1711931088<open>)]
2025-05-31 04:41:25 [http-nio-8081-exec-8] DEBUG o.s.jdbc.datasource.DataSourceUtils - Resetting read-only flag of JDBC Connection [HikariProxyConnection@1673803138 wrapping org.postgresql.jdbc.PgConnection@514f75a5]
2025-05-31 04:41:25 [http-nio-8081-exec-8] DEBUG o.s.orm.jpa.JpaTransactionManager - Not closing pre-bound JPA EntityManager after transaction
2025-05-31 04:41:25 [http-nio-8081-exec-8] INFO  o.g.login.controller.AuthController - fetchUserDetails: Returning user details for users: [org.guidewire.login.dto.responses.UserResponse@229996a1]
2025-05-31 04:41:25 [http-nio-8081-exec-8] DEBUG o.s.w.s.m.m.a.HttpEntityMethodProcessor - Using 'application/json', given [*/*] and supported [application/json, application/*+json]
2025-05-31 04:41:25 [http-nio-8081-exec-8] DEBUG o.s.w.s.m.m.a.HttpEntityMethodProcessor - Writing [[org.guidewire.login.dto.responses.UserResponse@229996a1]]
2025-05-31 04:41:25 [http-nio-8081-exec-8] DEBUG o.s.o.j.s.OpenEntityManagerInViewInterceptor - Closing JPA EntityManager in OpenEntityManagerInViewInterceptor
2025-05-31 04:41:25 [http-nio-8081-exec-8] DEBUG o.s.web.servlet.DispatcherServlet - Completed 200 OK
2025-05-31 04:41:25 [http-nio-8081-exec-9] DEBUG org.hibernate.SQL - select r1_0.user_id,r1_1.id,r1_1.created_at,r1_1.name,p1_0.role_id,p1_1.id,p1_1.created_at,p1_1.description,p1_1.name,p1_1.updated_at,r1_1.updated_at from user_roles r1_0 join roles r1_1 on r1_1.id=r1_0.role_id left join role_permissions p1_0 on r1_1.id=p1_0.role_id left join permissions p1_1 on p1_1.id=p1_0.permission_id where r1_0.user_id=?
2025-05-31 04:41:25 [http-nio-8081-exec-9] INFO  o.g.l.s.CustomUserDetailsService - loadUserByUsername: User admin found with roles: [org.guidewire.login.model.Role@17faa1e0]
2025-05-31 04:41:25 [http-nio-8081-exec-9] INFO  o.g.login.security.CustomUserDetails - Initializing CustomUserDetails for user: admin
2025-05-31 04:41:25 [http-nio-8081-exec-9] DEBUG o.g.login.security.CustomUserDetails - User admin has roles: [ADMIN]
2025-05-31 04:41:25 [http-nio-8081-exec-9] DEBUG o.g.login.security.CustomUserDetails - User admin has permissions: [DELETE_TASK, EDIT_USER, CREATE_TASK, CREATE_USER, ADD_WATCHER, DELETE_USER, VIEW_DASHBOARD, VIEW_TASK, CLOSE_TASK, VIEW_ROLE, COMMENT_TASK, ASSIGN_TASK, EDIT_ROLE, ADD_SUBTASK, REMOVE_SUBTASK, REMOVE_WATCHER, DELETE_ROLE, CREATE_ROLE, REOPEN_TASK, ASSIGN_ROLE, EDIT_TASK, VIEW_USER]
2025-05-31 04:41:25 [http-nio-8081-exec-9] INFO  o.g.login.security.CustomUserDetails - CustomUserDetails initialized successfully for user: admin
2025-05-31 04:41:25 [http-nio-8081-exec-9] INFO  o.guidewire.login.security.JwtUtil - validateToken:JWT validated successfully for user: admin
2025-05-31 04:41:25 [http-nio-8081-exec-9] INFO  o.g.l.s.JwtAuthenticationFilter - doFilterInternal: Authentication successful for user 'admin'. Authorities: [ROLE_ADMIN, DELETE_TASK, EDIT_USER, CREATE_TASK, CREATE_USER, VIEW_DASHBOARD, ADD_WATCHER, DELETE_USER, CLOSE_TASK, VIEW_TASK, VIEW_ROLE, COMMENT_TASK, ASSIGN_TASK, EDIT_ROLE, ADD_SUBTASK, REMOVE_SUBTASK, DELETE_ROLE, REMOVE_WATCHER, CREATE_ROLE, REOPEN_TASK, ASSIGN_ROLE, EDIT_TASK, VIEW_USER]
2025-05-31 04:41:25 [http-nio-8081-exec-9] DEBUG o.s.security.web.FilterChainProxy - Secured GET /api/auth/user/details
2025-05-31 04:41:25 [http-nio-8081-exec-9] DEBUG o.s.web.servlet.DispatcherServlet - GET "/api/auth/user/details", parameters={}
2025-05-31 04:41:25 [http-nio-8081-exec-9] DEBUG o.s.w.s.m.m.a.RequestMappingHandlerMapping - Mapped to org.guidewire.login.controller.AuthController#fetchUserDetails(List)
2025-05-31 04:41:25 [http-nio-8081-exec-9] DEBUG o.s.o.j.s.OpenEntityManagerInViewInterceptor - Opening JPA EntityManager in OpenEntityManagerInViewInterceptor
2025-05-31 04:41:25 [http-nio-8081-exec-9] DEBUG o.s.w.s.m.m.a.RequestResponseBodyMethodProcessor - Read "application/json;charset=UTF-8" to [[3d480867-d12b-4c5f-a725-da17dd7e5590]]
2025-05-31 04:41:25 [http-nio-8081-exec-9] INFO  o.g.login.controller.AuthController - fetchUserDetails: Fetching details for users with IDs: [3d480867-d12b-4c5f-a725-da17dd7e5590]
2025-05-31 04:41:25 [http-nio-8081-exec-9] DEBUG o.s.orm.jpa.JpaTransactionManager - Found thread-bound EntityManager [SessionImpl(227751199<open>)] for JPA transaction
2025-05-31 04:41:25 [http-nio-8081-exec-9] DEBUG o.s.orm.jpa.JpaTransactionManager - Creating new transaction with name [org.springframework.data.jpa.repository.support.SimpleJpaRepository.findAllById]: PROPAGATION_REQUIRED,ISOLATION_DEFAULT,readOnly
2025-05-31 04:41:25 [http-nio-8081-exec-9] DEBUG o.s.jdbc.datasource.DataSourceUtils - Setting JDBC Connection [HikariProxyConnection@937898413 wrapping org.postgresql.jdbc.PgConnection@54d91e0c] read-only
2025-05-31 04:41:25 [http-nio-8081-exec-9] DEBUG o.s.orm.jpa.JpaTransactionManager - Exposing JPA transaction as JDBC [org.springframework.orm.jpa.vendor.HibernateJpaDialect$HibernateConnectionHandle@636776f6]
2025-05-31 04:41:25 [http-nio-8081-exec-9] DEBUG org.hibernate.SQL - select u1_0.id,u1_0.created_at,u1_0.email,u1_0.password,u1_0.phone_number,u1_0.updated_at,u1_0.username from users u1_0 where u1_0.id in (?)
2025-05-31 04:41:25 [http-nio-8081-exec-9] DEBUG org.hibernate.SQL - select r1_0.user_id,r1_1.id,r1_1.created_at,r1_1.name,p1_0.role_id,p1_1.id,p1_1.created_at,p1_1.description,p1_1.name,p1_1.updated_at,r1_1.updated_at from user_roles r1_0 join roles r1_1 on r1_1.id=r1_0.role_id left join role_permissions p1_0 on r1_1.id=p1_0.role_id left join permissions p1_1 on p1_1.id=p1_0.permission_id where r1_0.user_id=?
2025-05-31 04:41:25 [http-nio-8081-exec-9] DEBUG o.s.orm.jpa.JpaTransactionManager - Initiating transaction commit
2025-05-31 04:41:25 [http-nio-8081-exec-9] DEBUG o.s.orm.jpa.JpaTransactionManager - Committing JPA transaction on EntityManager [SessionImpl(227751199<open>)]
2025-05-31 04:41:25 [http-nio-8081-exec-9] DEBUG o.s.jdbc.datasource.DataSourceUtils - Resetting read-only flag of JDBC Connection [HikariProxyConnection@937898413 wrapping org.postgresql.jdbc.PgConnection@54d91e0c]
2025-05-31 04:41:25 [http-nio-8081-exec-9] DEBUG o.s.orm.jpa.JpaTransactionManager - Not closing pre-bound JPA EntityManager after transaction
2025-05-31 04:41:25 [http-nio-8081-exec-9] INFO  o.g.login.controller.AuthController - fetchUserDetails: Returning user details for users: [org.guidewire.login.dto.responses.UserResponse@531120ab]
2025-05-31 04:41:25 [http-nio-8081-exec-9] DEBUG o.s.w.s.m.m.a.HttpEntityMethodProcessor - Using 'application/json', given [*/*] and supported [application/json, application/*+json]
2025-05-31 04:41:25 [http-nio-8081-exec-9] DEBUG o.s.w.s.m.m.a.HttpEntityMethodProcessor - Writing [[org.guidewire.login.dto.responses.UserResponse@531120ab]]
2025-05-31 04:41:25 [http-nio-8081-exec-9] DEBUG o.s.o.j.s.OpenEntityManagerInViewInterceptor - Closing JPA EntityManager in OpenEntityManagerInViewInterceptor
2025-05-31 04:41:25 [http-nio-8081-exec-9] DEBUG o.s.web.servlet.DispatcherServlet - Completed 200 OK
2025-05-31 04:41:25 [http-nio-8081-exec-10] DEBUG o.s.security.web.FilterChainProxy - Securing GET /api/auth/user/details
2025-05-31 04:41:25 [http-nio-8081-exec-10] DEBUG o.g.l.s.JwtAuthenticationFilter - doFilterInternal: No valid Authorization header found, skipping JWT processing.
2025-05-31 04:41:25 [http-nio-8081-exec-10] DEBUG o.s.s.w.a.AnonymousAuthenticationFilter - Set SecurityContextHolder to anonymous SecurityContext
2025-05-31 04:41:25 [http-nio-8081-exec-10] DEBUG o.s.security.web.FilterChainProxy - Secured GET /api/auth/user/details
2025-05-31 04:41:25 [http-nio-8081-exec-10] DEBUG o.s.web.servlet.DispatcherServlet - GET "/api/auth/user/details", parameters={}
2025-05-31 04:41:25 [http-nio-8081-exec-10] DEBUG o.s.w.s.m.m.a.RequestMappingHandlerMapping - Mapped to org.guidewire.login.controller.AuthController#fetchUserDetails(List)
2025-05-31 04:41:25 [http-nio-8081-exec-10] DEBUG o.s.o.j.s.OpenEntityManagerInViewInterceptor - Opening JPA EntityManager in OpenEntityManagerInViewInterceptor
2025-05-31 04:41:25 [http-nio-8081-exec-10] DEBUG o.s.w.s.m.m.a.RequestResponseBodyMethodProcessor - Read "application/json;charset=UTF-8" to [[ce3ef1d5-ef3e-42b1-9ba6-fc808ad7eef5, 4bcced83-fb72-4ea7-8957-2db00dd6fc95, 3d480867-d12b-4c5f-a725 (truncated)...]
2025-05-31 04:41:25 [http-nio-8081-exec-10] INFO  o.g.login.controller.AuthController - fetchUserDetails: Fetching details for users with IDs: [ce3ef1d5-ef3e-42b1-9ba6-fc808ad7eef5, 4bcced83-fb72-4ea7-8957-2db00dd6fc95, 3d480867-d12b-4c5f-a725-da17dd7e5590, c00fda99-1472-4452-8b18-fb0273c2db55]
2025-05-31 04:41:25 [http-nio-8081-exec-10] DEBUG o.s.orm.jpa.JpaTransactionManager - Found thread-bound EntityManager [SessionImpl(219050989<open>)] for JPA transaction
2025-05-31 04:41:25 [http-nio-8081-exec-10] DEBUG o.s.orm.jpa.JpaTransactionManager - Creating new transaction with name [org.springframework.data.jpa.repository.support.SimpleJpaRepository.findAllById]: PROPAGATION_REQUIRED,ISOLATION_DEFAULT,readOnly
2025-05-31 04:41:25 [http-nio-8081-exec-10] DEBUG o.s.jdbc.datasource.DataSourceUtils - Setting JDBC Connection [HikariProxyConnection@2129444169 wrapping org.postgresql.jdbc.PgConnection@514f75a5] read-only
2025-05-31 04:41:25 [http-nio-8081-exec-10] DEBUG o.s.orm.jpa.JpaTransactionManager - Exposing JPA transaction as JDBC [org.springframework.orm.jpa.vendor.HibernateJpaDialect$HibernateConnectionHandle@72f77bff]
2025-05-31 04:41:25 [http-nio-8081-exec-10] DEBUG org.hibernate.SQL - select u1_0.id,u1_0.created_at,u1_0.email,u1_0.password,u1_0.phone_number,u1_0.updated_at,u1_0.username from users u1_0 where u1_0.id in (?,?,?,?)
2025-05-31 04:41:25 [http-nio-8081-exec-10] DEBUG org.hibernate.SQL - select r1_0.user_id,r1_1.id,r1_1.created_at,r1_1.name,p1_0.role_id,p1_1.id,p1_1.created_at,p1_1.description,p1_1.name,p1_1.updated_at,r1_1.updated_at from user_roles r1_0 join roles r1_1 on r1_1.id=r1_0.role_id left join role_permissions p1_0 on r1_1.id=p1_0.role_id left join permissions p1_1 on p1_1.id=p1_0.permission_id where r1_0.user_id=?
2025-05-31 04:41:25 [http-nio-8081-exec-10] DEBUG org.hibernate.SQL - select r1_0.user_id,r1_1.id,r1_1.created_at,r1_1.name,p1_0.role_id,p1_1.id,p1_1.created_at,p1_1.description,p1_1.name,p1_1.updated_at,r1_1.updated_at from user_roles r1_0 join roles r1_1 on r1_1.id=r1_0.role_id left join role_permissions p1_0 on r1_1.id=p1_0.role_id left join permissions p1_1 on p1_1.id=p1_0.permission_id where r1_0.user_id=?
2025-05-31 04:41:25 [http-nio-8081-exec-10] DEBUG org.hibernate.SQL - select r1_0.user_id,r1_1.id,r1_1.created_at,r1_1.name,p1_0.role_id,p1_1.id,p1_1.created_at,p1_1.description,p1_1.name,p1_1.updated_at,r1_1.updated_at from user_roles r1_0 join roles r1_1 on r1_1.id=r1_0.role_id left join role_permissions p1_0 on r1_1.id=p1_0.role_id left join permissions p1_1 on p1_1.id=p1_0.permission_id where r1_0.user_id=?
2025-05-31 04:41:25 [http-nio-8081-exec-10] DEBUG org.hibernate.SQL - select r1_0.user_id,r1_1.id,r1_1.created_at,r1_1.name,p1_0.role_id,p1_1.id,p1_1.created_at,p1_1.description,p1_1.name,p1_1.updated_at,r1_1.updated_at from user_roles r1_0 join roles r1_1 on r1_1.id=r1_0.role_id left join role_permissions p1_0 on r1_1.id=p1_0.role_id left join permissions p1_1 on p1_1.id=p1_0.permission_id where r1_0.user_id=?
2025-05-31 04:41:25 [http-nio-8081-exec-10] DEBUG o.s.orm.jpa.JpaTransactionManager - Initiating transaction commit
2025-05-31 04:41:25 [http-nio-8081-exec-10] DEBUG o.s.orm.jpa.JpaTransactionManager - Committing JPA transaction on EntityManager [SessionImpl(219050989<open>)]
2025-05-31 04:41:25 [http-nio-8081-exec-10] DEBUG o.s.jdbc.datasource.DataSourceUtils - Resetting read-only flag of JDBC Connection [HikariProxyConnection@2129444169 wrapping org.postgresql.jdbc.PgConnection@514f75a5]
2025-05-31 04:41:25 [http-nio-8081-exec-10] DEBUG o.s.orm.jpa.JpaTransactionManager - Not closing pre-bound JPA EntityManager after transaction
2025-05-31 04:41:25 [http-nio-8081-exec-10] INFO  o.g.login.controller.AuthController - fetchUserDetails: Returning user details for users: [org.guidewire.login.dto.responses.UserResponse@2a0cabed, org.guidewire.login.dto.responses.UserResponse@3328a496, org.guidewire.login.dto.responses.UserResponse@76f0695b, org.guidewire.login.dto.responses.UserResponse@4e76d159]
2025-05-31 04:41:25 [http-nio-8081-exec-10] DEBUG o.s.w.s.m.m.a.HttpEntityMethodProcessor - Using 'application/json', given [*/*] and supported [application/json, application/*+json]
2025-05-31 04:41:25 [http-nio-8081-exec-10] DEBUG o.s.w.s.m.m.a.HttpEntityMethodProcessor - Writing [[org.guidewire.login.dto.responses.UserResponse@2a0cabed, org.guidewire.login.dto.responses.UserResp (truncated)...]
2025-05-31 04:41:25 [http-nio-8081-exec-10] DEBUG o.s.o.j.s.OpenEntityManagerInViewInterceptor - Closing JPA EntityManager in OpenEntityManagerInViewInterceptor
2025-05-31 04:41:25 [http-nio-8081-exec-10] DEBUG o.s.web.servlet.DispatcherServlet - Completed 200 OK
2025-05-31 04:41:29 [http-nio-8081-exec-2] DEBUG o.s.security.web.FilterChainProxy - Securing GET /api/auth/users/list
2025-05-31 04:41:29 [http-nio-8081-exec-2] INFO  o.g.l.s.JwtAuthenticationFilter - doFilterInternal: Extracted username 'admin' with roles [ADMIN] and permissions [DELETE_TASK, EDIT_USER, CREATE_TASK, CREATE_USER, VIEW_DASHBOARD, ADD_WATCHER, DELETE_USER, CLOSE_TASK, VIEW_TASK, VIEW_ROLE, COMMENT_TASK, ASSIGN_TASK, EDIT_ROLE, ADD_SUBTASK, REMOVE_SUBTASK, DELETE_ROLE, REMOVE_WATCHER, CREATE_ROLE, REOPEN_TASK, ASSIGN_ROLE, EDIT_TASK, VIEW_USER]
2025-05-31 04:41:29 [http-nio-8081-exec-2] INFO  o.g.l.s.CustomUserDetailsService - loadUserByUsername: Searching for user: admin
2025-05-31 04:41:29 [http-nio-8081-exec-2] DEBUG o.s.o.j.SharedEntityManagerCreator$SharedEntityManagerInvocationHandler - Creating new EntityManager for shared EntityManager invocation
2025-05-31 04:41:29 [http-nio-8081-exec-2] DEBUG org.hibernate.SQL - select u1_0.id,u1_0.created_at,u1_0.email,u1_0.password,u1_0.phone_number,u1_0.updated_at,u1_0.username from users u1_0 where u1_0.username=?
2025-05-31 04:41:29 [http-nio-8081-exec-2] DEBUG org.hibernate.SQL - select r1_0.user_id,r1_1.id,r1_1.created_at,r1_1.name,p1_0.role_id,p1_1.id,p1_1.created_at,p1_1.description,p1_1.name,p1_1.updated_at,r1_1.updated_at from user_roles r1_0 join roles r1_1 on r1_1.id=r1_0.role_id left join role_permissions p1_0 on r1_1.id=p1_0.role_id left join permissions p1_1 on p1_1.id=p1_0.permission_id where r1_0.user_id=?
2025-05-31 04:41:29 [http-nio-8081-exec-2] INFO  o.g.l.s.CustomUserDetailsService - loadUserByUsername: User admin found with roles: [org.guidewire.login.model.Role@730ee39c]
2025-05-31 04:41:29 [http-nio-8081-exec-2] INFO  o.g.login.security.CustomUserDetails - Initializing CustomUserDetails for user: admin
2025-05-31 04:41:29 [http-nio-8081-exec-2] DEBUG o.g.login.security.CustomUserDetails - User admin has roles: [ADMIN]
2025-05-31 04:41:29 [http-nio-8081-exec-2] DEBUG o.g.login.security.CustomUserDetails - User admin has permissions: [DELETE_TASK, EDIT_USER, CREATE_TASK, CREATE_USER, ADD_WATCHER, DELETE_USER, VIEW_DASHBOARD, CLOSE_TASK, VIEW_TASK, VIEW_ROLE, COMMENT_TASK, ASSIGN_TASK, EDIT_ROLE, ADD_SUBTASK, REMOVE_SUBTASK, REMOVE_WATCHER, DELETE_ROLE, CREATE_ROLE, REOPEN_TASK, ASSIGN_ROLE, EDIT_TASK, VIEW_USER]
2025-05-31 04:41:29 [http-nio-8081-exec-2] INFO  o.g.login.security.CustomUserDetails - CustomUserDetails initialized successfully for user: admin
2025-05-31 04:41:29 [http-nio-8081-exec-2] INFO  o.guidewire.login.security.JwtUtil - validateToken:JWT validated successfully for user: admin
2025-05-31 04:41:29 [http-nio-8081-exec-2] INFO  o.g.l.s.JwtAuthenticationFilter - doFilterInternal: Authentication successful for user 'admin'. Authorities: [ROLE_ADMIN, DELETE_TASK, EDIT_USER, CREATE_TASK, CREATE_USER, VIEW_DASHBOARD, ADD_WATCHER, DELETE_USER, CLOSE_TASK, VIEW_TASK, VIEW_ROLE, COMMENT_TASK, ASSIGN_TASK, EDIT_ROLE, ADD_SUBTASK, REMOVE_SUBTASK, DELETE_ROLE, REMOVE_WATCHER, CREATE_ROLE, REOPEN_TASK, ASSIGN_ROLE, EDIT_TASK, VIEW_USER]
2025-05-31 04:41:29 [http-nio-8081-exec-2] DEBUG o.s.security.web.FilterChainProxy - Secured GET /api/auth/users/list
2025-05-31 04:41:29 [http-nio-8081-exec-2] DEBUG o.s.web.servlet.DispatcherServlet - GET "/api/auth/users/list", parameters={}
2025-05-31 04:41:29 [http-nio-8081-exec-2] DEBUG o.s.w.s.m.m.a.RequestMappingHandlerMapping - Mapped to org.guidewire.login.controller.UserController#getAllUsers()
2025-05-31 04:41:29 [http-nio-8081-exec-2] DEBUG o.s.o.j.s.OpenEntityManagerInViewInterceptor - Opening JPA EntityManager in OpenEntityManagerInViewInterceptor
2025-05-31 04:41:29 [http-nio-8081-exec-2] INFO  o.g.login.services.UserService - getAllUsers: Fetching all users from the database.
2025-05-31 04:41:29 [http-nio-8081-exec-2] DEBUG o.s.orm.jpa.JpaTransactionManager - Found thread-bound EntityManager [SessionImpl(1613901399<open>)] for JPA transaction
2025-05-31 04:41:29 [http-nio-8081-exec-2] DEBUG o.s.orm.jpa.JpaTransactionManager - Creating new transaction with name [org.springframework.data.jpa.repository.support.SimpleJpaRepository.findAll]: PROPAGATION_REQUIRED,ISOLATION_DEFAULT,readOnly
2025-05-31 04:41:29 [http-nio-8081-exec-2] DEBUG o.s.jdbc.datasource.DataSourceUtils - Setting JDBC Connection [HikariProxyConnection@492625081 wrapping org.postgresql.jdbc.PgConnection@514f75a5] read-only
2025-05-31 04:41:29 [http-nio-8081-exec-2] DEBUG o.s.orm.jpa.JpaTransactionManager - Exposing JPA transaction as JDBC [org.springframework.orm.jpa.vendor.HibernateJpaDialect$HibernateConnectionHandle@3c80fd04]
2025-05-31 04:41:29 [http-nio-8081-exec-2] DEBUG org.hibernate.SQL - select u1_0.id,u1_0.created_at,u1_0.email,u1_0.password,u1_0.phone_number,u1_0.updated_at,u1_0.username from users u1_0
2025-05-31 04:41:29 [http-nio-8081-exec-2] DEBUG org.hibernate.SQL - select r1_0.user_id,r1_1.id,r1_1.created_at,r1_1.name,p1_0.role_id,p1_1.id,p1_1.created_at,p1_1.description,p1_1.name,p1_1.updated_at,r1_1.updated_at from user_roles r1_0 join roles r1_1 on r1_1.id=r1_0.role_id left join role_permissions p1_0 on r1_1.id=p1_0.role_id left join permissions p1_1 on p1_1.id=p1_0.permission_id where r1_0.user_id=?
2025-05-31 04:41:29 [http-nio-8081-exec-2] DEBUG org.hibernate.SQL - select r1_0.user_id,r1_1.id,r1_1.created_at,r1_1.name,p1_0.role_id,p1_1.id,p1_1.created_at,p1_1.description,p1_1.name,p1_1.updated_at,r1_1.updated_at from user_roles r1_0 join roles r1_1 on r1_1.id=r1_0.role_id left join role_permissions p1_0 on r1_1.id=p1_0.role_id left join permissions p1_1 on p1_1.id=p1_0.permission_id where r1_0.user_id=?
2025-05-31 04:41:29 [http-nio-8081-exec-2] DEBUG org.hibernate.SQL - select r1_0.user_id,r1_1.id,r1_1.created_at,r1_1.name,p1_0.role_id,p1_1.id,p1_1.created_at,p1_1.description,p1_1.name,p1_1.updated_at,r1_1.updated_at from user_roles r1_0 join roles r1_1 on r1_1.id=r1_0.role_id left join role_permissions p1_0 on r1_1.id=p1_0.role_id left join permissions p1_1 on p1_1.id=p1_0.permission_id where r1_0.user_id=?
2025-05-31 04:41:29 [http-nio-8081-exec-2] DEBUG org.hibernate.SQL - select r1_0.user_id,r1_1.id,r1_1.created_at,r1_1.name,p1_0.role_id,p1_1.id,p1_1.created_at,p1_1.description,p1_1.name,p1_1.updated_at,r1_1.updated_at from user_roles r1_0 join roles r1_1 on r1_1.id=r1_0.role_id left join role_permissions p1_0 on r1_1.id=p1_0.role_id left join permissions p1_1 on p1_1.id=p1_0.permission_id where r1_0.user_id=?
2025-05-31 04:41:29 [http-nio-8081-exec-2] DEBUG org.hibernate.SQL - select r1_0.user_id,r1_1.id,r1_1.created_at,r1_1.name,p1_0.role_id,p1_1.id,p1_1.created_at,p1_1.description,p1_1.name,p1_1.updated_at,r1_1.updated_at from user_roles r1_0 join roles r1_1 on r1_1.id=r1_0.role_id left join role_permissions p1_0 on r1_1.id=p1_0.role_id left join permissions p1_1 on p1_1.id=p1_0.permission_id where r1_0.user_id=?
2025-05-31 04:41:29 [http-nio-8081-exec-2] DEBUG org.hibernate.SQL - select r1_0.user_id,r1_1.id,r1_1.created_at,r1_1.name,p1_0.role_id,p1_1.id,p1_1.created_at,p1_1.description,p1_1.name,p1_1.updated_at,r1_1.updated_at from user_roles r1_0 join roles r1_1 on r1_1.id=r1_0.role_id left join role_permissions p1_0 on r1_1.id=p1_0.role_id left join permissions p1_1 on p1_1.id=p1_0.permission_id where r1_0.user_id=?
2025-05-31 04:41:29 [http-nio-8081-exec-2] DEBUG o.s.orm.jpa.JpaTransactionManager - Initiating transaction commit
2025-05-31 04:41:29 [http-nio-8081-exec-2] DEBUG o.s.orm.jpa.JpaTransactionManager - Committing JPA transaction on EntityManager [SessionImpl(1613901399<open>)]
2025-05-31 04:41:29 [http-nio-8081-exec-2] DEBUG o.s.jdbc.datasource.DataSourceUtils - Resetting read-only flag of JDBC Connection [HikariProxyConnection@492625081 wrapping org.postgresql.jdbc.PgConnection@514f75a5]
2025-05-31 04:41:29 [http-nio-8081-exec-2] DEBUG o.s.orm.jpa.JpaTransactionManager - Not closing pre-bound JPA EntityManager after transaction
2025-05-31 04:41:29 [http-nio-8081-exec-2] INFO  o.g.login.services.UserService - getAllUsers: Retrieved 6 users.
2025-05-31 04:41:29 [http-nio-8081-exec-2] DEBUG o.s.w.s.m.m.a.HttpEntityMethodProcessor - Using 'application/json', given [*/*] and supported [application/json, application/*+json]
2025-05-31 04:41:29 [http-nio-8081-exec-2] DEBUG o.s.w.s.m.m.a.HttpEntityMethodProcessor - Writing [[org.guidewire.login.dto.responses.UserResponse@ba56520, org.guidewire.login.dto.responses.UserRespo (truncated)...]
2025-05-31 04:41:29 [http-nio-8081-exec-2] DEBUG o.s.o.j.s.OpenEntityManagerInViewInterceptor - Closing JPA EntityManager in OpenEntityManagerInViewInterceptor
2025-05-31 04:41:29 [http-nio-8081-exec-2] DEBUG o.s.web.servlet.DispatcherServlet - Completed 200 OK
2025-05-31 04:41:30 [http-nio-8081-exec-1] DEBUG o.s.security.web.FilterChainProxy - Securing GET /api/auth/user/details
2025-05-31 04:41:30 [http-nio-8081-exec-1] DEBUG o.g.l.s.JwtAuthenticationFilter - doFilterInternal: No valid Authorization header found, skipping JWT processing.
2025-05-31 04:41:30 [http-nio-8081-exec-1] DEBUG o.s.s.w.a.AnonymousAuthenticationFilter - Set SecurityContextHolder to anonymous SecurityContext
2025-05-31 04:41:30 [http-nio-8081-exec-1] DEBUG o.s.security.web.FilterChainProxy - Secured GET /api/auth/user/details
2025-05-31 04:41:30 [http-nio-8081-exec-1] DEBUG o.s.web.servlet.DispatcherServlet - GET "/api/auth/user/details", parameters={}
2025-05-31 04:41:30 [http-nio-8081-exec-1] DEBUG o.s.w.s.m.m.a.RequestMappingHandlerMapping - Mapped to org.guidewire.login.controller.AuthController#fetchUserDetails(List)
2025-05-31 04:41:30 [http-nio-8081-exec-1] DEBUG o.s.o.j.s.OpenEntityManagerInViewInterceptor - Opening JPA EntityManager in OpenEntityManagerInViewInterceptor
2025-05-31 04:41:30 [http-nio-8081-exec-1] DEBUG o.s.w.s.m.m.a.RequestResponseBodyMethodProcessor - Read "application/json;charset=UTF-8" to []
2025-05-31 04:41:30 [http-nio-8081-exec-1] DEBUG o.s.w.s.m.m.a.ExceptionHandlerExceptionResolver - Using @ExceptionHandler org.guidewire.login.exceptions.GlobalExceptionHandler#handleRuntimeException(RuntimeException)
2025-05-31 04:41:30 [http-nio-8081-exec-1] ERROR o.g.l.e.GlobalExceptionHandler - bad request: Required request body is missing: public org.springframework.http.ResponseEntity<?> org.guidewire.login.controller.AuthController.fetchUserDetails(java.util.List<java.util.UUID>)
2025-05-31 04:41:30 [http-nio-8081-exec-1] DEBUG o.s.w.s.m.m.a.HttpEntityMethodProcessor - Using 'application/json', given [*/*] and supported [application/json, application/*+json]
2025-05-31 04:41:30 [http-nio-8081-exec-1] DEBUG o.s.w.s.m.m.a.HttpEntityMethodProcessor - Writing [{message=Something went wrong. Please try again., timestamp=2025-05-31T04:41:30.071066, status=400}]
2025-05-31 04:41:30 [http-nio-8081-exec-1] WARN  o.s.w.s.m.m.a.ExceptionHandlerExceptionResolver - Resolved [org.springframework.http.converter.HttpMessageNotReadableException: Required request body is missing: public org.springframework.http.ResponseEntity<?> org.guidewire.login.controller.AuthController.fetchUserDetails(java.util.List<java.util.UUID>)]
2025-05-31 04:41:30 [http-nio-8081-exec-1] DEBUG o.s.o.j.s.OpenEntityManagerInViewInterceptor - Closing JPA EntityManager in OpenEntityManagerInViewInterceptor
2025-05-31 04:41:30 [http-nio-8081-exec-1] DEBUG o.s.web.servlet.DispatcherServlet - Completed 400 BAD_REQUEST
2025-05-31 04:41:30 [http-nio-8081-exec-3] DEBUG o.s.security.web.FilterChainProxy - Securing GET /api/auth/user/details
2025-05-31 04:41:30 [http-nio-8081-exec-3] DEBUG o.g.l.s.JwtAuthenticationFilter - doFilterInternal: No valid Authorization header found, skipping JWT processing.
2025-05-31 04:41:30 [http-nio-8081-exec-3] DEBUG o.s.s.w.a.AnonymousAuthenticationFilter - Set SecurityContextHolder to anonymous SecurityContext
2025-05-31 04:41:30 [http-nio-8081-exec-3] DEBUG o.s.security.web.FilterChainProxy - Secured GET /api/auth/user/details
2025-05-31 04:41:30 [http-nio-8081-exec-3] DEBUG o.s.web.servlet.DispatcherServlet - GET "/api/auth/user/details", parameters={}
2025-05-31 04:41:30 [http-nio-8081-exec-3] DEBUG o.s.w.s.m.m.a.RequestMappingHandlerMapping - Mapped to org.guidewire.login.controller.AuthController#fetchUserDetails(List)
2025-05-31 04:41:30 [http-nio-8081-exec-3] DEBUG o.s.o.j.s.OpenEntityManagerInViewInterceptor - Opening JPA EntityManager in OpenEntityManagerInViewInterceptor
2025-05-31 04:41:30 [http-nio-8081-exec-3] DEBUG o.s.w.s.m.m.a.RequestResponseBodyMethodProcessor - Read "application/json;charset=UTF-8" to [[null]]
2025-05-31 04:41:30 [http-nio-8081-exec-3] INFO  o.g.login.controller.AuthController - fetchUserDetails: Fetching details for users with IDs: [null]
2025-05-31 04:41:30 [http-nio-8081-exec-3] DEBUG o.s.orm.jpa.JpaTransactionManager - Found thread-bound EntityManager [SessionImpl(1412240558<open>)] for JPA transaction
2025-05-31 04:41:30 [http-nio-8081-exec-3] DEBUG o.s.orm.jpa.JpaTransactionManager - Creating new transaction with name [org.springframework.data.jpa.repository.support.SimpleJpaRepository.findAllById]: PROPAGATION_REQUIRED,ISOLATION_DEFAULT,readOnly
2025-05-31 04:41:30 [http-nio-8081-exec-3] DEBUG o.s.jdbc.datasource.DataSourceUtils - Setting JDBC Connection [HikariProxyConnection@1290629992 wrapping org.postgresql.jdbc.PgConnection@514f75a5] read-only
2025-05-31 04:41:30 [http-nio-8081-exec-3] DEBUG o.s.orm.jpa.JpaTransactionManager - Exposing JPA transaction as JDBC [org.springframework.orm.jpa.vendor.HibernateJpaDialect$HibernateConnectionHandle@68b138a9]
2025-05-31 04:41:30 [http-nio-8081-exec-3] DEBUG org.hibernate.SQL - select u1_0.id,u1_0.created_at,u1_0.email,u1_0.password,u1_0.phone_number,u1_0.updated_at,u1_0.username from users u1_0 where u1_0.id in (?)
2025-05-31 04:41:30 [http-nio-8081-exec-3] DEBUG o.s.orm.jpa.JpaTransactionManager - Initiating transaction commit
2025-05-31 04:41:30 [http-nio-8081-exec-3] DEBUG o.s.orm.jpa.JpaTransactionManager - Committing JPA transaction on EntityManager [SessionImpl(1412240558<open>)]
2025-05-31 04:41:30 [http-nio-8081-exec-3] DEBUG o.s.jdbc.datasource.DataSourceUtils - Resetting read-only flag of JDBC Connection [HikariProxyConnection@1290629992 wrapping org.postgresql.jdbc.PgConnection@514f75a5]
2025-05-31 04:41:30 [http-nio-8081-exec-3] DEBUG o.s.orm.jpa.JpaTransactionManager - Not closing pre-bound JPA EntityManager after transaction
2025-05-31 04:41:30 [http-nio-8081-exec-3] INFO  o.g.login.controller.AuthController - fetchUserDetails: Returning user details for users: []
2025-05-31 04:41:30 [http-nio-8081-exec-3] DEBUG o.s.w.s.m.m.a.HttpEntityMethodProcessor - Using 'application/json', given [*/*] and supported [application/json, application/*+json]
2025-05-31 04:41:30 [http-nio-8081-exec-3] DEBUG o.s.w.s.m.m.a.HttpEntityMethodProcessor - Writing [[]]
2025-05-31 04:41:30 [http-nio-8081-exec-3] DEBUG o.s.o.j.s.OpenEntityManagerInViewInterceptor - Closing JPA EntityManager in OpenEntityManagerInViewInterceptor
2025-05-31 04:41:30 [http-nio-8081-exec-3] DEBUG o.s.web.servlet.DispatcherServlet - Completed 200 OK
2025-05-31 04:41:30 [http-nio-8081-exec-5] DEBUG o.s.security.web.FilterChainProxy - Securing GET /api/auth/user/details
2025-05-31 04:41:30 [http-nio-8081-exec-5] DEBUG o.g.l.s.JwtAuthenticationFilter - doFilterInternal: No valid Authorization header found, skipping JWT processing.
2025-05-31 04:41:30 [http-nio-8081-exec-5] DEBUG o.s.s.w.a.AnonymousAuthenticationFilter - Set SecurityContextHolder to anonymous SecurityContext
2025-05-31 04:41:30 [http-nio-8081-exec-5] DEBUG o.s.security.web.FilterChainProxy - Secured GET /api/auth/user/details
2025-05-31 04:41:30 [http-nio-8081-exec-5] DEBUG o.s.web.servlet.DispatcherServlet - GET "/api/auth/user/details", parameters={}
2025-05-31 04:41:30 [http-nio-8081-exec-5] DEBUG o.s.w.s.m.m.a.RequestMappingHandlerMapping - Mapped to org.guidewire.login.controller.AuthController#fetchUserDetails(List)
2025-05-31 04:41:30 [http-nio-8081-exec-5] DEBUG o.s.o.j.s.OpenEntityManagerInViewInterceptor - Opening JPA EntityManager in OpenEntityManagerInViewInterceptor
2025-05-31 04:41:30 [http-nio-8081-exec-5] DEBUG o.s.w.s.m.m.a.RequestResponseBodyMethodProcessor - Read "application/json;charset=UTF-8" to [[]]
2025-05-31 04:41:30 [http-nio-8081-exec-5] INFO  o.g.login.controller.AuthController - fetchUserDetails: Fetching details for users with IDs: []
2025-05-31 04:41:30 [http-nio-8081-exec-5] DEBUG o.s.orm.jpa.JpaTransactionManager - Found thread-bound EntityManager [SessionImpl(2135965090<open>)] for JPA transaction
2025-05-31 04:41:30 [http-nio-8081-exec-5] DEBUG o.s.orm.jpa.JpaTransactionManager - Creating new transaction with name [org.springframework.data.jpa.repository.support.SimpleJpaRepository.findAllById]: PROPAGATION_REQUIRED,ISOLATION_DEFAULT,readOnly
2025-05-31 04:41:30 [http-nio-8081-exec-5] DEBUG o.s.jdbc.datasource.DataSourceUtils - Setting JDBC Connection [HikariProxyConnection@943706448 wrapping org.postgresql.jdbc.PgConnection@514f75a5] read-only
2025-05-31 04:41:30 [http-nio-8081-exec-5] DEBUG o.s.orm.jpa.JpaTransactionManager - Exposing JPA transaction as JDBC [org.springframework.orm.jpa.vendor.HibernateJpaDialect$HibernateConnectionHandle@11ef2972]
2025-05-31 04:41:30 [http-nio-8081-exec-5] DEBUG o.s.orm.jpa.JpaTransactionManager - Initiating transaction commit
2025-05-31 04:41:30 [http-nio-8081-exec-5] DEBUG o.s.orm.jpa.JpaTransactionManager - Committing JPA transaction on EntityManager [SessionImpl(2135965090<open>)]
2025-05-31 04:41:30 [http-nio-8081-exec-5] DEBUG o.s.jdbc.datasource.DataSourceUtils - Resetting read-only flag of JDBC Connection [HikariProxyConnection@943706448 wrapping org.postgresql.jdbc.PgConnection@514f75a5]
2025-05-31 04:41:30 [http-nio-8081-exec-5] DEBUG o.s.orm.jpa.JpaTransactionManager - Not closing pre-bound JPA EntityManager after transaction
2025-05-31 04:41:30 [http-nio-8081-exec-5] INFO  o.g.login.controller.AuthController - fetchUserDetails: Returning user details for users: []
2025-05-31 04:41:30 [http-nio-8081-exec-5] DEBUG o.s.w.s.m.m.a.HttpEntityMethodProcessor - Using 'application/json', given [*/*] and supported [application/json, application/*+json]
2025-05-31 04:41:30 [http-nio-8081-exec-5] DEBUG o.s.w.s.m.m.a.HttpEntityMethodProcessor - Writing [[]]
2025-05-31 04:41:30 [http-nio-8081-exec-5] DEBUG o.s.o.j.s.OpenEntityManagerInViewInterceptor - Closing JPA EntityManager in OpenEntityManagerInViewInterceptor
2025-05-31 04:41:30 [http-nio-8081-exec-5] DEBUG o.s.web.servlet.DispatcherServlet - Completed 200 OK
2025-05-31 04:41:30 [http-nio-8081-exec-6] DEBUG o.s.security.web.FilterChainProxy - Securing GET /api/auth/user/details
2025-05-31 04:41:30 [http-nio-8081-exec-6] DEBUG o.g.l.s.JwtAuthenticationFilter - doFilterInternal: No valid Authorization header found, skipping JWT processing.
2025-05-31 04:41:30 [http-nio-8081-exec-6] DEBUG o.s.s.w.a.AnonymousAuthenticationFilter - Set SecurityContextHolder to anonymous SecurityContext
2025-05-31 04:41:30 [http-nio-8081-exec-6] DEBUG o.s.security.web.FilterChainProxy - Secured GET /api/auth/user/details
2025-05-31 04:41:30 [http-nio-8081-exec-6] DEBUG o.s.web.servlet.DispatcherServlet - GET "/api/auth/user/details", parameters={}
2025-05-31 04:41:30 [http-nio-8081-exec-6] DEBUG o.s.w.s.m.m.a.RequestMappingHandlerMapping - Mapped to org.guidewire.login.controller.AuthController#fetchUserDetails(List)
2025-05-31 04:41:30 [http-nio-8081-exec-6] DEBUG o.s.o.j.s.OpenEntityManagerInViewInterceptor - Opening JPA EntityManager in OpenEntityManagerInViewInterceptor
2025-05-31 04:41:30 [http-nio-8081-exec-6] DEBUG o.s.w.s.m.m.a.RequestResponseBodyMethodProcessor - Read "application/json;charset=UTF-8" to [[null]]
2025-05-31 04:41:30 [http-nio-8081-exec-6] INFO  o.g.login.controller.AuthController - fetchUserDetails: Fetching details for users with IDs: [null]
2025-05-31 04:41:30 [http-nio-8081-exec-6] DEBUG o.s.orm.jpa.JpaTransactionManager - Found thread-bound EntityManager [SessionImpl(655475243<open>)] for JPA transaction
2025-05-31 04:41:30 [http-nio-8081-exec-6] DEBUG o.s.orm.jpa.JpaTransactionManager - Creating new transaction with name [org.springframework.data.jpa.repository.support.SimpleJpaRepository.findAllById]: PROPAGATION_REQUIRED,ISOLATION_DEFAULT,readOnly
2025-05-31 04:41:30 [http-nio-8081-exec-6] DEBUG o.s.jdbc.datasource.DataSourceUtils - Setting JDBC Connection [HikariProxyConnection@23400795 wrapping org.postgresql.jdbc.PgConnection@514f75a5] read-only
2025-05-31 04:41:30 [http-nio-8081-exec-6] DEBUG o.s.orm.jpa.JpaTransactionManager - Exposing JPA transaction as JDBC [org.springframework.orm.jpa.vendor.HibernateJpaDialect$HibernateConnectionHandle@5ac78b56]
2025-05-31 04:41:30 [http-nio-8081-exec-6] DEBUG org.hibernate.SQL - select u1_0.id,u1_0.created_at,u1_0.email,u1_0.password,u1_0.phone_number,u1_0.updated_at,u1_0.username from users u1_0 where u1_0.id in (?)
2025-05-31 04:41:30 [http-nio-8081-exec-6] DEBUG o.s.orm.jpa.JpaTransactionManager - Initiating transaction commit
2025-05-31 04:41:30 [http-nio-8081-exec-6] DEBUG o.s.orm.jpa.JpaTransactionManager - Committing JPA transaction on EntityManager [SessionImpl(655475243<open>)]
2025-05-31 04:41:30 [http-nio-8081-exec-6] DEBUG o.s.jdbc.datasource.DataSourceUtils - Resetting read-only flag of JDBC Connection [HikariProxyConnection@23400795 wrapping org.postgresql.jdbc.PgConnection@514f75a5]
2025-05-31 04:41:30 [http-nio-8081-exec-6] DEBUG o.s.orm.jpa.JpaTransactionManager - Not closing pre-bound JPA EntityManager after transaction
2025-05-31 04:41:30 [http-nio-8081-exec-6] INFO  o.g.login.controller.AuthController - fetchUserDetails: Returning user details for users: []
2025-05-31 04:41:30 [http-nio-8081-exec-6] DEBUG o.s.w.s.m.m.a.HttpEntityMethodProcessor - Using 'application/json', given [*/*] and supported [application/json, application/*+json]
2025-05-31 04:41:30 [http-nio-8081-exec-6] DEBUG o.s.w.s.m.m.a.HttpEntityMethodProcessor - Writing [[]]
2025-05-31 04:41:30 [http-nio-8081-exec-6] DEBUG o.s.o.j.s.OpenEntityManagerInViewInterceptor - Closing JPA EntityManager in OpenEntityManagerInViewInterceptor
2025-05-31 04:41:30 [http-nio-8081-exec-6] DEBUG o.s.web.servlet.DispatcherServlet - Completed 200 OK
2025-05-31 04:42:01 [http-nio-8081-exec-4] DEBUG o.s.security.web.FilterChainProxy - Securing GET /api/auth/users/list
2025-05-31 04:42:01 [http-nio-8081-exec-4] INFO  o.g.l.s.JwtAuthenticationFilter - doFilterInternal: Extracted username 'admin' with roles [ADMIN] and permissions [DELETE_TASK, EDIT_USER, CREATE_TASK, CREATE_USER, VIEW_DASHBOARD, ADD_WATCHER, DELETE_USER, CLOSE_TASK, VIEW_TASK, VIEW_ROLE, COMMENT_TASK, ASSIGN_TASK, EDIT_ROLE, ADD_SUBTASK, REMOVE_SUBTASK, DELETE_ROLE, REMOVE_WATCHER, CREATE_ROLE, REOPEN_TASK, ASSIGN_ROLE, EDIT_TASK, VIEW_USER]
2025-05-31 04:42:01 [http-nio-8081-exec-4] INFO  o.g.l.s.CustomUserDetailsService - loadUserByUsername: Searching for user: admin
2025-05-31 04:42:01 [http-nio-8081-exec-4] DEBUG o.s.o.j.SharedEntityManagerCreator$SharedEntityManagerInvocationHandler - Creating new EntityManager for shared EntityManager invocation
2025-05-31 04:42:01 [http-nio-8081-exec-4] DEBUG org.hibernate.SQL - select u1_0.id,u1_0.created_at,u1_0.email,u1_0.password,u1_0.phone_number,u1_0.updated_at,u1_0.username from users u1_0 where u1_0.username=?
2025-05-31 04:42:01 [http-nio-8081-exec-4] DEBUG org.hibernate.SQL - select r1_0.user_id,r1_1.id,r1_1.created_at,r1_1.name,p1_0.role_id,p1_1.id,p1_1.created_at,p1_1.description,p1_1.name,p1_1.updated_at,r1_1.updated_at from user_roles r1_0 join roles r1_1 on r1_1.id=r1_0.role_id left join role_permissions p1_0 on r1_1.id=p1_0.role_id left join permissions p1_1 on p1_1.id=p1_0.permission_id where r1_0.user_id=?
2025-05-31 04:42:01 [http-nio-8081-exec-4] INFO  o.g.l.s.CustomUserDetailsService - loadUserByUsername: User admin found with roles: [org.guidewire.login.model.Role@13ce152b]
2025-05-31 04:42:01 [http-nio-8081-exec-4] INFO  o.g.login.security.CustomUserDetails - Initializing CustomUserDetails for user: admin
2025-05-31 04:42:01 [http-nio-8081-exec-4] DEBUG o.g.login.security.CustomUserDetails - User admin has roles: [ADMIN]
2025-05-31 04:42:01 [http-nio-8081-exec-4] DEBUG o.g.login.security.CustomUserDetails - User admin has permissions: [DELETE_TASK, EDIT_USER, CREATE_TASK, CREATE_USER, ADD_WATCHER, DELETE_USER, VIEW_DASHBOARD, VIEW_TASK, CLOSE_TASK, VIEW_ROLE, ASSIGN_TASK, COMMENT_TASK, EDIT_ROLE, ADD_SUBTASK, REMOVE_SUBTASK, REMOVE_WATCHER, DELETE_ROLE, CREATE_ROLE, REOPEN_TASK, ASSIGN_ROLE, EDIT_TASK, VIEW_USER]
2025-05-31 04:42:01 [http-nio-8081-exec-4] INFO  o.g.login.security.CustomUserDetails - CustomUserDetails initialized successfully for user: admin
2025-05-31 04:42:01 [http-nio-8081-exec-4] INFO  o.guidewire.login.security.JwtUtil - validateToken:JWT validated successfully for user: admin
2025-05-31 04:42:01 [http-nio-8081-exec-4] INFO  o.g.l.s.JwtAuthenticationFilter - doFilterInternal: Authentication successful for user 'admin'. Authorities: [ROLE_ADMIN, DELETE_TASK, EDIT_USER, CREATE_TASK, CREATE_USER, VIEW_DASHBOARD, ADD_WATCHER, DELETE_USER, CLOSE_TASK, VIEW_TASK, VIEW_ROLE, COMMENT_TASK, ASSIGN_TASK, EDIT_ROLE, ADD_SUBTASK, REMOVE_SUBTASK, DELETE_ROLE, REMOVE_WATCHER, CREATE_ROLE, REOPEN_TASK, ASSIGN_ROLE, EDIT_TASK, VIEW_USER]
2025-05-31 04:42:01 [http-nio-8081-exec-4] DEBUG o.s.security.web.FilterChainProxy - Secured GET /api/auth/users/list
2025-05-31 04:42:01 [http-nio-8081-exec-4] DEBUG o.s.web.servlet.DispatcherServlet - GET "/api/auth/users/list", parameters={}
2025-05-31 04:42:01 [http-nio-8081-exec-4] DEBUG o.s.w.s.m.m.a.RequestMappingHandlerMapping - Mapped to org.guidewire.login.controller.UserController#getAllUsers()
2025-05-31 04:42:01 [http-nio-8081-exec-4] DEBUG o.s.o.j.s.OpenEntityManagerInViewInterceptor - Opening JPA EntityManager in OpenEntityManagerInViewInterceptor
2025-05-31 04:42:01 [http-nio-8081-exec-4] INFO  o.g.login.services.UserService - getAllUsers: Fetching all users from the database.
2025-05-31 04:42:01 [http-nio-8081-exec-4] DEBUG o.s.orm.jpa.JpaTransactionManager - Found thread-bound EntityManager [SessionImpl(445193821<open>)] for JPA transaction
2025-05-31 04:42:01 [http-nio-8081-exec-4] DEBUG o.s.orm.jpa.JpaTransactionManager - Creating new transaction with name [org.springframework.data.jpa.repository.support.SimpleJpaRepository.findAll]: PROPAGATION_REQUIRED,ISOLATION_DEFAULT,readOnly
2025-05-31 04:42:01 [http-nio-8081-exec-4] DEBUG o.s.jdbc.datasource.DataSourceUtils - Setting JDBC Connection [HikariProxyConnection@200136027 wrapping org.postgresql.jdbc.PgConnection@514f75a5] read-only
2025-05-31 04:42:01 [http-nio-8081-exec-4] DEBUG o.s.orm.jpa.JpaTransactionManager - Exposing JPA transaction as JDBC [org.springframework.orm.jpa.vendor.HibernateJpaDialect$HibernateConnectionHandle@25e706ff]
2025-05-31 04:42:01 [http-nio-8081-exec-4] DEBUG org.hibernate.SQL - select u1_0.id,u1_0.created_at,u1_0.email,u1_0.password,u1_0.phone_number,u1_0.updated_at,u1_0.username from users u1_0
2025-05-31 04:42:01 [http-nio-8081-exec-4] DEBUG org.hibernate.SQL - select r1_0.user_id,r1_1.id,r1_1.created_at,r1_1.name,p1_0.role_id,p1_1.id,p1_1.created_at,p1_1.description,p1_1.name,p1_1.updated_at,r1_1.updated_at from user_roles r1_0 join roles r1_1 on r1_1.id=r1_0.role_id left join role_permissions p1_0 on r1_1.id=p1_0.role_id left join permissions p1_1 on p1_1.id=p1_0.permission_id where r1_0.user_id=?
2025-05-31 04:42:01 [http-nio-8081-exec-4] DEBUG org.hibernate.SQL - select r1_0.user_id,r1_1.id,r1_1.created_at,r1_1.name,p1_0.role_id,p1_1.id,p1_1.created_at,p1_1.description,p1_1.name,p1_1.updated_at,r1_1.updated_at from user_roles r1_0 join roles r1_1 on r1_1.id=r1_0.role_id left join role_permissions p1_0 on r1_1.id=p1_0.role_id left join permissions p1_1 on p1_1.id=p1_0.permission_id where r1_0.user_id=?
2025-05-31 04:42:01 [http-nio-8081-exec-4] DEBUG org.hibernate.SQL - select r1_0.user_id,r1_1.id,r1_1.created_at,r1_1.name,p1_0.role_id,p1_1.id,p1_1.created_at,p1_1.description,p1_1.name,p1_1.updated_at,r1_1.updated_at from user_roles r1_0 join roles r1_1 on r1_1.id=r1_0.role_id left join role_permissions p1_0 on r1_1.id=p1_0.role_id left join permissions p1_1 on p1_1.id=p1_0.permission_id where r1_0.user_id=?
2025-05-31 04:42:01 [http-nio-8081-exec-4] DEBUG org.hibernate.SQL - select r1_0.user_id,r1_1.id,r1_1.created_at,r1_1.name,p1_0.role_id,p1_1.id,p1_1.created_at,p1_1.description,p1_1.name,p1_1.updated_at,r1_1.updated_at from user_roles r1_0 join roles r1_1 on r1_1.id=r1_0.role_id left join role_permissions p1_0 on r1_1.id=p1_0.role_id left join permissions p1_1 on p1_1.id=p1_0.permission_id where r1_0.user_id=?
2025-05-31 04:42:01 [http-nio-8081-exec-4] DEBUG org.hibernate.SQL - select r1_0.user_id,r1_1.id,r1_1.created_at,r1_1.name,p1_0.role_id,p1_1.id,p1_1.created_at,p1_1.description,p1_1.name,p1_1.updated_at,r1_1.updated_at from user_roles r1_0 join roles r1_1 on r1_1.id=r1_0.role_id left join role_permissions p1_0 on r1_1.id=p1_0.role_id left join permissions p1_1 on p1_1.id=p1_0.permission_id where r1_0.user_id=?
2025-05-31 04:42:01 [http-nio-8081-exec-4] DEBUG org.hibernate.SQL - select r1_0.user_id,r1_1.id,r1_1.created_at,r1_1.name,p1_0.role_id,p1_1.id,p1_1.created_at,p1_1.description,p1_1.name,p1_1.updated_at,r1_1.updated_at from user_roles r1_0 join roles r1_1 on r1_1.id=r1_0.role_id left join role_permissions p1_0 on r1_1.id=p1_0.role_id left join permissions p1_1 on p1_1.id=p1_0.permission_id where r1_0.user_id=?
2025-05-31 04:42:01 [http-nio-8081-exec-4] DEBUG o.s.orm.jpa.JpaTransactionManager - Initiating transaction commit
2025-05-31 04:42:01 [http-nio-8081-exec-4] DEBUG o.s.orm.jpa.JpaTransactionManager - Committing JPA transaction on EntityManager [SessionImpl(445193821<open>)]
2025-05-31 04:42:01 [http-nio-8081-exec-4] DEBUG o.s.jdbc.datasource.DataSourceUtils - Resetting read-only flag of JDBC Connection [HikariProxyConnection@200136027 wrapping org.postgresql.jdbc.PgConnection@514f75a5]
2025-05-31 04:42:01 [http-nio-8081-exec-4] DEBUG o.s.orm.jpa.JpaTransactionManager - Not closing pre-bound JPA EntityManager after transaction
2025-05-31 04:42:01 [http-nio-8081-exec-4] INFO  o.g.login.services.UserService - getAllUsers: Retrieved 6 users.
2025-05-31 04:42:01 [http-nio-8081-exec-4] DEBUG o.s.w.s.m.m.a.HttpEntityMethodProcessor - Using 'application/json', given [*/*] and supported [application/json, application/*+json]
2025-05-31 04:42:01 [http-nio-8081-exec-4] DEBUG o.s.w.s.m.m.a.HttpEntityMethodProcessor - Writing [[org.guidewire.login.dto.responses.UserResponse@7868dc1e, org.guidewire.login.dto.responses.UserResp (truncated)...]
2025-05-31 04:42:01 [http-nio-8081-exec-4] DEBUG o.s.o.j.s.OpenEntityManagerInViewInterceptor - Closing JPA EntityManager in OpenEntityManagerInViewInterceptor
2025-05-31 04:42:01 [http-nio-8081-exec-4] DEBUG o.s.web.servlet.DispatcherServlet - Completed 200 OK
2025-05-31 04:42:02 [http-nio-8081-exec-7] DEBUG o.s.security.web.FilterChainProxy - Securing GET /api/auth/user/details
2025-05-31 04:42:02 [http-nio-8081-exec-7] INFO  o.g.l.s.JwtAuthenticationFilter - doFilterInternal: Extracted username 'admin' with roles [ADMIN] and permissions [DELETE_TASK, EDIT_USER, CREATE_TASK, CREATE_USER, VIEW_DASHBOARD, ADD_WATCHER, DELETE_USER, CLOSE_TASK, VIEW_TASK, VIEW_ROLE, COMMENT_TASK, ASSIGN_TASK, EDIT_ROLE, ADD_SUBTASK, REMOVE_SUBTASK, DELETE_ROLE, REMOVE_WATCHER, CREATE_ROLE, REOPEN_TASK, ASSIGN_ROLE, EDIT_TASK, VIEW_USER]
2025-05-31 04:42:02 [http-nio-8081-exec-7] INFO  o.g.l.s.CustomUserDetailsService - loadUserByUsername: Searching for user: admin
2025-05-31 04:42:02 [http-nio-8081-exec-7] DEBUG o.s.o.j.SharedEntityManagerCreator$SharedEntityManagerInvocationHandler - Creating new EntityManager for shared EntityManager invocation
2025-05-31 04:42:02 [http-nio-8081-exec-7] DEBUG org.hibernate.SQL - select u1_0.id,u1_0.created_at,u1_0.email,u1_0.password,u1_0.phone_number,u1_0.updated_at,u1_0.username from users u1_0 where u1_0.username=?
2025-05-31 04:42:02 [http-nio-8081-exec-7] DEBUG org.hibernate.SQL - select r1_0.user_id,r1_1.id,r1_1.created_at,r1_1.name,p1_0.role_id,p1_1.id,p1_1.created_at,p1_1.description,p1_1.name,p1_1.updated_at,r1_1.updated_at from user_roles r1_0 join roles r1_1 on r1_1.id=r1_0.role_id left join role_permissions p1_0 on r1_1.id=p1_0.role_id left join permissions p1_1 on p1_1.id=p1_0.permission_id where r1_0.user_id=?
2025-05-31 04:42:02 [http-nio-8081-exec-7] INFO  o.g.l.s.CustomUserDetailsService - loadUserByUsername: User admin found with roles: [org.guidewire.login.model.Role@4cc84448]
2025-05-31 04:42:02 [http-nio-8081-exec-7] INFO  o.g.login.security.CustomUserDetails - Initializing CustomUserDetails for user: admin
2025-05-31 04:42:02 [http-nio-8081-exec-7] DEBUG o.g.login.security.CustomUserDetails - User admin has roles: [ADMIN]
2025-05-31 04:42:02 [http-nio-8081-exec-7] DEBUG o.g.login.security.CustomUserDetails - User admin has permissions: [DELETE_TASK, EDIT_USER, CREATE_TASK, CREATE_USER, ADD_WATCHER, VIEW_DASHBOARD, DELETE_USER, CLOSE_TASK, VIEW_ROLE, VIEW_TASK, COMMENT_TASK, ASSIGN_TASK, EDIT_ROLE, ADD_SUBTASK, REMOVE_SUBTASK, REMOVE_WATCHER, DELETE_ROLE, CREATE_ROLE, REOPEN_TASK, ASSIGN_ROLE, EDIT_TASK, VIEW_USER]
2025-05-31 04:42:02 [http-nio-8081-exec-7] INFO  o.g.login.security.CustomUserDetails - CustomUserDetails initialized successfully for user: admin
2025-05-31 04:42:02 [http-nio-8081-exec-7] INFO  o.guidewire.login.security.JwtUtil - validateToken:JWT validated successfully for user: admin
2025-05-31 04:42:02 [http-nio-8081-exec-7] INFO  o.g.l.s.JwtAuthenticationFilter - doFilterInternal: Authentication successful for user 'admin'. Authorities: [ROLE_ADMIN, DELETE_TASK, EDIT_USER, CREATE_TASK, CREATE_USER, VIEW_DASHBOARD, ADD_WATCHER, DELETE_USER, CLOSE_TASK, VIEW_TASK, VIEW_ROLE, COMMENT_TASK, ASSIGN_TASK, EDIT_ROLE, ADD_SUBTASK, REMOVE_SUBTASK, DELETE_ROLE, REMOVE_WATCHER, CREATE_ROLE, REOPEN_TASK, ASSIGN_ROLE, EDIT_TASK, VIEW_USER]
2025-05-31 04:42:02 [http-nio-8081-exec-7] DEBUG o.s.security.web.FilterChainProxy - Secured GET /api/auth/user/details
2025-05-31 04:42:02 [http-nio-8081-exec-7] DEBUG o.s.web.servlet.DispatcherServlet - GET "/api/auth/user/details", parameters={}
2025-05-31 04:42:02 [http-nio-8081-exec-7] DEBUG o.s.w.s.m.m.a.RequestMappingHandlerMapping - Mapped to org.guidewire.login.controller.AuthController#fetchUserDetails(List)
2025-05-31 04:42:02 [http-nio-8081-exec-7] DEBUG o.s.o.j.s.OpenEntityManagerInViewInterceptor - Opening JPA EntityManager in OpenEntityManagerInViewInterceptor
2025-05-31 04:42:02 [http-nio-8081-exec-7] DEBUG o.s.w.s.m.m.a.RequestResponseBodyMethodProcessor - Read "application/json;charset=UTF-8" to [[3d480867-d12b-4c5f-a725-da17dd7e5590]]
2025-05-31 04:42:02 [http-nio-8081-exec-7] INFO  o.g.login.controller.AuthController - fetchUserDetails: Fetching details for users with IDs: [3d480867-d12b-4c5f-a725-da17dd7e5590]
2025-05-31 04:42:02 [http-nio-8081-exec-7] DEBUG o.s.orm.jpa.JpaTransactionManager - Found thread-bound EntityManager [SessionImpl(135944626<open>)] for JPA transaction
2025-05-31 04:42:02 [http-nio-8081-exec-7] DEBUG o.s.orm.jpa.JpaTransactionManager - Creating new transaction with name [org.springframework.data.jpa.repository.support.SimpleJpaRepository.findAllById]: PROPAGATION_REQUIRED,ISOLATION_DEFAULT,readOnly
2025-05-31 04:42:02 [http-nio-8081-exec-7] DEBUG o.s.jdbc.datasource.DataSourceUtils - Setting JDBC Connection [HikariProxyConnection@1056153578 wrapping org.postgresql.jdbc.PgConnection@514f75a5] read-only
2025-05-31 04:42:02 [http-nio-8081-exec-7] DEBUG o.s.orm.jpa.JpaTransactionManager - Exposing JPA transaction as JDBC [org.springframework.orm.jpa.vendor.HibernateJpaDialect$HibernateConnectionHandle@538bc5b1]
2025-05-31 04:42:02 [http-nio-8081-exec-7] DEBUG org.hibernate.SQL - select u1_0.id,u1_0.created_at,u1_0.email,u1_0.password,u1_0.phone_number,u1_0.updated_at,u1_0.username from users u1_0 where u1_0.id in (?)
2025-05-31 04:42:02 [http-nio-8081-exec-7] DEBUG org.hibernate.SQL - select r1_0.user_id,r1_1.id,r1_1.created_at,r1_1.name,p1_0.role_id,p1_1.id,p1_1.created_at,p1_1.description,p1_1.name,p1_1.updated_at,r1_1.updated_at from user_roles r1_0 join roles r1_1 on r1_1.id=r1_0.role_id left join role_permissions p1_0 on r1_1.id=p1_0.role_id left join permissions p1_1 on p1_1.id=p1_0.permission_id where r1_0.user_id=?
2025-05-31 04:42:02 [http-nio-8081-exec-7] DEBUG o.s.orm.jpa.JpaTransactionManager - Initiating transaction commit
2025-05-31 04:42:02 [http-nio-8081-exec-7] DEBUG o.s.orm.jpa.JpaTransactionManager - Committing JPA transaction on EntityManager [SessionImpl(135944626<open>)]
2025-05-31 04:42:02 [http-nio-8081-exec-7] DEBUG o.s.jdbc.datasource.DataSourceUtils - Resetting read-only flag of JDBC Connection [HikariProxyConnection@1056153578 wrapping org.postgresql.jdbc.PgConnection@514f75a5]
2025-05-31 04:42:02 [http-nio-8081-exec-7] DEBUG o.s.orm.jpa.JpaTransactionManager - Not closing pre-bound JPA EntityManager after transaction
2025-05-31 04:42:02 [http-nio-8081-exec-7] INFO  o.g.login.controller.AuthController - fetchUserDetails: Returning user details for users: [org.guidewire.login.dto.responses.UserResponse@45a39899]
2025-05-31 04:42:02 [http-nio-8081-exec-7] DEBUG o.s.w.s.m.m.a.HttpEntityMethodProcessor - Using 'application/json', given [*/*] and supported [application/json, application/*+json]
2025-05-31 04:42:02 [http-nio-8081-exec-7] DEBUG o.s.w.s.m.m.a.HttpEntityMethodProcessor - Writing [[org.guidewire.login.dto.responses.UserResponse@45a39899]]
2025-05-31 04:42:02 [http-nio-8081-exec-7] DEBUG o.s.o.j.s.OpenEntityManagerInViewInterceptor - Closing JPA EntityManager in OpenEntityManagerInViewInterceptor
2025-05-31 04:42:02 [http-nio-8081-exec-7] DEBUG o.s.web.servlet.DispatcherServlet - Completed 200 OK
2025-05-31 04:42:02 [http-nio-8081-exec-8] DEBUG o.s.security.web.FilterChainProxy - Securing GET /api/auth/user/details
2025-05-31 04:42:02 [http-nio-8081-exec-8] DEBUG o.g.l.s.JwtAuthenticationFilter - doFilterInternal: No valid Authorization header found, skipping JWT processing.
2025-05-31 04:42:02 [http-nio-8081-exec-8] DEBUG o.s.s.w.a.AnonymousAuthenticationFilter - Set SecurityContextHolder to anonymous SecurityContext
2025-05-31 04:42:02 [http-nio-8081-exec-8] DEBUG o.s.security.web.FilterChainProxy - Secured GET /api/auth/user/details
2025-05-31 04:42:02 [http-nio-8081-exec-8] DEBUG o.s.web.servlet.DispatcherServlet - GET "/api/auth/user/details", parameters={}
2025-05-31 04:42:02 [http-nio-8081-exec-8] DEBUG o.s.w.s.m.m.a.RequestMappingHandlerMapping - Mapped to org.guidewire.login.controller.AuthController#fetchUserDetails(List)
2025-05-31 04:42:02 [http-nio-8081-exec-8] DEBUG o.s.o.j.s.OpenEntityManagerInViewInterceptor - Opening JPA EntityManager in OpenEntityManagerInViewInterceptor
2025-05-31 04:42:02 [http-nio-8081-exec-8] DEBUG o.s.w.s.m.m.a.RequestResponseBodyMethodProcessor - Read "application/json;charset=UTF-8" to [[ce3ef1d5-ef3e-42b1-9ba6-fc808ad7eef5, 4bcced83-fb72-4ea7-8957-2db00dd6fc95, 3d480867-d12b-4c5f-a725 (truncated)...]
2025-05-31 04:42:02 [http-nio-8081-exec-8] INFO  o.g.login.controller.AuthController - fetchUserDetails: Fetching details for users with IDs: [ce3ef1d5-ef3e-42b1-9ba6-fc808ad7eef5, 4bcced83-fb72-4ea7-8957-2db00dd6fc95, 3d480867-d12b-4c5f-a725-da17dd7e5590, c00fda99-1472-4452-8b18-fb0273c2db55]
2025-05-31 04:42:02 [http-nio-8081-exec-8] DEBUG o.s.orm.jpa.JpaTransactionManager - Found thread-bound EntityManager [SessionImpl(167028726<open>)] for JPA transaction
2025-05-31 04:42:02 [http-nio-8081-exec-8] DEBUG o.s.orm.jpa.JpaTransactionManager - Creating new transaction with name [org.springframework.data.jpa.repository.support.SimpleJpaRepository.findAllById]: PROPAGATION_REQUIRED,ISOLATION_DEFAULT,readOnly
2025-05-31 04:42:02 [http-nio-8081-exec-8] DEBUG o.s.jdbc.datasource.DataSourceUtils - Setting JDBC Connection [HikariProxyConnection@1983359948 wrapping org.postgresql.jdbc.PgConnection@514f75a5] read-only
2025-05-31 04:42:02 [http-nio-8081-exec-8] DEBUG o.s.orm.jpa.JpaTransactionManager - Exposing JPA transaction as JDBC [org.springframework.orm.jpa.vendor.HibernateJpaDialect$HibernateConnectionHandle@2ce0fe5]
2025-05-31 04:42:02 [http-nio-8081-exec-8] DEBUG org.hibernate.SQL - select u1_0.id,u1_0.created_at,u1_0.email,u1_0.password,u1_0.phone_number,u1_0.updated_at,u1_0.username from users u1_0 where u1_0.id in (?,?,?,?)
2025-05-31 04:42:02 [http-nio-8081-exec-8] DEBUG org.hibernate.SQL - select r1_0.user_id,r1_1.id,r1_1.created_at,r1_1.name,p1_0.role_id,p1_1.id,p1_1.created_at,p1_1.description,p1_1.name,p1_1.updated_at,r1_1.updated_at from user_roles r1_0 join roles r1_1 on r1_1.id=r1_0.role_id left join role_permissions p1_0 on r1_1.id=p1_0.role_id left join permissions p1_1 on p1_1.id=p1_0.permission_id where r1_0.user_id=?
2025-05-31 04:42:02 [http-nio-8081-exec-8] DEBUG org.hibernate.SQL - select r1_0.user_id,r1_1.id,r1_1.created_at,r1_1.name,p1_0.role_id,p1_1.id,p1_1.created_at,p1_1.description,p1_1.name,p1_1.updated_at,r1_1.updated_at from user_roles r1_0 join roles r1_1 on r1_1.id=r1_0.role_id left join role_permissions p1_0 on r1_1.id=p1_0.role_id left join permissions p1_1 on p1_1.id=p1_0.permission_id where r1_0.user_id=?
2025-05-31 04:42:02 [http-nio-8081-exec-8] DEBUG org.hibernate.SQL - select r1_0.user_id,r1_1.id,r1_1.created_at,r1_1.name,p1_0.role_id,p1_1.id,p1_1.created_at,p1_1.description,p1_1.name,p1_1.updated_at,r1_1.updated_at from user_roles r1_0 join roles r1_1 on r1_1.id=r1_0.role_id left join role_permissions p1_0 on r1_1.id=p1_0.role_id left join permissions p1_1 on p1_1.id=p1_0.permission_id where r1_0.user_id=?
2025-05-31 04:42:02 [http-nio-8081-exec-8] DEBUG org.hibernate.SQL - select r1_0.user_id,r1_1.id,r1_1.created_at,r1_1.name,p1_0.role_id,p1_1.id,p1_1.created_at,p1_1.description,p1_1.name,p1_1.updated_at,r1_1.updated_at from user_roles r1_0 join roles r1_1 on r1_1.id=r1_0.role_id left join role_permissions p1_0 on r1_1.id=p1_0.role_id left join permissions p1_1 on p1_1.id=p1_0.permission_id where r1_0.user_id=?
2025-05-31 04:42:02 [http-nio-8081-exec-8] DEBUG o.s.orm.jpa.JpaTransactionManager - Initiating transaction commit
2025-05-31 04:42:02 [http-nio-8081-exec-8] DEBUG o.s.orm.jpa.JpaTransactionManager - Committing JPA transaction on EntityManager [SessionImpl(167028726<open>)]
2025-05-31 04:42:02 [http-nio-8081-exec-8] DEBUG o.s.jdbc.datasource.DataSourceUtils - Resetting read-only flag of JDBC Connection [HikariProxyConnection@1983359948 wrapping org.postgresql.jdbc.PgConnection@514f75a5]
2025-05-31 04:42:02 [http-nio-8081-exec-8] DEBUG o.s.orm.jpa.JpaTransactionManager - Not closing pre-bound JPA EntityManager after transaction
2025-05-31 04:42:02 [http-nio-8081-exec-8] INFO  o.g.login.controller.AuthController - fetchUserDetails: Returning user details for users: [org.guidewire.login.dto.responses.UserResponse@1b9889ab, org.guidewire.login.dto.responses.UserResponse@ca4ecb3, org.guidewire.login.dto.responses.UserResponse@25781e3e, org.guidewire.login.dto.responses.UserResponse@5cab3dc9]
2025-05-31 04:42:02 [http-nio-8081-exec-9] DEBUG o.s.security.web.FilterChainProxy - Securing GET /api/auth/user/details
2025-05-31 04:42:02 [http-nio-8081-exec-8] DEBUG o.s.w.s.m.m.a.HttpEntityMethodProcessor - Using 'application/json', given [*/*] and supported [application/json, application/*+json]
2025-05-31 04:42:02 [http-nio-8081-exec-8] DEBUG o.s.w.s.m.m.a.HttpEntityMethodProcessor - Writing [[org.guidewire.login.dto.responses.UserResponse@1b9889ab, org.guidewire.login.dto.responses.UserResp (truncated)...]
2025-05-31 04:42:02 [http-nio-8081-exec-8] DEBUG o.s.o.j.s.OpenEntityManagerInViewInterceptor - Closing JPA EntityManager in OpenEntityManagerInViewInterceptor
2025-05-31 04:42:02 [http-nio-8081-exec-8] DEBUG o.s.web.servlet.DispatcherServlet - Completed 200 OK
2025-05-31 04:42:02 [http-nio-8081-exec-9] INFO  o.g.l.s.JwtAuthenticationFilter - doFilterInternal: Extracted username 'admin' with roles [ADMIN] and permissions [DELETE_TASK, EDIT_USER, CREATE_TASK, CREATE_USER, VIEW_DASHBOARD, ADD_WATCHER, DELETE_USER, CLOSE_TASK, VIEW_TASK, VIEW_ROLE, COMMENT_TASK, ASSIGN_TASK, EDIT_ROLE, ADD_SUBTASK, REMOVE_SUBTASK, DELETE_ROLE, REMOVE_WATCHER, CREATE_ROLE, REOPEN_TASK, ASSIGN_ROLE, EDIT_TASK, VIEW_USER]
2025-05-31 04:42:02 [http-nio-8081-exec-9] INFO  o.g.l.s.CustomUserDetailsService - loadUserByUsername: Searching for user: admin
2025-05-31 04:42:02 [http-nio-8081-exec-9] DEBUG o.s.o.j.SharedEntityManagerCreator$SharedEntityManagerInvocationHandler - Creating new EntityManager for shared EntityManager invocation
2025-05-31 04:42:02 [http-nio-8081-exec-9] DEBUG org.hibernate.SQL - select u1_0.id,u1_0.created_at,u1_0.email,u1_0.password,u1_0.phone_number,u1_0.updated_at,u1_0.username from users u1_0 where u1_0.username=?
2025-05-31 04:42:02 [http-nio-8081-exec-9] DEBUG org.hibernate.SQL - select r1_0.user_id,r1_1.id,r1_1.created_at,r1_1.name,p1_0.role_id,p1_1.id,p1_1.created_at,p1_1.description,p1_1.name,p1_1.updated_at,r1_1.updated_at from user_roles r1_0 join roles r1_1 on r1_1.id=r1_0.role_id left join role_permissions p1_0 on r1_1.id=p1_0.role_id left join permissions p1_1 on p1_1.id=p1_0.permission_id where r1_0.user_id=?
2025-05-31 04:42:02 [http-nio-8081-exec-9] INFO  o.g.l.s.CustomUserDetailsService - loadUserByUsername: User admin found with roles: [org.guidewire.login.model.Role@2e70f6e0]
2025-05-31 04:42:02 [http-nio-8081-exec-9] INFO  o.g.login.security.CustomUserDetails - Initializing CustomUserDetails for user: admin
2025-05-31 04:42:02 [http-nio-8081-exec-9] DEBUG o.g.login.security.CustomUserDetails - User admin has roles: [ADMIN]
2025-05-31 04:42:02 [http-nio-8081-exec-9] DEBUG o.g.login.security.CustomUserDetails - User admin has permissions: [DELETE_TASK, EDIT_USER, CREATE_TASK, CREATE_USER, DELETE_USER, ADD_WATCHER, VIEW_DASHBOARD, CLOSE_TASK, VIEW_ROLE, VIEW_TASK, ASSIGN_TASK, COMMENT_TASK, EDIT_ROLE, ADD_SUBTASK, REMOVE_SUBTASK, REMOVE_WATCHER, DELETE_ROLE, CREATE_ROLE, REOPEN_TASK, ASSIGN_ROLE, EDIT_TASK, VIEW_USER]
2025-05-31 04:42:02 [http-nio-8081-exec-9] INFO  o.g.login.security.CustomUserDetails - CustomUserDetails initialized successfully for user: admin
2025-05-31 04:42:02 [http-nio-8081-exec-9] INFO  o.guidewire.login.security.JwtUtil - validateToken:JWT validated successfully for user: admin
2025-05-31 04:42:02 [http-nio-8081-exec-9] INFO  o.g.l.s.JwtAuthenticationFilter - doFilterInternal: Authentication successful for user 'admin'. Authorities: [ROLE_ADMIN, DELETE_TASK, EDIT_USER, CREATE_TASK, CREATE_USER, VIEW_DASHBOARD, ADD_WATCHER, DELETE_USER, CLOSE_TASK, VIEW_TASK, VIEW_ROLE, COMMENT_TASK, ASSIGN_TASK, EDIT_ROLE, ADD_SUBTASK, REMOVE_SUBTASK, DELETE_ROLE, REMOVE_WATCHER, CREATE_ROLE, REOPEN_TASK, ASSIGN_ROLE, EDIT_TASK, VIEW_USER]
2025-05-31 04:42:02 [http-nio-8081-exec-9] DEBUG o.s.security.web.FilterChainProxy - Secured GET /api/auth/user/details
2025-05-31 04:42:02 [http-nio-8081-exec-9] DEBUG o.s.web.servlet.DispatcherServlet - GET "/api/auth/user/details", parameters={}
2025-05-31 04:42:02 [http-nio-8081-exec-9] DEBUG o.s.w.s.m.m.a.RequestMappingHandlerMapping - Mapped to org.guidewire.login.controller.AuthController#fetchUserDetails(List)
2025-05-31 04:42:02 [http-nio-8081-exec-9] DEBUG o.s.o.j.s.OpenEntityManagerInViewInterceptor - Opening JPA EntityManager in OpenEntityManagerInViewInterceptor
2025-05-31 04:42:02 [http-nio-8081-exec-9] DEBUG o.s.w.s.m.m.a.RequestResponseBodyMethodProcessor - Read "application/json;charset=UTF-8" to [[3d480867-d12b-4c5f-a725-da17dd7e5590]]
2025-05-31 04:42:02 [http-nio-8081-exec-9] INFO  o.g.login.controller.AuthController - fetchUserDetails: Fetching details for users with IDs: [3d480867-d12b-4c5f-a725-da17dd7e5590]
2025-05-31 04:42:02 [http-nio-8081-exec-9] DEBUG o.s.orm.jpa.JpaTransactionManager - Found thread-bound EntityManager [SessionImpl(942289364<open>)] for JPA transaction
2025-05-31 04:42:02 [http-nio-8081-exec-9] DEBUG o.s.orm.jpa.JpaTransactionManager - Creating new transaction with name [org.springframework.data.jpa.repository.support.SimpleJpaRepository.findAllById]: PROPAGATION_REQUIRED,ISOLATION_DEFAULT,readOnly
2025-05-31 04:42:02 [http-nio-8081-exec-9] DEBUG o.s.jdbc.datasource.DataSourceUtils - Setting JDBC Connection [HikariProxyConnection@1216433888 wrapping org.postgresql.jdbc.PgConnection@54d91e0c] read-only
2025-05-31 04:42:02 [http-nio-8081-exec-9] DEBUG o.s.orm.jpa.JpaTransactionManager - Exposing JPA transaction as JDBC [org.springframework.orm.jpa.vendor.HibernateJpaDialect$HibernateConnectionHandle@7f3521c2]
2025-05-31 04:42:02 [http-nio-8081-exec-9] DEBUG org.hibernate.SQL - select u1_0.id,u1_0.created_at,u1_0.email,u1_0.password,u1_0.phone_number,u1_0.updated_at,u1_0.username from users u1_0 where u1_0.id in (?)
2025-05-31 04:42:02 [http-nio-8081-exec-9] DEBUG org.hibernate.SQL - select r1_0.user_id,r1_1.id,r1_1.created_at,r1_1.name,p1_0.role_id,p1_1.id,p1_1.created_at,p1_1.description,p1_1.name,p1_1.updated_at,r1_1.updated_at from user_roles r1_0 join roles r1_1 on r1_1.id=r1_0.role_id left join role_permissions p1_0 on r1_1.id=p1_0.role_id left join permissions p1_1 on p1_1.id=p1_0.permission_id where r1_0.user_id=?
2025-05-31 04:42:02 [http-nio-8081-exec-9] DEBUG o.s.orm.jpa.JpaTransactionManager - Initiating transaction commit
2025-05-31 04:42:02 [http-nio-8081-exec-9] DEBUG o.s.orm.jpa.JpaTransactionManager - Committing JPA transaction on EntityManager [SessionImpl(942289364<open>)]
2025-05-31 04:42:02 [http-nio-8081-exec-9] DEBUG o.s.jdbc.datasource.DataSourceUtils - Resetting read-only flag of JDBC Connection [HikariProxyConnection@1216433888 wrapping org.postgresql.jdbc.PgConnection@54d91e0c]
2025-05-31 04:42:02 [http-nio-8081-exec-9] DEBUG o.s.orm.jpa.JpaTransactionManager - Not closing pre-bound JPA EntityManager after transaction
2025-05-31 04:42:02 [http-nio-8081-exec-9] INFO  o.g.login.controller.AuthController - fetchUserDetails: Returning user details for users: [org.guidewire.login.dto.responses.UserResponse@9887a43]
2025-05-31 04:42:02 [http-nio-8081-exec-9] DEBUG o.s.w.s.m.m.a.HttpEntityMethodProcessor - Using 'application/json', given [*/*] and supported [application/json, application/*+json]
2025-05-31 04:42:02 [http-nio-8081-exec-9] DEBUG o.s.w.s.m.m.a.HttpEntityMethodProcessor - Writing [[org.guidewire.login.dto.responses.UserResponse@9887a43]]
2025-05-31 04:42:02 [http-nio-8081-exec-9] DEBUG o.s.o.j.s.OpenEntityManagerInViewInterceptor - Closing JPA EntityManager in OpenEntityManagerInViewInterceptor
2025-05-31 04:42:02 [http-nio-8081-exec-9] DEBUG o.s.web.servlet.DispatcherServlet - Completed 200 OK
2025-05-31 04:42:09 [http-nio-8081-exec-10] DEBUG o.s.security.web.FilterChainProxy - Securing GET /api/auth/users/list
2025-05-31 04:42:09 [http-nio-8081-exec-10] INFO  o.g.l.s.JwtAuthenticationFilter - doFilterInternal: Extracted username 'admin' with roles [ADMIN] and permissions [DELETE_TASK, EDIT_USER, CREATE_TASK, CREATE_USER, VIEW_DASHBOARD, ADD_WATCHER, DELETE_USER, CLOSE_TASK, VIEW_TASK, VIEW_ROLE, COMMENT_TASK, ASSIGN_TASK, EDIT_ROLE, ADD_SUBTASK, REMOVE_SUBTASK, DELETE_ROLE, REMOVE_WATCHER, CREATE_ROLE, REOPEN_TASK, ASSIGN_ROLE, EDIT_TASK, VIEW_USER]
2025-05-31 04:42:09 [http-nio-8081-exec-10] INFO  o.g.l.s.CustomUserDetailsService - loadUserByUsername: Searching for user: admin
2025-05-31 04:42:09 [http-nio-8081-exec-10] DEBUG o.s.o.j.SharedEntityManagerCreator$SharedEntityManagerInvocationHandler - Creating new EntityManager for shared EntityManager invocation
2025-05-31 04:42:09 [http-nio-8081-exec-10] DEBUG org.hibernate.SQL - select u1_0.id,u1_0.created_at,u1_0.email,u1_0.password,u1_0.phone_number,u1_0.updated_at,u1_0.username from users u1_0 where u1_0.username=?
2025-05-31 04:42:09 [http-nio-8081-exec-10] DEBUG org.hibernate.SQL - select r1_0.user_id,r1_1.id,r1_1.created_at,r1_1.name,p1_0.role_id,p1_1.id,p1_1.created_at,p1_1.description,p1_1.name,p1_1.updated_at,r1_1.updated_at from user_roles r1_0 join roles r1_1 on r1_1.id=r1_0.role_id left join role_permissions p1_0 on r1_1.id=p1_0.role_id left join permissions p1_1 on p1_1.id=p1_0.permission_id where r1_0.user_id=?
2025-05-31 04:42:09 [http-nio-8081-exec-10] INFO  o.g.l.s.CustomUserDetailsService - loadUserByUsername: User admin found with roles: [org.guidewire.login.model.Role@4414049e]
2025-05-31 04:42:09 [http-nio-8081-exec-10] INFO  o.g.login.security.CustomUserDetails - Initializing CustomUserDetails for user: admin
2025-05-31 04:42:09 [http-nio-8081-exec-10] DEBUG o.g.login.security.CustomUserDetails - User admin has roles: [ADMIN]
2025-05-31 04:42:09 [http-nio-8081-exec-10] DEBUG o.g.login.security.CustomUserDetails - User admin has permissions: [DELETE_TASK, EDIT_USER, CREATE_TASK, CREATE_USER, DELETE_USER, ADD_WATCHER, VIEW_DASHBOARD, VIEW_ROLE, VIEW_TASK, CLOSE_TASK, ASSIGN_TASK, COMMENT_TASK, EDIT_ROLE, ADD_SUBTASK, REMOVE_SUBTASK, DELETE_ROLE, REMOVE_WATCHER, CREATE_ROLE, REOPEN_TASK, ASSIGN_ROLE, EDIT_TASK, VIEW_USER]
2025-05-31 04:42:09 [http-nio-8081-exec-10] INFO  o.g.login.security.CustomUserDetails - CustomUserDetails initialized successfully for user: admin
2025-05-31 04:42:09 [http-nio-8081-exec-10] INFO  o.guidewire.login.security.JwtUtil - validateToken:JWT validated successfully for user: admin
2025-05-31 04:42:09 [http-nio-8081-exec-10] INFO  o.g.l.s.JwtAuthenticationFilter - doFilterInternal: Authentication successful for user 'admin'. Authorities: [ROLE_ADMIN, DELETE_TASK, EDIT_USER, CREATE_TASK, CREATE_USER, VIEW_DASHBOARD, ADD_WATCHER, DELETE_USER, CLOSE_TASK, VIEW_TASK, VIEW_ROLE, COMMENT_TASK, ASSIGN_TASK, EDIT_ROLE, ADD_SUBTASK, REMOVE_SUBTASK, DELETE_ROLE, REMOVE_WATCHER, CREATE_ROLE, REOPEN_TASK, ASSIGN_ROLE, EDIT_TASK, VIEW_USER]
2025-05-31 04:42:09 [http-nio-8081-exec-10] DEBUG o.s.security.web.FilterChainProxy - Secured GET /api/auth/users/list
2025-05-31 04:42:09 [http-nio-8081-exec-10] DEBUG o.s.web.servlet.DispatcherServlet - GET "/api/auth/users/list", parameters={}
2025-05-31 04:42:09 [http-nio-8081-exec-10] DEBUG o.s.w.s.m.m.a.RequestMappingHandlerMapping - Mapped to org.guidewire.login.controller.UserController#getAllUsers()
2025-05-31 04:42:09 [http-nio-8081-exec-10] DEBUG o.s.o.j.s.OpenEntityManagerInViewInterceptor - Opening JPA EntityManager in OpenEntityManagerInViewInterceptor
2025-05-31 04:42:09 [http-nio-8081-exec-10] INFO  o.g.login.services.UserService - getAllUsers: Fetching all users from the database.
2025-05-31 04:42:09 [http-nio-8081-exec-10] DEBUG o.s.orm.jpa.JpaTransactionManager - Found thread-bound EntityManager [SessionImpl(1615516262<open>)] for JPA transaction
2025-05-31 04:42:09 [http-nio-8081-exec-10] DEBUG o.s.orm.jpa.JpaTransactionManager - Creating new transaction with name [org.springframework.data.jpa.repository.support.SimpleJpaRepository.findAll]: PROPAGATION_REQUIRED,ISOLATION_DEFAULT,readOnly
2025-05-31 04:42:09 [http-nio-8081-exec-10] DEBUG o.s.jdbc.datasource.DataSourceUtils - Setting JDBC Connection [HikariProxyConnection@1045376408 wrapping org.postgresql.jdbc.PgConnection@514f75a5] read-only
2025-05-31 04:42:09 [http-nio-8081-exec-10] DEBUG o.s.orm.jpa.JpaTransactionManager - Exposing JPA transaction as JDBC [org.springframework.orm.jpa.vendor.HibernateJpaDialect$HibernateConnectionHandle@302350a5]
2025-05-31 04:42:09 [http-nio-8081-exec-10] DEBUG org.hibernate.SQL - select u1_0.id,u1_0.created_at,u1_0.email,u1_0.password,u1_0.phone_number,u1_0.updated_at,u1_0.username from users u1_0
2025-05-31 04:42:09 [http-nio-8081-exec-10] DEBUG org.hibernate.SQL - select r1_0.user_id,r1_1.id,r1_1.created_at,r1_1.name,p1_0.role_id,p1_1.id,p1_1.created_at,p1_1.description,p1_1.name,p1_1.updated_at,r1_1.updated_at from user_roles r1_0 join roles r1_1 on r1_1.id=r1_0.role_id left join role_permissions p1_0 on r1_1.id=p1_0.role_id left join permissions p1_1 on p1_1.id=p1_0.permission_id where r1_0.user_id=?
2025-05-31 04:42:09 [http-nio-8081-exec-10] DEBUG org.hibernate.SQL - select r1_0.user_id,r1_1.id,r1_1.created_at,r1_1.name,p1_0.role_id,p1_1.id,p1_1.created_at,p1_1.description,p1_1.name,p1_1.updated_at,r1_1.updated_at from user_roles r1_0 join roles r1_1 on r1_1.id=r1_0.role_id left join role_permissions p1_0 on r1_1.id=p1_0.role_id left join permissions p1_1 on p1_1.id=p1_0.permission_id where r1_0.user_id=?
2025-05-31 04:42:09 [http-nio-8081-exec-10] DEBUG org.hibernate.SQL - select r1_0.user_id,r1_1.id,r1_1.created_at,r1_1.name,p1_0.role_id,p1_1.id,p1_1.created_at,p1_1.description,p1_1.name,p1_1.updated_at,r1_1.updated_at from user_roles r1_0 join roles r1_1 on r1_1.id=r1_0.role_id left join role_permissions p1_0 on r1_1.id=p1_0.role_id left join permissions p1_1 on p1_1.id=p1_0.permission_id where r1_0.user_id=?
2025-05-31 04:42:09 [http-nio-8081-exec-10] DEBUG org.hibernate.SQL - select r1_0.user_id,r1_1.id,r1_1.created_at,r1_1.name,p1_0.role_id,p1_1.id,p1_1.created_at,p1_1.description,p1_1.name,p1_1.updated_at,r1_1.updated_at from user_roles r1_0 join roles r1_1 on r1_1.id=r1_0.role_id left join role_permissions p1_0 on r1_1.id=p1_0.role_id left join permissions p1_1 on p1_1.id=p1_0.permission_id where r1_0.user_id=?
2025-05-31 04:42:09 [http-nio-8081-exec-10] DEBUG org.hibernate.SQL - select r1_0.user_id,r1_1.id,r1_1.created_at,r1_1.name,p1_0.role_id,p1_1.id,p1_1.created_at,p1_1.description,p1_1.name,p1_1.updated_at,r1_1.updated_at from user_roles r1_0 join roles r1_1 on r1_1.id=r1_0.role_id left join role_permissions p1_0 on r1_1.id=p1_0.role_id left join permissions p1_1 on p1_1.id=p1_0.permission_id where r1_0.user_id=?
2025-05-31 04:42:09 [http-nio-8081-exec-10] DEBUG org.hibernate.SQL - select r1_0.user_id,r1_1.id,r1_1.created_at,r1_1.name,p1_0.role_id,p1_1.id,p1_1.created_at,p1_1.description,p1_1.name,p1_1.updated_at,r1_1.updated_at from user_roles r1_0 join roles r1_1 on r1_1.id=r1_0.role_id left join role_permissions p1_0 on r1_1.id=p1_0.role_id left join permissions p1_1 on p1_1.id=p1_0.permission_id where r1_0.user_id=?
2025-05-31 04:42:09 [http-nio-8081-exec-10] DEBUG o.s.orm.jpa.JpaTransactionManager - Initiating transaction commit
2025-05-31 04:42:09 [http-nio-8081-exec-10] DEBUG o.s.orm.jpa.JpaTransactionManager - Committing JPA transaction on EntityManager [SessionImpl(1615516262<open>)]
2025-05-31 04:42:09 [http-nio-8081-exec-10] DEBUG o.s.jdbc.datasource.DataSourceUtils - Resetting read-only flag of JDBC Connection [HikariProxyConnection@1045376408 wrapping org.postgresql.jdbc.PgConnection@514f75a5]
2025-05-31 04:42:09 [http-nio-8081-exec-10] DEBUG o.s.orm.jpa.JpaTransactionManager - Not closing pre-bound JPA EntityManager after transaction
2025-05-31 04:42:09 [http-nio-8081-exec-10] INFO  o.g.login.services.UserService - getAllUsers: Retrieved 6 users.
2025-05-31 04:42:09 [http-nio-8081-exec-10] DEBUG o.s.w.s.m.m.a.HttpEntityMethodProcessor - Using 'application/json', given [*/*] and supported [application/json, application/*+json]
2025-05-31 04:42:09 [http-nio-8081-exec-10] DEBUG o.s.w.s.m.m.a.HttpEntityMethodProcessor - Writing [[org.guidewire.login.dto.responses.UserResponse@141f1f89, org.guidewire.login.dto.responses.UserResp (truncated)...]
2025-05-31 04:42:09 [http-nio-8081-exec-10] DEBUG o.s.o.j.s.OpenEntityManagerInViewInterceptor - Closing JPA EntityManager in OpenEntityManagerInViewInterceptor
2025-05-31 04:42:09 [http-nio-8081-exec-10] DEBUG o.s.web.servlet.DispatcherServlet - Completed 200 OK
2025-05-31 04:42:09 [http-nio-8081-exec-2] DEBUG o.s.security.web.FilterChainProxy - Securing GET /api/auth/user/details
2025-05-31 04:42:09 [http-nio-8081-exec-2] DEBUG o.g.l.s.JwtAuthenticationFilter - doFilterInternal: No valid Authorization header found, skipping JWT processing.
2025-05-31 04:42:09 [http-nio-8081-exec-2] DEBUG o.s.s.w.a.AnonymousAuthenticationFilter - Set SecurityContextHolder to anonymous SecurityContext
2025-05-31 04:42:09 [http-nio-8081-exec-2] DEBUG o.s.security.web.FilterChainProxy - Secured GET /api/auth/user/details
2025-05-31 04:42:09 [http-nio-8081-exec-2] DEBUG o.s.web.servlet.DispatcherServlet - GET "/api/auth/user/details", parameters={}
2025-05-31 04:42:09 [http-nio-8081-exec-2] DEBUG o.s.w.s.m.m.a.RequestMappingHandlerMapping - Mapped to org.guidewire.login.controller.AuthController#fetchUserDetails(List)
2025-05-31 04:42:09 [http-nio-8081-exec-2] DEBUG o.s.o.j.s.OpenEntityManagerInViewInterceptor - Opening JPA EntityManager in OpenEntityManagerInViewInterceptor
2025-05-31 04:42:09 [http-nio-8081-exec-2] DEBUG o.s.w.s.m.m.a.RequestResponseBodyMethodProcessor - Read "application/json;charset=UTF-8" to []
2025-05-31 04:42:09 [http-nio-8081-exec-2] DEBUG o.s.w.s.m.m.a.ExceptionHandlerExceptionResolver - Using @ExceptionHandler org.guidewire.login.exceptions.GlobalExceptionHandler#handleRuntimeException(RuntimeException)
2025-05-31 04:42:09 [http-nio-8081-exec-2] ERROR o.g.l.e.GlobalExceptionHandler - bad request: Required request body is missing: public org.springframework.http.ResponseEntity<?> org.guidewire.login.controller.AuthController.fetchUserDetails(java.util.List<java.util.UUID>)
2025-05-31 04:42:09 [http-nio-8081-exec-2] DEBUG o.s.w.s.m.m.a.HttpEntityMethodProcessor - Using 'application/json', given [*/*] and supported [application/json, application/*+json]
2025-05-31 04:42:09 [http-nio-8081-exec-2] DEBUG o.s.w.s.m.m.a.HttpEntityMethodProcessor - Writing [{message=Something went wrong. Please try again., timestamp=2025-05-31T04:42:09.770880, status=400}]
2025-05-31 04:42:09 [http-nio-8081-exec-2] WARN  o.s.w.s.m.m.a.ExceptionHandlerExceptionResolver - Resolved [org.springframework.http.converter.HttpMessageNotReadableException: Required request body is missing: public org.springframework.http.ResponseEntity<?> org.guidewire.login.controller.AuthController.fetchUserDetails(java.util.List<java.util.UUID>)]
2025-05-31 04:42:09 [http-nio-8081-exec-2] DEBUG o.s.o.j.s.OpenEntityManagerInViewInterceptor - Closing JPA EntityManager in OpenEntityManagerInViewInterceptor
2025-05-31 04:42:09 [http-nio-8081-exec-2] DEBUG o.s.web.servlet.DispatcherServlet - Completed 400 BAD_REQUEST
2025-05-31 04:42:09 [http-nio-8081-exec-1] DEBUG o.s.security.web.FilterChainProxy - Securing GET /api/auth/user/details
2025-05-31 04:42:09 [http-nio-8081-exec-1] DEBUG o.g.l.s.JwtAuthenticationFilter - doFilterInternal: No valid Authorization header found, skipping JWT processing.
2025-05-31 04:42:09 [http-nio-8081-exec-1] DEBUG o.s.s.w.a.AnonymousAuthenticationFilter - Set SecurityContextHolder to anonymous SecurityContext
2025-05-31 04:42:09 [http-nio-8081-exec-1] DEBUG o.s.security.web.FilterChainProxy - Secured GET /api/auth/user/details
2025-05-31 04:42:09 [http-nio-8081-exec-1] DEBUG o.s.web.servlet.DispatcherServlet - GET "/api/auth/user/details", parameters={}
2025-05-31 04:42:09 [http-nio-8081-exec-1] DEBUG o.s.w.s.m.m.a.RequestMappingHandlerMapping - Mapped to org.guidewire.login.controller.AuthController#fetchUserDetails(List)
2025-05-31 04:42:09 [http-nio-8081-exec-1] DEBUG o.s.o.j.s.OpenEntityManagerInViewInterceptor - Opening JPA EntityManager in OpenEntityManagerInViewInterceptor
2025-05-31 04:42:09 [http-nio-8081-exec-1] DEBUG o.s.w.s.m.m.a.RequestResponseBodyMethodProcessor - Read "application/json;charset=UTF-8" to [[null]]
2025-05-31 04:42:09 [http-nio-8081-exec-1] INFO  o.g.login.controller.AuthController - fetchUserDetails: Fetching details for users with IDs: [null]
2025-05-31 04:42:09 [http-nio-8081-exec-1] DEBUG o.s.orm.jpa.JpaTransactionManager - Found thread-bound EntityManager [SessionImpl(234313631<open>)] for JPA transaction
2025-05-31 04:42:09 [http-nio-8081-exec-1] DEBUG o.s.orm.jpa.JpaTransactionManager - Creating new transaction with name [org.springframework.data.jpa.repository.support.SimpleJpaRepository.findAllById]: PROPAGATION_REQUIRED,ISOLATION_DEFAULT,readOnly
2025-05-31 04:42:09 [http-nio-8081-exec-1] DEBUG o.s.jdbc.datasource.DataSourceUtils - Setting JDBC Connection [HikariProxyConnection@363270456 wrapping org.postgresql.jdbc.PgConnection@514f75a5] read-only
2025-05-31 04:42:09 [http-nio-8081-exec-1] DEBUG o.s.orm.jpa.JpaTransactionManager - Exposing JPA transaction as JDBC [org.springframework.orm.jpa.vendor.HibernateJpaDialect$HibernateConnectionHandle@33958349]
2025-05-31 04:42:09 [http-nio-8081-exec-1] DEBUG org.hibernate.SQL - select u1_0.id,u1_0.created_at,u1_0.email,u1_0.password,u1_0.phone_number,u1_0.updated_at,u1_0.username from users u1_0 where u1_0.id in (?)
2025-05-31 04:42:09 [http-nio-8081-exec-1] DEBUG o.s.orm.jpa.JpaTransactionManager - Initiating transaction commit
2025-05-31 04:42:09 [http-nio-8081-exec-1] DEBUG o.s.orm.jpa.JpaTransactionManager - Committing JPA transaction on EntityManager [SessionImpl(234313631<open>)]
2025-05-31 04:42:09 [http-nio-8081-exec-1] DEBUG o.s.jdbc.datasource.DataSourceUtils - Resetting read-only flag of JDBC Connection [HikariProxyConnection@363270456 wrapping org.postgresql.jdbc.PgConnection@514f75a5]
2025-05-31 04:42:09 [http-nio-8081-exec-1] DEBUG o.s.orm.jpa.JpaTransactionManager - Not closing pre-bound JPA EntityManager after transaction
2025-05-31 04:42:09 [http-nio-8081-exec-1] INFO  o.g.login.controller.AuthController - fetchUserDetails: Returning user details for users: []
2025-05-31 04:42:09 [http-nio-8081-exec-1] DEBUG o.s.w.s.m.m.a.HttpEntityMethodProcessor - Using 'application/json', given [*/*] and supported [application/json, application/*+json]
2025-05-31 04:42:09 [http-nio-8081-exec-1] DEBUG o.s.w.s.m.m.a.HttpEntityMethodProcessor - Writing [[]]
2025-05-31 04:42:09 [http-nio-8081-exec-1] DEBUG o.s.o.j.s.OpenEntityManagerInViewInterceptor - Closing JPA EntityManager in OpenEntityManagerInViewInterceptor
2025-05-31 04:42:09 [http-nio-8081-exec-1] DEBUG o.s.web.servlet.DispatcherServlet - Completed 200 OK
2025-05-31 04:42:10 [http-nio-8081-exec-3] DEBUG o.s.security.web.FilterChainProxy - Securing GET /api/auth/user/details
2025-05-31 04:42:10 [http-nio-8081-exec-3] DEBUG o.g.l.s.JwtAuthenticationFilter - doFilterInternal: No valid Authorization header found, skipping JWT processing.
2025-05-31 04:42:10 [http-nio-8081-exec-3] DEBUG o.s.s.w.a.AnonymousAuthenticationFilter - Set SecurityContextHolder to anonymous SecurityContext
2025-05-31 04:42:10 [http-nio-8081-exec-3] DEBUG o.s.security.web.FilterChainProxy - Secured GET /api/auth/user/details
2025-05-31 04:42:10 [http-nio-8081-exec-3] DEBUG o.s.web.servlet.DispatcherServlet - GET "/api/auth/user/details", parameters={}
2025-05-31 04:42:10 [http-nio-8081-exec-3] DEBUG o.s.w.s.m.m.a.RequestMappingHandlerMapping - Mapped to org.guidewire.login.controller.AuthController#fetchUserDetails(List)
2025-05-31 04:42:10 [http-nio-8081-exec-3] DEBUG o.s.o.j.s.OpenEntityManagerInViewInterceptor - Opening JPA EntityManager in OpenEntityManagerInViewInterceptor
2025-05-31 04:42:10 [http-nio-8081-exec-3] DEBUG o.s.w.s.m.m.a.RequestResponseBodyMethodProcessor - Read "application/json;charset=UTF-8" to [[]]
2025-05-31 04:42:10 [http-nio-8081-exec-3] INFO  o.g.login.controller.AuthController - fetchUserDetails: Fetching details for users with IDs: []
2025-05-31 04:42:10 [http-nio-8081-exec-3] DEBUG o.s.orm.jpa.JpaTransactionManager - Found thread-bound EntityManager [SessionImpl(1265840987<open>)] for JPA transaction
2025-05-31 04:42:10 [http-nio-8081-exec-3] DEBUG o.s.orm.jpa.JpaTransactionManager - Creating new transaction with name [org.springframework.data.jpa.repository.support.SimpleJpaRepository.findAllById]: PROPAGATION_REQUIRED,ISOLATION_DEFAULT,readOnly
2025-05-31 04:42:10 [http-nio-8081-exec-3] DEBUG o.s.jdbc.datasource.DataSourceUtils - Setting JDBC Connection [HikariProxyConnection@662083220 wrapping org.postgresql.jdbc.PgConnection@514f75a5] read-only
2025-05-31 04:42:10 [http-nio-8081-exec-3] DEBUG o.s.orm.jpa.JpaTransactionManager - Exposing JPA transaction as JDBC [org.springframework.orm.jpa.vendor.HibernateJpaDialect$HibernateConnectionHandle@18924fe3]
2025-05-31 04:42:10 [http-nio-8081-exec-3] DEBUG o.s.orm.jpa.JpaTransactionManager - Initiating transaction commit
2025-05-31 04:42:10 [http-nio-8081-exec-3] DEBUG o.s.orm.jpa.JpaTransactionManager - Committing JPA transaction on EntityManager [SessionImpl(1265840987<open>)]
2025-05-31 04:42:10 [http-nio-8081-exec-3] DEBUG o.s.jdbc.datasource.DataSourceUtils - Resetting read-only flag of JDBC Connection [HikariProxyConnection@662083220 wrapping org.postgresql.jdbc.PgConnection@514f75a5]
2025-05-31 04:42:10 [http-nio-8081-exec-3] DEBUG o.s.orm.jpa.JpaTransactionManager - Not closing pre-bound JPA EntityManager after transaction
2025-05-31 04:42:10 [http-nio-8081-exec-3] INFO  o.g.login.controller.AuthController - fetchUserDetails: Returning user details for users: []
2025-05-31 04:42:10 [http-nio-8081-exec-3] DEBUG o.s.w.s.m.m.a.HttpEntityMethodProcessor - Using 'application/json', given [*/*] and supported [application/json, application/*+json]
2025-05-31 04:42:10 [http-nio-8081-exec-3] DEBUG o.s.w.s.m.m.a.HttpEntityMethodProcessor - Writing [[]]
2025-05-31 04:42:10 [http-nio-8081-exec-3] DEBUG o.s.o.j.s.OpenEntityManagerInViewInterceptor - Closing JPA EntityManager in OpenEntityManagerInViewInterceptor
2025-05-31 04:42:10 [http-nio-8081-exec-3] DEBUG o.s.web.servlet.DispatcherServlet - Completed 200 OK
2025-05-31 04:42:10 [http-nio-8081-exec-5] DEBUG o.s.security.web.FilterChainProxy - Securing GET /api/auth/user/details
2025-05-31 04:42:10 [http-nio-8081-exec-5] DEBUG o.g.l.s.JwtAuthenticationFilter - doFilterInternal: No valid Authorization header found, skipping JWT processing.
2025-05-31 04:42:10 [http-nio-8081-exec-5] DEBUG o.s.s.w.a.AnonymousAuthenticationFilter - Set SecurityContextHolder to anonymous SecurityContext
2025-05-31 04:42:10 [http-nio-8081-exec-5] DEBUG o.s.security.web.FilterChainProxy - Secured GET /api/auth/user/details
2025-05-31 04:42:10 [http-nio-8081-exec-5] DEBUG o.s.web.servlet.DispatcherServlet - GET "/api/auth/user/details", parameters={}
2025-05-31 04:42:10 [http-nio-8081-exec-5] DEBUG o.s.w.s.m.m.a.RequestMappingHandlerMapping - Mapped to org.guidewire.login.controller.AuthController#fetchUserDetails(List)
2025-05-31 04:42:10 [http-nio-8081-exec-5] DEBUG o.s.o.j.s.OpenEntityManagerInViewInterceptor - Opening JPA EntityManager in OpenEntityManagerInViewInterceptor
2025-05-31 04:42:10 [http-nio-8081-exec-5] DEBUG o.s.w.s.m.m.a.RequestResponseBodyMethodProcessor - Read "application/json;charset=UTF-8" to [[null]]
2025-05-31 04:42:10 [http-nio-8081-exec-5] INFO  o.g.login.controller.AuthController - fetchUserDetails: Fetching details for users with IDs: [null]
2025-05-31 04:42:10 [http-nio-8081-exec-5] DEBUG o.s.orm.jpa.JpaTransactionManager - Found thread-bound EntityManager [SessionImpl(1204409028<open>)] for JPA transaction
2025-05-31 04:42:10 [http-nio-8081-exec-5] DEBUG o.s.orm.jpa.JpaTransactionManager - Creating new transaction with name [org.springframework.data.jpa.repository.support.SimpleJpaRepository.findAllById]: PROPAGATION_REQUIRED,ISOLATION_DEFAULT,readOnly
2025-05-31 04:42:10 [http-nio-8081-exec-5] DEBUG o.s.jdbc.datasource.DataSourceUtils - Setting JDBC Connection [HikariProxyConnection@965364402 wrapping org.postgresql.jdbc.PgConnection@514f75a5] read-only
2025-05-31 04:42:10 [http-nio-8081-exec-5] DEBUG o.s.orm.jpa.JpaTransactionManager - Exposing JPA transaction as JDBC [org.springframework.orm.jpa.vendor.HibernateJpaDialect$HibernateConnectionHandle@7f79b982]
2025-05-31 04:42:10 [http-nio-8081-exec-5] DEBUG org.hibernate.SQL - select u1_0.id,u1_0.created_at,u1_0.email,u1_0.password,u1_0.phone_number,u1_0.updated_at,u1_0.username from users u1_0 where u1_0.id in (?)
2025-05-31 04:42:10 [http-nio-8081-exec-5] DEBUG o.s.orm.jpa.JpaTransactionManager - Initiating transaction commit
2025-05-31 04:42:10 [http-nio-8081-exec-5] DEBUG o.s.orm.jpa.JpaTransactionManager - Committing JPA transaction on EntityManager [SessionImpl(1204409028<open>)]
2025-05-31 04:42:10 [http-nio-8081-exec-5] DEBUG o.s.jdbc.datasource.DataSourceUtils - Resetting read-only flag of JDBC Connection [HikariProxyConnection@965364402 wrapping org.postgresql.jdbc.PgConnection@514f75a5]
2025-05-31 04:42:10 [http-nio-8081-exec-5] DEBUG o.s.orm.jpa.JpaTransactionManager - Not closing pre-bound JPA EntityManager after transaction
2025-05-31 04:42:10 [http-nio-8081-exec-5] INFO  o.g.login.controller.AuthController - fetchUserDetails: Returning user details for users: []
2025-05-31 04:42:10 [http-nio-8081-exec-5] DEBUG o.s.w.s.m.m.a.HttpEntityMethodProcessor - Using 'application/json', given [*/*] and supported [application/json, application/*+json]
2025-05-31 04:42:10 [http-nio-8081-exec-5] DEBUG o.s.w.s.m.m.a.HttpEntityMethodProcessor - Writing [[]]
2025-05-31 04:42:10 [http-nio-8081-exec-5] DEBUG o.s.o.j.s.OpenEntityManagerInViewInterceptor - Closing JPA EntityManager in OpenEntityManagerInViewInterceptor
2025-05-31 04:42:10 [http-nio-8081-exec-5] DEBUG o.s.web.servlet.DispatcherServlet - Completed 200 OK
2025-05-31 04:42:31 [http-nio-8081-exec-6] DEBUG o.s.security.web.FilterChainProxy - Securing GET /api/auth/users/list
2025-05-31 04:42:31 [http-nio-8081-exec-6] INFO  o.g.l.s.JwtAuthenticationFilter - doFilterInternal: Extracted username 'admin' with roles [ADMIN] and permissions [DELETE_TASK, EDIT_USER, CREATE_TASK, CREATE_USER, VIEW_DASHBOARD, ADD_WATCHER, DELETE_USER, CLOSE_TASK, VIEW_TASK, VIEW_ROLE, COMMENT_TASK, ASSIGN_TASK, EDIT_ROLE, ADD_SUBTASK, REMOVE_SUBTASK, DELETE_ROLE, REMOVE_WATCHER, CREATE_ROLE, REOPEN_TASK, ASSIGN_ROLE, EDIT_TASK, VIEW_USER]
2025-05-31 04:42:31 [http-nio-8081-exec-6] INFO  o.g.l.s.CustomUserDetailsService - loadUserByUsername: Searching for user: admin
2025-05-31 04:42:31 [http-nio-8081-exec-6] DEBUG o.s.o.j.SharedEntityManagerCreator$SharedEntityManagerInvocationHandler - Creating new EntityManager for shared EntityManager invocation
2025-05-31 04:42:31 [http-nio-8081-exec-6] DEBUG org.hibernate.SQL - select u1_0.id,u1_0.created_at,u1_0.email,u1_0.password,u1_0.phone_number,u1_0.updated_at,u1_0.username from users u1_0 where u1_0.username=?
2025-05-31 04:42:31 [http-nio-8081-exec-6] DEBUG org.hibernate.SQL - select r1_0.user_id,r1_1.id,r1_1.created_at,r1_1.name,p1_0.role_id,p1_1.id,p1_1.created_at,p1_1.description,p1_1.name,p1_1.updated_at,r1_1.updated_at from user_roles r1_0 join roles r1_1 on r1_1.id=r1_0.role_id left join role_permissions p1_0 on r1_1.id=p1_0.role_id left join permissions p1_1 on p1_1.id=p1_0.permission_id where r1_0.user_id=?
2025-05-31 04:42:31 [http-nio-8081-exec-6] INFO  o.g.l.s.CustomUserDetailsService - loadUserByUsername: User admin found with roles: [org.guidewire.login.model.Role@41ec4d24]
2025-05-31 04:42:31 [http-nio-8081-exec-6] INFO  o.g.login.security.CustomUserDetails - Initializing CustomUserDetails for user: admin
2025-05-31 04:42:31 [http-nio-8081-exec-6] DEBUG o.g.login.security.CustomUserDetails - User admin has roles: [ADMIN]
2025-05-31 04:42:31 [http-nio-8081-exec-6] DEBUG o.g.login.security.CustomUserDetails - User admin has permissions: [DELETE_TASK, EDIT_USER, CREATE_TASK, CREATE_USER, VIEW_DASHBOARD, ADD_WATCHER, DELETE_USER, VIEW_ROLE, VIEW_TASK, CLOSE_TASK, ASSIGN_TASK, COMMENT_TASK, EDIT_ROLE, ADD_SUBTASK, REMOVE_SUBTASK, REMOVE_WATCHER, DELETE_ROLE, CREATE_ROLE, REOPEN_TASK, ASSIGN_ROLE, EDIT_TASK, VIEW_USER]
2025-05-31 04:42:31 [http-nio-8081-exec-6] INFO  o.g.login.security.CustomUserDetails - CustomUserDetails initialized successfully for user: admin
2025-05-31 04:42:31 [http-nio-8081-exec-6] INFO  o.guidewire.login.security.JwtUtil - validateToken:JWT validated successfully for user: admin
2025-05-31 04:42:31 [http-nio-8081-exec-6] INFO  o.g.l.s.JwtAuthenticationFilter - doFilterInternal: Authentication successful for user 'admin'. Authorities: [ROLE_ADMIN, DELETE_TASK, EDIT_USER, CREATE_TASK, CREATE_USER, VIEW_DASHBOARD, ADD_WATCHER, DELETE_USER, CLOSE_TASK, VIEW_TASK, VIEW_ROLE, COMMENT_TASK, ASSIGN_TASK, EDIT_ROLE, ADD_SUBTASK, REMOVE_SUBTASK, DELETE_ROLE, REMOVE_WATCHER, CREATE_ROLE, REOPEN_TASK, ASSIGN_ROLE, EDIT_TASK, VIEW_USER]
2025-05-31 04:42:31 [http-nio-8081-exec-6] DEBUG o.s.security.web.FilterChainProxy - Secured GET /api/auth/users/list
2025-05-31 04:42:31 [http-nio-8081-exec-6] DEBUG o.s.web.servlet.DispatcherServlet - GET "/api/auth/users/list", parameters={}
2025-05-31 04:42:31 [http-nio-8081-exec-6] DEBUG o.s.w.s.m.m.a.RequestMappingHandlerMapping - Mapped to org.guidewire.login.controller.UserController#getAllUsers()
2025-05-31 04:42:31 [http-nio-8081-exec-6] DEBUG o.s.o.j.s.OpenEntityManagerInViewInterceptor - Opening JPA EntityManager in OpenEntityManagerInViewInterceptor
2025-05-31 04:42:31 [http-nio-8081-exec-6] INFO  o.g.login.services.UserService - getAllUsers: Fetching all users from the database.
2025-05-31 04:42:31 [http-nio-8081-exec-6] DEBUG o.s.orm.jpa.JpaTransactionManager - Found thread-bound EntityManager [SessionImpl(843023128<open>)] for JPA transaction
2025-05-31 04:42:31 [http-nio-8081-exec-6] DEBUG o.s.orm.jpa.JpaTransactionManager - Creating new transaction with name [org.springframework.data.jpa.repository.support.SimpleJpaRepository.findAll]: PROPAGATION_REQUIRED,ISOLATION_DEFAULT,readOnly
2025-05-31 04:42:31 [http-nio-8081-exec-6] DEBUG o.s.jdbc.datasource.DataSourceUtils - Setting JDBC Connection [HikariProxyConnection@1220679055 wrapping org.postgresql.jdbc.PgConnection@514f75a5] read-only
2025-05-31 04:42:31 [http-nio-8081-exec-6] DEBUG o.s.orm.jpa.JpaTransactionManager - Exposing JPA transaction as JDBC [org.springframework.orm.jpa.vendor.HibernateJpaDialect$HibernateConnectionHandle@67036de]
2025-05-31 04:42:31 [http-nio-8081-exec-6] DEBUG org.hibernate.SQL - select u1_0.id,u1_0.created_at,u1_0.email,u1_0.password,u1_0.phone_number,u1_0.updated_at,u1_0.username from users u1_0
2025-05-31 04:42:31 [http-nio-8081-exec-6] DEBUG org.hibernate.SQL - select r1_0.user_id,r1_1.id,r1_1.created_at,r1_1.name,p1_0.role_id,p1_1.id,p1_1.created_at,p1_1.description,p1_1.name,p1_1.updated_at,r1_1.updated_at from user_roles r1_0 join roles r1_1 on r1_1.id=r1_0.role_id left join role_permissions p1_0 on r1_1.id=p1_0.role_id left join permissions p1_1 on p1_1.id=p1_0.permission_id where r1_0.user_id=?
2025-05-31 04:42:31 [http-nio-8081-exec-6] DEBUG org.hibernate.SQL - select r1_0.user_id,r1_1.id,r1_1.created_at,r1_1.name,p1_0.role_id,p1_1.id,p1_1.created_at,p1_1.description,p1_1.name,p1_1.updated_at,r1_1.updated_at from user_roles r1_0 join roles r1_1 on r1_1.id=r1_0.role_id left join role_permissions p1_0 on r1_1.id=p1_0.role_id left join permissions p1_1 on p1_1.id=p1_0.permission_id where r1_0.user_id=?
2025-05-31 04:42:31 [http-nio-8081-exec-6] DEBUG org.hibernate.SQL - select r1_0.user_id,r1_1.id,r1_1.created_at,r1_1.name,p1_0.role_id,p1_1.id,p1_1.created_at,p1_1.description,p1_1.name,p1_1.updated_at,r1_1.updated_at from user_roles r1_0 join roles r1_1 on r1_1.id=r1_0.role_id left join role_permissions p1_0 on r1_1.id=p1_0.role_id left join permissions p1_1 on p1_1.id=p1_0.permission_id where r1_0.user_id=?
2025-05-31 04:42:31 [http-nio-8081-exec-6] DEBUG org.hibernate.SQL - select r1_0.user_id,r1_1.id,r1_1.created_at,r1_1.name,p1_0.role_id,p1_1.id,p1_1.created_at,p1_1.description,p1_1.name,p1_1.updated_at,r1_1.updated_at from user_roles r1_0 join roles r1_1 on r1_1.id=r1_0.role_id left join role_permissions p1_0 on r1_1.id=p1_0.role_id left join permissions p1_1 on p1_1.id=p1_0.permission_id where r1_0.user_id=?
2025-05-31 04:42:31 [http-nio-8081-exec-6] DEBUG org.hibernate.SQL - select r1_0.user_id,r1_1.id,r1_1.created_at,r1_1.name,p1_0.role_id,p1_1.id,p1_1.created_at,p1_1.description,p1_1.name,p1_1.updated_at,r1_1.updated_at from user_roles r1_0 join roles r1_1 on r1_1.id=r1_0.role_id left join role_permissions p1_0 on r1_1.id=p1_0.role_id left join permissions p1_1 on p1_1.id=p1_0.permission_id where r1_0.user_id=?
2025-05-31 04:42:31 [http-nio-8081-exec-6] DEBUG org.hibernate.SQL - select r1_0.user_id,r1_1.id,r1_1.created_at,r1_1.name,p1_0.role_id,p1_1.id,p1_1.created_at,p1_1.description,p1_1.name,p1_1.updated_at,r1_1.updated_at from user_roles r1_0 join roles r1_1 on r1_1.id=r1_0.role_id left join role_permissions p1_0 on r1_1.id=p1_0.role_id left join permissions p1_1 on p1_1.id=p1_0.permission_id where r1_0.user_id=?
2025-05-31 04:42:31 [http-nio-8081-exec-6] DEBUG o.s.orm.jpa.JpaTransactionManager - Initiating transaction commit
2025-05-31 04:42:31 [http-nio-8081-exec-6] DEBUG o.s.orm.jpa.JpaTransactionManager - Committing JPA transaction on EntityManager [SessionImpl(843023128<open>)]
2025-05-31 04:42:31 [http-nio-8081-exec-6] DEBUG o.s.jdbc.datasource.DataSourceUtils - Resetting read-only flag of JDBC Connection [HikariProxyConnection@1220679055 wrapping org.postgresql.jdbc.PgConnection@514f75a5]
2025-05-31 04:42:31 [http-nio-8081-exec-6] DEBUG o.s.orm.jpa.JpaTransactionManager - Not closing pre-bound JPA EntityManager after transaction
2025-05-31 04:42:31 [http-nio-8081-exec-6] INFO  o.g.login.services.UserService - getAllUsers: Retrieved 6 users.
2025-05-31 04:42:31 [http-nio-8081-exec-6] DEBUG o.s.w.s.m.m.a.HttpEntityMethodProcessor - Using 'application/json', given [*/*] and supported [application/json, application/*+json]
2025-05-31 04:42:31 [http-nio-8081-exec-6] DEBUG o.s.w.s.m.m.a.HttpEntityMethodProcessor - Writing [[org.guidewire.login.dto.responses.UserResponse@e648dca, org.guidewire.login.dto.responses.UserRespo (truncated)...]
2025-05-31 04:42:31 [http-nio-8081-exec-6] DEBUG o.s.o.j.s.OpenEntityManagerInViewInterceptor - Closing JPA EntityManager in OpenEntityManagerInViewInterceptor
2025-05-31 04:42:31 [http-nio-8081-exec-6] DEBUG o.s.web.servlet.DispatcherServlet - Completed 200 OK
2025-05-31 04:42:33 [http-nio-8081-exec-4] DEBUG o.s.security.web.FilterChainProxy - Securing GET /api/auth/user/details
2025-05-31 04:42:33 [http-nio-8081-exec-4] INFO  o.g.l.s.JwtAuthenticationFilter - doFilterInternal: Extracted username 'admin' with roles [ADMIN] and permissions [DELETE_TASK, EDIT_USER, CREATE_TASK, CREATE_USER, VIEW_DASHBOARD, ADD_WATCHER, DELETE_USER, CLOSE_TASK, VIEW_TASK, VIEW_ROLE, COMMENT_TASK, ASSIGN_TASK, EDIT_ROLE, ADD_SUBTASK, REMOVE_SUBTASK, DELETE_ROLE, REMOVE_WATCHER, CREATE_ROLE, REOPEN_TASK, ASSIGN_ROLE, EDIT_TASK, VIEW_USER]
2025-05-31 04:42:33 [http-nio-8081-exec-4] INFO  o.g.l.s.CustomUserDetailsService - loadUserByUsername: Searching for user: admin
2025-05-31 04:42:33 [http-nio-8081-exec-4] DEBUG o.s.o.j.SharedEntityManagerCreator$SharedEntityManagerInvocationHandler - Creating new EntityManager for shared EntityManager invocation
2025-05-31 04:42:33 [http-nio-8081-exec-4] DEBUG org.hibernate.SQL - select u1_0.id,u1_0.created_at,u1_0.email,u1_0.password,u1_0.phone_number,u1_0.updated_at,u1_0.username from users u1_0 where u1_0.username=?
2025-05-31 04:42:33 [http-nio-8081-exec-7] DEBUG o.s.security.web.FilterChainProxy - Securing GET /api/auth/user/details
2025-05-31 04:42:33 [http-nio-8081-exec-4] DEBUG org.hibernate.SQL - select r1_0.user_id,r1_1.id,r1_1.created_at,r1_1.name,p1_0.role_id,p1_1.id,p1_1.created_at,p1_1.description,p1_1.name,p1_1.updated_at,r1_1.updated_at from user_roles r1_0 join roles r1_1 on r1_1.id=r1_0.role_id left join role_permissions p1_0 on r1_1.id=p1_0.role_id left join permissions p1_1 on p1_1.id=p1_0.permission_id where r1_0.user_id=?
2025-05-31 04:42:33 [http-nio-8081-exec-7] INFO  o.g.l.s.JwtAuthenticationFilter - doFilterInternal: Extracted username 'admin' with roles [ADMIN] and permissions [DELETE_TASK, EDIT_USER, CREATE_TASK, CREATE_USER, VIEW_DASHBOARD, ADD_WATCHER, DELETE_USER, CLOSE_TASK, VIEW_TASK, VIEW_ROLE, COMMENT_TASK, ASSIGN_TASK, EDIT_ROLE, ADD_SUBTASK, REMOVE_SUBTASK, DELETE_ROLE, REMOVE_WATCHER, CREATE_ROLE, REOPEN_TASK, ASSIGN_ROLE, EDIT_TASK, VIEW_USER]
2025-05-31 04:42:33 [http-nio-8081-exec-7] INFO  o.g.l.s.CustomUserDetailsService - loadUserByUsername: Searching for user: admin
2025-05-31 04:42:33 [http-nio-8081-exec-7] DEBUG o.s.o.j.SharedEntityManagerCreator$SharedEntityManagerInvocationHandler - Creating new EntityManager for shared EntityManager invocation
2025-05-31 04:42:33 [http-nio-8081-exec-4] INFO  o.g.l.s.CustomUserDetailsService - loadUserByUsername: User admin found with roles: [org.guidewire.login.model.Role@54b0b776]
2025-05-31 04:42:33 [http-nio-8081-exec-4] INFO  o.g.login.security.CustomUserDetails - Initializing CustomUserDetails for user: admin
2025-05-31 04:42:33 [http-nio-8081-exec-4] DEBUG o.g.login.security.CustomUserDetails - User admin has roles: [ADMIN]
2025-05-31 04:42:33 [http-nio-8081-exec-4] DEBUG o.g.login.security.CustomUserDetails - User admin has permissions: [DELETE_TASK, EDIT_USER, CREATE_TASK, CREATE_USER, ADD_WATCHER, DELETE_USER, VIEW_DASHBOARD, CLOSE_TASK, VIEW_TASK, VIEW_ROLE, ASSIGN_TASK, COMMENT_TASK, EDIT_ROLE, ADD_SUBTASK, REMOVE_SUBTASK, REMOVE_WATCHER, DELETE_ROLE, CREATE_ROLE, REOPEN_TASK, ASSIGN_ROLE, EDIT_TASK, VIEW_USER]
2025-05-31 04:42:33 [http-nio-8081-exec-4] INFO  o.g.login.security.CustomUserDetails - CustomUserDetails initialized successfully for user: admin
2025-05-31 04:42:33 [http-nio-8081-exec-7] DEBUG org.hibernate.SQL - select u1_0.id,u1_0.created_at,u1_0.email,u1_0.password,u1_0.phone_number,u1_0.updated_at,u1_0.username from users u1_0 where u1_0.username=?
2025-05-31 04:42:33 [http-nio-8081-exec-7] DEBUG org.hibernate.SQL - select r1_0.user_id,r1_1.id,r1_1.created_at,r1_1.name,p1_0.role_id,p1_1.id,p1_1.created_at,p1_1.description,p1_1.name,p1_1.updated_at,r1_1.updated_at from user_roles r1_0 join roles r1_1 on r1_1.id=r1_0.role_id left join role_permissions p1_0 on r1_1.id=p1_0.role_id left join permissions p1_1 on p1_1.id=p1_0.permission_id where r1_0.user_id=?
2025-05-31 04:42:33 [http-nio-8081-exec-4] INFO  o.guidewire.login.security.JwtUtil - validateToken:JWT validated successfully for user: admin
2025-05-31 04:42:33 [http-nio-8081-exec-4] INFO  o.g.l.s.JwtAuthenticationFilter - doFilterInternal: Authentication successful for user 'admin'. Authorities: [ROLE_ADMIN, DELETE_TASK, EDIT_USER, CREATE_TASK, CREATE_USER, VIEW_DASHBOARD, ADD_WATCHER, DELETE_USER, CLOSE_TASK, VIEW_TASK, VIEW_ROLE, COMMENT_TASK, ASSIGN_TASK, EDIT_ROLE, ADD_SUBTASK, REMOVE_SUBTASK, DELETE_ROLE, REMOVE_WATCHER, CREATE_ROLE, REOPEN_TASK, ASSIGN_ROLE, EDIT_TASK, VIEW_USER]
2025-05-31 04:42:33 [http-nio-8081-exec-4] DEBUG o.s.security.web.FilterChainProxy - Secured GET /api/auth/user/details
2025-05-31 04:42:33 [http-nio-8081-exec-4] DEBUG o.s.web.servlet.DispatcherServlet - GET "/api/auth/user/details", parameters={}
2025-05-31 04:42:33 [http-nio-8081-exec-4] DEBUG o.s.w.s.m.m.a.RequestMappingHandlerMapping - Mapped to org.guidewire.login.controller.AuthController#fetchUserDetails(List)
2025-05-31 04:42:33 [http-nio-8081-exec-4] DEBUG o.s.o.j.s.OpenEntityManagerInViewInterceptor - Opening JPA EntityManager in OpenEntityManagerInViewInterceptor
2025-05-31 04:42:33 [http-nio-8081-exec-7] INFO  o.g.l.s.CustomUserDetailsService - loadUserByUsername: User admin found with roles: [org.guidewire.login.model.Role@44ab44fd]
2025-05-31 04:42:33 [http-nio-8081-exec-7] INFO  o.g.login.security.CustomUserDetails - Initializing CustomUserDetails for user: admin
2025-05-31 04:42:33 [http-nio-8081-exec-7] DEBUG o.g.login.security.CustomUserDetails - User admin has roles: [ADMIN]
2025-05-31 04:42:33 [http-nio-8081-exec-7] DEBUG o.g.login.security.CustomUserDetails - User admin has permissions: [DELETE_TASK, EDIT_USER, CREATE_TASK, CREATE_USER, ADD_WATCHER, DELETE_USER, VIEW_DASHBOARD, CLOSE_TASK, VIEW_TASK, VIEW_ROLE, ASSIGN_TASK, COMMENT_TASK, EDIT_ROLE, ADD_SUBTASK, REMOVE_SUBTASK, DELETE_ROLE, REMOVE_WATCHER, CREATE_ROLE, REOPEN_TASK, ASSIGN_ROLE, EDIT_TASK, VIEW_USER]
2025-05-31 04:42:33 [http-nio-8081-exec-7] INFO  o.g.login.security.CustomUserDetails - CustomUserDetails initialized successfully for user: admin
2025-05-31 04:42:33 [http-nio-8081-exec-4] DEBUG o.s.w.s.m.m.a.RequestResponseBodyMethodProcessor - Read "application/json;charset=UTF-8" to [[3d480867-d12b-4c5f-a725-da17dd7e5590]]
2025-05-31 04:42:33 [http-nio-8081-exec-4] INFO  o.g.login.controller.AuthController - fetchUserDetails: Fetching details for users with IDs: [3d480867-d12b-4c5f-a725-da17dd7e5590]
2025-05-31 04:42:33 [http-nio-8081-exec-4] DEBUG o.s.orm.jpa.JpaTransactionManager - Found thread-bound EntityManager [SessionImpl(810258846<open>)] for JPA transaction
2025-05-31 04:42:33 [http-nio-8081-exec-4] DEBUG o.s.orm.jpa.JpaTransactionManager - Creating new transaction with name [org.springframework.data.jpa.repository.support.SimpleJpaRepository.findAllById]: PROPAGATION_REQUIRED,ISOLATION_DEFAULT,readOnly
2025-05-31 04:42:33 [http-nio-8081-exec-4] DEBUG o.s.jdbc.datasource.DataSourceUtils - Setting JDBC Connection [HikariProxyConnection@546931887 wrapping org.postgresql.jdbc.PgConnection@514f75a5] read-only
2025-05-31 04:42:33 [http-nio-8081-exec-4] DEBUG o.s.orm.jpa.JpaTransactionManager - Exposing JPA transaction as JDBC [org.springframework.orm.jpa.vendor.HibernateJpaDialect$HibernateConnectionHandle@4b9912a5]
2025-05-31 04:42:33 [http-nio-8081-exec-7] INFO  o.guidewire.login.security.JwtUtil - validateToken:JWT validated successfully for user: admin
2025-05-31 04:42:33 [http-nio-8081-exec-7] INFO  o.g.l.s.JwtAuthenticationFilter - doFilterInternal: Authentication successful for user 'admin'. Authorities: [ROLE_ADMIN, DELETE_TASK, EDIT_USER, CREATE_TASK, CREATE_USER, VIEW_DASHBOARD, ADD_WATCHER, DELETE_USER, CLOSE_TASK, VIEW_TASK, VIEW_ROLE, COMMENT_TASK, ASSIGN_TASK, EDIT_ROLE, ADD_SUBTASK, REMOVE_SUBTASK, DELETE_ROLE, REMOVE_WATCHER, CREATE_ROLE, REOPEN_TASK, ASSIGN_ROLE, EDIT_TASK, VIEW_USER]
2025-05-31 04:42:33 [http-nio-8081-exec-7] DEBUG o.s.security.web.FilterChainProxy - Secured GET /api/auth/user/details
2025-05-31 04:42:33 [http-nio-8081-exec-7] DEBUG o.s.web.servlet.DispatcherServlet - GET "/api/auth/user/details", parameters={}
2025-05-31 04:42:33 [http-nio-8081-exec-7] DEBUG o.s.w.s.m.m.a.RequestMappingHandlerMapping - Mapped to org.guidewire.login.controller.AuthController#fetchUserDetails(List)
2025-05-31 04:42:33 [http-nio-8081-exec-7] DEBUG o.s.o.j.s.OpenEntityManagerInViewInterceptor - Opening JPA EntityManager in OpenEntityManagerInViewInterceptor
2025-05-31 04:42:33 [http-nio-8081-exec-4] DEBUG org.hibernate.SQL - select u1_0.id,u1_0.created_at,u1_0.email,u1_0.password,u1_0.phone_number,u1_0.updated_at,u1_0.username from users u1_0 where u1_0.id in (?)
2025-05-31 04:42:33 [http-nio-8081-exec-7] DEBUG o.s.w.s.m.m.a.RequestResponseBodyMethodProcessor - Read "application/json;charset=UTF-8" to [[3d480867-d12b-4c5f-a725-da17dd7e5590]]
2025-05-31 04:42:33 [http-nio-8081-exec-7] INFO  o.g.login.controller.AuthController - fetchUserDetails: Fetching details for users with IDs: [3d480867-d12b-4c5f-a725-da17dd7e5590]
2025-05-31 04:42:33 [http-nio-8081-exec-7] DEBUG o.s.orm.jpa.JpaTransactionManager - Found thread-bound EntityManager [SessionImpl(689478215<open>)] for JPA transaction
2025-05-31 04:42:33 [http-nio-8081-exec-7] DEBUG o.s.orm.jpa.JpaTransactionManager - Creating new transaction with name [org.springframework.data.jpa.repository.support.SimpleJpaRepository.findAllById]: PROPAGATION_REQUIRED,ISOLATION_DEFAULT,readOnly
2025-05-31 04:42:33 [http-nio-8081-exec-4] DEBUG org.hibernate.SQL - select r1_0.user_id,r1_1.id,r1_1.created_at,r1_1.name,p1_0.role_id,p1_1.id,p1_1.created_at,p1_1.description,p1_1.name,p1_1.updated_at,r1_1.updated_at from user_roles r1_0 join roles r1_1 on r1_1.id=r1_0.role_id left join role_permissions p1_0 on r1_1.id=p1_0.role_id left join permissions p1_1 on p1_1.id=p1_0.permission_id where r1_0.user_id=?
2025-05-31 04:42:33 [http-nio-8081-exec-7] DEBUG o.s.jdbc.datasource.DataSourceUtils - Setting JDBC Connection [HikariProxyConnection@1724135315 wrapping org.postgresql.jdbc.PgConnection@54d91e0c] read-only
2025-05-31 04:42:33 [http-nio-8081-exec-7] DEBUG o.s.orm.jpa.JpaTransactionManager - Exposing JPA transaction as JDBC [org.springframework.orm.jpa.vendor.HibernateJpaDialect$HibernateConnectionHandle@7e72d842]
2025-05-31 04:42:33 [http-nio-8081-exec-7] DEBUG org.hibernate.SQL - select u1_0.id,u1_0.created_at,u1_0.email,u1_0.password,u1_0.phone_number,u1_0.updated_at,u1_0.username from users u1_0 where u1_0.id in (?)
2025-05-31 04:42:33 [http-nio-8081-exec-4] DEBUG o.s.orm.jpa.JpaTransactionManager - Initiating transaction commit
2025-05-31 04:42:33 [http-nio-8081-exec-4] DEBUG o.s.orm.jpa.JpaTransactionManager - Committing JPA transaction on EntityManager [SessionImpl(810258846<open>)]
2025-05-31 04:42:33 [http-nio-8081-exec-4] DEBUG o.s.jdbc.datasource.DataSourceUtils - Resetting read-only flag of JDBC Connection [HikariProxyConnection@546931887 wrapping org.postgresql.jdbc.PgConnection@514f75a5]
2025-05-31 04:42:33 [http-nio-8081-exec-4] DEBUG o.s.orm.jpa.JpaTransactionManager - Not closing pre-bound JPA EntityManager after transaction
2025-05-31 04:42:33 [http-nio-8081-exec-4] INFO  o.g.login.controller.AuthController - fetchUserDetails: Returning user details for users: [org.guidewire.login.dto.responses.UserResponse@12b2a2d5]
2025-05-31 04:42:33 [http-nio-8081-exec-7] DEBUG org.hibernate.SQL - select r1_0.user_id,r1_1.id,r1_1.created_at,r1_1.name,p1_0.role_id,p1_1.id,p1_1.created_at,p1_1.description,p1_1.name,p1_1.updated_at,r1_1.updated_at from user_roles r1_0 join roles r1_1 on r1_1.id=r1_0.role_id left join role_permissions p1_0 on r1_1.id=p1_0.role_id left join permissions p1_1 on p1_1.id=p1_0.permission_id where r1_0.user_id=?
2025-05-31 04:42:33 [http-nio-8081-exec-4] DEBUG o.s.w.s.m.m.a.HttpEntityMethodProcessor - Using 'application/json', given [*/*] and supported [application/json, application/*+json]
2025-05-31 04:42:33 [http-nio-8081-exec-4] DEBUG o.s.w.s.m.m.a.HttpEntityMethodProcessor - Writing [[org.guidewire.login.dto.responses.UserResponse@12b2a2d5]]
2025-05-31 04:42:33 [http-nio-8081-exec-4] DEBUG o.s.o.j.s.OpenEntityManagerInViewInterceptor - Closing JPA EntityManager in OpenEntityManagerInViewInterceptor
2025-05-31 04:42:33 [http-nio-8081-exec-4] DEBUG o.s.web.servlet.DispatcherServlet - Completed 200 OK
2025-05-31 04:42:33 [http-nio-8081-exec-7] DEBUG o.s.orm.jpa.JpaTransactionManager - Initiating transaction commit
2025-05-31 04:42:33 [http-nio-8081-exec-7] DEBUG o.s.orm.jpa.JpaTransactionManager - Committing JPA transaction on EntityManager [SessionImpl(689478215<open>)]
2025-05-31 04:42:33 [http-nio-8081-exec-7] DEBUG o.s.jdbc.datasource.DataSourceUtils - Resetting read-only flag of JDBC Connection [HikariProxyConnection@1724135315 wrapping org.postgresql.jdbc.PgConnection@54d91e0c]
2025-05-31 04:42:33 [http-nio-8081-exec-7] DEBUG o.s.orm.jpa.JpaTransactionManager - Not closing pre-bound JPA EntityManager after transaction
2025-05-31 04:42:33 [http-nio-8081-exec-7] INFO  o.g.login.controller.AuthController - fetchUserDetails: Returning user details for users: [org.guidewire.login.dto.responses.UserResponse@38077bd5]
2025-05-31 04:42:33 [http-nio-8081-exec-7] DEBUG o.s.w.s.m.m.a.HttpEntityMethodProcessor - Using 'application/json', given [*/*] and supported [application/json, application/*+json]
2025-05-31 04:42:33 [http-nio-8081-exec-7] DEBUG o.s.w.s.m.m.a.HttpEntityMethodProcessor - Writing [[org.guidewire.login.dto.responses.UserResponse@38077bd5]]
2025-05-31 04:42:33 [http-nio-8081-exec-7] DEBUG o.s.o.j.s.OpenEntityManagerInViewInterceptor - Closing JPA EntityManager in OpenEntityManagerInViewInterceptor
2025-05-31 04:42:33 [http-nio-8081-exec-7] DEBUG o.s.web.servlet.DispatcherServlet - Completed 200 OK
2025-05-31 04:42:33 [http-nio-8081-exec-8] DEBUG o.s.security.web.FilterChainProxy - Securing GET /api/auth/user/details
2025-05-31 04:42:33 [http-nio-8081-exec-8] DEBUG o.g.l.s.JwtAuthenticationFilter - doFilterInternal: No valid Authorization header found, skipping JWT processing.
2025-05-31 04:42:33 [http-nio-8081-exec-8] DEBUG o.s.s.w.a.AnonymousAuthenticationFilter - Set SecurityContextHolder to anonymous SecurityContext
2025-05-31 04:42:33 [http-nio-8081-exec-8] DEBUG o.s.security.web.FilterChainProxy - Secured GET /api/auth/user/details
2025-05-31 04:42:33 [http-nio-8081-exec-8] DEBUG o.s.web.servlet.DispatcherServlet - GET "/api/auth/user/details", parameters={}
2025-05-31 04:42:33 [http-nio-8081-exec-8] DEBUG o.s.w.s.m.m.a.RequestMappingHandlerMapping - Mapped to org.guidewire.login.controller.AuthController#fetchUserDetails(List)
2025-05-31 04:42:33 [http-nio-8081-exec-8] DEBUG o.s.o.j.s.OpenEntityManagerInViewInterceptor - Opening JPA EntityManager in OpenEntityManagerInViewInterceptor
2025-05-31 04:42:33 [http-nio-8081-exec-8] DEBUG o.s.w.s.m.m.a.RequestResponseBodyMethodProcessor - Read "application/json;charset=UTF-8" to [[ce3ef1d5-ef3e-42b1-9ba6-fc808ad7eef5, 4bcced83-fb72-4ea7-8957-2db00dd6fc95, 3d480867-d12b-4c5f-a725 (truncated)...]
2025-05-31 04:42:33 [http-nio-8081-exec-8] INFO  o.g.login.controller.AuthController - fetchUserDetails: Fetching details for users with IDs: [ce3ef1d5-ef3e-42b1-9ba6-fc808ad7eef5, 4bcced83-fb72-4ea7-8957-2db00dd6fc95, 3d480867-d12b-4c5f-a725-da17dd7e5590, c00fda99-1472-4452-8b18-fb0273c2db55]
2025-05-31 04:42:33 [http-nio-8081-exec-8] DEBUG o.s.orm.jpa.JpaTransactionManager - Found thread-bound EntityManager [SessionImpl(52507174<open>)] for JPA transaction
2025-05-31 04:42:33 [http-nio-8081-exec-8] DEBUG o.s.orm.jpa.JpaTransactionManager - Creating new transaction with name [org.springframework.data.jpa.repository.support.SimpleJpaRepository.findAllById]: PROPAGATION_REQUIRED,ISOLATION_DEFAULT,readOnly
2025-05-31 04:42:33 [http-nio-8081-exec-8] DEBUG o.s.jdbc.datasource.DataSourceUtils - Setting JDBC Connection [HikariProxyConnection@676038533 wrapping org.postgresql.jdbc.PgConnection@514f75a5] read-only
2025-05-31 04:42:33 [http-nio-8081-exec-8] DEBUG o.s.orm.jpa.JpaTransactionManager - Exposing JPA transaction as JDBC [org.springframework.orm.jpa.vendor.HibernateJpaDialect$HibernateConnectionHandle@4da7f55c]
2025-05-31 04:42:33 [http-nio-8081-exec-8] DEBUG org.hibernate.SQL - select u1_0.id,u1_0.created_at,u1_0.email,u1_0.password,u1_0.phone_number,u1_0.updated_at,u1_0.username from users u1_0 where u1_0.id in (?,?,?,?)
2025-05-31 04:42:33 [http-nio-8081-exec-8] DEBUG org.hibernate.SQL - select r1_0.user_id,r1_1.id,r1_1.created_at,r1_1.name,p1_0.role_id,p1_1.id,p1_1.created_at,p1_1.description,p1_1.name,p1_1.updated_at,r1_1.updated_at from user_roles r1_0 join roles r1_1 on r1_1.id=r1_0.role_id left join role_permissions p1_0 on r1_1.id=p1_0.role_id left join permissions p1_1 on p1_1.id=p1_0.permission_id where r1_0.user_id=?
2025-05-31 04:42:33 [http-nio-8081-exec-8] DEBUG org.hibernate.SQL - select r1_0.user_id,r1_1.id,r1_1.created_at,r1_1.name,p1_0.role_id,p1_1.id,p1_1.created_at,p1_1.description,p1_1.name,p1_1.updated_at,r1_1.updated_at from user_roles r1_0 join roles r1_1 on r1_1.id=r1_0.role_id left join role_permissions p1_0 on r1_1.id=p1_0.role_id left join permissions p1_1 on p1_1.id=p1_0.permission_id where r1_0.user_id=?
2025-05-31 04:42:33 [http-nio-8081-exec-8] DEBUG org.hibernate.SQL - select r1_0.user_id,r1_1.id,r1_1.created_at,r1_1.name,p1_0.role_id,p1_1.id,p1_1.created_at,p1_1.description,p1_1.name,p1_1.updated_at,r1_1.updated_at from user_roles r1_0 join roles r1_1 on r1_1.id=r1_0.role_id left join role_permissions p1_0 on r1_1.id=p1_0.role_id left join permissions p1_1 on p1_1.id=p1_0.permission_id where r1_0.user_id=?
2025-05-31 04:42:33 [http-nio-8081-exec-8] DEBUG org.hibernate.SQL - select r1_0.user_id,r1_1.id,r1_1.created_at,r1_1.name,p1_0.role_id,p1_1.id,p1_1.created_at,p1_1.description,p1_1.name,p1_1.updated_at,r1_1.updated_at from user_roles r1_0 join roles r1_1 on r1_1.id=r1_0.role_id left join role_permissions p1_0 on r1_1.id=p1_0.role_id left join permissions p1_1 on p1_1.id=p1_0.permission_id where r1_0.user_id=?
2025-05-31 04:42:33 [http-nio-8081-exec-8] DEBUG o.s.orm.jpa.JpaTransactionManager - Initiating transaction commit
2025-05-31 04:42:33 [http-nio-8081-exec-8] DEBUG o.s.orm.jpa.JpaTransactionManager - Committing JPA transaction on EntityManager [SessionImpl(52507174<open>)]
2025-05-31 04:42:33 [http-nio-8081-exec-8] DEBUG o.s.jdbc.datasource.DataSourceUtils - Resetting read-only flag of JDBC Connection [HikariProxyConnection@676038533 wrapping org.postgresql.jdbc.PgConnection@514f75a5]
2025-05-31 04:42:33 [http-nio-8081-exec-8] DEBUG o.s.orm.jpa.JpaTransactionManager - Not closing pre-bound JPA EntityManager after transaction
2025-05-31 04:42:33 [http-nio-8081-exec-8] INFO  o.g.login.controller.AuthController - fetchUserDetails: Returning user details for users: [org.guidewire.login.dto.responses.UserResponse@11551233, org.guidewire.login.dto.responses.UserResponse@a607f0d, org.guidewire.login.dto.responses.UserResponse@55813d37, org.guidewire.login.dto.responses.UserResponse@6e9e42af]
2025-05-31 04:42:33 [http-nio-8081-exec-8] DEBUG o.s.w.s.m.m.a.HttpEntityMethodProcessor - Using 'application/json', given [*/*] and supported [application/json, application/*+json]
2025-05-31 04:42:33 [http-nio-8081-exec-8] DEBUG o.s.w.s.m.m.a.HttpEntityMethodProcessor - Writing [[org.guidewire.login.dto.responses.UserResponse@11551233, org.guidewire.login.dto.responses.UserResp (truncated)...]
2025-05-31 04:42:33 [http-nio-8081-exec-8] DEBUG o.s.o.j.s.OpenEntityManagerInViewInterceptor - Closing JPA EntityManager in OpenEntityManagerInViewInterceptor
2025-05-31 04:42:33 [http-nio-8081-exec-8] DEBUG o.s.web.servlet.DispatcherServlet - Completed 200 OK
2025-05-31 04:42:37 [http-nio-8081-exec-9] DEBUG o.s.security.web.FilterChainProxy - Securing GET /api/auth/users/list
2025-05-31 04:42:37 [http-nio-8081-exec-9] INFO  o.g.l.s.JwtAuthenticationFilter - doFilterInternal: Extracted username 'admin' with roles [ADMIN] and permissions [DELETE_TASK, EDIT_USER, CREATE_TASK, CREATE_USER, VIEW_DASHBOARD, ADD_WATCHER, DELETE_USER, CLOSE_TASK, VIEW_TASK, VIEW_ROLE, COMMENT_TASK, ASSIGN_TASK, EDIT_ROLE, ADD_SUBTASK, REMOVE_SUBTASK, DELETE_ROLE, REMOVE_WATCHER, CREATE_ROLE, REOPEN_TASK, ASSIGN_ROLE, EDIT_TASK, VIEW_USER]
2025-05-31 04:42:37 [http-nio-8081-exec-9] INFO  o.g.l.s.CustomUserDetailsService - loadUserByUsername: Searching for user: admin
2025-05-31 04:42:37 [http-nio-8081-exec-9] DEBUG o.s.o.j.SharedEntityManagerCreator$SharedEntityManagerInvocationHandler - Creating new EntityManager for shared EntityManager invocation
2025-05-31 04:42:37 [http-nio-8081-exec-9] DEBUG org.hibernate.SQL - select u1_0.id,u1_0.created_at,u1_0.email,u1_0.password,u1_0.phone_number,u1_0.updated_at,u1_0.username from users u1_0 where u1_0.username=?
2025-05-31 04:42:37 [http-nio-8081-exec-9] DEBUG org.hibernate.SQL - select r1_0.user_id,r1_1.id,r1_1.created_at,r1_1.name,p1_0.role_id,p1_1.id,p1_1.created_at,p1_1.description,p1_1.name,p1_1.updated_at,r1_1.updated_at from user_roles r1_0 join roles r1_1 on r1_1.id=r1_0.role_id left join role_permissions p1_0 on r1_1.id=p1_0.role_id left join permissions p1_1 on p1_1.id=p1_0.permission_id where r1_0.user_id=?
2025-05-31 04:42:37 [http-nio-8081-exec-9] INFO  o.g.l.s.CustomUserDetailsService - loadUserByUsername: User admin found with roles: [org.guidewire.login.model.Role@2ccdf1b9]
2025-05-31 04:42:37 [http-nio-8081-exec-9] INFO  o.g.login.security.CustomUserDetails - Initializing CustomUserDetails for user: admin
2025-05-31 04:42:37 [http-nio-8081-exec-9] DEBUG o.g.login.security.CustomUserDetails - User admin has roles: [ADMIN]
2025-05-31 04:42:37 [http-nio-8081-exec-9] DEBUG o.g.login.security.CustomUserDetails - User admin has permissions: [DELETE_TASK, EDIT_USER, CREATE_TASK, CREATE_USER, DELETE_USER, ADD_WATCHER, VIEW_DASHBOARD, CLOSE_TASK, VIEW_TASK, VIEW_ROLE, COMMENT_TASK, ASSIGN_TASK, EDIT_ROLE, ADD_SUBTASK, REMOVE_SUBTASK, REMOVE_WATCHER, DELETE_ROLE, CREATE_ROLE, REOPEN_TASK, ASSIGN_ROLE, EDIT_TASK, VIEW_USER]
2025-05-31 04:42:37 [http-nio-8081-exec-9] INFO  o.g.login.security.CustomUserDetails - CustomUserDetails initialized successfully for user: admin
2025-05-31 04:42:37 [http-nio-8081-exec-9] INFO  o.guidewire.login.security.JwtUtil - validateToken:JWT validated successfully for user: admin
2025-05-31 04:42:37 [http-nio-8081-exec-9] INFO  o.g.l.s.JwtAuthenticationFilter - doFilterInternal: Authentication successful for user 'admin'. Authorities: [ROLE_ADMIN, DELETE_TASK, EDIT_USER, CREATE_TASK, CREATE_USER, VIEW_DASHBOARD, ADD_WATCHER, DELETE_USER, CLOSE_TASK, VIEW_TASK, VIEW_ROLE, COMMENT_TASK, ASSIGN_TASK, EDIT_ROLE, ADD_SUBTASK, REMOVE_SUBTASK, DELETE_ROLE, REMOVE_WATCHER, CREATE_ROLE, REOPEN_TASK, ASSIGN_ROLE, EDIT_TASK, VIEW_USER]
2025-05-31 04:42:37 [http-nio-8081-exec-9] DEBUG o.s.security.web.FilterChainProxy - Secured GET /api/auth/users/list
2025-05-31 04:42:37 [http-nio-8081-exec-9] DEBUG o.s.web.servlet.DispatcherServlet - GET "/api/auth/users/list", parameters={}
2025-05-31 04:42:37 [http-nio-8081-exec-9] DEBUG o.s.w.s.m.m.a.RequestMappingHandlerMapping - Mapped to org.guidewire.login.controller.UserController#getAllUsers()
2025-05-31 04:42:37 [http-nio-8081-exec-9] DEBUG o.s.o.j.s.OpenEntityManagerInViewInterceptor - Opening JPA EntityManager in OpenEntityManagerInViewInterceptor
2025-05-31 04:42:37 [http-nio-8081-exec-9] INFO  o.g.login.services.UserService - getAllUsers: Fetching all users from the database.
2025-05-31 04:42:37 [http-nio-8081-exec-9] DEBUG o.s.orm.jpa.JpaTransactionManager - Found thread-bound EntityManager [SessionImpl(949712032<open>)] for JPA transaction
2025-05-31 04:42:37 [http-nio-8081-exec-9] DEBUG o.s.orm.jpa.JpaTransactionManager - Creating new transaction with name [org.springframework.data.jpa.repository.support.SimpleJpaRepository.findAll]: PROPAGATION_REQUIRED,ISOLATION_DEFAULT,readOnly
2025-05-31 04:42:37 [http-nio-8081-exec-9] DEBUG o.s.jdbc.datasource.DataSourceUtils - Setting JDBC Connection [HikariProxyConnection@2018984675 wrapping org.postgresql.jdbc.PgConnection@54d91e0c] read-only
2025-05-31 04:42:37 [http-nio-8081-exec-9] DEBUG o.s.orm.jpa.JpaTransactionManager - Exposing JPA transaction as JDBC [org.springframework.orm.jpa.vendor.HibernateJpaDialect$HibernateConnectionHandle@13d12d59]
2025-05-31 04:42:37 [http-nio-8081-exec-9] DEBUG org.hibernate.SQL - select u1_0.id,u1_0.created_at,u1_0.email,u1_0.password,u1_0.phone_number,u1_0.updated_at,u1_0.username from users u1_0
2025-05-31 04:42:37 [http-nio-8081-exec-9] DEBUG org.hibernate.SQL - select r1_0.user_id,r1_1.id,r1_1.created_at,r1_1.name,p1_0.role_id,p1_1.id,p1_1.created_at,p1_1.description,p1_1.name,p1_1.updated_at,r1_1.updated_at from user_roles r1_0 join roles r1_1 on r1_1.id=r1_0.role_id left join role_permissions p1_0 on r1_1.id=p1_0.role_id left join permissions p1_1 on p1_1.id=p1_0.permission_id where r1_0.user_id=?
2025-05-31 04:42:37 [http-nio-8081-exec-9] DEBUG org.hibernate.SQL - select r1_0.user_id,r1_1.id,r1_1.created_at,r1_1.name,p1_0.role_id,p1_1.id,p1_1.created_at,p1_1.description,p1_1.name,p1_1.updated_at,r1_1.updated_at from user_roles r1_0 join roles r1_1 on r1_1.id=r1_0.role_id left join role_permissions p1_0 on r1_1.id=p1_0.role_id left join permissions p1_1 on p1_1.id=p1_0.permission_id where r1_0.user_id=?
2025-05-31 04:42:37 [http-nio-8081-exec-9] DEBUG org.hibernate.SQL - select r1_0.user_id,r1_1.id,r1_1.created_at,r1_1.name,p1_0.role_id,p1_1.id,p1_1.created_at,p1_1.description,p1_1.name,p1_1.updated_at,r1_1.updated_at from user_roles r1_0 join roles r1_1 on r1_1.id=r1_0.role_id left join role_permissions p1_0 on r1_1.id=p1_0.role_id left join permissions p1_1 on p1_1.id=p1_0.permission_id where r1_0.user_id=?
2025-05-31 04:42:37 [http-nio-8081-exec-9] DEBUG org.hibernate.SQL - select r1_0.user_id,r1_1.id,r1_1.created_at,r1_1.name,p1_0.role_id,p1_1.id,p1_1.created_at,p1_1.description,p1_1.name,p1_1.updated_at,r1_1.updated_at from user_roles r1_0 join roles r1_1 on r1_1.id=r1_0.role_id left join role_permissions p1_0 on r1_1.id=p1_0.role_id left join permissions p1_1 on p1_1.id=p1_0.permission_id where r1_0.user_id=?
2025-05-31 04:42:37 [http-nio-8081-exec-9] DEBUG org.hibernate.SQL - select r1_0.user_id,r1_1.id,r1_1.created_at,r1_1.name,p1_0.role_id,p1_1.id,p1_1.created_at,p1_1.description,p1_1.name,p1_1.updated_at,r1_1.updated_at from user_roles r1_0 join roles r1_1 on r1_1.id=r1_0.role_id left join role_permissions p1_0 on r1_1.id=p1_0.role_id left join permissions p1_1 on p1_1.id=p1_0.permission_id where r1_0.user_id=?
2025-05-31 04:42:37 [http-nio-8081-exec-9] DEBUG org.hibernate.SQL - select r1_0.user_id,r1_1.id,r1_1.created_at,r1_1.name,p1_0.role_id,p1_1.id,p1_1.created_at,p1_1.description,p1_1.name,p1_1.updated_at,r1_1.updated_at from user_roles r1_0 join roles r1_1 on r1_1.id=r1_0.role_id left join role_permissions p1_0 on r1_1.id=p1_0.role_id left join permissions p1_1 on p1_1.id=p1_0.permission_id where r1_0.user_id=?
2025-05-31 04:42:37 [http-nio-8081-exec-9] DEBUG o.s.orm.jpa.JpaTransactionManager - Initiating transaction commit
2025-05-31 04:42:37 [http-nio-8081-exec-9] DEBUG o.s.orm.jpa.JpaTransactionManager - Committing JPA transaction on EntityManager [SessionImpl(949712032<open>)]
2025-05-31 04:42:37 [http-nio-8081-exec-9] DEBUG o.s.jdbc.datasource.DataSourceUtils - Resetting read-only flag of JDBC Connection [HikariProxyConnection@2018984675 wrapping org.postgresql.jdbc.PgConnection@54d91e0c]
2025-05-31 04:42:37 [http-nio-8081-exec-9] DEBUG o.s.orm.jpa.JpaTransactionManager - Not closing pre-bound JPA EntityManager after transaction
2025-05-31 04:42:37 [http-nio-8081-exec-9] INFO  o.g.login.services.UserService - getAllUsers: Retrieved 6 users.
2025-05-31 04:42:37 [http-nio-8081-exec-9] DEBUG o.s.w.s.m.m.a.HttpEntityMethodProcessor - Using 'application/json', given [*/*] and supported [application/json, application/*+json]
2025-05-31 04:42:37 [http-nio-8081-exec-9] DEBUG o.s.w.s.m.m.a.HttpEntityMethodProcessor - Writing [[org.guidewire.login.dto.responses.UserResponse@3caa7aaa, org.guidewire.login.dto.responses.UserResp (truncated)...]
2025-05-31 04:42:37 [http-nio-8081-exec-9] DEBUG o.s.o.j.s.OpenEntityManagerInViewInterceptor - Closing JPA EntityManager in OpenEntityManagerInViewInterceptor
2025-05-31 04:42:37 [http-nio-8081-exec-9] DEBUG o.s.web.servlet.DispatcherServlet - Completed 200 OK
2025-05-31 04:42:38 [http-nio-8081-exec-10] DEBUG o.s.security.web.FilterChainProxy - Securing GET /api/auth/user/details
2025-05-31 04:42:38 [http-nio-8081-exec-10] DEBUG o.g.l.s.JwtAuthenticationFilter - doFilterInternal: No valid Authorization header found, skipping JWT processing.
2025-05-31 04:42:38 [http-nio-8081-exec-10] DEBUG o.s.s.w.a.AnonymousAuthenticationFilter - Set SecurityContextHolder to anonymous SecurityContext
2025-05-31 04:42:38 [http-nio-8081-exec-10] DEBUG o.s.security.web.FilterChainProxy - Secured GET /api/auth/user/details
2025-05-31 04:42:38 [http-nio-8081-exec-10] DEBUG o.s.web.servlet.DispatcherServlet - GET "/api/auth/user/details", parameters={}
2025-05-31 04:42:38 [http-nio-8081-exec-10] DEBUG o.s.w.s.m.m.a.RequestMappingHandlerMapping - Mapped to org.guidewire.login.controller.AuthController#fetchUserDetails(List)
2025-05-31 04:42:38 [http-nio-8081-exec-10] DEBUG o.s.o.j.s.OpenEntityManagerInViewInterceptor - Opening JPA EntityManager in OpenEntityManagerInViewInterceptor
2025-05-31 04:42:38 [http-nio-8081-exec-10] DEBUG o.s.w.s.m.m.a.RequestResponseBodyMethodProcessor - Read "application/json;charset=UTF-8" to [[3d480867-d12b-4c5f-a725-da17dd7e5590]]
2025-05-31 04:42:38 [http-nio-8081-exec-10] INFO  o.g.login.controller.AuthController - fetchUserDetails: Fetching details for users with IDs: [3d480867-d12b-4c5f-a725-da17dd7e5590]
2025-05-31 04:42:38 [http-nio-8081-exec-10] DEBUG o.s.orm.jpa.JpaTransactionManager - Found thread-bound EntityManager [SessionImpl(687943301<open>)] for JPA transaction
2025-05-31 04:42:38 [http-nio-8081-exec-10] DEBUG o.s.orm.jpa.JpaTransactionManager - Creating new transaction with name [org.springframework.data.jpa.repository.support.SimpleJpaRepository.findAllById]: PROPAGATION_REQUIRED,ISOLATION_DEFAULT,readOnly
2025-05-31 04:42:38 [http-nio-8081-exec-10] DEBUG o.s.jdbc.datasource.DataSourceUtils - Setting JDBC Connection [HikariProxyConnection@603057745 wrapping org.postgresql.jdbc.PgConnection@514f75a5] read-only
2025-05-31 04:42:38 [http-nio-8081-exec-10] DEBUG o.s.orm.jpa.JpaTransactionManager - Exposing JPA transaction as JDBC [org.springframework.orm.jpa.vendor.HibernateJpaDialect$HibernateConnectionHandle@3814aaac]
2025-05-31 04:42:38 [http-nio-8081-exec-10] DEBUG org.hibernate.SQL - select u1_0.id,u1_0.created_at,u1_0.email,u1_0.password,u1_0.phone_number,u1_0.updated_at,u1_0.username from users u1_0 where u1_0.id in (?)
2025-05-31 04:42:38 [http-nio-8081-exec-10] DEBUG org.hibernate.SQL - select r1_0.user_id,r1_1.id,r1_1.created_at,r1_1.name,p1_0.role_id,p1_1.id,p1_1.created_at,p1_1.description,p1_1.name,p1_1.updated_at,r1_1.updated_at from user_roles r1_0 join roles r1_1 on r1_1.id=r1_0.role_id left join role_permissions p1_0 on r1_1.id=p1_0.role_id left join permissions p1_1 on p1_1.id=p1_0.permission_id where r1_0.user_id=?
2025-05-31 04:42:38 [http-nio-8081-exec-10] DEBUG o.s.orm.jpa.JpaTransactionManager - Initiating transaction commit
2025-05-31 04:42:38 [http-nio-8081-exec-10] DEBUG o.s.orm.jpa.JpaTransactionManager - Committing JPA transaction on EntityManager [SessionImpl(687943301<open>)]
2025-05-31 04:42:38 [http-nio-8081-exec-10] DEBUG o.s.jdbc.datasource.DataSourceUtils - Resetting read-only flag of JDBC Connection [HikariProxyConnection@603057745 wrapping org.postgresql.jdbc.PgConnection@514f75a5]
2025-05-31 04:42:38 [http-nio-8081-exec-10] DEBUG o.s.orm.jpa.JpaTransactionManager - Not closing pre-bound JPA EntityManager after transaction
2025-05-31 04:42:38 [http-nio-8081-exec-10] INFO  o.g.login.controller.AuthController - fetchUserDetails: Returning user details for users: [org.guidewire.login.dto.responses.UserResponse@18c798dc]
2025-05-31 04:42:38 [http-nio-8081-exec-10] DEBUG o.s.w.s.m.m.a.HttpEntityMethodProcessor - Using 'application/json', given [*/*] and supported [application/json, application/*+json]
2025-05-31 04:42:38 [http-nio-8081-exec-10] DEBUG o.s.w.s.m.m.a.HttpEntityMethodProcessor - Writing [[org.guidewire.login.dto.responses.UserResponse@18c798dc]]
2025-05-31 04:42:38 [http-nio-8081-exec-10] DEBUG o.s.o.j.s.OpenEntityManagerInViewInterceptor - Closing JPA EntityManager in OpenEntityManagerInViewInterceptor
2025-05-31 04:42:38 [http-nio-8081-exec-10] DEBUG o.s.web.servlet.DispatcherServlet - Completed 200 OK
2025-05-31 04:42:38 [http-nio-8081-exec-2] DEBUG o.s.security.web.FilterChainProxy - Securing GET /api/auth/user/details
2025-05-31 04:42:38 [http-nio-8081-exec-2] DEBUG o.g.l.s.JwtAuthenticationFilter - doFilterInternal: No valid Authorization header found, skipping JWT processing.
2025-05-31 04:42:38 [http-nio-8081-exec-2] DEBUG o.s.s.w.a.AnonymousAuthenticationFilter - Set SecurityContextHolder to anonymous SecurityContext
2025-05-31 04:42:38 [http-nio-8081-exec-2] DEBUG o.s.security.web.FilterChainProxy - Secured GET /api/auth/user/details
2025-05-31 04:42:38 [http-nio-8081-exec-2] DEBUG o.s.web.servlet.DispatcherServlet - GET "/api/auth/user/details", parameters={}
2025-05-31 04:42:38 [http-nio-8081-exec-2] DEBUG o.s.w.s.m.m.a.RequestMappingHandlerMapping - Mapped to org.guidewire.login.controller.AuthController#fetchUserDetails(List)
2025-05-31 04:42:38 [http-nio-8081-exec-2] DEBUG o.s.o.j.s.OpenEntityManagerInViewInterceptor - Opening JPA EntityManager in OpenEntityManagerInViewInterceptor
2025-05-31 04:42:38 [http-nio-8081-exec-2] DEBUG o.s.w.s.m.m.a.RequestResponseBodyMethodProcessor - Read "application/json;charset=UTF-8" to [[4bcced83-fb72-4ea7-8957-2db00dd6fc95, c00fda99-1472-4452-8b18-fb0273c2db55]]
2025-05-31 04:42:38 [http-nio-8081-exec-2] INFO  o.g.login.controller.AuthController - fetchUserDetails: Fetching details for users with IDs: [4bcced83-fb72-4ea7-8957-2db00dd6fc95, c00fda99-1472-4452-8b18-fb0273c2db55]
2025-05-31 04:42:38 [http-nio-8081-exec-2] DEBUG o.s.orm.jpa.JpaTransactionManager - Found thread-bound EntityManager [SessionImpl(1905899411<open>)] for JPA transaction
2025-05-31 04:42:38 [http-nio-8081-exec-2] DEBUG o.s.orm.jpa.JpaTransactionManager - Creating new transaction with name [org.springframework.data.jpa.repository.support.SimpleJpaRepository.findAllById]: PROPAGATION_REQUIRED,ISOLATION_DEFAULT,readOnly
2025-05-31 04:42:38 [http-nio-8081-exec-2] DEBUG o.s.jdbc.datasource.DataSourceUtils - Setting JDBC Connection [HikariProxyConnection@1213289434 wrapping org.postgresql.jdbc.PgConnection@514f75a5] read-only
2025-05-31 04:42:38 [http-nio-8081-exec-2] DEBUG o.s.orm.jpa.JpaTransactionManager - Exposing JPA transaction as JDBC [org.springframework.orm.jpa.vendor.HibernateJpaDialect$HibernateConnectionHandle@36f5bb62]
2025-05-31 04:42:38 [http-nio-8081-exec-2] DEBUG org.hibernate.SQL - select u1_0.id,u1_0.created_at,u1_0.email,u1_0.password,u1_0.phone_number,u1_0.updated_at,u1_0.username from users u1_0 where u1_0.id in (?,?)
2025-05-31 04:42:38 [http-nio-8081-exec-2] DEBUG org.hibernate.SQL - select r1_0.user_id,r1_1.id,r1_1.created_at,r1_1.name,p1_0.role_id,p1_1.id,p1_1.created_at,p1_1.description,p1_1.name,p1_1.updated_at,r1_1.updated_at from user_roles r1_0 join roles r1_1 on r1_1.id=r1_0.role_id left join role_permissions p1_0 on r1_1.id=p1_0.role_id left join permissions p1_1 on p1_1.id=p1_0.permission_id where r1_0.user_id=?
2025-05-31 04:42:38 [http-nio-8081-exec-2] DEBUG org.hibernate.SQL - select r1_0.user_id,r1_1.id,r1_1.created_at,r1_1.name,p1_0.role_id,p1_1.id,p1_1.created_at,p1_1.description,p1_1.name,p1_1.updated_at,r1_1.updated_at from user_roles r1_0 join roles r1_1 on r1_1.id=r1_0.role_id left join role_permissions p1_0 on r1_1.id=p1_0.role_id left join permissions p1_1 on p1_1.id=p1_0.permission_id where r1_0.user_id=?
2025-05-31 04:42:38 [http-nio-8081-exec-2] DEBUG o.s.orm.jpa.JpaTransactionManager - Initiating transaction commit
2025-05-31 04:42:38 [http-nio-8081-exec-2] DEBUG o.s.orm.jpa.JpaTransactionManager - Committing JPA transaction on EntityManager [SessionImpl(1905899411<open>)]
2025-05-31 04:42:38 [http-nio-8081-exec-2] DEBUG o.s.jdbc.datasource.DataSourceUtils - Resetting read-only flag of JDBC Connection [HikariProxyConnection@1213289434 wrapping org.postgresql.jdbc.PgConnection@514f75a5]
2025-05-31 04:42:38 [http-nio-8081-exec-2] DEBUG o.s.orm.jpa.JpaTransactionManager - Not closing pre-bound JPA EntityManager after transaction
2025-05-31 04:42:38 [http-nio-8081-exec-2] INFO  o.g.login.controller.AuthController - fetchUserDetails: Returning user details for users: [org.guidewire.login.dto.responses.UserResponse@7de2ac92, org.guidewire.login.dto.responses.UserResponse@65dea4f1]
2025-05-31 04:42:38 [http-nio-8081-exec-2] DEBUG o.s.w.s.m.m.a.HttpEntityMethodProcessor - Using 'application/json', given [*/*] and supported [application/json, application/*+json]
2025-05-31 04:42:38 [http-nio-8081-exec-2] DEBUG o.s.w.s.m.m.a.HttpEntityMethodProcessor - Writing [[org.guidewire.login.dto.responses.UserResponse@7de2ac92, org.guidewire.login.dto.responses.UserResp (truncated)...]
2025-05-31 04:42:38 [http-nio-8081-exec-2] DEBUG o.s.o.j.s.OpenEntityManagerInViewInterceptor - Closing JPA EntityManager in OpenEntityManagerInViewInterceptor
2025-05-31 04:42:38 [http-nio-8081-exec-2] DEBUG o.s.web.servlet.DispatcherServlet - Completed 200 OK
2025-05-31 04:42:38 [http-nio-8081-exec-1] DEBUG o.s.security.web.FilterChainProxy - Securing GET /api/auth/user/details
2025-05-31 04:42:38 [http-nio-8081-exec-1] DEBUG o.g.l.s.JwtAuthenticationFilter - doFilterInternal: No valid Authorization header found, skipping JWT processing.
2025-05-31 04:42:38 [http-nio-8081-exec-1] DEBUG o.s.s.w.a.AnonymousAuthenticationFilter - Set SecurityContextHolder to anonymous SecurityContext
2025-05-31 04:42:38 [http-nio-8081-exec-1] DEBUG o.s.security.web.FilterChainProxy - Secured GET /api/auth/user/details
2025-05-31 04:42:38 [http-nio-8081-exec-1] DEBUG o.s.web.servlet.DispatcherServlet - GET "/api/auth/user/details", parameters={}
2025-05-31 04:42:38 [http-nio-8081-exec-1] DEBUG o.s.w.s.m.m.a.RequestMappingHandlerMapping - Mapped to org.guidewire.login.controller.AuthController#fetchUserDetails(List)
2025-05-31 04:42:38 [http-nio-8081-exec-1] DEBUG o.s.o.j.s.OpenEntityManagerInViewInterceptor - Opening JPA EntityManager in OpenEntityManagerInViewInterceptor
2025-05-31 04:42:38 [http-nio-8081-exec-1] DEBUG o.s.w.s.m.m.a.RequestResponseBodyMethodProcessor - Read "application/json;charset=UTF-8" to [[4bcced83-fb72-4ea7-8957-2db00dd6fc95, c00fda99-1472-4452-8b18-fb0273c2db55]]
2025-05-31 04:42:38 [http-nio-8081-exec-1] INFO  o.g.login.controller.AuthController - fetchUserDetails: Fetching details for users with IDs: [4bcced83-fb72-4ea7-8957-2db00dd6fc95, c00fda99-1472-4452-8b18-fb0273c2db55]
2025-05-31 04:42:38 [http-nio-8081-exec-1] DEBUG o.s.orm.jpa.JpaTransactionManager - Found thread-bound EntityManager [SessionImpl(1710353861<open>)] for JPA transaction
2025-05-31 04:42:38 [http-nio-8081-exec-1] DEBUG o.s.orm.jpa.JpaTransactionManager - Creating new transaction with name [org.springframework.data.jpa.repository.support.SimpleJpaRepository.findAllById]: PROPAGATION_REQUIRED,ISOLATION_DEFAULT,readOnly
2025-05-31 04:42:38 [http-nio-8081-exec-1] DEBUG o.s.jdbc.datasource.DataSourceUtils - Setting JDBC Connection [HikariProxyConnection@2114293211 wrapping org.postgresql.jdbc.PgConnection@514f75a5] read-only
2025-05-31 04:42:38 [http-nio-8081-exec-1] DEBUG o.s.orm.jpa.JpaTransactionManager - Exposing JPA transaction as JDBC [org.springframework.orm.jpa.vendor.HibernateJpaDialect$HibernateConnectionHandle@ce69197]
2025-05-31 04:42:38 [http-nio-8081-exec-1] DEBUG org.hibernate.SQL - select u1_0.id,u1_0.created_at,u1_0.email,u1_0.password,u1_0.phone_number,u1_0.updated_at,u1_0.username from users u1_0 where u1_0.id in (?,?)
2025-05-31 04:42:38 [http-nio-8081-exec-1] DEBUG org.hibernate.SQL - select r1_0.user_id,r1_1.id,r1_1.created_at,r1_1.name,p1_0.role_id,p1_1.id,p1_1.created_at,p1_1.description,p1_1.name,p1_1.updated_at,r1_1.updated_at from user_roles r1_0 join roles r1_1 on r1_1.id=r1_0.role_id left join role_permissions p1_0 on r1_1.id=p1_0.role_id left join permissions p1_1 on p1_1.id=p1_0.permission_id where r1_0.user_id=?
2025-05-31 04:42:38 [http-nio-8081-exec-1] DEBUG org.hibernate.SQL - select r1_0.user_id,r1_1.id,r1_1.created_at,r1_1.name,p1_0.role_id,p1_1.id,p1_1.created_at,p1_1.description,p1_1.name,p1_1.updated_at,r1_1.updated_at from user_roles r1_0 join roles r1_1 on r1_1.id=r1_0.role_id left join role_permissions p1_0 on r1_1.id=p1_0.role_id left join permissions p1_1 on p1_1.id=p1_0.permission_id where r1_0.user_id=?
2025-05-31 04:42:38 [http-nio-8081-exec-1] DEBUG o.s.orm.jpa.JpaTransactionManager - Initiating transaction commit
2025-05-31 04:42:38 [http-nio-8081-exec-1] DEBUG o.s.orm.jpa.JpaTransactionManager - Committing JPA transaction on EntityManager [SessionImpl(1710353861<open>)]
2025-05-31 04:42:38 [http-nio-8081-exec-1] DEBUG o.s.jdbc.datasource.DataSourceUtils - Resetting read-only flag of JDBC Connection [HikariProxyConnection@2114293211 wrapping org.postgresql.jdbc.PgConnection@514f75a5]
2025-05-31 04:42:38 [http-nio-8081-exec-1] DEBUG o.s.orm.jpa.JpaTransactionManager - Not closing pre-bound JPA EntityManager after transaction
2025-05-31 04:42:38 [http-nio-8081-exec-1] INFO  o.g.login.controller.AuthController - fetchUserDetails: Returning user details for users: [org.guidewire.login.dto.responses.UserResponse@79473bdd, org.guidewire.login.dto.responses.UserResponse@37167887]
2025-05-31 04:42:38 [http-nio-8081-exec-1] DEBUG o.s.w.s.m.m.a.HttpEntityMethodProcessor - Using 'application/json', given [*/*] and supported [application/json, application/*+json]
2025-05-31 04:42:38 [http-nio-8081-exec-1] DEBUG o.s.w.s.m.m.a.HttpEntityMethodProcessor - Writing [[org.guidewire.login.dto.responses.UserResponse@79473bdd, org.guidewire.login.dto.responses.UserResp (truncated)...]
2025-05-31 04:42:38 [http-nio-8081-exec-1] DEBUG o.s.o.j.s.OpenEntityManagerInViewInterceptor - Closing JPA EntityManager in OpenEntityManagerInViewInterceptor
2025-05-31 04:42:38 [http-nio-8081-exec-1] DEBUG o.s.web.servlet.DispatcherServlet - Completed 200 OK
2025-05-31 04:42:38 [http-nio-8081-exec-3] DEBUG o.s.security.web.FilterChainProxy - Securing GET /api/auth/user/details
2025-05-31 04:42:38 [http-nio-8081-exec-3] DEBUG o.g.l.s.JwtAuthenticationFilter - doFilterInternal: No valid Authorization header found, skipping JWT processing.
2025-05-31 04:42:38 [http-nio-8081-exec-3] DEBUG o.s.s.w.a.AnonymousAuthenticationFilter - Set SecurityContextHolder to anonymous SecurityContext
2025-05-31 04:42:38 [http-nio-8081-exec-3] DEBUG o.s.security.web.FilterChainProxy - Secured GET /api/auth/user/details
2025-05-31 04:42:38 [http-nio-8081-exec-3] DEBUG o.s.web.servlet.DispatcherServlet - GET "/api/auth/user/details", parameters={}
2025-05-31 04:42:38 [http-nio-8081-exec-3] DEBUG o.s.w.s.m.m.a.RequestMappingHandlerMapping - Mapped to org.guidewire.login.controller.AuthController#fetchUserDetails(List)
2025-05-31 04:42:38 [http-nio-8081-exec-3] DEBUG o.s.o.j.s.OpenEntityManagerInViewInterceptor - Opening JPA EntityManager in OpenEntityManagerInViewInterceptor
2025-05-31 04:42:38 [http-nio-8081-exec-3] DEBUG o.s.w.s.m.m.a.RequestResponseBodyMethodProcessor - Read "application/json;charset=UTF-8" to [[c00fda99-1472-4452-8b18-fb0273c2db55]]
2025-05-31 04:42:38 [http-nio-8081-exec-3] INFO  o.g.login.controller.AuthController - fetchUserDetails: Fetching details for users with IDs: [c00fda99-1472-4452-8b18-fb0273c2db55]
2025-05-31 04:42:38 [http-nio-8081-exec-3] DEBUG o.s.orm.jpa.JpaTransactionManager - Found thread-bound EntityManager [SessionImpl(1408853013<open>)] for JPA transaction
2025-05-31 04:42:38 [http-nio-8081-exec-3] DEBUG o.s.orm.jpa.JpaTransactionManager - Creating new transaction with name [org.springframework.data.jpa.repository.support.SimpleJpaRepository.findAllById]: PROPAGATION_REQUIRED,ISOLATION_DEFAULT,readOnly
2025-05-31 04:42:38 [http-nio-8081-exec-3] DEBUG o.s.jdbc.datasource.DataSourceUtils - Setting JDBC Connection [HikariProxyConnection@29519066 wrapping org.postgresql.jdbc.PgConnection@514f75a5] read-only
2025-05-31 04:42:38 [http-nio-8081-exec-3] DEBUG o.s.orm.jpa.JpaTransactionManager - Exposing JPA transaction as JDBC [org.springframework.orm.jpa.vendor.HibernateJpaDialect$HibernateConnectionHandle@12138840]
2025-05-31 04:42:38 [http-nio-8081-exec-3] DEBUG org.hibernate.SQL - select u1_0.id,u1_0.created_at,u1_0.email,u1_0.password,u1_0.phone_number,u1_0.updated_at,u1_0.username from users u1_0 where u1_0.id in (?)
2025-05-31 04:42:38 [http-nio-8081-exec-3] DEBUG org.hibernate.SQL - select r1_0.user_id,r1_1.id,r1_1.created_at,r1_1.name,p1_0.role_id,p1_1.id,p1_1.created_at,p1_1.description,p1_1.name,p1_1.updated_at,r1_1.updated_at from user_roles r1_0 join roles r1_1 on r1_1.id=r1_0.role_id left join role_permissions p1_0 on r1_1.id=p1_0.role_id left join permissions p1_1 on p1_1.id=p1_0.permission_id where r1_0.user_id=?
2025-05-31 04:42:38 [http-nio-8081-exec-3] DEBUG o.s.orm.jpa.JpaTransactionManager - Initiating transaction commit
2025-05-31 04:42:38 [http-nio-8081-exec-3] DEBUG o.s.orm.jpa.JpaTransactionManager - Committing JPA transaction on EntityManager [SessionImpl(1408853013<open>)]
2025-05-31 04:42:38 [http-nio-8081-exec-3] DEBUG o.s.jdbc.datasource.DataSourceUtils - Resetting read-only flag of JDBC Connection [HikariProxyConnection@29519066 wrapping org.postgresql.jdbc.PgConnection@514f75a5]
2025-05-31 04:42:38 [http-nio-8081-exec-3] DEBUG o.s.orm.jpa.JpaTransactionManager - Not closing pre-bound JPA EntityManager after transaction
2025-05-31 04:42:38 [http-nio-8081-exec-3] INFO  o.g.login.controller.AuthController - fetchUserDetails: Returning user details for users: [org.guidewire.login.dto.responses.UserResponse@2da0f3d1]
2025-05-31 04:42:38 [http-nio-8081-exec-3] DEBUG o.s.w.s.m.m.a.HttpEntityMethodProcessor - Using 'application/json', given [*/*] and supported [application/json, application/*+json]
2025-05-31 04:42:38 [http-nio-8081-exec-3] DEBUG o.s.w.s.m.m.a.HttpEntityMethodProcessor - Writing [[org.guidewire.login.dto.responses.UserResponse@2da0f3d1]]
2025-05-31 04:42:38 [http-nio-8081-exec-3] DEBUG o.s.o.j.s.OpenEntityManagerInViewInterceptor - Closing JPA EntityManager in OpenEntityManagerInViewInterceptor
2025-05-31 04:42:38 [http-nio-8081-exec-3] DEBUG o.s.web.servlet.DispatcherServlet - Completed 200 OK
2025-05-31 04:42:38 [http-nio-8081-exec-5] DEBUG o.s.security.web.FilterChainProxy - Securing GET /api/auth/user/details
2025-05-31 04:42:38 [http-nio-8081-exec-5] DEBUG o.g.l.s.JwtAuthenticationFilter - doFilterInternal: No valid Authorization header found, skipping JWT processing.
2025-05-31 04:42:38 [http-nio-8081-exec-5] DEBUG o.s.s.w.a.AnonymousAuthenticationFilter - Set SecurityContextHolder to anonymous SecurityContext
2025-05-31 04:42:38 [http-nio-8081-exec-5] DEBUG o.s.security.web.FilterChainProxy - Secured GET /api/auth/user/details
2025-05-31 04:42:38 [http-nio-8081-exec-5] DEBUG o.s.web.servlet.DispatcherServlet - GET "/api/auth/user/details", parameters={}
2025-05-31 04:42:38 [http-nio-8081-exec-5] DEBUG o.s.w.s.m.m.a.RequestMappingHandlerMapping - Mapped to org.guidewire.login.controller.AuthController#fetchUserDetails(List)
2025-05-31 04:42:38 [http-nio-8081-exec-5] DEBUG o.s.o.j.s.OpenEntityManagerInViewInterceptor - Opening JPA EntityManager in OpenEntityManagerInViewInterceptor
2025-05-31 04:42:38 [http-nio-8081-exec-5] DEBUG o.s.w.s.m.m.a.RequestResponseBodyMethodProcessor - Read "application/json;charset=UTF-8" to [[]]
2025-05-31 04:42:38 [http-nio-8081-exec-5] INFO  o.g.login.controller.AuthController - fetchUserDetails: Fetching details for users with IDs: []
2025-05-31 04:42:38 [http-nio-8081-exec-5] DEBUG o.s.orm.jpa.JpaTransactionManager - Found thread-bound EntityManager [SessionImpl(761875526<open>)] for JPA transaction
2025-05-31 04:42:38 [http-nio-8081-exec-5] DEBUG o.s.orm.jpa.JpaTransactionManager - Creating new transaction with name [org.springframework.data.jpa.repository.support.SimpleJpaRepository.findAllById]: PROPAGATION_REQUIRED,ISOLATION_DEFAULT,readOnly
2025-05-31 04:42:38 [http-nio-8081-exec-5] DEBUG o.s.jdbc.datasource.DataSourceUtils - Setting JDBC Connection [HikariProxyConnection@1512711816 wrapping org.postgresql.jdbc.PgConnection@514f75a5] read-only
2025-05-31 04:42:38 [http-nio-8081-exec-5] DEBUG o.s.orm.jpa.JpaTransactionManager - Exposing JPA transaction as JDBC [org.springframework.orm.jpa.vendor.HibernateJpaDialect$HibernateConnectionHandle@3568733d]
2025-05-31 04:42:38 [http-nio-8081-exec-5] DEBUG o.s.orm.jpa.JpaTransactionManager - Initiating transaction commit
2025-05-31 04:42:38 [http-nio-8081-exec-5] DEBUG o.s.orm.jpa.JpaTransactionManager - Committing JPA transaction on EntityManager [SessionImpl(761875526<open>)]
2025-05-31 04:42:38 [http-nio-8081-exec-5] DEBUG o.s.jdbc.datasource.DataSourceUtils - Resetting read-only flag of JDBC Connection [HikariProxyConnection@1512711816 wrapping org.postgresql.jdbc.PgConnection@514f75a5]
2025-05-31 04:42:38 [http-nio-8081-exec-5] DEBUG o.s.orm.jpa.JpaTransactionManager - Not closing pre-bound JPA EntityManager after transaction
2025-05-31 04:42:38 [http-nio-8081-exec-5] INFO  o.g.login.controller.AuthController - fetchUserDetails: Returning user details for users: []
2025-05-31 04:42:38 [http-nio-8081-exec-5] DEBUG o.s.w.s.m.m.a.HttpEntityMethodProcessor - Using 'application/json', given [*/*] and supported [application/json, application/*+json]
2025-05-31 04:42:38 [http-nio-8081-exec-5] DEBUG o.s.w.s.m.m.a.HttpEntityMethodProcessor - Writing [[]]
2025-05-31 04:42:38 [http-nio-8081-exec-5] DEBUG o.s.o.j.s.OpenEntityManagerInViewInterceptor - Closing JPA EntityManager in OpenEntityManagerInViewInterceptor
2025-05-31 04:42:38 [http-nio-8081-exec-5] DEBUG o.s.web.servlet.DispatcherServlet - Completed 200 OK
2025-05-31 04:42:38 [http-nio-8081-exec-6] DEBUG o.s.security.web.FilterChainProxy - Securing GET /api/auth/user/details
2025-05-31 04:42:38 [http-nio-8081-exec-6] DEBUG o.g.l.s.JwtAuthenticationFilter - doFilterInternal: No valid Authorization header found, skipping JWT processing.
2025-05-31 04:42:38 [http-nio-8081-exec-6] DEBUG o.s.s.w.a.AnonymousAuthenticationFilter - Set SecurityContextHolder to anonymous SecurityContext
2025-05-31 04:42:38 [http-nio-8081-exec-6] DEBUG o.s.security.web.FilterChainProxy - Secured GET /api/auth/user/details
2025-05-31 04:42:38 [http-nio-8081-exec-6] DEBUG o.s.web.servlet.DispatcherServlet - GET "/api/auth/user/details", parameters={}
2025-05-31 04:42:38 [http-nio-8081-exec-6] DEBUG o.s.w.s.m.m.a.RequestMappingHandlerMapping - Mapped to org.guidewire.login.controller.AuthController#fetchUserDetails(List)
2025-05-31 04:42:38 [http-nio-8081-exec-6] DEBUG o.s.o.j.s.OpenEntityManagerInViewInterceptor - Opening JPA EntityManager in OpenEntityManagerInViewInterceptor
2025-05-31 04:42:38 [http-nio-8081-exec-6] DEBUG o.s.w.s.m.m.a.RequestResponseBodyMethodProcessor - Read "application/json;charset=UTF-8" to [[3d480867-d12b-4c5f-a725-da17dd7e5590]]
2025-05-31 04:42:38 [http-nio-8081-exec-6] INFO  o.g.login.controller.AuthController - fetchUserDetails: Fetching details for users with IDs: [3d480867-d12b-4c5f-a725-da17dd7e5590]
2025-05-31 04:42:38 [http-nio-8081-exec-6] DEBUG o.s.orm.jpa.JpaTransactionManager - Found thread-bound EntityManager [SessionImpl(1179268234<open>)] for JPA transaction
2025-05-31 04:42:38 [http-nio-8081-exec-6] DEBUG o.s.orm.jpa.JpaTransactionManager - Creating new transaction with name [org.springframework.data.jpa.repository.support.SimpleJpaRepository.findAllById]: PROPAGATION_REQUIRED,ISOLATION_DEFAULT,readOnly
2025-05-31 04:42:38 [http-nio-8081-exec-6] DEBUG o.s.jdbc.datasource.DataSourceUtils - Setting JDBC Connection [HikariProxyConnection@1880394427 wrapping org.postgresql.jdbc.PgConnection@514f75a5] read-only
2025-05-31 04:42:38 [http-nio-8081-exec-6] DEBUG o.s.orm.jpa.JpaTransactionManager - Exposing JPA transaction as JDBC [org.springframework.orm.jpa.vendor.HibernateJpaDialect$HibernateConnectionHandle@6a07bb1d]
2025-05-31 04:42:38 [http-nio-8081-exec-6] DEBUG org.hibernate.SQL - select u1_0.id,u1_0.created_at,u1_0.email,u1_0.password,u1_0.phone_number,u1_0.updated_at,u1_0.username from users u1_0 where u1_0.id in (?)
2025-05-31 04:42:38 [http-nio-8081-exec-6] DEBUG org.hibernate.SQL - select r1_0.user_id,r1_1.id,r1_1.created_at,r1_1.name,p1_0.role_id,p1_1.id,p1_1.created_at,p1_1.description,p1_1.name,p1_1.updated_at,r1_1.updated_at from user_roles r1_0 join roles r1_1 on r1_1.id=r1_0.role_id left join role_permissions p1_0 on r1_1.id=p1_0.role_id left join permissions p1_1 on p1_1.id=p1_0.permission_id where r1_0.user_id=?
2025-05-31 04:42:38 [http-nio-8081-exec-6] DEBUG o.s.orm.jpa.JpaTransactionManager - Initiating transaction commit
2025-05-31 04:42:38 [http-nio-8081-exec-6] DEBUG o.s.orm.jpa.JpaTransactionManager - Committing JPA transaction on EntityManager [SessionImpl(1179268234<open>)]
2025-05-31 04:42:38 [http-nio-8081-exec-6] DEBUG o.s.jdbc.datasource.DataSourceUtils - Resetting read-only flag of JDBC Connection [HikariProxyConnection@1880394427 wrapping org.postgresql.jdbc.PgConnection@514f75a5]
2025-05-31 04:42:38 [http-nio-8081-exec-6] DEBUG o.s.orm.jpa.JpaTransactionManager - Not closing pre-bound JPA EntityManager after transaction
2025-05-31 04:42:39 [http-nio-8081-exec-6] INFO  o.g.login.controller.AuthController - fetchUserDetails: Returning user details for users: [org.guidewire.login.dto.responses.UserResponse@6f80f1e7]
2025-05-31 04:42:39 [http-nio-8081-exec-6] DEBUG o.s.w.s.m.m.a.HttpEntityMethodProcessor - Using 'application/json', given [*/*] and supported [application/json, application/*+json]
2025-05-31 04:42:39 [http-nio-8081-exec-6] DEBUG o.s.w.s.m.m.a.HttpEntityMethodProcessor - Writing [[org.guidewire.login.dto.responses.UserResponse@6f80f1e7]]
2025-05-31 04:42:39 [http-nio-8081-exec-6] DEBUG o.s.o.j.s.OpenEntityManagerInViewInterceptor - Closing JPA EntityManager in OpenEntityManagerInViewInterceptor
2025-05-31 04:42:39 [http-nio-8081-exec-6] DEBUG o.s.web.servlet.DispatcherServlet - Completed 200 OK
2025-05-31 04:42:44 [http-nio-8081-exec-4] DEBUG o.s.security.web.FilterChainProxy - Securing GET /api/auth/users/list
2025-05-31 04:42:44 [http-nio-8081-exec-4] INFO  o.g.l.s.JwtAuthenticationFilter - doFilterInternal: Extracted username 'admin' with roles [ADMIN] and permissions [DELETE_TASK, EDIT_USER, CREATE_TASK, CREATE_USER, VIEW_DASHBOARD, ADD_WATCHER, DELETE_USER, CLOSE_TASK, VIEW_TASK, VIEW_ROLE, COMMENT_TASK, ASSIGN_TASK, EDIT_ROLE, ADD_SUBTASK, REMOVE_SUBTASK, DELETE_ROLE, REMOVE_WATCHER, CREATE_ROLE, REOPEN_TASK, ASSIGN_ROLE, EDIT_TASK, VIEW_USER]
2025-05-31 04:42:44 [http-nio-8081-exec-4] INFO  o.g.l.s.CustomUserDetailsService - loadUserByUsername: Searching for user: admin
2025-05-31 04:42:44 [http-nio-8081-exec-4] DEBUG o.s.o.j.SharedEntityManagerCreator$SharedEntityManagerInvocationHandler - Creating new EntityManager for shared EntityManager invocation
2025-05-31 04:42:44 [http-nio-8081-exec-4] DEBUG org.hibernate.SQL - select u1_0.id,u1_0.created_at,u1_0.email,u1_0.password,u1_0.phone_number,u1_0.updated_at,u1_0.username from users u1_0 where u1_0.username=?
2025-05-31 04:42:44 [http-nio-8081-exec-4] DEBUG org.hibernate.SQL - select r1_0.user_id,r1_1.id,r1_1.created_at,r1_1.name,p1_0.role_id,p1_1.id,p1_1.created_at,p1_1.description,p1_1.name,p1_1.updated_at,r1_1.updated_at from user_roles r1_0 join roles r1_1 on r1_1.id=r1_0.role_id left join role_permissions p1_0 on r1_1.id=p1_0.role_id left join permissions p1_1 on p1_1.id=p1_0.permission_id where r1_0.user_id=?
2025-05-31 04:42:44 [http-nio-8081-exec-4] INFO  o.g.l.s.CustomUserDetailsService - loadUserByUsername: User admin found with roles: [org.guidewire.login.model.Role@723cc9fb]
2025-05-31 04:42:44 [http-nio-8081-exec-4] INFO  o.g.login.security.CustomUserDetails - Initializing CustomUserDetails for user: admin
2025-05-31 04:42:44 [http-nio-8081-exec-4] DEBUG o.g.login.security.CustomUserDetails - User admin has roles: [ADMIN]
2025-05-31 04:42:44 [http-nio-8081-exec-4] DEBUG o.g.login.security.CustomUserDetails - User admin has permissions: [DELETE_TASK, EDIT_USER, CREATE_TASK, CREATE_USER, DELETE_USER, VIEW_DASHBOARD, ADD_WATCHER, CLOSE_TASK, VIEW_ROLE, VIEW_TASK, COMMENT_TASK, ASSIGN_TASK, EDIT_ROLE, ADD_SUBTASK, REMOVE_SUBTASK, DELETE_ROLE, REMOVE_WATCHER, CREATE_ROLE, REOPEN_TASK, ASSIGN_ROLE, EDIT_TASK, VIEW_USER]
2025-05-31 04:42:44 [http-nio-8081-exec-4] INFO  o.g.login.security.CustomUserDetails - CustomUserDetails initialized successfully for user: admin
2025-05-31 04:42:44 [http-nio-8081-exec-4] INFO  o.guidewire.login.security.JwtUtil - validateToken:JWT validated successfully for user: admin
2025-05-31 04:42:44 [http-nio-8081-exec-4] INFO  o.g.l.s.JwtAuthenticationFilter - doFilterInternal: Authentication successful for user 'admin'. Authorities: [ROLE_ADMIN, DELETE_TASK, EDIT_USER, CREATE_TASK, CREATE_USER, VIEW_DASHBOARD, ADD_WATCHER, DELETE_USER, CLOSE_TASK, VIEW_TASK, VIEW_ROLE, COMMENT_TASK, ASSIGN_TASK, EDIT_ROLE, ADD_SUBTASK, REMOVE_SUBTASK, DELETE_ROLE, REMOVE_WATCHER, CREATE_ROLE, REOPEN_TASK, ASSIGN_ROLE, EDIT_TASK, VIEW_USER]
2025-05-31 04:42:44 [http-nio-8081-exec-4] DEBUG o.s.security.web.FilterChainProxy - Secured GET /api/auth/users/list
2025-05-31 04:42:44 [http-nio-8081-exec-4] DEBUG o.s.web.servlet.DispatcherServlet - GET "/api/auth/users/list", parameters={}
2025-05-31 04:42:44 [http-nio-8081-exec-4] DEBUG o.s.w.s.m.m.a.RequestMappingHandlerMapping - Mapped to org.guidewire.login.controller.UserController#getAllUsers()
2025-05-31 04:42:44 [http-nio-8081-exec-4] DEBUG o.s.o.j.s.OpenEntityManagerInViewInterceptor - Opening JPA EntityManager in OpenEntityManagerInViewInterceptor
2025-05-31 04:42:44 [http-nio-8081-exec-4] INFO  o.g.login.services.UserService - getAllUsers: Fetching all users from the database.
2025-05-31 04:42:44 [http-nio-8081-exec-4] DEBUG o.s.orm.jpa.JpaTransactionManager - Found thread-bound EntityManager [SessionImpl(221381455<open>)] for JPA transaction
2025-05-31 04:42:44 [http-nio-8081-exec-4] DEBUG o.s.orm.jpa.JpaTransactionManager - Creating new transaction with name [org.springframework.data.jpa.repository.support.SimpleJpaRepository.findAll]: PROPAGATION_REQUIRED,ISOLATION_DEFAULT,readOnly
2025-05-31 04:42:44 [http-nio-8081-exec-4] DEBUG o.s.jdbc.datasource.DataSourceUtils - Setting JDBC Connection [HikariProxyConnection@2072706049 wrapping org.postgresql.jdbc.PgConnection@514f75a5] read-only
2025-05-31 04:42:44 [http-nio-8081-exec-4] DEBUG o.s.orm.jpa.JpaTransactionManager - Exposing JPA transaction as JDBC [org.springframework.orm.jpa.vendor.HibernateJpaDialect$HibernateConnectionHandle@299c8f38]
2025-05-31 04:42:44 [http-nio-8081-exec-4] DEBUG org.hibernate.SQL - select u1_0.id,u1_0.created_at,u1_0.email,u1_0.password,u1_0.phone_number,u1_0.updated_at,u1_0.username from users u1_0
2025-05-31 04:42:44 [http-nio-8081-exec-4] DEBUG org.hibernate.SQL - select r1_0.user_id,r1_1.id,r1_1.created_at,r1_1.name,p1_0.role_id,p1_1.id,p1_1.created_at,p1_1.description,p1_1.name,p1_1.updated_at,r1_1.updated_at from user_roles r1_0 join roles r1_1 on r1_1.id=r1_0.role_id left join role_permissions p1_0 on r1_1.id=p1_0.role_id left join permissions p1_1 on p1_1.id=p1_0.permission_id where r1_0.user_id=?
2025-05-31 04:42:44 [http-nio-8081-exec-4] DEBUG org.hibernate.SQL - select r1_0.user_id,r1_1.id,r1_1.created_at,r1_1.name,p1_0.role_id,p1_1.id,p1_1.created_at,p1_1.description,p1_1.name,p1_1.updated_at,r1_1.updated_at from user_roles r1_0 join roles r1_1 on r1_1.id=r1_0.role_id left join role_permissions p1_0 on r1_1.id=p1_0.role_id left join permissions p1_1 on p1_1.id=p1_0.permission_id where r1_0.user_id=?
2025-05-31 04:42:44 [http-nio-8081-exec-4] DEBUG org.hibernate.SQL - select r1_0.user_id,r1_1.id,r1_1.created_at,r1_1.name,p1_0.role_id,p1_1.id,p1_1.created_at,p1_1.description,p1_1.name,p1_1.updated_at,r1_1.updated_at from user_roles r1_0 join roles r1_1 on r1_1.id=r1_0.role_id left join role_permissions p1_0 on r1_1.id=p1_0.role_id left join permissions p1_1 on p1_1.id=p1_0.permission_id where r1_0.user_id=?
2025-05-31 04:42:44 [http-nio-8081-exec-4] DEBUG org.hibernate.SQL - select r1_0.user_id,r1_1.id,r1_1.created_at,r1_1.name,p1_0.role_id,p1_1.id,p1_1.created_at,p1_1.description,p1_1.name,p1_1.updated_at,r1_1.updated_at from user_roles r1_0 join roles r1_1 on r1_1.id=r1_0.role_id left join role_permissions p1_0 on r1_1.id=p1_0.role_id left join permissions p1_1 on p1_1.id=p1_0.permission_id where r1_0.user_id=?
2025-05-31 04:42:44 [http-nio-8081-exec-4] DEBUG org.hibernate.SQL - select r1_0.user_id,r1_1.id,r1_1.created_at,r1_1.name,p1_0.role_id,p1_1.id,p1_1.created_at,p1_1.description,p1_1.name,p1_1.updated_at,r1_1.updated_at from user_roles r1_0 join roles r1_1 on r1_1.id=r1_0.role_id left join role_permissions p1_0 on r1_1.id=p1_0.role_id left join permissions p1_1 on p1_1.id=p1_0.permission_id where r1_0.user_id=?
2025-05-31 04:42:44 [http-nio-8081-exec-4] DEBUG org.hibernate.SQL - select r1_0.user_id,r1_1.id,r1_1.created_at,r1_1.name,p1_0.role_id,p1_1.id,p1_1.created_at,p1_1.description,p1_1.name,p1_1.updated_at,r1_1.updated_at from user_roles r1_0 join roles r1_1 on r1_1.id=r1_0.role_id left join role_permissions p1_0 on r1_1.id=p1_0.role_id left join permissions p1_1 on p1_1.id=p1_0.permission_id where r1_0.user_id=?
2025-05-31 04:42:44 [http-nio-8081-exec-4] DEBUG o.s.orm.jpa.JpaTransactionManager - Initiating transaction commit
2025-05-31 04:42:44 [http-nio-8081-exec-4] DEBUG o.s.orm.jpa.JpaTransactionManager - Committing JPA transaction on EntityManager [SessionImpl(221381455<open>)]
2025-05-31 04:42:44 [http-nio-8081-exec-4] DEBUG o.s.jdbc.datasource.DataSourceUtils - Resetting read-only flag of JDBC Connection [HikariProxyConnection@2072706049 wrapping org.postgresql.jdbc.PgConnection@514f75a5]
2025-05-31 04:42:44 [http-nio-8081-exec-4] DEBUG o.s.orm.jpa.JpaTransactionManager - Not closing pre-bound JPA EntityManager after transaction
2025-05-31 04:42:44 [http-nio-8081-exec-4] INFO  o.g.login.services.UserService - getAllUsers: Retrieved 6 users.
2025-05-31 04:42:44 [http-nio-8081-exec-4] DEBUG o.s.w.s.m.m.a.HttpEntityMethodProcessor - Using 'application/json', given [*/*] and supported [application/json, application/*+json]
2025-05-31 04:42:44 [http-nio-8081-exec-4] DEBUG o.s.w.s.m.m.a.HttpEntityMethodProcessor - Writing [[org.guidewire.login.dto.responses.UserResponse@71f007e2, org.guidewire.login.dto.responses.UserResp (truncated)...]
2025-05-31 04:42:44 [http-nio-8081-exec-4] DEBUG o.s.o.j.s.OpenEntityManagerInViewInterceptor - Closing JPA EntityManager in OpenEntityManagerInViewInterceptor
2025-05-31 04:42:44 [http-nio-8081-exec-4] DEBUG o.s.web.servlet.DispatcherServlet - Completed 200 OK
2025-05-31 04:42:45 [http-nio-8081-exec-7] DEBUG o.s.security.web.FilterChainProxy - Securing GET /api/auth/user/details
2025-05-31 04:42:45 [http-nio-8081-exec-7] INFO  o.g.l.s.JwtAuthenticationFilter - doFilterInternal: Extracted username 'admin' with roles [ADMIN] and permissions [DELETE_TASK, EDIT_USER, CREATE_TASK, CREATE_USER, VIEW_DASHBOARD, ADD_WATCHER, DELETE_USER, CLOSE_TASK, VIEW_TASK, VIEW_ROLE, COMMENT_TASK, ASSIGN_TASK, EDIT_ROLE, ADD_SUBTASK, REMOVE_SUBTASK, DELETE_ROLE, REMOVE_WATCHER, CREATE_ROLE, REOPEN_TASK, ASSIGN_ROLE, EDIT_TASK, VIEW_USER]
2025-05-31 04:42:45 [http-nio-8081-exec-7] INFO  o.g.l.s.CustomUserDetailsService - loadUserByUsername: Searching for user: admin
2025-05-31 04:42:45 [http-nio-8081-exec-7] DEBUG o.s.o.j.SharedEntityManagerCreator$SharedEntityManagerInvocationHandler - Creating new EntityManager for shared EntityManager invocation
2025-05-31 04:42:45 [http-nio-8081-exec-7] DEBUG org.hibernate.SQL - select u1_0.id,u1_0.created_at,u1_0.email,u1_0.password,u1_0.phone_number,u1_0.updated_at,u1_0.username from users u1_0 where u1_0.username=?
2025-05-31 04:42:45 [http-nio-8081-exec-7] DEBUG org.hibernate.SQL - select r1_0.user_id,r1_1.id,r1_1.created_at,r1_1.name,p1_0.role_id,p1_1.id,p1_1.created_at,p1_1.description,p1_1.name,p1_1.updated_at,r1_1.updated_at from user_roles r1_0 join roles r1_1 on r1_1.id=r1_0.role_id left join role_permissions p1_0 on r1_1.id=p1_0.role_id left join permissions p1_1 on p1_1.id=p1_0.permission_id where r1_0.user_id=?
2025-05-31 04:42:45 [http-nio-8081-exec-7] INFO  o.g.l.s.CustomUserDetailsService - loadUserByUsername: User admin found with roles: [org.guidewire.login.model.Role@22b0b119]
2025-05-31 04:42:45 [http-nio-8081-exec-7] INFO  o.g.login.security.CustomUserDetails - Initializing CustomUserDetails for user: admin
2025-05-31 04:42:45 [http-nio-8081-exec-7] DEBUG o.g.login.security.CustomUserDetails - User admin has roles: [ADMIN]
2025-05-31 04:42:45 [http-nio-8081-exec-7] DEBUG o.g.login.security.CustomUserDetails - User admin has permissions: [DELETE_TASK, EDIT_USER, CREATE_TASK, CREATE_USER, ADD_WATCHER, VIEW_DASHBOARD, DELETE_USER, VIEW_ROLE, CLOSE_TASK, VIEW_TASK, ASSIGN_TASK, COMMENT_TASK, EDIT_ROLE, ADD_SUBTASK, REMOVE_SUBTASK, DELETE_ROLE, REMOVE_WATCHER, CREATE_ROLE, REOPEN_TASK, ASSIGN_ROLE, EDIT_TASK, VIEW_USER]
2025-05-31 04:42:45 [http-nio-8081-exec-7] INFO  o.g.login.security.CustomUserDetails - CustomUserDetails initialized successfully for user: admin
2025-05-31 04:42:45 [http-nio-8081-exec-8] DEBUG o.s.security.web.FilterChainProxy - Securing GET /api/auth/user/details
2025-05-31 04:42:45 [http-nio-8081-exec-8] DEBUG o.g.l.s.JwtAuthenticationFilter - doFilterInternal: No valid Authorization header found, skipping JWT processing.
2025-05-31 04:42:45 [http-nio-8081-exec-8] DEBUG o.s.s.w.a.AnonymousAuthenticationFilter - Set SecurityContextHolder to anonymous SecurityContext
2025-05-31 04:42:45 [http-nio-8081-exec-8] DEBUG o.s.security.web.FilterChainProxy - Secured GET /api/auth/user/details
2025-05-31 04:42:45 [http-nio-8081-exec-8] DEBUG o.s.web.servlet.DispatcherServlet - GET "/api/auth/user/details", parameters={}
2025-05-31 04:42:45 [http-nio-8081-exec-8] DEBUG o.s.w.s.m.m.a.RequestMappingHandlerMapping - Mapped to org.guidewire.login.controller.AuthController#fetchUserDetails(List)
2025-05-31 04:42:45 [http-nio-8081-exec-8] DEBUG o.s.o.j.s.OpenEntityManagerInViewInterceptor - Opening JPA EntityManager in OpenEntityManagerInViewInterceptor
2025-05-31 04:42:45 [http-nio-8081-exec-7] INFO  o.guidewire.login.security.JwtUtil - validateToken:JWT validated successfully for user: admin
2025-05-31 04:42:45 [http-nio-8081-exec-7] INFO  o.g.l.s.JwtAuthenticationFilter - doFilterInternal: Authentication successful for user 'admin'. Authorities: [ROLE_ADMIN, DELETE_TASK, EDIT_USER, CREATE_TASK, CREATE_USER, VIEW_DASHBOARD, ADD_WATCHER, DELETE_USER, CLOSE_TASK, VIEW_TASK, VIEW_ROLE, COMMENT_TASK, ASSIGN_TASK, EDIT_ROLE, ADD_SUBTASK, REMOVE_SUBTASK, DELETE_ROLE, REMOVE_WATCHER, CREATE_ROLE, REOPEN_TASK, ASSIGN_ROLE, EDIT_TASK, VIEW_USER]
2025-05-31 04:42:45 [http-nio-8081-exec-7] DEBUG o.s.security.web.FilterChainProxy - Secured GET /api/auth/user/details
2025-05-31 04:42:45 [http-nio-8081-exec-8] DEBUG o.s.w.s.m.m.a.RequestResponseBodyMethodProcessor - Read "application/json;charset=UTF-8" to [[ce3ef1d5-ef3e-42b1-9ba6-fc808ad7eef5, 4bcced83-fb72-4ea7-8957-2db00dd6fc95, 3d480867-d12b-4c5f-a725 (truncated)...]
2025-05-31 04:42:45 [http-nio-8081-exec-7] DEBUG o.s.web.servlet.DispatcherServlet - GET "/api/auth/user/details", parameters={}
2025-05-31 04:42:45 [http-nio-8081-exec-8] INFO  o.g.login.controller.AuthController - fetchUserDetails: Fetching details for users with IDs: [ce3ef1d5-ef3e-42b1-9ba6-fc808ad7eef5, 4bcced83-fb72-4ea7-8957-2db00dd6fc95, 3d480867-d12b-4c5f-a725-da17dd7e5590, c00fda99-1472-4452-8b18-fb0273c2db55]
2025-05-31 04:42:45 [http-nio-8081-exec-7] DEBUG o.s.w.s.m.m.a.RequestMappingHandlerMapping - Mapped to org.guidewire.login.controller.AuthController#fetchUserDetails(List)
2025-05-31 04:42:45 [http-nio-8081-exec-7] DEBUG o.s.o.j.s.OpenEntityManagerInViewInterceptor - Opening JPA EntityManager in OpenEntityManagerInViewInterceptor
2025-05-31 04:42:45 [http-nio-8081-exec-8] DEBUG o.s.orm.jpa.JpaTransactionManager - Found thread-bound EntityManager [SessionImpl(1466110405<open>)] for JPA transaction
2025-05-31 04:42:45 [http-nio-8081-exec-8] DEBUG o.s.orm.jpa.JpaTransactionManager - Creating new transaction with name [org.springframework.data.jpa.repository.support.SimpleJpaRepository.findAllById]: PROPAGATION_REQUIRED,ISOLATION_DEFAULT,readOnly
2025-05-31 04:42:45 [http-nio-8081-exec-7] DEBUG o.s.w.s.m.m.a.RequestResponseBodyMethodProcessor - Read "application/json;charset=UTF-8" to [[3d480867-d12b-4c5f-a725-da17dd7e5590]]
2025-05-31 04:42:45 [http-nio-8081-exec-7] INFO  o.g.login.controller.AuthController - fetchUserDetails: Fetching details for users with IDs: [3d480867-d12b-4c5f-a725-da17dd7e5590]
2025-05-31 04:42:45 [http-nio-8081-exec-7] DEBUG o.s.orm.jpa.JpaTransactionManager - Found thread-bound EntityManager [SessionImpl(1390851866<open>)] for JPA transaction
2025-05-31 04:42:45 [http-nio-8081-exec-7] DEBUG o.s.orm.jpa.JpaTransactionManager - Creating new transaction with name [org.springframework.data.jpa.repository.support.SimpleJpaRepository.findAllById]: PROPAGATION_REQUIRED,ISOLATION_DEFAULT,readOnly
2025-05-31 04:42:45 [http-nio-8081-exec-8] DEBUG o.s.jdbc.datasource.DataSourceUtils - Setting JDBC Connection [HikariProxyConnection@1592951859 wrapping org.postgresql.jdbc.PgConnection@514f75a5] read-only
2025-05-31 04:42:45 [http-nio-8081-exec-7] DEBUG o.s.jdbc.datasource.DataSourceUtils - Setting JDBC Connection [HikariProxyConnection@1411659118 wrapping org.postgresql.jdbc.PgConnection@54d91e0c] read-only
2025-05-31 04:42:45 [http-nio-8081-exec-7] DEBUG o.s.orm.jpa.JpaTransactionManager - Exposing JPA transaction as JDBC [org.springframework.orm.jpa.vendor.HibernateJpaDialect$HibernateConnectionHandle@79832e87]
2025-05-31 04:42:45 [http-nio-8081-exec-8] DEBUG o.s.orm.jpa.JpaTransactionManager - Exposing JPA transaction as JDBC [org.springframework.orm.jpa.vendor.HibernateJpaDialect$HibernateConnectionHandle@246725f]
2025-05-31 04:42:45 [http-nio-8081-exec-7] DEBUG org.hibernate.SQL - select u1_0.id,u1_0.created_at,u1_0.email,u1_0.password,u1_0.phone_number,u1_0.updated_at,u1_0.username from users u1_0 where u1_0.id in (?)
2025-05-31 04:42:45 [http-nio-8081-exec-8] DEBUG org.hibernate.SQL - select u1_0.id,u1_0.created_at,u1_0.email,u1_0.password,u1_0.phone_number,u1_0.updated_at,u1_0.username from users u1_0 where u1_0.id in (?,?,?,?)
2025-05-31 04:42:45 [http-nio-8081-exec-7] DEBUG org.hibernate.SQL - select r1_0.user_id,r1_1.id,r1_1.created_at,r1_1.name,p1_0.role_id,p1_1.id,p1_1.created_at,p1_1.description,p1_1.name,p1_1.updated_at,r1_1.updated_at from user_roles r1_0 join roles r1_1 on r1_1.id=r1_0.role_id left join role_permissions p1_0 on r1_1.id=p1_0.role_id left join permissions p1_1 on p1_1.id=p1_0.permission_id where r1_0.user_id=?
2025-05-31 04:42:45 [http-nio-8081-exec-8] DEBUG org.hibernate.SQL - select r1_0.user_id,r1_1.id,r1_1.created_at,r1_1.name,p1_0.role_id,p1_1.id,p1_1.created_at,p1_1.description,p1_1.name,p1_1.updated_at,r1_1.updated_at from user_roles r1_0 join roles r1_1 on r1_1.id=r1_0.role_id left join role_permissions p1_0 on r1_1.id=p1_0.role_id left join permissions p1_1 on p1_1.id=p1_0.permission_id where r1_0.user_id=?
2025-05-31 04:42:45 [http-nio-8081-exec-8] DEBUG org.hibernate.SQL - select r1_0.user_id,r1_1.id,r1_1.created_at,r1_1.name,p1_0.role_id,p1_1.id,p1_1.created_at,p1_1.description,p1_1.name,p1_1.updated_at,r1_1.updated_at from user_roles r1_0 join roles r1_1 on r1_1.id=r1_0.role_id left join role_permissions p1_0 on r1_1.id=p1_0.role_id left join permissions p1_1 on p1_1.id=p1_0.permission_id where r1_0.user_id=?
2025-05-31 04:42:45 [http-nio-8081-exec-7] DEBUG o.s.orm.jpa.JpaTransactionManager - Initiating transaction commit
2025-05-31 04:42:45 [http-nio-8081-exec-7] DEBUG o.s.orm.jpa.JpaTransactionManager - Committing JPA transaction on EntityManager [SessionImpl(1390851866<open>)]
2025-05-31 04:42:45 [http-nio-8081-exec-8] DEBUG org.hibernate.SQL - select r1_0.user_id,r1_1.id,r1_1.created_at,r1_1.name,p1_0.role_id,p1_1.id,p1_1.created_at,p1_1.description,p1_1.name,p1_1.updated_at,r1_1.updated_at from user_roles r1_0 join roles r1_1 on r1_1.id=r1_0.role_id left join role_permissions p1_0 on r1_1.id=p1_0.role_id left join permissions p1_1 on p1_1.id=p1_0.permission_id where r1_0.user_id=?
2025-05-31 04:42:45 [http-nio-8081-exec-7] DEBUG o.s.jdbc.datasource.DataSourceUtils - Resetting read-only flag of JDBC Connection [HikariProxyConnection@1411659118 wrapping org.postgresql.jdbc.PgConnection@54d91e0c]
2025-05-31 04:42:45 [http-nio-8081-exec-7] DEBUG o.s.orm.jpa.JpaTransactionManager - Not closing pre-bound JPA EntityManager after transaction
2025-05-31 04:42:45 [http-nio-8081-exec-7] INFO  o.g.login.controller.AuthController - fetchUserDetails: Returning user details for users: [org.guidewire.login.dto.responses.UserResponse@28d7185b]
2025-05-31 04:42:45 [http-nio-8081-exec-7] DEBUG o.s.w.s.m.m.a.HttpEntityMethodProcessor - Using 'application/json', given [*/*] and supported [application/json, application/*+json]
2025-05-31 04:42:45 [http-nio-8081-exec-8] DEBUG org.hibernate.SQL - select r1_0.user_id,r1_1.id,r1_1.created_at,r1_1.name,p1_0.role_id,p1_1.id,p1_1.created_at,p1_1.description,p1_1.name,p1_1.updated_at,r1_1.updated_at from user_roles r1_0 join roles r1_1 on r1_1.id=r1_0.role_id left join role_permissions p1_0 on r1_1.id=p1_0.role_id left join permissions p1_1 on p1_1.id=p1_0.permission_id where r1_0.user_id=?
2025-05-31 04:42:45 [http-nio-8081-exec-7] DEBUG o.s.w.s.m.m.a.HttpEntityMethodProcessor - Writing [[org.guidewire.login.dto.responses.UserResponse@28d7185b]]
2025-05-31 04:42:45 [http-nio-8081-exec-8] DEBUG o.s.orm.jpa.JpaTransactionManager - Initiating transaction commit
2025-05-31 04:42:45 [http-nio-8081-exec-7] DEBUG o.s.o.j.s.OpenEntityManagerInViewInterceptor - Closing JPA EntityManager in OpenEntityManagerInViewInterceptor
2025-05-31 04:42:45 [http-nio-8081-exec-8] DEBUG o.s.orm.jpa.JpaTransactionManager - Committing JPA transaction on EntityManager [SessionImpl(1466110405<open>)]
2025-05-31 04:42:45 [http-nio-8081-exec-7] DEBUG o.s.web.servlet.DispatcherServlet - Completed 200 OK
2025-05-31 04:42:45 [http-nio-8081-exec-8] DEBUG o.s.jdbc.datasource.DataSourceUtils - Resetting read-only flag of JDBC Connection [HikariProxyConnection@1592951859 wrapping org.postgresql.jdbc.PgConnection@514f75a5]
2025-05-31 04:42:45 [http-nio-8081-exec-8] DEBUG o.s.orm.jpa.JpaTransactionManager - Not closing pre-bound JPA EntityManager after transaction
2025-05-31 04:42:45 [http-nio-8081-exec-8] INFO  o.g.login.controller.AuthController - fetchUserDetails: Returning user details for users: [org.guidewire.login.dto.responses.UserResponse@7dc91132, org.guidewire.login.dto.responses.UserResponse@38affc88, org.guidewire.login.dto.responses.UserResponse@6fbb644a, org.guidewire.login.dto.responses.UserResponse@79248882]
2025-05-31 04:42:45 [http-nio-8081-exec-8] DEBUG o.s.w.s.m.m.a.HttpEntityMethodProcessor - Using 'application/json', given [*/*] and supported [application/json, application/*+json]
2025-05-31 04:42:45 [http-nio-8081-exec-8] DEBUG o.s.w.s.m.m.a.HttpEntityMethodProcessor - Writing [[org.guidewire.login.dto.responses.UserResponse@7dc91132, org.guidewire.login.dto.responses.UserResp (truncated)...]
2025-05-31 04:42:45 [http-nio-8081-exec-8] DEBUG o.s.o.j.s.OpenEntityManagerInViewInterceptor - Closing JPA EntityManager in OpenEntityManagerInViewInterceptor
2025-05-31 04:42:45 [http-nio-8081-exec-8] DEBUG o.s.web.servlet.DispatcherServlet - Completed 200 OK
2025-05-31 04:42:45 [http-nio-8081-exec-9] DEBUG o.s.security.web.FilterChainProxy - Securing GET /api/auth/user/details
2025-05-31 04:42:45 [http-nio-8081-exec-9] INFO  o.g.l.s.JwtAuthenticationFilter - doFilterInternal: Extracted username 'admin' with roles [ADMIN] and permissions [DELETE_TASK, EDIT_USER, CREATE_TASK, CREATE_USER, VIEW_DASHBOARD, ADD_WATCHER, DELETE_USER, CLOSE_TASK, VIEW_TASK, VIEW_ROLE, COMMENT_TASK, ASSIGN_TASK, EDIT_ROLE, ADD_SUBTASK, REMOVE_SUBTASK, DELETE_ROLE, REMOVE_WATCHER, CREATE_ROLE, REOPEN_TASK, ASSIGN_ROLE, EDIT_TASK, VIEW_USER]
2025-05-31 04:42:45 [http-nio-8081-exec-9] INFO  o.g.l.s.CustomUserDetailsService - loadUserByUsername: Searching for user: admin
2025-05-31 04:42:45 [http-nio-8081-exec-9] DEBUG o.s.o.j.SharedEntityManagerCreator$SharedEntityManagerInvocationHandler - Creating new EntityManager for shared EntityManager invocation
2025-05-31 04:42:45 [http-nio-8081-exec-9] DEBUG org.hibernate.SQL - select u1_0.id,u1_0.created_at,u1_0.email,u1_0.password,u1_0.phone_number,u1_0.updated_at,u1_0.username from users u1_0 where u1_0.username=?
2025-05-31 04:42:45 [http-nio-8081-exec-9] DEBUG org.hibernate.SQL - select r1_0.user_id,r1_1.id,r1_1.created_at,r1_1.name,p1_0.role_id,p1_1.id,p1_1.created_at,p1_1.description,p1_1.name,p1_1.updated_at,r1_1.updated_at from user_roles r1_0 join roles r1_1 on r1_1.id=r1_0.role_id left join role_permissions p1_0 on r1_1.id=p1_0.role_id left join permissions p1_1 on p1_1.id=p1_0.permission_id where r1_0.user_id=?
2025-05-31 04:42:45 [http-nio-8081-exec-9] INFO  o.g.l.s.CustomUserDetailsService - loadUserByUsername: User admin found with roles: [org.guidewire.login.model.Role@440a367c]
2025-05-31 04:42:45 [http-nio-8081-exec-9] INFO  o.g.login.security.CustomUserDetails - Initializing CustomUserDetails for user: admin
2025-05-31 04:42:45 [http-nio-8081-exec-9] DEBUG o.g.login.security.CustomUserDetails - User admin has roles: [ADMIN]
2025-05-31 04:42:45 [http-nio-8081-exec-9] DEBUG o.g.login.security.CustomUserDetails - User admin has permissions: [DELETE_TASK, EDIT_USER, CREATE_TASK, CREATE_USER, VIEW_DASHBOARD, ADD_WATCHER, DELETE_USER, VIEW_TASK, CLOSE_TASK, VIEW_ROLE, ASSIGN_TASK, COMMENT_TASK, EDIT_ROLE, ADD_SUBTASK, REMOVE_SUBTASK, REMOVE_WATCHER, DELETE_ROLE, CREATE_ROLE, REOPEN_TASK, ASSIGN_ROLE, EDIT_TASK, VIEW_USER]
2025-05-31 04:42:45 [http-nio-8081-exec-9] INFO  o.g.login.security.CustomUserDetails - CustomUserDetails initialized successfully for user: admin
2025-05-31 04:42:45 [http-nio-8081-exec-9] INFO  o.guidewire.login.security.JwtUtil - validateToken:JWT validated successfully for user: admin
2025-05-31 04:42:45 [http-nio-8081-exec-9] INFO  o.g.l.s.JwtAuthenticationFilter - doFilterInternal: Authentication successful for user 'admin'. Authorities: [ROLE_ADMIN, DELETE_TASK, EDIT_USER, CREATE_TASK, CREATE_USER, VIEW_DASHBOARD, ADD_WATCHER, DELETE_USER, CLOSE_TASK, VIEW_TASK, VIEW_ROLE, COMMENT_TASK, ASSIGN_TASK, EDIT_ROLE, ADD_SUBTASK, REMOVE_SUBTASK, DELETE_ROLE, REMOVE_WATCHER, CREATE_ROLE, REOPEN_TASK, ASSIGN_ROLE, EDIT_TASK, VIEW_USER]
2025-05-31 04:42:45 [http-nio-8081-exec-9] DEBUG o.s.security.web.FilterChainProxy - Secured GET /api/auth/user/details
2025-05-31 04:42:45 [http-nio-8081-exec-9] DEBUG o.s.web.servlet.DispatcherServlet - GET "/api/auth/user/details", parameters={}
2025-05-31 04:42:45 [http-nio-8081-exec-9] DEBUG o.s.w.s.m.m.a.RequestMappingHandlerMapping - Mapped to org.guidewire.login.controller.AuthController#fetchUserDetails(List)
2025-05-31 04:42:45 [http-nio-8081-exec-9] DEBUG o.s.o.j.s.OpenEntityManagerInViewInterceptor - Opening JPA EntityManager in OpenEntityManagerInViewInterceptor
2025-05-31 04:42:45 [http-nio-8081-exec-9] DEBUG o.s.w.s.m.m.a.RequestResponseBodyMethodProcessor - Read "application/json;charset=UTF-8" to [[3d480867-d12b-4c5f-a725-da17dd7e5590]]
2025-05-31 04:42:45 [http-nio-8081-exec-9] INFO  o.g.login.controller.AuthController - fetchUserDetails: Fetching details for users with IDs: [3d480867-d12b-4c5f-a725-da17dd7e5590]
2025-05-31 04:42:45 [http-nio-8081-exec-9] DEBUG o.s.orm.jpa.JpaTransactionManager - Found thread-bound EntityManager [SessionImpl(504741439<open>)] for JPA transaction
2025-05-31 04:42:45 [http-nio-8081-exec-9] DEBUG o.s.orm.jpa.JpaTransactionManager - Creating new transaction with name [org.springframework.data.jpa.repository.support.SimpleJpaRepository.findAllById]: PROPAGATION_REQUIRED,ISOLATION_DEFAULT,readOnly
2025-05-31 04:42:45 [http-nio-8081-exec-9] DEBUG o.s.jdbc.datasource.DataSourceUtils - Setting JDBC Connection [HikariProxyConnection@467039138 wrapping org.postgresql.jdbc.PgConnection@54d91e0c] read-only
2025-05-31 04:42:45 [http-nio-8081-exec-9] DEBUG o.s.orm.jpa.JpaTransactionManager - Exposing JPA transaction as JDBC [org.springframework.orm.jpa.vendor.HibernateJpaDialect$HibernateConnectionHandle@45824218]
2025-05-31 04:42:45 [http-nio-8081-exec-9] DEBUG org.hibernate.SQL - select u1_0.id,u1_0.created_at,u1_0.email,u1_0.password,u1_0.phone_number,u1_0.updated_at,u1_0.username from users u1_0 where u1_0.id in (?)
2025-05-31 04:42:45 [http-nio-8081-exec-9] DEBUG org.hibernate.SQL - select r1_0.user_id,r1_1.id,r1_1.created_at,r1_1.name,p1_0.role_id,p1_1.id,p1_1.created_at,p1_1.description,p1_1.name,p1_1.updated_at,r1_1.updated_at from user_roles r1_0 join roles r1_1 on r1_1.id=r1_0.role_id left join role_permissions p1_0 on r1_1.id=p1_0.role_id left join permissions p1_1 on p1_1.id=p1_0.permission_id where r1_0.user_id=?
2025-05-31 04:42:45 [http-nio-8081-exec-9] DEBUG o.s.orm.jpa.JpaTransactionManager - Initiating transaction commit
2025-05-31 04:42:45 [http-nio-8081-exec-9] DEBUG o.s.orm.jpa.JpaTransactionManager - Committing JPA transaction on EntityManager [SessionImpl(504741439<open>)]
2025-05-31 04:42:45 [http-nio-8081-exec-9] DEBUG o.s.jdbc.datasource.DataSourceUtils - Resetting read-only flag of JDBC Connection [HikariProxyConnection@467039138 wrapping org.postgresql.jdbc.PgConnection@54d91e0c]
2025-05-31 04:42:45 [http-nio-8081-exec-9] DEBUG o.s.orm.jpa.JpaTransactionManager - Not closing pre-bound JPA EntityManager after transaction
2025-05-31 04:42:45 [http-nio-8081-exec-9] INFO  o.g.login.controller.AuthController - fetchUserDetails: Returning user details for users: [org.guidewire.login.dto.responses.UserResponse@572b7c71]
2025-05-31 04:42:45 [http-nio-8081-exec-9] DEBUG o.s.w.s.m.m.a.HttpEntityMethodProcessor - Using 'application/json', given [*/*] and supported [application/json, application/*+json]
2025-05-31 04:42:45 [http-nio-8081-exec-9] DEBUG o.s.w.s.m.m.a.HttpEntityMethodProcessor - Writing [[org.guidewire.login.dto.responses.UserResponse@572b7c71]]
2025-05-31 04:42:45 [http-nio-8081-exec-9] DEBUG o.s.o.j.s.OpenEntityManagerInViewInterceptor - Closing JPA EntityManager in OpenEntityManagerInViewInterceptor
2025-05-31 04:42:45 [http-nio-8081-exec-9] DEBUG o.s.web.servlet.DispatcherServlet - Completed 200 OK
2025-05-31 04:42:48 [http-nio-8081-exec-10] DEBUG o.s.security.web.FilterChainProxy - Securing GET /api/auth/users/list
2025-05-31 04:42:48 [http-nio-8081-exec-10] INFO  o.g.l.s.JwtAuthenticationFilter - doFilterInternal: Extracted username 'admin' with roles [ADMIN] and permissions [DELETE_TASK, EDIT_USER, CREATE_TASK, CREATE_USER, VIEW_DASHBOARD, ADD_WATCHER, DELETE_USER, CLOSE_TASK, VIEW_TASK, VIEW_ROLE, COMMENT_TASK, ASSIGN_TASK, EDIT_ROLE, ADD_SUBTASK, REMOVE_SUBTASK, DELETE_ROLE, REMOVE_WATCHER, CREATE_ROLE, REOPEN_TASK, ASSIGN_ROLE, EDIT_TASK, VIEW_USER]
2025-05-31 04:42:48 [http-nio-8081-exec-10] INFO  o.g.l.s.CustomUserDetailsService - loadUserByUsername: Searching for user: admin
2025-05-31 04:42:48 [http-nio-8081-exec-10] DEBUG o.s.o.j.SharedEntityManagerCreator$SharedEntityManagerInvocationHandler - Creating new EntityManager for shared EntityManager invocation
2025-05-31 04:42:48 [http-nio-8081-exec-10] DEBUG org.hibernate.SQL - select u1_0.id,u1_0.created_at,u1_0.email,u1_0.password,u1_0.phone_number,u1_0.updated_at,u1_0.username from users u1_0 where u1_0.username=?
2025-05-31 04:42:48 [http-nio-8081-exec-10] DEBUG org.hibernate.SQL - select r1_0.user_id,r1_1.id,r1_1.created_at,r1_1.name,p1_0.role_id,p1_1.id,p1_1.created_at,p1_1.description,p1_1.name,p1_1.updated_at,r1_1.updated_at from user_roles r1_0 join roles r1_1 on r1_1.id=r1_0.role_id left join role_permissions p1_0 on r1_1.id=p1_0.role_id left join permissions p1_1 on p1_1.id=p1_0.permission_id where r1_0.user_id=?
2025-05-31 04:42:48 [http-nio-8081-exec-10] INFO  o.g.l.s.CustomUserDetailsService - loadUserByUsername: User admin found with roles: [org.guidewire.login.model.Role@4dc99445]
2025-05-31 04:42:48 [http-nio-8081-exec-10] INFO  o.g.login.security.CustomUserDetails - Initializing CustomUserDetails for user: admin
2025-05-31 04:42:48 [http-nio-8081-exec-10] DEBUG o.g.login.security.CustomUserDetails - User admin has roles: [ADMIN]
2025-05-31 04:42:48 [http-nio-8081-exec-10] DEBUG o.g.login.security.CustomUserDetails - User admin has permissions: [DELETE_TASK, EDIT_USER, CREATE_TASK, CREATE_USER, DELETE_USER, ADD_WATCHER, VIEW_DASHBOARD, VIEW_ROLE, VIEW_TASK, CLOSE_TASK, COMMENT_TASK, ASSIGN_TASK, EDIT_ROLE, ADD_SUBTASK, REMOVE_SUBTASK, REMOVE_WATCHER, DELETE_ROLE, CREATE_ROLE, REOPEN_TASK, ASSIGN_ROLE, EDIT_TASK, VIEW_USER]
2025-05-31 04:42:48 [http-nio-8081-exec-10] INFO  o.g.login.security.CustomUserDetails - CustomUserDetails initialized successfully for user: admin
2025-05-31 04:42:48 [http-nio-8081-exec-10] INFO  o.guidewire.login.security.JwtUtil - validateToken:JWT validated successfully for user: admin
2025-05-31 04:42:48 [http-nio-8081-exec-10] INFO  o.g.l.s.JwtAuthenticationFilter - doFilterInternal: Authentication successful for user 'admin'. Authorities: [ROLE_ADMIN, DELETE_TASK, EDIT_USER, CREATE_TASK, CREATE_USER, VIEW_DASHBOARD, ADD_WATCHER, DELETE_USER, CLOSE_TASK, VIEW_TASK, VIEW_ROLE, COMMENT_TASK, ASSIGN_TASK, EDIT_ROLE, ADD_SUBTASK, REMOVE_SUBTASK, DELETE_ROLE, REMOVE_WATCHER, CREATE_ROLE, REOPEN_TASK, ASSIGN_ROLE, EDIT_TASK, VIEW_USER]
2025-05-31 04:42:48 [http-nio-8081-exec-10] DEBUG o.s.security.web.FilterChainProxy - Secured GET /api/auth/users/list
2025-05-31 04:42:48 [http-nio-8081-exec-10] DEBUG o.s.web.servlet.DispatcherServlet - GET "/api/auth/users/list", parameters={}
2025-05-31 04:42:48 [http-nio-8081-exec-10] DEBUG o.s.w.s.m.m.a.RequestMappingHandlerMapping - Mapped to org.guidewire.login.controller.UserController#getAllUsers()
2025-05-31 04:42:48 [http-nio-8081-exec-10] DEBUG o.s.o.j.s.OpenEntityManagerInViewInterceptor - Opening JPA EntityManager in OpenEntityManagerInViewInterceptor
2025-05-31 04:42:48 [http-nio-8081-exec-10] INFO  o.g.login.services.UserService - getAllUsers: Fetching all users from the database.
2025-05-31 04:42:48 [http-nio-8081-exec-10] DEBUG o.s.orm.jpa.JpaTransactionManager - Found thread-bound EntityManager [SessionImpl(988144192<open>)] for JPA transaction
2025-05-31 04:42:48 [http-nio-8081-exec-10] DEBUG o.s.orm.jpa.JpaTransactionManager - Creating new transaction with name [org.springframework.data.jpa.repository.support.SimpleJpaRepository.findAll]: PROPAGATION_REQUIRED,ISOLATION_DEFAULT,readOnly
2025-05-31 04:42:48 [http-nio-8081-exec-10] DEBUG o.s.jdbc.datasource.DataSourceUtils - Setting JDBC Connection [HikariProxyConnection@1287215836 wrapping org.postgresql.jdbc.PgConnection@514f75a5] read-only
2025-05-31 04:42:48 [http-nio-8081-exec-10] DEBUG o.s.orm.jpa.JpaTransactionManager - Exposing JPA transaction as JDBC [org.springframework.orm.jpa.vendor.HibernateJpaDialect$HibernateConnectionHandle@5fd49ee8]
2025-05-31 04:42:48 [http-nio-8081-exec-10] DEBUG org.hibernate.SQL - select u1_0.id,u1_0.created_at,u1_0.email,u1_0.password,u1_0.phone_number,u1_0.updated_at,u1_0.username from users u1_0
2025-05-31 04:42:48 [http-nio-8081-exec-10] DEBUG org.hibernate.SQL - select r1_0.user_id,r1_1.id,r1_1.created_at,r1_1.name,p1_0.role_id,p1_1.id,p1_1.created_at,p1_1.description,p1_1.name,p1_1.updated_at,r1_1.updated_at from user_roles r1_0 join roles r1_1 on r1_1.id=r1_0.role_id left join role_permissions p1_0 on r1_1.id=p1_0.role_id left join permissions p1_1 on p1_1.id=p1_0.permission_id where r1_0.user_id=?
2025-05-31 04:42:48 [http-nio-8081-exec-10] DEBUG org.hibernate.SQL - select r1_0.user_id,r1_1.id,r1_1.created_at,r1_1.name,p1_0.role_id,p1_1.id,p1_1.created_at,p1_1.description,p1_1.name,p1_1.updated_at,r1_1.updated_at from user_roles r1_0 join roles r1_1 on r1_1.id=r1_0.role_id left join role_permissions p1_0 on r1_1.id=p1_0.role_id left join permissions p1_1 on p1_1.id=p1_0.permission_id where r1_0.user_id=?
2025-05-31 04:42:48 [http-nio-8081-exec-10] DEBUG org.hibernate.SQL - select r1_0.user_id,r1_1.id,r1_1.created_at,r1_1.name,p1_0.role_id,p1_1.id,p1_1.created_at,p1_1.description,p1_1.name,p1_1.updated_at,r1_1.updated_at from user_roles r1_0 join roles r1_1 on r1_1.id=r1_0.role_id left join role_permissions p1_0 on r1_1.id=p1_0.role_id left join permissions p1_1 on p1_1.id=p1_0.permission_id where r1_0.user_id=?
2025-05-31 04:42:48 [http-nio-8081-exec-10] DEBUG org.hibernate.SQL - select r1_0.user_id,r1_1.id,r1_1.created_at,r1_1.name,p1_0.role_id,p1_1.id,p1_1.created_at,p1_1.description,p1_1.name,p1_1.updated_at,r1_1.updated_at from user_roles r1_0 join roles r1_1 on r1_1.id=r1_0.role_id left join role_permissions p1_0 on r1_1.id=p1_0.role_id left join permissions p1_1 on p1_1.id=p1_0.permission_id where r1_0.user_id=?
2025-05-31 04:42:48 [http-nio-8081-exec-10] DEBUG org.hibernate.SQL - select r1_0.user_id,r1_1.id,r1_1.created_at,r1_1.name,p1_0.role_id,p1_1.id,p1_1.created_at,p1_1.description,p1_1.name,p1_1.updated_at,r1_1.updated_at from user_roles r1_0 join roles r1_1 on r1_1.id=r1_0.role_id left join role_permissions p1_0 on r1_1.id=p1_0.role_id left join permissions p1_1 on p1_1.id=p1_0.permission_id where r1_0.user_id=?
2025-05-31 04:42:48 [http-nio-8081-exec-10] DEBUG org.hibernate.SQL - select r1_0.user_id,r1_1.id,r1_1.created_at,r1_1.name,p1_0.role_id,p1_1.id,p1_1.created_at,p1_1.description,p1_1.name,p1_1.updated_at,r1_1.updated_at from user_roles r1_0 join roles r1_1 on r1_1.id=r1_0.role_id left join role_permissions p1_0 on r1_1.id=p1_0.role_id left join permissions p1_1 on p1_1.id=p1_0.permission_id where r1_0.user_id=?
2025-05-31 04:42:48 [http-nio-8081-exec-10] DEBUG o.s.orm.jpa.JpaTransactionManager - Initiating transaction commit
2025-05-31 04:42:48 [http-nio-8081-exec-10] DEBUG o.s.orm.jpa.JpaTransactionManager - Committing JPA transaction on EntityManager [SessionImpl(988144192<open>)]
2025-05-31 04:42:48 [http-nio-8081-exec-10] DEBUG o.s.jdbc.datasource.DataSourceUtils - Resetting read-only flag of JDBC Connection [HikariProxyConnection@1287215836 wrapping org.postgresql.jdbc.PgConnection@514f75a5]
2025-05-31 04:42:48 [http-nio-8081-exec-10] DEBUG o.s.orm.jpa.JpaTransactionManager - Not closing pre-bound JPA EntityManager after transaction
2025-05-31 04:42:48 [http-nio-8081-exec-10] INFO  o.g.login.services.UserService - getAllUsers: Retrieved 6 users.
2025-05-31 04:42:48 [http-nio-8081-exec-10] DEBUG o.s.w.s.m.m.a.HttpEntityMethodProcessor - Using 'application/json', given [*/*] and supported [application/json, application/*+json]
2025-05-31 04:42:48 [http-nio-8081-exec-10] DEBUG o.s.w.s.m.m.a.HttpEntityMethodProcessor - Writing [[org.guidewire.login.dto.responses.UserResponse@4f2f8a81, org.guidewire.login.dto.responses.UserResp (truncated)...]
2025-05-31 04:42:48 [http-nio-8081-exec-10] DEBUG o.s.o.j.s.OpenEntityManagerInViewInterceptor - Closing JPA EntityManager in OpenEntityManagerInViewInterceptor
2025-05-31 04:42:48 [http-nio-8081-exec-10] DEBUG o.s.web.servlet.DispatcherServlet - Completed 200 OK
2025-05-31 04:42:48 [http-nio-8081-exec-2] DEBUG o.s.security.web.FilterChainProxy - Securing GET /api/auth/user/details
2025-05-31 04:42:48 [http-nio-8081-exec-2] DEBUG o.g.l.s.JwtAuthenticationFilter - doFilterInternal: No valid Authorization header found, skipping JWT processing.
2025-05-31 04:42:48 [http-nio-8081-exec-2] DEBUG o.s.s.w.a.AnonymousAuthenticationFilter - Set SecurityContextHolder to anonymous SecurityContext
2025-05-31 04:42:48 [http-nio-8081-exec-2] DEBUG o.s.security.web.FilterChainProxy - Secured GET /api/auth/user/details
2025-05-31 04:42:48 [http-nio-8081-exec-2] DEBUG o.s.web.servlet.DispatcherServlet - GET "/api/auth/user/details", parameters={}
2025-05-31 04:42:48 [http-nio-8081-exec-2] DEBUG o.s.w.s.m.m.a.RequestMappingHandlerMapping - Mapped to org.guidewire.login.controller.AuthController#fetchUserDetails(List)
2025-05-31 04:42:48 [http-nio-8081-exec-2] DEBUG o.s.o.j.s.OpenEntityManagerInViewInterceptor - Opening JPA EntityManager in OpenEntityManagerInViewInterceptor
2025-05-31 04:42:48 [http-nio-8081-exec-2] DEBUG o.s.w.s.m.m.a.RequestResponseBodyMethodProcessor - Read "application/json;charset=UTF-8" to [[4bcced83-fb72-4ea7-8957-2db00dd6fc95, 3d480867-d12b-4c5f-a725-da17dd7e5590, c00fda99-1472-4452-8b18 (truncated)...]
2025-05-31 04:42:48 [http-nio-8081-exec-2] INFO  o.g.login.controller.AuthController - fetchUserDetails: Fetching details for users with IDs: [4bcced83-fb72-4ea7-8957-2db00dd6fc95, 3d480867-d12b-4c5f-a725-da17dd7e5590, c00fda99-1472-4452-8b18-fb0273c2db55]
2025-05-31 04:42:48 [http-nio-8081-exec-2] DEBUG o.s.orm.jpa.JpaTransactionManager - Found thread-bound EntityManager [SessionImpl(2078322089<open>)] for JPA transaction
2025-05-31 04:42:48 [http-nio-8081-exec-2] DEBUG o.s.orm.jpa.JpaTransactionManager - Creating new transaction with name [org.springframework.data.jpa.repository.support.SimpleJpaRepository.findAllById]: PROPAGATION_REQUIRED,ISOLATION_DEFAULT,readOnly
2025-05-31 04:42:48 [http-nio-8081-exec-2] DEBUG o.s.jdbc.datasource.DataSourceUtils - Setting JDBC Connection [HikariProxyConnection@1120101069 wrapping org.postgresql.jdbc.PgConnection@514f75a5] read-only
2025-05-31 04:42:48 [http-nio-8081-exec-2] DEBUG o.s.orm.jpa.JpaTransactionManager - Exposing JPA transaction as JDBC [org.springframework.orm.jpa.vendor.HibernateJpaDialect$HibernateConnectionHandle@2a2dd03b]
2025-05-31 04:42:48 [http-nio-8081-exec-2] DEBUG org.hibernate.SQL - select u1_0.id,u1_0.created_at,u1_0.email,u1_0.password,u1_0.phone_number,u1_0.updated_at,u1_0.username from users u1_0 where u1_0.id in (?,?,?)
2025-05-31 04:42:48 [http-nio-8081-exec-2] DEBUG org.hibernate.SQL - select r1_0.user_id,r1_1.id,r1_1.created_at,r1_1.name,p1_0.role_id,p1_1.id,p1_1.created_at,p1_1.description,p1_1.name,p1_1.updated_at,r1_1.updated_at from user_roles r1_0 join roles r1_1 on r1_1.id=r1_0.role_id left join role_permissions p1_0 on r1_1.id=p1_0.role_id left join permissions p1_1 on p1_1.id=p1_0.permission_id where r1_0.user_id=?
2025-05-31 04:42:48 [http-nio-8081-exec-2] DEBUG org.hibernate.SQL - select r1_0.user_id,r1_1.id,r1_1.created_at,r1_1.name,p1_0.role_id,p1_1.id,p1_1.created_at,p1_1.description,p1_1.name,p1_1.updated_at,r1_1.updated_at from user_roles r1_0 join roles r1_1 on r1_1.id=r1_0.role_id left join role_permissions p1_0 on r1_1.id=p1_0.role_id left join permissions p1_1 on p1_1.id=p1_0.permission_id where r1_0.user_id=?
2025-05-31 04:42:48 [http-nio-8081-exec-2] DEBUG org.hibernate.SQL - select r1_0.user_id,r1_1.id,r1_1.created_at,r1_1.name,p1_0.role_id,p1_1.id,p1_1.created_at,p1_1.description,p1_1.name,p1_1.updated_at,r1_1.updated_at from user_roles r1_0 join roles r1_1 on r1_1.id=r1_0.role_id left join role_permissions p1_0 on r1_1.id=p1_0.role_id left join permissions p1_1 on p1_1.id=p1_0.permission_id where r1_0.user_id=?
2025-05-31 04:42:48 [http-nio-8081-exec-2] DEBUG o.s.orm.jpa.JpaTransactionManager - Initiating transaction commit
2025-05-31 04:42:48 [http-nio-8081-exec-2] DEBUG o.s.orm.jpa.JpaTransactionManager - Committing JPA transaction on EntityManager [SessionImpl(2078322089<open>)]
2025-05-31 04:42:48 [http-nio-8081-exec-2] DEBUG o.s.jdbc.datasource.DataSourceUtils - Resetting read-only flag of JDBC Connection [HikariProxyConnection@1120101069 wrapping org.postgresql.jdbc.PgConnection@514f75a5]
2025-05-31 04:42:48 [http-nio-8081-exec-2] DEBUG o.s.orm.jpa.JpaTransactionManager - Not closing pre-bound JPA EntityManager after transaction
2025-05-31 04:42:48 [http-nio-8081-exec-2] INFO  o.g.login.controller.AuthController - fetchUserDetails: Returning user details for users: [org.guidewire.login.dto.responses.UserResponse@27d5172c, org.guidewire.login.dto.responses.UserResponse@2ae650d1, org.guidewire.login.dto.responses.UserResponse@38360dc2]
2025-05-31 04:42:48 [http-nio-8081-exec-2] DEBUG o.s.w.s.m.m.a.HttpEntityMethodProcessor - Using 'application/json', given [*/*] and supported [application/json, application/*+json]
2025-05-31 04:42:48 [http-nio-8081-exec-2] DEBUG o.s.w.s.m.m.a.HttpEntityMethodProcessor - Writing [[org.guidewire.login.dto.responses.UserResponse@27d5172c, org.guidewire.login.dto.responses.UserResp (truncated)...]
2025-05-31 04:42:48 [http-nio-8081-exec-2] DEBUG o.s.o.j.s.OpenEntityManagerInViewInterceptor - Closing JPA EntityManager in OpenEntityManagerInViewInterceptor
2025-05-31 04:42:48 [http-nio-8081-exec-2] DEBUG o.s.web.servlet.DispatcherServlet - Completed 200 OK
2025-05-31 04:42:48 [http-nio-8081-exec-1] DEBUG o.s.security.web.FilterChainProxy - Securing GET /api/auth/user/details
2025-05-31 04:42:48 [http-nio-8081-exec-1] DEBUG o.g.l.s.JwtAuthenticationFilter - doFilterInternal: No valid Authorization header found, skipping JWT processing.
2025-05-31 04:42:48 [http-nio-8081-exec-1] DEBUG o.s.s.w.a.AnonymousAuthenticationFilter - Set SecurityContextHolder to anonymous SecurityContext
2025-05-31 04:42:48 [http-nio-8081-exec-1] DEBUG o.s.security.web.FilterChainProxy - Secured GET /api/auth/user/details
2025-05-31 04:42:48 [http-nio-8081-exec-1] DEBUG o.s.web.servlet.DispatcherServlet - GET "/api/auth/user/details", parameters={}
2025-05-31 04:42:48 [http-nio-8081-exec-1] DEBUG o.s.w.s.m.m.a.RequestMappingHandlerMapping - Mapped to org.guidewire.login.controller.AuthController#fetchUserDetails(List)
2025-05-31 04:42:48 [http-nio-8081-exec-1] DEBUG o.s.o.j.s.OpenEntityManagerInViewInterceptor - Opening JPA EntityManager in OpenEntityManagerInViewInterceptor
2025-05-31 04:42:48 [http-nio-8081-exec-1] DEBUG o.s.w.s.m.m.a.RequestResponseBodyMethodProcessor - Read "application/json;charset=UTF-8" to [[3d480867-d12b-4c5f-a725-da17dd7e5590]]
2025-05-31 04:42:48 [http-nio-8081-exec-1] INFO  o.g.login.controller.AuthController - fetchUserDetails: Fetching details for users with IDs: [3d480867-d12b-4c5f-a725-da17dd7e5590]
2025-05-31 04:42:48 [http-nio-8081-exec-1] DEBUG o.s.orm.jpa.JpaTransactionManager - Found thread-bound EntityManager [SessionImpl(1730650655<open>)] for JPA transaction
2025-05-31 04:42:48 [http-nio-8081-exec-1] DEBUG o.s.orm.jpa.JpaTransactionManager - Creating new transaction with name [org.springframework.data.jpa.repository.support.SimpleJpaRepository.findAllById]: PROPAGATION_REQUIRED,ISOLATION_DEFAULT,readOnly
2025-05-31 04:42:48 [http-nio-8081-exec-1] DEBUG o.s.jdbc.datasource.DataSourceUtils - Setting JDBC Connection [HikariProxyConnection@684984831 wrapping org.postgresql.jdbc.PgConnection@514f75a5] read-only
2025-05-31 04:42:48 [http-nio-8081-exec-1] DEBUG o.s.orm.jpa.JpaTransactionManager - Exposing JPA transaction as JDBC [org.springframework.orm.jpa.vendor.HibernateJpaDialect$HibernateConnectionHandle@688d56eb]
2025-05-31 04:42:48 [http-nio-8081-exec-1] DEBUG org.hibernate.SQL - select u1_0.id,u1_0.created_at,u1_0.email,u1_0.password,u1_0.phone_number,u1_0.updated_at,u1_0.username from users u1_0 where u1_0.id in (?)
2025-05-31 04:42:48 [http-nio-8081-exec-1] DEBUG org.hibernate.SQL - select r1_0.user_id,r1_1.id,r1_1.created_at,r1_1.name,p1_0.role_id,p1_1.id,p1_1.created_at,p1_1.description,p1_1.name,p1_1.updated_at,r1_1.updated_at from user_roles r1_0 join roles r1_1 on r1_1.id=r1_0.role_id left join role_permissions p1_0 on r1_1.id=p1_0.role_id left join permissions p1_1 on p1_1.id=p1_0.permission_id where r1_0.user_id=?
2025-05-31 04:42:48 [http-nio-8081-exec-1] DEBUG o.s.orm.jpa.JpaTransactionManager - Initiating transaction commit
2025-05-31 04:42:48 [http-nio-8081-exec-1] DEBUG o.s.orm.jpa.JpaTransactionManager - Committing JPA transaction on EntityManager [SessionImpl(1730650655<open>)]
2025-05-31 04:42:48 [http-nio-8081-exec-1] DEBUG o.s.jdbc.datasource.DataSourceUtils - Resetting read-only flag of JDBC Connection [HikariProxyConnection@684984831 wrapping org.postgresql.jdbc.PgConnection@514f75a5]
2025-05-31 04:42:48 [http-nio-8081-exec-1] DEBUG o.s.orm.jpa.JpaTransactionManager - Not closing pre-bound JPA EntityManager after transaction
2025-05-31 04:42:48 [http-nio-8081-exec-1] INFO  o.g.login.controller.AuthController - fetchUserDetails: Returning user details for users: [org.guidewire.login.dto.responses.UserResponse@49e2876a]
2025-05-31 04:42:48 [http-nio-8081-exec-1] DEBUG o.s.w.s.m.m.a.HttpEntityMethodProcessor - Using 'application/json', given [*/*] and supported [application/json, application/*+json]
2025-05-31 04:42:48 [http-nio-8081-exec-1] DEBUG o.s.w.s.m.m.a.HttpEntityMethodProcessor - Writing [[org.guidewire.login.dto.responses.UserResponse@49e2876a]]
2025-05-31 04:42:48 [http-nio-8081-exec-1] DEBUG o.s.o.j.s.OpenEntityManagerInViewInterceptor - Closing JPA EntityManager in OpenEntityManagerInViewInterceptor
2025-05-31 04:42:48 [http-nio-8081-exec-1] DEBUG o.s.web.servlet.DispatcherServlet - Completed 200 OK
2025-05-31 04:42:49 [http-nio-8081-exec-3] DEBUG o.s.security.web.FilterChainProxy - Securing GET /api/auth/user/details
2025-05-31 04:42:49 [http-nio-8081-exec-3] DEBUG o.g.l.s.JwtAuthenticationFilter - doFilterInternal: No valid Authorization header found, skipping JWT processing.
2025-05-31 04:42:49 [http-nio-8081-exec-3] DEBUG o.s.s.w.a.AnonymousAuthenticationFilter - Set SecurityContextHolder to anonymous SecurityContext
2025-05-31 04:42:49 [http-nio-8081-exec-3] DEBUG o.s.security.web.FilterChainProxy - Secured GET /api/auth/user/details
2025-05-31 04:42:49 [http-nio-8081-exec-3] DEBUG o.s.web.servlet.DispatcherServlet - GET "/api/auth/user/details", parameters={}
2025-05-31 04:42:49 [http-nio-8081-exec-3] DEBUG o.s.w.s.m.m.a.RequestMappingHandlerMapping - Mapped to org.guidewire.login.controller.AuthController#fetchUserDetails(List)
2025-05-31 04:42:49 [http-nio-8081-exec-3] DEBUG o.s.o.j.s.OpenEntityManagerInViewInterceptor - Opening JPA EntityManager in OpenEntityManagerInViewInterceptor
2025-05-31 04:42:49 [http-nio-8081-exec-3] DEBUG o.s.w.s.m.m.a.RequestResponseBodyMethodProcessor - Read "application/json;charset=UTF-8" to [[4bcced83-fb72-4ea7-8957-2db00dd6fc95, 3d480867-d12b-4c5f-a725-da17dd7e5590, c00fda99-1472-4452-8b18 (truncated)...]
2025-05-31 04:42:49 [http-nio-8081-exec-3] INFO  o.g.login.controller.AuthController - fetchUserDetails: Fetching details for users with IDs: [4bcced83-fb72-4ea7-8957-2db00dd6fc95, 3d480867-d12b-4c5f-a725-da17dd7e5590, c00fda99-1472-4452-8b18-fb0273c2db55]
2025-05-31 04:42:49 [http-nio-8081-exec-3] DEBUG o.s.orm.jpa.JpaTransactionManager - Found thread-bound EntityManager [SessionImpl(105056536<open>)] for JPA transaction
2025-05-31 04:42:49 [http-nio-8081-exec-3] DEBUG o.s.orm.jpa.JpaTransactionManager - Creating new transaction with name [org.springframework.data.jpa.repository.support.SimpleJpaRepository.findAllById]: PROPAGATION_REQUIRED,ISOLATION_DEFAULT,readOnly
2025-05-31 04:42:49 [http-nio-8081-exec-3] DEBUG o.s.jdbc.datasource.DataSourceUtils - Setting JDBC Connection [HikariProxyConnection@1542331969 wrapping org.postgresql.jdbc.PgConnection@514f75a5] read-only
2025-05-31 04:42:49 [http-nio-8081-exec-3] DEBUG o.s.orm.jpa.JpaTransactionManager - Exposing JPA transaction as JDBC [org.springframework.orm.jpa.vendor.HibernateJpaDialect$HibernateConnectionHandle@4ab544cc]
2025-05-31 04:42:49 [http-nio-8081-exec-3] DEBUG org.hibernate.SQL - select u1_0.id,u1_0.created_at,u1_0.email,u1_0.password,u1_0.phone_number,u1_0.updated_at,u1_0.username from users u1_0 where u1_0.id in (?,?,?)
2025-05-31 04:42:49 [http-nio-8081-exec-3] DEBUG org.hibernate.SQL - select r1_0.user_id,r1_1.id,r1_1.created_at,r1_1.name,p1_0.role_id,p1_1.id,p1_1.created_at,p1_1.description,p1_1.name,p1_1.updated_at,r1_1.updated_at from user_roles r1_0 join roles r1_1 on r1_1.id=r1_0.role_id left join role_permissions p1_0 on r1_1.id=p1_0.role_id left join permissions p1_1 on p1_1.id=p1_0.permission_id where r1_0.user_id=?
2025-05-31 04:42:49 [http-nio-8081-exec-3] DEBUG org.hibernate.SQL - select r1_0.user_id,r1_1.id,r1_1.created_at,r1_1.name,p1_0.role_id,p1_1.id,p1_1.created_at,p1_1.description,p1_1.name,p1_1.updated_at,r1_1.updated_at from user_roles r1_0 join roles r1_1 on r1_1.id=r1_0.role_id left join role_permissions p1_0 on r1_1.id=p1_0.role_id left join permissions p1_1 on p1_1.id=p1_0.permission_id where r1_0.user_id=?
2025-05-31 04:42:49 [http-nio-8081-exec-3] DEBUG org.hibernate.SQL - select r1_0.user_id,r1_1.id,r1_1.created_at,r1_1.name,p1_0.role_id,p1_1.id,p1_1.created_at,p1_1.description,p1_1.name,p1_1.updated_at,r1_1.updated_at from user_roles r1_0 join roles r1_1 on r1_1.id=r1_0.role_id left join role_permissions p1_0 on r1_1.id=p1_0.role_id left join permissions p1_1 on p1_1.id=p1_0.permission_id where r1_0.user_id=?
2025-05-31 04:42:49 [http-nio-8081-exec-3] DEBUG o.s.orm.jpa.JpaTransactionManager - Initiating transaction commit
2025-05-31 04:42:49 [http-nio-8081-exec-3] DEBUG o.s.orm.jpa.JpaTransactionManager - Committing JPA transaction on EntityManager [SessionImpl(105056536<open>)]
2025-05-31 04:42:49 [http-nio-8081-exec-3] DEBUG o.s.jdbc.datasource.DataSourceUtils - Resetting read-only flag of JDBC Connection [HikariProxyConnection@1542331969 wrapping org.postgresql.jdbc.PgConnection@514f75a5]
2025-05-31 04:42:49 [http-nio-8081-exec-3] DEBUG o.s.orm.jpa.JpaTransactionManager - Not closing pre-bound JPA EntityManager after transaction
2025-05-31 04:42:49 [http-nio-8081-exec-3] INFO  o.g.login.controller.AuthController - fetchUserDetails: Returning user details for users: [org.guidewire.login.dto.responses.UserResponse@5e103dd5, org.guidewire.login.dto.responses.UserResponse@449b8f52, org.guidewire.login.dto.responses.UserResponse@717b0e25]
2025-05-31 04:42:49 [http-nio-8081-exec-3] DEBUG o.s.w.s.m.m.a.HttpEntityMethodProcessor - Using 'application/json', given [*/*] and supported [application/json, application/*+json]
2025-05-31 04:42:49 [http-nio-8081-exec-3] DEBUG o.s.w.s.m.m.a.HttpEntityMethodProcessor - Writing [[org.guidewire.login.dto.responses.UserResponse@5e103dd5, org.guidewire.login.dto.responses.UserResp (truncated)...]
2025-05-31 04:42:49 [http-nio-8081-exec-3] DEBUG o.s.o.j.s.OpenEntityManagerInViewInterceptor - Closing JPA EntityManager in OpenEntityManagerInViewInterceptor
2025-05-31 04:42:49 [http-nio-8081-exec-3] DEBUG o.s.web.servlet.DispatcherServlet - Completed 200 OK
2025-05-31 04:42:49 [http-nio-8081-exec-5] DEBUG o.s.security.web.FilterChainProxy - Securing GET /api/auth/user/details
2025-05-31 04:42:49 [http-nio-8081-exec-5] DEBUG o.g.l.s.JwtAuthenticationFilter - doFilterInternal: No valid Authorization header found, skipping JWT processing.
2025-05-31 04:42:49 [http-nio-8081-exec-5] DEBUG o.s.s.w.a.AnonymousAuthenticationFilter - Set SecurityContextHolder to anonymous SecurityContext
2025-05-31 04:42:49 [http-nio-8081-exec-5] DEBUG o.s.security.web.FilterChainProxy - Secured GET /api/auth/user/details
2025-05-31 04:42:49 [http-nio-8081-exec-5] DEBUG o.s.web.servlet.DispatcherServlet - GET "/api/auth/user/details", parameters={}
2025-05-31 04:42:49 [http-nio-8081-exec-5] DEBUG o.s.w.s.m.m.a.RequestMappingHandlerMapping - Mapped to org.guidewire.login.controller.AuthController#fetchUserDetails(List)
2025-05-31 04:42:49 [http-nio-8081-exec-5] DEBUG o.s.o.j.s.OpenEntityManagerInViewInterceptor - Opening JPA EntityManager in OpenEntityManagerInViewInterceptor
2025-05-31 04:42:49 [http-nio-8081-exec-5] DEBUG o.s.w.s.m.m.a.RequestResponseBodyMethodProcessor - Read "application/json;charset=UTF-8" to [[ce3ef1d5-ef3e-42b1-9ba6-fc808ad7eef5]]
2025-05-31 04:42:49 [http-nio-8081-exec-5] INFO  o.g.login.controller.AuthController - fetchUserDetails: Fetching details for users with IDs: [ce3ef1d5-ef3e-42b1-9ba6-fc808ad7eef5]
2025-05-31 04:42:49 [http-nio-8081-exec-5] DEBUG o.s.orm.jpa.JpaTransactionManager - Found thread-bound EntityManager [SessionImpl(2122534134<open>)] for JPA transaction
2025-05-31 04:42:49 [http-nio-8081-exec-5] DEBUG o.s.orm.jpa.JpaTransactionManager - Creating new transaction with name [org.springframework.data.jpa.repository.support.SimpleJpaRepository.findAllById]: PROPAGATION_REQUIRED,ISOLATION_DEFAULT,readOnly
2025-05-31 04:42:49 [http-nio-8081-exec-5] DEBUG o.s.jdbc.datasource.DataSourceUtils - Setting JDBC Connection [HikariProxyConnection@426718236 wrapping org.postgresql.jdbc.PgConnection@514f75a5] read-only
2025-05-31 04:42:49 [http-nio-8081-exec-5] DEBUG o.s.orm.jpa.JpaTransactionManager - Exposing JPA transaction as JDBC [org.springframework.orm.jpa.vendor.HibernateJpaDialect$HibernateConnectionHandle@12fa5fdf]
2025-05-31 04:42:49 [http-nio-8081-exec-5] DEBUG org.hibernate.SQL - select u1_0.id,u1_0.created_at,u1_0.email,u1_0.password,u1_0.phone_number,u1_0.updated_at,u1_0.username from users u1_0 where u1_0.id in (?)
2025-05-31 04:42:49 [http-nio-8081-exec-5] DEBUG org.hibernate.SQL - select r1_0.user_id,r1_1.id,r1_1.created_at,r1_1.name,p1_0.role_id,p1_1.id,p1_1.created_at,p1_1.description,p1_1.name,p1_1.updated_at,r1_1.updated_at from user_roles r1_0 join roles r1_1 on r1_1.id=r1_0.role_id left join role_permissions p1_0 on r1_1.id=p1_0.role_id left join permissions p1_1 on p1_1.id=p1_0.permission_id where r1_0.user_id=?
2025-05-31 04:42:49 [http-nio-8081-exec-5] DEBUG o.s.orm.jpa.JpaTransactionManager - Initiating transaction commit
2025-05-31 04:42:49 [http-nio-8081-exec-5] DEBUG o.s.orm.jpa.JpaTransactionManager - Committing JPA transaction on EntityManager [SessionImpl(2122534134<open>)]
2025-05-31 04:42:49 [http-nio-8081-exec-5] DEBUG o.s.jdbc.datasource.DataSourceUtils - Resetting read-only flag of JDBC Connection [HikariProxyConnection@426718236 wrapping org.postgresql.jdbc.PgConnection@514f75a5]
2025-05-31 04:42:49 [http-nio-8081-exec-5] DEBUG o.s.orm.jpa.JpaTransactionManager - Not closing pre-bound JPA EntityManager after transaction
2025-05-31 04:42:49 [http-nio-8081-exec-5] INFO  o.g.login.controller.AuthController - fetchUserDetails: Returning user details for users: [org.guidewire.login.dto.responses.UserResponse@6da1d3c]
2025-05-31 04:42:49 [http-nio-8081-exec-5] DEBUG o.s.w.s.m.m.a.HttpEntityMethodProcessor - Using 'application/json', given [*/*] and supported [application/json, application/*+json]
2025-05-31 04:42:49 [http-nio-8081-exec-5] DEBUG o.s.w.s.m.m.a.HttpEntityMethodProcessor - Writing [[org.guidewire.login.dto.responses.UserResponse@6da1d3c]]
2025-05-31 04:42:49 [http-nio-8081-exec-5] DEBUG o.s.o.j.s.OpenEntityManagerInViewInterceptor - Closing JPA EntityManager in OpenEntityManagerInViewInterceptor
2025-05-31 04:42:49 [http-nio-8081-exec-5] DEBUG o.s.web.servlet.DispatcherServlet - Completed 200 OK
2025-05-31 04:42:49 [http-nio-8081-exec-6] DEBUG o.s.security.web.FilterChainProxy - Securing GET /api/auth/user/details
2025-05-31 04:42:49 [http-nio-8081-exec-6] DEBUG o.g.l.s.JwtAuthenticationFilter - doFilterInternal: No valid Authorization header found, skipping JWT processing.
2025-05-31 04:42:49 [http-nio-8081-exec-6] DEBUG o.s.s.w.a.AnonymousAuthenticationFilter - Set SecurityContextHolder to anonymous SecurityContext
2025-05-31 04:42:49 [http-nio-8081-exec-6] DEBUG o.s.security.web.FilterChainProxy - Secured GET /api/auth/user/details
2025-05-31 04:42:49 [http-nio-8081-exec-6] DEBUG o.s.web.servlet.DispatcherServlet - GET "/api/auth/user/details", parameters={}
2025-05-31 04:42:49 [http-nio-8081-exec-6] DEBUG o.s.w.s.m.m.a.RequestMappingHandlerMapping - Mapped to org.guidewire.login.controller.AuthController#fetchUserDetails(List)
2025-05-31 04:42:49 [http-nio-8081-exec-6] DEBUG o.s.o.j.s.OpenEntityManagerInViewInterceptor - Opening JPA EntityManager in OpenEntityManagerInViewInterceptor
2025-05-31 04:42:49 [http-nio-8081-exec-6] DEBUG o.s.w.s.m.m.a.RequestResponseBodyMethodProcessor - Read "application/json;charset=UTF-8" to [[]]
2025-05-31 04:42:49 [http-nio-8081-exec-6] INFO  o.g.login.controller.AuthController - fetchUserDetails: Fetching details for users with IDs: []
2025-05-31 04:42:49 [http-nio-8081-exec-6] DEBUG o.s.orm.jpa.JpaTransactionManager - Found thread-bound EntityManager [SessionImpl(1947017877<open>)] for JPA transaction
2025-05-31 04:42:49 [http-nio-8081-exec-6] DEBUG o.s.orm.jpa.JpaTransactionManager - Creating new transaction with name [org.springframework.data.jpa.repository.support.SimpleJpaRepository.findAllById]: PROPAGATION_REQUIRED,ISOLATION_DEFAULT,readOnly
2025-05-31 04:42:49 [http-nio-8081-exec-6] DEBUG o.s.jdbc.datasource.DataSourceUtils - Setting JDBC Connection [HikariProxyConnection@713238304 wrapping org.postgresql.jdbc.PgConnection@514f75a5] read-only
2025-05-31 04:42:49 [http-nio-8081-exec-6] DEBUG o.s.orm.jpa.JpaTransactionManager - Exposing JPA transaction as JDBC [org.springframework.orm.jpa.vendor.HibernateJpaDialect$HibernateConnectionHandle@4bb2b006]
2025-05-31 04:42:49 [http-nio-8081-exec-6] DEBUG o.s.orm.jpa.JpaTransactionManager - Initiating transaction commit
2025-05-31 04:42:49 [http-nio-8081-exec-6] DEBUG o.s.orm.jpa.JpaTransactionManager - Committing JPA transaction on EntityManager [SessionImpl(1947017877<open>)]
2025-05-31 04:42:49 [http-nio-8081-exec-6] DEBUG o.s.jdbc.datasource.DataSourceUtils - Resetting read-only flag of JDBC Connection [HikariProxyConnection@713238304 wrapping org.postgresql.jdbc.PgConnection@514f75a5]
2025-05-31 04:42:49 [http-nio-8081-exec-6] DEBUG o.s.orm.jpa.JpaTransactionManager - Not closing pre-bound JPA EntityManager after transaction
2025-05-31 04:42:49 [http-nio-8081-exec-6] INFO  o.g.login.controller.AuthController - fetchUserDetails: Returning user details for users: []
2025-05-31 04:42:49 [http-nio-8081-exec-6] DEBUG o.s.w.s.m.m.a.HttpEntityMethodProcessor - Using 'application/json', given [*/*] and supported [application/json, application/*+json]
2025-05-31 04:42:49 [http-nio-8081-exec-6] DEBUG o.s.w.s.m.m.a.HttpEntityMethodProcessor - Writing [[]]
2025-05-31 04:42:49 [http-nio-8081-exec-6] DEBUG o.s.o.j.s.OpenEntityManagerInViewInterceptor - Closing JPA EntityManager in OpenEntityManagerInViewInterceptor
2025-05-31 04:42:49 [http-nio-8081-exec-6] DEBUG o.s.web.servlet.DispatcherServlet - Completed 200 OK
2025-05-31 04:42:49 [http-nio-8081-exec-4] DEBUG o.s.security.web.FilterChainProxy - Securing GET /api/auth/user/details
2025-05-31 04:42:49 [http-nio-8081-exec-4] DEBUG o.g.l.s.JwtAuthenticationFilter - doFilterInternal: No valid Authorization header found, skipping JWT processing.
2025-05-31 04:42:49 [http-nio-8081-exec-4] DEBUG o.s.s.w.a.AnonymousAuthenticationFilter - Set SecurityContextHolder to anonymous SecurityContext
2025-05-31 04:42:49 [http-nio-8081-exec-4] DEBUG o.s.security.web.FilterChainProxy - Secured GET /api/auth/user/details
2025-05-31 04:42:49 [http-nio-8081-exec-4] DEBUG o.s.web.servlet.DispatcherServlet - GET "/api/auth/user/details", parameters={}
2025-05-31 04:42:49 [http-nio-8081-exec-4] DEBUG o.s.w.s.m.m.a.RequestMappingHandlerMapping - Mapped to org.guidewire.login.controller.AuthController#fetchUserDetails(List)
2025-05-31 04:42:49 [http-nio-8081-exec-4] DEBUG o.s.o.j.s.OpenEntityManagerInViewInterceptor - Opening JPA EntityManager in OpenEntityManagerInViewInterceptor
2025-05-31 04:42:49 [http-nio-8081-exec-4] DEBUG o.s.w.s.m.m.a.RequestResponseBodyMethodProcessor - Read "application/json;charset=UTF-8" to [[3d480867-d12b-4c5f-a725-da17dd7e5590]]
2025-05-31 04:42:49 [http-nio-8081-exec-4] INFO  o.g.login.controller.AuthController - fetchUserDetails: Fetching details for users with IDs: [3d480867-d12b-4c5f-a725-da17dd7e5590]
2025-05-31 04:42:49 [http-nio-8081-exec-4] DEBUG o.s.orm.jpa.JpaTransactionManager - Found thread-bound EntityManager [SessionImpl(303352838<open>)] for JPA transaction
2025-05-31 04:42:49 [http-nio-8081-exec-4] DEBUG o.s.orm.jpa.JpaTransactionManager - Creating new transaction with name [org.springframework.data.jpa.repository.support.SimpleJpaRepository.findAllById]: PROPAGATION_REQUIRED,ISOLATION_DEFAULT,readOnly
2025-05-31 04:42:49 [http-nio-8081-exec-4] DEBUG o.s.jdbc.datasource.DataSourceUtils - Setting JDBC Connection [HikariProxyConnection@1387015105 wrapping org.postgresql.jdbc.PgConnection@514f75a5] read-only
2025-05-31 04:42:49 [http-nio-8081-exec-4] DEBUG o.s.orm.jpa.JpaTransactionManager - Exposing JPA transaction as JDBC [org.springframework.orm.jpa.vendor.HibernateJpaDialect$HibernateConnectionHandle@150ca75a]
2025-05-31 04:42:49 [http-nio-8081-exec-4] DEBUG org.hibernate.SQL - select u1_0.id,u1_0.created_at,u1_0.email,u1_0.password,u1_0.phone_number,u1_0.updated_at,u1_0.username from users u1_0 where u1_0.id in (?)
2025-05-31 04:42:49 [http-nio-8081-exec-4] DEBUG org.hibernate.SQL - select r1_0.user_id,r1_1.id,r1_1.created_at,r1_1.name,p1_0.role_id,p1_1.id,p1_1.created_at,p1_1.description,p1_1.name,p1_1.updated_at,r1_1.updated_at from user_roles r1_0 join roles r1_1 on r1_1.id=r1_0.role_id left join role_permissions p1_0 on r1_1.id=p1_0.role_id left join permissions p1_1 on p1_1.id=p1_0.permission_id where r1_0.user_id=?
2025-05-31 04:42:49 [http-nio-8081-exec-4] DEBUG o.s.orm.jpa.JpaTransactionManager - Initiating transaction commit
2025-05-31 04:42:49 [http-nio-8081-exec-4] DEBUG o.s.orm.jpa.JpaTransactionManager - Committing JPA transaction on EntityManager [SessionImpl(303352838<open>)]
2025-05-31 04:42:49 [http-nio-8081-exec-4] DEBUG o.s.jdbc.datasource.DataSourceUtils - Resetting read-only flag of JDBC Connection [HikariProxyConnection@1387015105 wrapping org.postgresql.jdbc.PgConnection@514f75a5]
2025-05-31 04:42:49 [http-nio-8081-exec-4] DEBUG o.s.orm.jpa.JpaTransactionManager - Not closing pre-bound JPA EntityManager after transaction
2025-05-31 04:42:49 [http-nio-8081-exec-4] INFO  o.g.login.controller.AuthController - fetchUserDetails: Returning user details for users: [org.guidewire.login.dto.responses.UserResponse@307ea4bb]
2025-05-31 04:42:49 [http-nio-8081-exec-4] DEBUG o.s.w.s.m.m.a.HttpEntityMethodProcessor - Using 'application/json', given [*/*] and supported [application/json, application/*+json]
2025-05-31 04:42:49 [http-nio-8081-exec-4] DEBUG o.s.w.s.m.m.a.HttpEntityMethodProcessor - Writing [[org.guidewire.login.dto.responses.UserResponse@307ea4bb]]
2025-05-31 04:42:49 [http-nio-8081-exec-4] DEBUG o.s.o.j.s.OpenEntityManagerInViewInterceptor - Closing JPA EntityManager in OpenEntityManagerInViewInterceptor
2025-05-31 04:42:49 [http-nio-8081-exec-4] DEBUG o.s.web.servlet.DispatcherServlet - Completed 200 OK
2025-05-31 04:42:54 [http-nio-8081-exec-7] DEBUG o.s.security.web.FilterChainProxy - Securing GET /api/auth/users/list
2025-05-31 04:42:54 [http-nio-8081-exec-7] INFO  o.g.l.s.JwtAuthenticationFilter - doFilterInternal: Extracted username 'admin' with roles [ADMIN] and permissions [DELETE_TASK, EDIT_USER, CREATE_TASK, CREATE_USER, VIEW_DASHBOARD, ADD_WATCHER, DELETE_USER, CLOSE_TASK, VIEW_TASK, VIEW_ROLE, COMMENT_TASK, ASSIGN_TASK, EDIT_ROLE, ADD_SUBTASK, REMOVE_SUBTASK, DELETE_ROLE, REMOVE_WATCHER, CREATE_ROLE, REOPEN_TASK, ASSIGN_ROLE, EDIT_TASK, VIEW_USER]
2025-05-31 04:42:54 [http-nio-8081-exec-7] INFO  o.g.l.s.CustomUserDetailsService - loadUserByUsername: Searching for user: admin
2025-05-31 04:42:54 [http-nio-8081-exec-7] DEBUG o.s.o.j.SharedEntityManagerCreator$SharedEntityManagerInvocationHandler - Creating new EntityManager for shared EntityManager invocation
2025-05-31 04:42:54 [http-nio-8081-exec-7] DEBUG org.hibernate.SQL - select u1_0.id,u1_0.created_at,u1_0.email,u1_0.password,u1_0.phone_number,u1_0.updated_at,u1_0.username from users u1_0 where u1_0.username=?
2025-05-31 04:42:54 [http-nio-8081-exec-7] DEBUG org.hibernate.SQL - select r1_0.user_id,r1_1.id,r1_1.created_at,r1_1.name,p1_0.role_id,p1_1.id,p1_1.created_at,p1_1.description,p1_1.name,p1_1.updated_at,r1_1.updated_at from user_roles r1_0 join roles r1_1 on r1_1.id=r1_0.role_id left join role_permissions p1_0 on r1_1.id=p1_0.role_id left join permissions p1_1 on p1_1.id=p1_0.permission_id where r1_0.user_id=?
2025-05-31 04:42:54 [http-nio-8081-exec-7] INFO  o.g.l.s.CustomUserDetailsService - loadUserByUsername: User admin found with roles: [org.guidewire.login.model.Role@48391f1f]
2025-05-31 04:42:54 [http-nio-8081-exec-7] INFO  o.g.login.security.CustomUserDetails - Initializing CustomUserDetails for user: admin
2025-05-31 04:42:54 [http-nio-8081-exec-7] DEBUG o.g.login.security.CustomUserDetails - User admin has roles: [ADMIN]
2025-05-31 04:42:54 [http-nio-8081-exec-7] DEBUG o.g.login.security.CustomUserDetails - User admin has permissions: [DELETE_TASK, EDIT_USER, CREATE_TASK, CREATE_USER, VIEW_DASHBOARD, DELETE_USER, ADD_WATCHER, CLOSE_TASK, VIEW_TASK, VIEW_ROLE, ASSIGN_TASK, COMMENT_TASK, EDIT_ROLE, ADD_SUBTASK, REMOVE_SUBTASK, DELETE_ROLE, REMOVE_WATCHER, CREATE_ROLE, REOPEN_TASK, ASSIGN_ROLE, EDIT_TASK, VIEW_USER]
2025-05-31 04:42:54 [http-nio-8081-exec-7] INFO  o.g.login.security.CustomUserDetails - CustomUserDetails initialized successfully for user: admin
2025-05-31 04:42:54 [http-nio-8081-exec-7] INFO  o.guidewire.login.security.JwtUtil - validateToken:JWT validated successfully for user: admin
2025-05-31 04:42:54 [http-nio-8081-exec-7] INFO  o.g.l.s.JwtAuthenticationFilter - doFilterInternal: Authentication successful for user 'admin'. Authorities: [ROLE_ADMIN, DELETE_TASK, EDIT_USER, CREATE_TASK, CREATE_USER, VIEW_DASHBOARD, ADD_WATCHER, DELETE_USER, CLOSE_TASK, VIEW_TASK, VIEW_ROLE, COMMENT_TASK, ASSIGN_TASK, EDIT_ROLE, ADD_SUBTASK, REMOVE_SUBTASK, DELETE_ROLE, REMOVE_WATCHER, CREATE_ROLE, REOPEN_TASK, ASSIGN_ROLE, EDIT_TASK, VIEW_USER]
2025-05-31 04:42:54 [http-nio-8081-exec-7] DEBUG o.s.security.web.FilterChainProxy - Secured GET /api/auth/users/list
2025-05-31 04:42:54 [http-nio-8081-exec-7] DEBUG o.s.web.servlet.DispatcherServlet - GET "/api/auth/users/list", parameters={}
2025-05-31 04:42:54 [http-nio-8081-exec-7] DEBUG o.s.w.s.m.m.a.RequestMappingHandlerMapping - Mapped to org.guidewire.login.controller.UserController#getAllUsers()
2025-05-31 04:42:54 [http-nio-8081-exec-7] DEBUG o.s.o.j.s.OpenEntityManagerInViewInterceptor - Opening JPA EntityManager in OpenEntityManagerInViewInterceptor
2025-05-31 04:42:54 [http-nio-8081-exec-7] INFO  o.g.login.services.UserService - getAllUsers: Fetching all users from the database.
2025-05-31 04:42:54 [http-nio-8081-exec-7] DEBUG o.s.orm.jpa.JpaTransactionManager - Found thread-bound EntityManager [SessionImpl(1011220281<open>)] for JPA transaction
2025-05-31 04:42:54 [http-nio-8081-exec-7] DEBUG o.s.orm.jpa.JpaTransactionManager - Creating new transaction with name [org.springframework.data.jpa.repository.support.SimpleJpaRepository.findAll]: PROPAGATION_REQUIRED,ISOLATION_DEFAULT,readOnly
2025-05-31 04:42:54 [http-nio-8081-exec-7] DEBUG o.s.jdbc.datasource.DataSourceUtils - Setting JDBC Connection [HikariProxyConnection@575850717 wrapping org.postgresql.jdbc.PgConnection@54d91e0c] read-only
2025-05-31 04:42:54 [http-nio-8081-exec-7] DEBUG o.s.orm.jpa.JpaTransactionManager - Exposing JPA transaction as JDBC [org.springframework.orm.jpa.vendor.HibernateJpaDialect$HibernateConnectionHandle@33ab63e1]
2025-05-31 04:42:54 [http-nio-8081-exec-7] DEBUG org.hibernate.SQL - select u1_0.id,u1_0.created_at,u1_0.email,u1_0.password,u1_0.phone_number,u1_0.updated_at,u1_0.username from users u1_0
2025-05-31 04:42:54 [http-nio-8081-exec-7] DEBUG org.hibernate.SQL - select r1_0.user_id,r1_1.id,r1_1.created_at,r1_1.name,p1_0.role_id,p1_1.id,p1_1.created_at,p1_1.description,p1_1.name,p1_1.updated_at,r1_1.updated_at from user_roles r1_0 join roles r1_1 on r1_1.id=r1_0.role_id left join role_permissions p1_0 on r1_1.id=p1_0.role_id left join permissions p1_1 on p1_1.id=p1_0.permission_id where r1_0.user_id=?
2025-05-31 04:42:54 [http-nio-8081-exec-7] DEBUG org.hibernate.SQL - select r1_0.user_id,r1_1.id,r1_1.created_at,r1_1.name,p1_0.role_id,p1_1.id,p1_1.created_at,p1_1.description,p1_1.name,p1_1.updated_at,r1_1.updated_at from user_roles r1_0 join roles r1_1 on r1_1.id=r1_0.role_id left join role_permissions p1_0 on r1_1.id=p1_0.role_id left join permissions p1_1 on p1_1.id=p1_0.permission_id where r1_0.user_id=?
2025-05-31 04:42:54 [http-nio-8081-exec-7] DEBUG org.hibernate.SQL - select r1_0.user_id,r1_1.id,r1_1.created_at,r1_1.name,p1_0.role_id,p1_1.id,p1_1.created_at,p1_1.description,p1_1.name,p1_1.updated_at,r1_1.updated_at from user_roles r1_0 join roles r1_1 on r1_1.id=r1_0.role_id left join role_permissions p1_0 on r1_1.id=p1_0.role_id left join permissions p1_1 on p1_1.id=p1_0.permission_id where r1_0.user_id=?
2025-05-31 04:42:54 [http-nio-8081-exec-7] DEBUG org.hibernate.SQL - select r1_0.user_id,r1_1.id,r1_1.created_at,r1_1.name,p1_0.role_id,p1_1.id,p1_1.created_at,p1_1.description,p1_1.name,p1_1.updated_at,r1_1.updated_at from user_roles r1_0 join roles r1_1 on r1_1.id=r1_0.role_id left join role_permissions p1_0 on r1_1.id=p1_0.role_id left join permissions p1_1 on p1_1.id=p1_0.permission_id where r1_0.user_id=?
2025-05-31 04:42:54 [http-nio-8081-exec-7] DEBUG org.hibernate.SQL - select r1_0.user_id,r1_1.id,r1_1.created_at,r1_1.name,p1_0.role_id,p1_1.id,p1_1.created_at,p1_1.description,p1_1.name,p1_1.updated_at,r1_1.updated_at from user_roles r1_0 join roles r1_1 on r1_1.id=r1_0.role_id left join role_permissions p1_0 on r1_1.id=p1_0.role_id left join permissions p1_1 on p1_1.id=p1_0.permission_id where r1_0.user_id=?
2025-05-31 04:42:54 [http-nio-8081-exec-7] DEBUG org.hibernate.SQL - select r1_0.user_id,r1_1.id,r1_1.created_at,r1_1.name,p1_0.role_id,p1_1.id,p1_1.created_at,p1_1.description,p1_1.name,p1_1.updated_at,r1_1.updated_at from user_roles r1_0 join roles r1_1 on r1_1.id=r1_0.role_id left join role_permissions p1_0 on r1_1.id=p1_0.role_id left join permissions p1_1 on p1_1.id=p1_0.permission_id where r1_0.user_id=?
2025-05-31 04:42:54 [http-nio-8081-exec-7] DEBUG o.s.orm.jpa.JpaTransactionManager - Initiating transaction commit
2025-05-31 04:42:54 [http-nio-8081-exec-7] DEBUG o.s.orm.jpa.JpaTransactionManager - Committing JPA transaction on EntityManager [SessionImpl(1011220281<open>)]
2025-05-31 04:42:54 [http-nio-8081-exec-7] DEBUG o.s.jdbc.datasource.DataSourceUtils - Resetting read-only flag of JDBC Connection [HikariProxyConnection@575850717 wrapping org.postgresql.jdbc.PgConnection@54d91e0c]
2025-05-31 04:42:54 [http-nio-8081-exec-7] DEBUG o.s.orm.jpa.JpaTransactionManager - Not closing pre-bound JPA EntityManager after transaction
2025-05-31 04:42:54 [http-nio-8081-exec-7] INFO  o.g.login.services.UserService - getAllUsers: Retrieved 6 users.
2025-05-31 04:42:54 [http-nio-8081-exec-7] DEBUG o.s.w.s.m.m.a.HttpEntityMethodProcessor - Using 'application/json', given [*/*] and supported [application/json, application/*+json]
2025-05-31 04:42:54 [http-nio-8081-exec-7] DEBUG o.s.w.s.m.m.a.HttpEntityMethodProcessor - Writing [[org.guidewire.login.dto.responses.UserResponse@77be8154, org.guidewire.login.dto.responses.UserResp (truncated)...]
2025-05-31 04:42:54 [http-nio-8081-exec-7] DEBUG o.s.o.j.s.OpenEntityManagerInViewInterceptor - Closing JPA EntityManager in OpenEntityManagerInViewInterceptor
2025-05-31 04:42:54 [http-nio-8081-exec-7] DEBUG o.s.web.servlet.DispatcherServlet - Completed 200 OK
2025-05-31 04:42:55 [http-nio-8081-exec-8] DEBUG o.s.security.web.FilterChainProxy - Securing GET /api/auth/user/details
2025-05-31 04:42:55 [http-nio-8081-exec-9] DEBUG o.s.security.web.FilterChainProxy - Securing GET /api/auth/user/details
2025-05-31 04:42:55 [http-nio-8081-exec-9] DEBUG o.g.l.s.JwtAuthenticationFilter - doFilterInternal: No valid Authorization header found, skipping JWT processing.
2025-05-31 04:42:55 [http-nio-8081-exec-9] DEBUG o.s.s.w.a.AnonymousAuthenticationFilter - Set SecurityContextHolder to anonymous SecurityContext
2025-05-31 04:42:55 [http-nio-8081-exec-9] DEBUG o.s.security.web.FilterChainProxy - Secured GET /api/auth/user/details
2025-05-31 04:42:55 [http-nio-8081-exec-9] DEBUG o.s.web.servlet.DispatcherServlet - GET "/api/auth/user/details", parameters={}
2025-05-31 04:42:55 [http-nio-8081-exec-9] DEBUG o.s.w.s.m.m.a.RequestMappingHandlerMapping - Mapped to org.guidewire.login.controller.AuthController#fetchUserDetails(List)
2025-05-31 04:42:55 [http-nio-8081-exec-9] DEBUG o.s.o.j.s.OpenEntityManagerInViewInterceptor - Opening JPA EntityManager in OpenEntityManagerInViewInterceptor
2025-05-31 04:42:55 [http-nio-8081-exec-8] INFO  o.g.l.s.JwtAuthenticationFilter - doFilterInternal: Extracted username 'admin' with roles [ADMIN] and permissions [DELETE_TASK, EDIT_USER, CREATE_TASK, CREATE_USER, VIEW_DASHBOARD, ADD_WATCHER, DELETE_USER, CLOSE_TASK, VIEW_TASK, VIEW_ROLE, COMMENT_TASK, ASSIGN_TASK, EDIT_ROLE, ADD_SUBTASK, REMOVE_SUBTASK, DELETE_ROLE, REMOVE_WATCHER, CREATE_ROLE, REOPEN_TASK, ASSIGN_ROLE, EDIT_TASK, VIEW_USER]
2025-05-31 04:42:55 [http-nio-8081-exec-8] INFO  o.g.l.s.CustomUserDetailsService - loadUserByUsername: Searching for user: admin
2025-05-31 04:42:55 [http-nio-8081-exec-8] DEBUG o.s.o.j.SharedEntityManagerCreator$SharedEntityManagerInvocationHandler - Creating new EntityManager for shared EntityManager invocation
2025-05-31 04:42:55 [http-nio-8081-exec-9] DEBUG o.s.w.s.m.m.a.RequestResponseBodyMethodProcessor - Read "application/json;charset=UTF-8" to [[ce3ef1d5-ef3e-42b1-9ba6-fc808ad7eef5, 4bcced83-fb72-4ea7-8957-2db00dd6fc95, 3d480867-d12b-4c5f-a725 (truncated)...]
2025-05-31 04:42:55 [http-nio-8081-exec-9] INFO  o.g.login.controller.AuthController - fetchUserDetails: Fetching details for users with IDs: [ce3ef1d5-ef3e-42b1-9ba6-fc808ad7eef5, 4bcced83-fb72-4ea7-8957-2db00dd6fc95, 3d480867-d12b-4c5f-a725-da17dd7e5590, c00fda99-1472-4452-8b18-fb0273c2db55]
2025-05-31 04:42:55 [http-nio-8081-exec-9] DEBUG o.s.orm.jpa.JpaTransactionManager - Found thread-bound EntityManager [SessionImpl(204668094<open>)] for JPA transaction
2025-05-31 04:42:55 [http-nio-8081-exec-9] DEBUG o.s.orm.jpa.JpaTransactionManager - Creating new transaction with name [org.springframework.data.jpa.repository.support.SimpleJpaRepository.findAllById]: PROPAGATION_REQUIRED,ISOLATION_DEFAULT,readOnly
2025-05-31 04:42:55 [http-nio-8081-exec-9] DEBUG o.s.jdbc.datasource.DataSourceUtils - Setting JDBC Connection [HikariProxyConnection@1683109341 wrapping org.postgresql.jdbc.PgConnection@54d91e0c] read-only
2025-05-31 04:42:55 [http-nio-8081-exec-8] DEBUG org.hibernate.SQL - select u1_0.id,u1_0.created_at,u1_0.email,u1_0.password,u1_0.phone_number,u1_0.updated_at,u1_0.username from users u1_0 where u1_0.username=?
2025-05-31 04:42:55 [http-nio-8081-exec-9] DEBUG o.s.orm.jpa.JpaTransactionManager - Exposing JPA transaction as JDBC [org.springframework.orm.jpa.vendor.HibernateJpaDialect$HibernateConnectionHandle@30c073e0]
2025-05-31 04:42:55 [http-nio-8081-exec-8] DEBUG org.hibernate.SQL - select r1_0.user_id,r1_1.id,r1_1.created_at,r1_1.name,p1_0.role_id,p1_1.id,p1_1.created_at,p1_1.description,p1_1.name,p1_1.updated_at,r1_1.updated_at from user_roles r1_0 join roles r1_1 on r1_1.id=r1_0.role_id left join role_permissions p1_0 on r1_1.id=p1_0.role_id left join permissions p1_1 on p1_1.id=p1_0.permission_id where r1_0.user_id=?
2025-05-31 04:42:55 [http-nio-8081-exec-9] DEBUG org.hibernate.SQL - select u1_0.id,u1_0.created_at,u1_0.email,u1_0.password,u1_0.phone_number,u1_0.updated_at,u1_0.username from users u1_0 where u1_0.id in (?,?,?,?)
2025-05-31 04:42:55 [http-nio-8081-exec-8] INFO  o.g.l.s.CustomUserDetailsService - loadUserByUsername: User admin found with roles: [org.guidewire.login.model.Role@208be396]
2025-05-31 04:42:55 [http-nio-8081-exec-8] INFO  o.g.login.security.CustomUserDetails - Initializing CustomUserDetails for user: admin
2025-05-31 04:42:55 [http-nio-8081-exec-8] DEBUG o.g.login.security.CustomUserDetails - User admin has roles: [ADMIN]
2025-05-31 04:42:55 [http-nio-8081-exec-8] DEBUG o.g.login.security.CustomUserDetails - User admin has permissions: [DELETE_TASK, EDIT_USER, CREATE_TASK, CREATE_USER, DELETE_USER, VIEW_DASHBOARD, ADD_WATCHER, CLOSE_TASK, VIEW_TASK, VIEW_ROLE, COMMENT_TASK, ASSIGN_TASK, EDIT_ROLE, ADD_SUBTASK, REMOVE_SUBTASK, REMOVE_WATCHER, DELETE_ROLE, CREATE_ROLE, REOPEN_TASK, ASSIGN_ROLE, EDIT_TASK, VIEW_USER]
2025-05-31 04:42:55 [http-nio-8081-exec-8] INFO  o.g.login.security.CustomUserDetails - CustomUserDetails initialized successfully for user: admin
2025-05-31 04:42:55 [http-nio-8081-exec-9] DEBUG org.hibernate.SQL - select r1_0.user_id,r1_1.id,r1_1.created_at,r1_1.name,p1_0.role_id,p1_1.id,p1_1.created_at,p1_1.description,p1_1.name,p1_1.updated_at,r1_1.updated_at from user_roles r1_0 join roles r1_1 on r1_1.id=r1_0.role_id left join role_permissions p1_0 on r1_1.id=p1_0.role_id left join permissions p1_1 on p1_1.id=p1_0.permission_id where r1_0.user_id=?
2025-05-31 04:42:55 [http-nio-8081-exec-9] DEBUG org.hibernate.SQL - select r1_0.user_id,r1_1.id,r1_1.created_at,r1_1.name,p1_0.role_id,p1_1.id,p1_1.created_at,p1_1.description,p1_1.name,p1_1.updated_at,r1_1.updated_at from user_roles r1_0 join roles r1_1 on r1_1.id=r1_0.role_id left join role_permissions p1_0 on r1_1.id=p1_0.role_id left join permissions p1_1 on p1_1.id=p1_0.permission_id where r1_0.user_id=?
2025-05-31 04:42:55 [http-nio-8081-exec-8] INFO  o.guidewire.login.security.JwtUtil - validateToken:JWT validated successfully for user: admin
2025-05-31 04:42:55 [http-nio-8081-exec-8] INFO  o.g.l.s.JwtAuthenticationFilter - doFilterInternal: Authentication successful for user 'admin'. Authorities: [ROLE_ADMIN, DELETE_TASK, EDIT_USER, CREATE_TASK, CREATE_USER, VIEW_DASHBOARD, ADD_WATCHER, DELETE_USER, CLOSE_TASK, VIEW_TASK, VIEW_ROLE, COMMENT_TASK, ASSIGN_TASK, EDIT_ROLE, ADD_SUBTASK, REMOVE_SUBTASK, DELETE_ROLE, REMOVE_WATCHER, CREATE_ROLE, REOPEN_TASK, ASSIGN_ROLE, EDIT_TASK, VIEW_USER]
2025-05-31 04:42:55 [http-nio-8081-exec-8] DEBUG o.s.security.web.FilterChainProxy - Secured GET /api/auth/user/details
2025-05-31 04:42:55 [http-nio-8081-exec-9] DEBUG org.hibernate.SQL - select r1_0.user_id,r1_1.id,r1_1.created_at,r1_1.name,p1_0.role_id,p1_1.id,p1_1.created_at,p1_1.description,p1_1.name,p1_1.updated_at,r1_1.updated_at from user_roles r1_0 join roles r1_1 on r1_1.id=r1_0.role_id left join role_permissions p1_0 on r1_1.id=p1_0.role_id left join permissions p1_1 on p1_1.id=p1_0.permission_id where r1_0.user_id=?
2025-05-31 04:42:55 [http-nio-8081-exec-8] DEBUG o.s.web.servlet.DispatcherServlet - GET "/api/auth/user/details", parameters={}
2025-05-31 04:42:55 [http-nio-8081-exec-8] DEBUG o.s.w.s.m.m.a.RequestMappingHandlerMapping - Mapped to org.guidewire.login.controller.AuthController#fetchUserDetails(List)
2025-05-31 04:42:55 [http-nio-8081-exec-8] DEBUG o.s.o.j.s.OpenEntityManagerInViewInterceptor - Opening JPA EntityManager in OpenEntityManagerInViewInterceptor
2025-05-31 04:42:55 [http-nio-8081-exec-9] DEBUG org.hibernate.SQL - select r1_0.user_id,r1_1.id,r1_1.created_at,r1_1.name,p1_0.role_id,p1_1.id,p1_1.created_at,p1_1.description,p1_1.name,p1_1.updated_at,r1_1.updated_at from user_roles r1_0 join roles r1_1 on r1_1.id=r1_0.role_id left join role_permissions p1_0 on r1_1.id=p1_0.role_id left join permissions p1_1 on p1_1.id=p1_0.permission_id where r1_0.user_id=?
2025-05-31 04:42:55 [http-nio-8081-exec-8] DEBUG o.s.w.s.m.m.a.RequestResponseBodyMethodProcessor - Read "application/json;charset=UTF-8" to [[3d480867-d12b-4c5f-a725-da17dd7e5590]]
2025-05-31 04:42:55 [http-nio-8081-exec-9] DEBUG o.s.orm.jpa.JpaTransactionManager - Initiating transaction commit
2025-05-31 04:42:55 [http-nio-8081-exec-9] DEBUG o.s.orm.jpa.JpaTransactionManager - Committing JPA transaction on EntityManager [SessionImpl(204668094<open>)]
2025-05-31 04:42:55 [http-nio-8081-exec-8] INFO  o.g.login.controller.AuthController - fetchUserDetails: Fetching details for users with IDs: [3d480867-d12b-4c5f-a725-da17dd7e5590]
2025-05-31 04:42:55 [http-nio-8081-exec-8] DEBUG o.s.orm.jpa.JpaTransactionManager - Found thread-bound EntityManager [SessionImpl(889797129<open>)] for JPA transaction
2025-05-31 04:42:55 [http-nio-8081-exec-8] DEBUG o.s.orm.jpa.JpaTransactionManager - Creating new transaction with name [org.springframework.data.jpa.repository.support.SimpleJpaRepository.findAllById]: PROPAGATION_REQUIRED,ISOLATION_DEFAULT,readOnly
2025-05-31 04:42:55 [http-nio-8081-exec-8] DEBUG o.s.jdbc.datasource.DataSourceUtils - Setting JDBC Connection [HikariProxyConnection@481165920 wrapping org.postgresql.jdbc.PgConnection@514f75a5] read-only
2025-05-31 04:42:55 [http-nio-8081-exec-8] DEBUG o.s.orm.jpa.JpaTransactionManager - Exposing JPA transaction as JDBC [org.springframework.orm.jpa.vendor.HibernateJpaDialect$HibernateConnectionHandle@52e0255f]
2025-05-31 04:42:55 [http-nio-8081-exec-9] DEBUG o.s.jdbc.datasource.DataSourceUtils - Resetting read-only flag of JDBC Connection [HikariProxyConnection@1683109341 wrapping org.postgresql.jdbc.PgConnection@54d91e0c]
2025-05-31 04:42:55 [http-nio-8081-exec-9] DEBUG o.s.orm.jpa.JpaTransactionManager - Not closing pre-bound JPA EntityManager after transaction
2025-05-31 04:42:55 [http-nio-8081-exec-9] INFO  o.g.login.controller.AuthController - fetchUserDetails: Returning user details for users: [org.guidewire.login.dto.responses.UserResponse@4be80743, org.guidewire.login.dto.responses.UserResponse@21b1fea4, org.guidewire.login.dto.responses.UserResponse@613b825, org.guidewire.login.dto.responses.UserResponse@1a10eb0b]
2025-05-31 04:42:55 [http-nio-8081-exec-9] DEBUG o.s.w.s.m.m.a.HttpEntityMethodProcessor - Using 'application/json', given [*/*] and supported [application/json, application/*+json]
2025-05-31 04:42:55 [http-nio-8081-exec-9] DEBUG o.s.w.s.m.m.a.HttpEntityMethodProcessor - Writing [[org.guidewire.login.dto.responses.UserResponse@4be80743, org.guidewire.login.dto.responses.UserResp (truncated)...]
2025-05-31 04:42:55 [http-nio-8081-exec-8] DEBUG org.hibernate.SQL - select u1_0.id,u1_0.created_at,u1_0.email,u1_0.password,u1_0.phone_number,u1_0.updated_at,u1_0.username from users u1_0 where u1_0.id in (?)
2025-05-31 04:42:55 [http-nio-8081-exec-9] DEBUG o.s.o.j.s.OpenEntityManagerInViewInterceptor - Closing JPA EntityManager in OpenEntityManagerInViewInterceptor
2025-05-31 04:42:55 [http-nio-8081-exec-9] DEBUG o.s.web.servlet.DispatcherServlet - Completed 200 OK
2025-05-31 04:42:55 [http-nio-8081-exec-8] DEBUG org.hibernate.SQL - select r1_0.user_id,r1_1.id,r1_1.created_at,r1_1.name,p1_0.role_id,p1_1.id,p1_1.created_at,p1_1.description,p1_1.name,p1_1.updated_at,r1_1.updated_at from user_roles r1_0 join roles r1_1 on r1_1.id=r1_0.role_id left join role_permissions p1_0 on r1_1.id=p1_0.role_id left join permissions p1_1 on p1_1.id=p1_0.permission_id where r1_0.user_id=?
2025-05-31 04:42:55 [http-nio-8081-exec-8] DEBUG o.s.orm.jpa.JpaTransactionManager - Initiating transaction commit
2025-05-31 04:42:55 [http-nio-8081-exec-8] DEBUG o.s.orm.jpa.JpaTransactionManager - Committing JPA transaction on EntityManager [SessionImpl(889797129<open>)]
2025-05-31 04:42:55 [http-nio-8081-exec-8] DEBUG o.s.jdbc.datasource.DataSourceUtils - Resetting read-only flag of JDBC Connection [HikariProxyConnection@481165920 wrapping org.postgresql.jdbc.PgConnection@514f75a5]
2025-05-31 04:42:55 [http-nio-8081-exec-8] DEBUG o.s.orm.jpa.JpaTransactionManager - Not closing pre-bound JPA EntityManager after transaction
2025-05-31 04:42:55 [http-nio-8081-exec-8] INFO  o.g.login.controller.AuthController - fetchUserDetails: Returning user details for users: [org.guidewire.login.dto.responses.UserResponse@525db61f]
2025-05-31 04:42:55 [http-nio-8081-exec-8] DEBUG o.s.w.s.m.m.a.HttpEntityMethodProcessor - Using 'application/json', given [*/*] and supported [application/json, application/*+json]
2025-05-31 04:42:55 [http-nio-8081-exec-8] DEBUG o.s.w.s.m.m.a.HttpEntityMethodProcessor - Writing [[org.guidewire.login.dto.responses.UserResponse@525db61f]]
2025-05-31 04:42:55 [http-nio-8081-exec-8] DEBUG o.s.o.j.s.OpenEntityManagerInViewInterceptor - Closing JPA EntityManager in OpenEntityManagerInViewInterceptor
2025-05-31 04:42:55 [http-nio-8081-exec-8] DEBUG o.s.web.servlet.DispatcherServlet - Completed 200 OK
2025-05-31 04:42:55 [http-nio-8081-exec-10] DEBUG o.s.security.web.FilterChainProxy - Securing GET /api/auth/user/details
2025-05-31 04:42:55 [http-nio-8081-exec-10] INFO  o.g.l.s.JwtAuthenticationFilter - doFilterInternal: Extracted username 'admin' with roles [ADMIN] and permissions [DELETE_TASK, EDIT_USER, CREATE_TASK, CREATE_USER, VIEW_DASHBOARD, ADD_WATCHER, DELETE_USER, CLOSE_TASK, VIEW_TASK, VIEW_ROLE, COMMENT_TASK, ASSIGN_TASK, EDIT_ROLE, ADD_SUBTASK, REMOVE_SUBTASK, DELETE_ROLE, REMOVE_WATCHER, CREATE_ROLE, REOPEN_TASK, ASSIGN_ROLE, EDIT_TASK, VIEW_USER]
2025-05-31 04:42:55 [http-nio-8081-exec-10] INFO  o.g.l.s.CustomUserDetailsService - loadUserByUsername: Searching for user: admin
2025-05-31 04:42:55 [http-nio-8081-exec-10] DEBUG o.s.o.j.SharedEntityManagerCreator$SharedEntityManagerInvocationHandler - Creating new EntityManager for shared EntityManager invocation
2025-05-31 04:42:55 [http-nio-8081-exec-10] DEBUG org.hibernate.SQL - select u1_0.id,u1_0.created_at,u1_0.email,u1_0.password,u1_0.phone_number,u1_0.updated_at,u1_0.username from users u1_0 where u1_0.username=?
2025-05-31 04:42:55 [http-nio-8081-exec-10] DEBUG org.hibernate.SQL - select r1_0.user_id,r1_1.id,r1_1.created_at,r1_1.name,p1_0.role_id,p1_1.id,p1_1.created_at,p1_1.description,p1_1.name,p1_1.updated_at,r1_1.updated_at from user_roles r1_0 join roles r1_1 on r1_1.id=r1_0.role_id left join role_permissions p1_0 on r1_1.id=p1_0.role_id left join permissions p1_1 on p1_1.id=p1_0.permission_id where r1_0.user_id=?
2025-05-31 04:42:55 [http-nio-8081-exec-10] INFO  o.g.l.s.CustomUserDetailsService - loadUserByUsername: User admin found with roles: [org.guidewire.login.model.Role@37b9d8b7]
2025-05-31 04:42:55 [http-nio-8081-exec-10] INFO  o.g.login.security.CustomUserDetails - Initializing CustomUserDetails for user: admin
2025-05-31 04:42:55 [http-nio-8081-exec-10] DEBUG o.g.login.security.CustomUserDetails - User admin has roles: [ADMIN]
2025-05-31 04:42:55 [http-nio-8081-exec-10] DEBUG o.g.login.security.CustomUserDetails - User admin has permissions: [DELETE_TASK, EDIT_USER, CREATE_TASK, CREATE_USER, VIEW_DASHBOARD, ADD_WATCHER, DELETE_USER, CLOSE_TASK, VIEW_TASK, VIEW_ROLE, ASSIGN_TASK, COMMENT_TASK, EDIT_ROLE, ADD_SUBTASK, REMOVE_SUBTASK, REMOVE_WATCHER, DELETE_ROLE, CREATE_ROLE, REOPEN_TASK, ASSIGN_ROLE, EDIT_TASK, VIEW_USER]
2025-05-31 04:42:55 [http-nio-8081-exec-10] INFO  o.g.login.security.CustomUserDetails - CustomUserDetails initialized successfully for user: admin
2025-05-31 04:42:55 [http-nio-8081-exec-10] INFO  o.guidewire.login.security.JwtUtil - validateToken:JWT validated successfully for user: admin
2025-05-31 04:42:55 [http-nio-8081-exec-10] INFO  o.g.l.s.JwtAuthenticationFilter - doFilterInternal: Authentication successful for user 'admin'. Authorities: [ROLE_ADMIN, DELETE_TASK, EDIT_USER, CREATE_TASK, CREATE_USER, VIEW_DASHBOARD, ADD_WATCHER, DELETE_USER, CLOSE_TASK, VIEW_TASK, VIEW_ROLE, COMMENT_TASK, ASSIGN_TASK, EDIT_ROLE, ADD_SUBTASK, REMOVE_SUBTASK, DELETE_ROLE, REMOVE_WATCHER, CREATE_ROLE, REOPEN_TASK, ASSIGN_ROLE, EDIT_TASK, VIEW_USER]
2025-05-31 04:42:55 [http-nio-8081-exec-10] DEBUG o.s.security.web.FilterChainProxy - Secured GET /api/auth/user/details
2025-05-31 04:42:55 [http-nio-8081-exec-10] DEBUG o.s.web.servlet.DispatcherServlet - GET "/api/auth/user/details", parameters={}
2025-05-31 04:42:55 [http-nio-8081-exec-10] DEBUG o.s.w.s.m.m.a.RequestMappingHandlerMapping - Mapped to org.guidewire.login.controller.AuthController#fetchUserDetails(List)
2025-05-31 04:42:55 [http-nio-8081-exec-10] DEBUG o.s.o.j.s.OpenEntityManagerInViewInterceptor - Opening JPA EntityManager in OpenEntityManagerInViewInterceptor
2025-05-31 04:42:55 [http-nio-8081-exec-10] DEBUG o.s.w.s.m.m.a.RequestResponseBodyMethodProcessor - Read "application/json;charset=UTF-8" to [[3d480867-d12b-4c5f-a725-da17dd7e5590]]
2025-05-31 04:42:55 [http-nio-8081-exec-10] INFO  o.g.login.controller.AuthController - fetchUserDetails: Fetching details for users with IDs: [3d480867-d12b-4c5f-a725-da17dd7e5590]
2025-05-31 04:42:55 [http-nio-8081-exec-10] DEBUG o.s.orm.jpa.JpaTransactionManager - Found thread-bound EntityManager [SessionImpl(1375005988<open>)] for JPA transaction
2025-05-31 04:42:55 [http-nio-8081-exec-10] DEBUG o.s.orm.jpa.JpaTransactionManager - Creating new transaction with name [org.springframework.data.jpa.repository.support.SimpleJpaRepository.findAllById]: PROPAGATION_REQUIRED,ISOLATION_DEFAULT,readOnly
2025-05-31 04:42:55 [http-nio-8081-exec-10] DEBUG o.s.jdbc.datasource.DataSourceUtils - Setting JDBC Connection [HikariProxyConnection@399705963 wrapping org.postgresql.jdbc.PgConnection@514f75a5] read-only
2025-05-31 04:42:55 [http-nio-8081-exec-10] DEBUG o.s.orm.jpa.JpaTransactionManager - Exposing JPA transaction as JDBC [org.springframework.orm.jpa.vendor.HibernateJpaDialect$HibernateConnectionHandle@a3bc765]
2025-05-31 04:42:55 [http-nio-8081-exec-10] DEBUG org.hibernate.SQL - select u1_0.id,u1_0.created_at,u1_0.email,u1_0.password,u1_0.phone_number,u1_0.updated_at,u1_0.username from users u1_0 where u1_0.id in (?)
2025-05-31 04:42:55 [http-nio-8081-exec-10] DEBUG org.hibernate.SQL - select r1_0.user_id,r1_1.id,r1_1.created_at,r1_1.name,p1_0.role_id,p1_1.id,p1_1.created_at,p1_1.description,p1_1.name,p1_1.updated_at,r1_1.updated_at from user_roles r1_0 join roles r1_1 on r1_1.id=r1_0.role_id left join role_permissions p1_0 on r1_1.id=p1_0.role_id left join permissions p1_1 on p1_1.id=p1_0.permission_id where r1_0.user_id=?
2025-05-31 04:42:55 [http-nio-8081-exec-10] DEBUG o.s.orm.jpa.JpaTransactionManager - Initiating transaction commit
2025-05-31 04:42:55 [http-nio-8081-exec-10] DEBUG o.s.orm.jpa.JpaTransactionManager - Committing JPA transaction on EntityManager [SessionImpl(1375005988<open>)]
2025-05-31 04:42:55 [http-nio-8081-exec-10] DEBUG o.s.jdbc.datasource.DataSourceUtils - Resetting read-only flag of JDBC Connection [HikariProxyConnection@399705963 wrapping org.postgresql.jdbc.PgConnection@514f75a5]
2025-05-31 04:42:55 [http-nio-8081-exec-10] DEBUG o.s.orm.jpa.JpaTransactionManager - Not closing pre-bound JPA EntityManager after transaction
2025-05-31 04:42:55 [http-nio-8081-exec-10] INFO  o.g.login.controller.AuthController - fetchUserDetails: Returning user details for users: [org.guidewire.login.dto.responses.UserResponse@2367b7a7]
2025-05-31 04:42:55 [http-nio-8081-exec-10] DEBUG o.s.w.s.m.m.a.HttpEntityMethodProcessor - Using 'application/json', given [*/*] and supported [application/json, application/*+json]
2025-05-31 04:42:55 [http-nio-8081-exec-10] DEBUG o.s.w.s.m.m.a.HttpEntityMethodProcessor - Writing [[org.guidewire.login.dto.responses.UserResponse@2367b7a7]]
2025-05-31 04:42:55 [http-nio-8081-exec-10] DEBUG o.s.o.j.s.OpenEntityManagerInViewInterceptor - Closing JPA EntityManager in OpenEntityManagerInViewInterceptor
2025-05-31 04:42:55 [http-nio-8081-exec-10] DEBUG o.s.web.servlet.DispatcherServlet - Completed 200 OK
2025-05-31 04:42:57 [http-nio-8081-exec-2] DEBUG o.s.security.web.FilterChainProxy - Securing GET /api/auth/users/list
2025-05-31 04:42:57 [http-nio-8081-exec-2] INFO  o.g.l.s.JwtAuthenticationFilter - doFilterInternal: Extracted username 'admin' with roles [ADMIN] and permissions [DELETE_TASK, EDIT_USER, CREATE_TASK, CREATE_USER, VIEW_DASHBOARD, ADD_WATCHER, DELETE_USER, CLOSE_TASK, VIEW_TASK, VIEW_ROLE, COMMENT_TASK, ASSIGN_TASK, EDIT_ROLE, ADD_SUBTASK, REMOVE_SUBTASK, DELETE_ROLE, REMOVE_WATCHER, CREATE_ROLE, REOPEN_TASK, ASSIGN_ROLE, EDIT_TASK, VIEW_USER]
2025-05-31 04:42:57 [http-nio-8081-exec-2] INFO  o.g.l.s.CustomUserDetailsService - loadUserByUsername: Searching for user: admin
2025-05-31 04:42:57 [http-nio-8081-exec-2] DEBUG o.s.o.j.SharedEntityManagerCreator$SharedEntityManagerInvocationHandler - Creating new EntityManager for shared EntityManager invocation
2025-05-31 04:42:57 [http-nio-8081-exec-2] DEBUG org.hibernate.SQL - select u1_0.id,u1_0.created_at,u1_0.email,u1_0.password,u1_0.phone_number,u1_0.updated_at,u1_0.username from users u1_0 where u1_0.username=?
2025-05-31 04:42:57 [http-nio-8081-exec-2] DEBUG org.hibernate.SQL - select r1_0.user_id,r1_1.id,r1_1.created_at,r1_1.name,p1_0.role_id,p1_1.id,p1_1.created_at,p1_1.description,p1_1.name,p1_1.updated_at,r1_1.updated_at from user_roles r1_0 join roles r1_1 on r1_1.id=r1_0.role_id left join role_permissions p1_0 on r1_1.id=p1_0.role_id left join permissions p1_1 on p1_1.id=p1_0.permission_id where r1_0.user_id=?
2025-05-31 04:42:57 [http-nio-8081-exec-2] INFO  o.g.l.s.CustomUserDetailsService - loadUserByUsername: User admin found with roles: [org.guidewire.login.model.Role@33320d4b]
2025-05-31 04:42:57 [http-nio-8081-exec-2] INFO  o.g.login.security.CustomUserDetails - Initializing CustomUserDetails for user: admin
2025-05-31 04:42:57 [http-nio-8081-exec-2] DEBUG o.g.login.security.CustomUserDetails - User admin has roles: [ADMIN]
2025-05-31 04:42:57 [http-nio-8081-exec-2] DEBUG o.g.login.security.CustomUserDetails - User admin has permissions: [DELETE_TASK, EDIT_USER, CREATE_TASK, CREATE_USER, ADD_WATCHER, VIEW_DASHBOARD, DELETE_USER, VIEW_TASK, CLOSE_TASK, VIEW_ROLE, ASSIGN_TASK, COMMENT_TASK, EDIT_ROLE, ADD_SUBTASK, REMOVE_SUBTASK, DELETE_ROLE, REMOVE_WATCHER, CREATE_ROLE, REOPEN_TASK, ASSIGN_ROLE, EDIT_TASK, VIEW_USER]
2025-05-31 04:42:57 [http-nio-8081-exec-2] INFO  o.g.login.security.CustomUserDetails - CustomUserDetails initialized successfully for user: admin
2025-05-31 04:42:57 [http-nio-8081-exec-2] INFO  o.guidewire.login.security.JwtUtil - validateToken:JWT validated successfully for user: admin
2025-05-31 04:42:57 [http-nio-8081-exec-2] INFO  o.g.l.s.JwtAuthenticationFilter - doFilterInternal: Authentication successful for user 'admin'. Authorities: [ROLE_ADMIN, DELETE_TASK, EDIT_USER, CREATE_TASK, CREATE_USER, VIEW_DASHBOARD, ADD_WATCHER, DELETE_USER, CLOSE_TASK, VIEW_TASK, VIEW_ROLE, COMMENT_TASK, ASSIGN_TASK, EDIT_ROLE, ADD_SUBTASK, REMOVE_SUBTASK, DELETE_ROLE, REMOVE_WATCHER, CREATE_ROLE, REOPEN_TASK, ASSIGN_ROLE, EDIT_TASK, VIEW_USER]
2025-05-31 04:42:57 [http-nio-8081-exec-2] DEBUG o.s.security.web.FilterChainProxy - Secured GET /api/auth/users/list
2025-05-31 04:42:57 [http-nio-8081-exec-2] DEBUG o.s.web.servlet.DispatcherServlet - GET "/api/auth/users/list", parameters={}
2025-05-31 04:42:57 [http-nio-8081-exec-2] DEBUG o.s.w.s.m.m.a.RequestMappingHandlerMapping - Mapped to org.guidewire.login.controller.UserController#getAllUsers()
2025-05-31 04:42:57 [http-nio-8081-exec-2] DEBUG o.s.o.j.s.OpenEntityManagerInViewInterceptor - Opening JPA EntityManager in OpenEntityManagerInViewInterceptor
2025-05-31 04:42:57 [http-nio-8081-exec-2] INFO  o.g.login.services.UserService - getAllUsers: Fetching all users from the database.
2025-05-31 04:42:57 [http-nio-8081-exec-2] DEBUG o.s.orm.jpa.JpaTransactionManager - Found thread-bound EntityManager [SessionImpl(2072581449<open>)] for JPA transaction
2025-05-31 04:42:57 [http-nio-8081-exec-2] DEBUG o.s.orm.jpa.JpaTransactionManager - Creating new transaction with name [org.springframework.data.jpa.repository.support.SimpleJpaRepository.findAll]: PROPAGATION_REQUIRED,ISOLATION_DEFAULT,readOnly
2025-05-31 04:42:57 [http-nio-8081-exec-2] DEBUG o.s.jdbc.datasource.DataSourceUtils - Setting JDBC Connection [HikariProxyConnection@2047014401 wrapping org.postgresql.jdbc.PgConnection@514f75a5] read-only
2025-05-31 04:42:57 [http-nio-8081-exec-2] DEBUG o.s.orm.jpa.JpaTransactionManager - Exposing JPA transaction as JDBC [org.springframework.orm.jpa.vendor.HibernateJpaDialect$HibernateConnectionHandle@787e164]
2025-05-31 04:42:57 [http-nio-8081-exec-2] DEBUG org.hibernate.SQL - select u1_0.id,u1_0.created_at,u1_0.email,u1_0.password,u1_0.phone_number,u1_0.updated_at,u1_0.username from users u1_0
2025-05-31 04:42:57 [http-nio-8081-exec-2] DEBUG org.hibernate.SQL - select r1_0.user_id,r1_1.id,r1_1.created_at,r1_1.name,p1_0.role_id,p1_1.id,p1_1.created_at,p1_1.description,p1_1.name,p1_1.updated_at,r1_1.updated_at from user_roles r1_0 join roles r1_1 on r1_1.id=r1_0.role_id left join role_permissions p1_0 on r1_1.id=p1_0.role_id left join permissions p1_1 on p1_1.id=p1_0.permission_id where r1_0.user_id=?
2025-05-31 04:42:57 [http-nio-8081-exec-2] DEBUG org.hibernate.SQL - select r1_0.user_id,r1_1.id,r1_1.created_at,r1_1.name,p1_0.role_id,p1_1.id,p1_1.created_at,p1_1.description,p1_1.name,p1_1.updated_at,r1_1.updated_at from user_roles r1_0 join roles r1_1 on r1_1.id=r1_0.role_id left join role_permissions p1_0 on r1_1.id=p1_0.role_id left join permissions p1_1 on p1_1.id=p1_0.permission_id where r1_0.user_id=?
2025-05-31 04:42:57 [http-nio-8081-exec-2] DEBUG org.hibernate.SQL - select r1_0.user_id,r1_1.id,r1_1.created_at,r1_1.name,p1_0.role_id,p1_1.id,p1_1.created_at,p1_1.description,p1_1.name,p1_1.updated_at,r1_1.updated_at from user_roles r1_0 join roles r1_1 on r1_1.id=r1_0.role_id left join role_permissions p1_0 on r1_1.id=p1_0.role_id left join permissions p1_1 on p1_1.id=p1_0.permission_id where r1_0.user_id=?
2025-05-31 04:42:57 [http-nio-8081-exec-2] DEBUG org.hibernate.SQL - select r1_0.user_id,r1_1.id,r1_1.created_at,r1_1.name,p1_0.role_id,p1_1.id,p1_1.created_at,p1_1.description,p1_1.name,p1_1.updated_at,r1_1.updated_at from user_roles r1_0 join roles r1_1 on r1_1.id=r1_0.role_id left join role_permissions p1_0 on r1_1.id=p1_0.role_id left join permissions p1_1 on p1_1.id=p1_0.permission_id where r1_0.user_id=?
2025-05-31 04:42:57 [http-nio-8081-exec-2] DEBUG org.hibernate.SQL - select r1_0.user_id,r1_1.id,r1_1.created_at,r1_1.name,p1_0.role_id,p1_1.id,p1_1.created_at,p1_1.description,p1_1.name,p1_1.updated_at,r1_1.updated_at from user_roles r1_0 join roles r1_1 on r1_1.id=r1_0.role_id left join role_permissions p1_0 on r1_1.id=p1_0.role_id left join permissions p1_1 on p1_1.id=p1_0.permission_id where r1_0.user_id=?
2025-05-31 04:42:57 [http-nio-8081-exec-2] DEBUG org.hibernate.SQL - select r1_0.user_id,r1_1.id,r1_1.created_at,r1_1.name,p1_0.role_id,p1_1.id,p1_1.created_at,p1_1.description,p1_1.name,p1_1.updated_at,r1_1.updated_at from user_roles r1_0 join roles r1_1 on r1_1.id=r1_0.role_id left join role_permissions p1_0 on r1_1.id=p1_0.role_id left join permissions p1_1 on p1_1.id=p1_0.permission_id where r1_0.user_id=?
2025-05-31 04:42:57 [http-nio-8081-exec-2] DEBUG o.s.orm.jpa.JpaTransactionManager - Initiating transaction commit
2025-05-31 04:42:57 [http-nio-8081-exec-2] DEBUG o.s.orm.jpa.JpaTransactionManager - Committing JPA transaction on EntityManager [SessionImpl(2072581449<open>)]
2025-05-31 04:42:57 [http-nio-8081-exec-2] DEBUG o.s.jdbc.datasource.DataSourceUtils - Resetting read-only flag of JDBC Connection [HikariProxyConnection@2047014401 wrapping org.postgresql.jdbc.PgConnection@514f75a5]
2025-05-31 04:42:57 [http-nio-8081-exec-2] DEBUG o.s.orm.jpa.JpaTransactionManager - Not closing pre-bound JPA EntityManager after transaction
2025-05-31 04:42:57 [http-nio-8081-exec-2] INFO  o.g.login.services.UserService - getAllUsers: Retrieved 6 users.
2025-05-31 04:42:57 [http-nio-8081-exec-2] DEBUG o.s.w.s.m.m.a.HttpEntityMethodProcessor - Using 'application/json', given [*/*] and supported [application/json, application/*+json]
2025-05-31 04:42:57 [http-nio-8081-exec-2] DEBUG o.s.w.s.m.m.a.HttpEntityMethodProcessor - Writing [[org.guidewire.login.dto.responses.UserResponse@4fa20248, org.guidewire.login.dto.responses.UserResp (truncated)...]
2025-05-31 04:42:57 [http-nio-8081-exec-2] DEBUG o.s.o.j.s.OpenEntityManagerInViewInterceptor - Closing JPA EntityManager in OpenEntityManagerInViewInterceptor
2025-05-31 04:42:57 [http-nio-8081-exec-2] DEBUG o.s.web.servlet.DispatcherServlet - Completed 200 OK
2025-05-31 04:42:58 [http-nio-8081-exec-1] DEBUG o.s.security.web.FilterChainProxy - Securing GET /api/auth/user/details
2025-05-31 04:42:58 [http-nio-8081-exec-1] DEBUG o.g.l.s.JwtAuthenticationFilter - doFilterInternal: No valid Authorization header found, skipping JWT processing.
2025-05-31 04:42:58 [http-nio-8081-exec-1] DEBUG o.s.s.w.a.AnonymousAuthenticationFilter - Set SecurityContextHolder to anonymous SecurityContext
2025-05-31 04:42:58 [http-nio-8081-exec-1] DEBUG o.s.security.web.FilterChainProxy - Secured GET /api/auth/user/details
2025-05-31 04:42:58 [http-nio-8081-exec-1] DEBUG o.s.web.servlet.DispatcherServlet - GET "/api/auth/user/details", parameters={}
2025-05-31 04:42:58 [http-nio-8081-exec-1] DEBUG o.s.w.s.m.m.a.RequestMappingHandlerMapping - Mapped to org.guidewire.login.controller.AuthController#fetchUserDetails(List)
2025-05-31 04:42:58 [http-nio-8081-exec-1] DEBUG o.s.o.j.s.OpenEntityManagerInViewInterceptor - Opening JPA EntityManager in OpenEntityManagerInViewInterceptor
2025-05-31 04:42:58 [http-nio-8081-exec-1] DEBUG o.s.w.s.m.m.a.RequestResponseBodyMethodProcessor - Read "application/json;charset=UTF-8" to [[4bcced83-fb72-4ea7-8957-2db00dd6fc95, 3d480867-d12b-4c5f-a725-da17dd7e5590, c00fda99-1472-4452-8b18 (truncated)...]
2025-05-31 04:42:58 [http-nio-8081-exec-1] INFO  o.g.login.controller.AuthController - fetchUserDetails: Fetching details for users with IDs: [4bcced83-fb72-4ea7-8957-2db00dd6fc95, 3d480867-d12b-4c5f-a725-da17dd7e5590, c00fda99-1472-4452-8b18-fb0273c2db55]
2025-05-31 04:42:58 [http-nio-8081-exec-1] DEBUG o.s.orm.jpa.JpaTransactionManager - Found thread-bound EntityManager [SessionImpl(773693823<open>)] for JPA transaction
2025-05-31 04:42:58 [http-nio-8081-exec-1] DEBUG o.s.orm.jpa.JpaTransactionManager - Creating new transaction with name [org.springframework.data.jpa.repository.support.SimpleJpaRepository.findAllById]: PROPAGATION_REQUIRED,ISOLATION_DEFAULT,readOnly
2025-05-31 04:42:58 [http-nio-8081-exec-1] DEBUG o.s.jdbc.datasource.DataSourceUtils - Setting JDBC Connection [HikariProxyConnection@487325239 wrapping org.postgresql.jdbc.PgConnection@514f75a5] read-only
2025-05-31 04:42:58 [http-nio-8081-exec-1] DEBUG o.s.orm.jpa.JpaTransactionManager - Exposing JPA transaction as JDBC [org.springframework.orm.jpa.vendor.HibernateJpaDialect$HibernateConnectionHandle@5d14a90c]
2025-05-31 04:42:58 [http-nio-8081-exec-1] DEBUG org.hibernate.SQL - select u1_0.id,u1_0.created_at,u1_0.email,u1_0.password,u1_0.phone_number,u1_0.updated_at,u1_0.username from users u1_0 where u1_0.id in (?,?,?)
2025-05-31 04:42:58 [http-nio-8081-exec-1] DEBUG org.hibernate.SQL - select r1_0.user_id,r1_1.id,r1_1.created_at,r1_1.name,p1_0.role_id,p1_1.id,p1_1.created_at,p1_1.description,p1_1.name,p1_1.updated_at,r1_1.updated_at from user_roles r1_0 join roles r1_1 on r1_1.id=r1_0.role_id left join role_permissions p1_0 on r1_1.id=p1_0.role_id left join permissions p1_1 on p1_1.id=p1_0.permission_id where r1_0.user_id=?
2025-05-31 04:42:58 [http-nio-8081-exec-1] DEBUG org.hibernate.SQL - select r1_0.user_id,r1_1.id,r1_1.created_at,r1_1.name,p1_0.role_id,p1_1.id,p1_1.created_at,p1_1.description,p1_1.name,p1_1.updated_at,r1_1.updated_at from user_roles r1_0 join roles r1_1 on r1_1.id=r1_0.role_id left join role_permissions p1_0 on r1_1.id=p1_0.role_id left join permissions p1_1 on p1_1.id=p1_0.permission_id where r1_0.user_id=?
2025-05-31 04:42:58 [http-nio-8081-exec-1] DEBUG org.hibernate.SQL - select r1_0.user_id,r1_1.id,r1_1.created_at,r1_1.name,p1_0.role_id,p1_1.id,p1_1.created_at,p1_1.description,p1_1.name,p1_1.updated_at,r1_1.updated_at from user_roles r1_0 join roles r1_1 on r1_1.id=r1_0.role_id left join role_permissions p1_0 on r1_1.id=p1_0.role_id left join permissions p1_1 on p1_1.id=p1_0.permission_id where r1_0.user_id=?
2025-05-31 04:42:58 [http-nio-8081-exec-1] DEBUG o.s.orm.jpa.JpaTransactionManager - Initiating transaction commit
2025-05-31 04:42:58 [http-nio-8081-exec-1] DEBUG o.s.orm.jpa.JpaTransactionManager - Committing JPA transaction on EntityManager [SessionImpl(773693823<open>)]
2025-05-31 04:42:58 [http-nio-8081-exec-1] DEBUG o.s.jdbc.datasource.DataSourceUtils - Resetting read-only flag of JDBC Connection [HikariProxyConnection@487325239 wrapping org.postgresql.jdbc.PgConnection@514f75a5]
2025-05-31 04:42:58 [http-nio-8081-exec-1] DEBUG o.s.orm.jpa.JpaTransactionManager - Not closing pre-bound JPA EntityManager after transaction
2025-05-31 04:42:58 [http-nio-8081-exec-1] INFO  o.g.login.controller.AuthController - fetchUserDetails: Returning user details for users: [org.guidewire.login.dto.responses.UserResponse@1907f6b6, org.guidewire.login.dto.responses.UserResponse@1a55b1cf, org.guidewire.login.dto.responses.UserResponse@481bb767]
2025-05-31 04:42:58 [http-nio-8081-exec-1] DEBUG o.s.w.s.m.m.a.HttpEntityMethodProcessor - Using 'application/json', given [*/*] and supported [application/json, application/*+json]
2025-05-31 04:42:58 [http-nio-8081-exec-1] DEBUG o.s.w.s.m.m.a.HttpEntityMethodProcessor - Writing [[org.guidewire.login.dto.responses.UserResponse@1907f6b6, org.guidewire.login.dto.responses.UserResp (truncated)...]
2025-05-31 04:42:58 [http-nio-8081-exec-1] DEBUG o.s.o.j.s.OpenEntityManagerInViewInterceptor - Closing JPA EntityManager in OpenEntityManagerInViewInterceptor
2025-05-31 04:42:58 [http-nio-8081-exec-1] DEBUG o.s.web.servlet.DispatcherServlet - Completed 200 OK
2025-05-31 04:42:58 [http-nio-8081-exec-3] DEBUG o.s.security.web.FilterChainProxy - Securing GET /api/auth/user/details
2025-05-31 04:42:58 [http-nio-8081-exec-3] DEBUG o.g.l.s.JwtAuthenticationFilter - doFilterInternal: No valid Authorization header found, skipping JWT processing.
2025-05-31 04:42:58 [http-nio-8081-exec-3] DEBUG o.s.s.w.a.AnonymousAuthenticationFilter - Set SecurityContextHolder to anonymous SecurityContext
2025-05-31 04:42:58 [http-nio-8081-exec-3] DEBUG o.s.security.web.FilterChainProxy - Secured GET /api/auth/user/details
2025-05-31 04:42:58 [http-nio-8081-exec-3] DEBUG o.s.web.servlet.DispatcherServlet - GET "/api/auth/user/details", parameters={}
2025-05-31 04:42:58 [http-nio-8081-exec-3] DEBUG o.s.w.s.m.m.a.RequestMappingHandlerMapping - Mapped to org.guidewire.login.controller.AuthController#fetchUserDetails(List)
2025-05-31 04:42:58 [http-nio-8081-exec-3] DEBUG o.s.o.j.s.OpenEntityManagerInViewInterceptor - Opening JPA EntityManager in OpenEntityManagerInViewInterceptor
2025-05-31 04:42:58 [http-nio-8081-exec-3] DEBUG o.s.w.s.m.m.a.RequestResponseBodyMethodProcessor - Read "application/json;charset=UTF-8" to [[3d480867-d12b-4c5f-a725-da17dd7e5590]]
2025-05-31 04:42:58 [http-nio-8081-exec-3] INFO  o.g.login.controller.AuthController - fetchUserDetails: Fetching details for users with IDs: [3d480867-d12b-4c5f-a725-da17dd7e5590]
2025-05-31 04:42:58 [http-nio-8081-exec-3] DEBUG o.s.orm.jpa.JpaTransactionManager - Found thread-bound EntityManager [SessionImpl(1139429697<open>)] for JPA transaction
2025-05-31 04:42:58 [http-nio-8081-exec-3] DEBUG o.s.orm.jpa.JpaTransactionManager - Creating new transaction with name [org.springframework.data.jpa.repository.support.SimpleJpaRepository.findAllById]: PROPAGATION_REQUIRED,ISOLATION_DEFAULT,readOnly
2025-05-31 04:42:58 [http-nio-8081-exec-3] DEBUG o.s.jdbc.datasource.DataSourceUtils - Setting JDBC Connection [HikariProxyConnection@483078780 wrapping org.postgresql.jdbc.PgConnection@514f75a5] read-only
2025-05-31 04:42:58 [http-nio-8081-exec-3] DEBUG o.s.orm.jpa.JpaTransactionManager - Exposing JPA transaction as JDBC [org.springframework.orm.jpa.vendor.HibernateJpaDialect$HibernateConnectionHandle@4b2dfa8]
2025-05-31 04:42:58 [http-nio-8081-exec-3] DEBUG org.hibernate.SQL - select u1_0.id,u1_0.created_at,u1_0.email,u1_0.password,u1_0.phone_number,u1_0.updated_at,u1_0.username from users u1_0 where u1_0.id in (?)
2025-05-31 04:42:58 [http-nio-8081-exec-3] DEBUG org.hibernate.SQL - select r1_0.user_id,r1_1.id,r1_1.created_at,r1_1.name,p1_0.role_id,p1_1.id,p1_1.created_at,p1_1.description,p1_1.name,p1_1.updated_at,r1_1.updated_at from user_roles r1_0 join roles r1_1 on r1_1.id=r1_0.role_id left join role_permissions p1_0 on r1_1.id=p1_0.role_id left join permissions p1_1 on p1_1.id=p1_0.permission_id where r1_0.user_id=?
2025-05-31 04:42:58 [http-nio-8081-exec-3] DEBUG o.s.orm.jpa.JpaTransactionManager - Initiating transaction commit
2025-05-31 04:42:58 [http-nio-8081-exec-3] DEBUG o.s.orm.jpa.JpaTransactionManager - Committing JPA transaction on EntityManager [SessionImpl(1139429697<open>)]
2025-05-31 04:42:58 [http-nio-8081-exec-3] DEBUG o.s.jdbc.datasource.DataSourceUtils - Resetting read-only flag of JDBC Connection [HikariProxyConnection@483078780 wrapping org.postgresql.jdbc.PgConnection@514f75a5]
2025-05-31 04:42:58 [http-nio-8081-exec-3] DEBUG o.s.orm.jpa.JpaTransactionManager - Not closing pre-bound JPA EntityManager after transaction
2025-05-31 04:42:58 [http-nio-8081-exec-3] INFO  o.g.login.controller.AuthController - fetchUserDetails: Returning user details for users: [org.guidewire.login.dto.responses.UserResponse@70063baa]
2025-05-31 04:42:58 [http-nio-8081-exec-3] DEBUG o.s.w.s.m.m.a.HttpEntityMethodProcessor - Using 'application/json', given [*/*] and supported [application/json, application/*+json]
2025-05-31 04:42:58 [http-nio-8081-exec-3] DEBUG o.s.w.s.m.m.a.HttpEntityMethodProcessor - Writing [[org.guidewire.login.dto.responses.UserResponse@70063baa]]
2025-05-31 04:42:58 [http-nio-8081-exec-3] DEBUG o.s.o.j.s.OpenEntityManagerInViewInterceptor - Closing JPA EntityManager in OpenEntityManagerInViewInterceptor
2025-05-31 04:42:58 [http-nio-8081-exec-3] DEBUG o.s.web.servlet.DispatcherServlet - Completed 200 OK
2025-05-31 04:43:02 [http-nio-8081-exec-5] DEBUG o.s.security.web.FilterChainProxy - Securing GET /api/auth/user/details
2025-05-31 04:43:02 [http-nio-8081-exec-5] DEBUG o.g.l.s.JwtAuthenticationFilter - doFilterInternal: No valid Authorization header found, skipping JWT processing.
2025-05-31 04:43:02 [http-nio-8081-exec-5] DEBUG o.s.s.w.a.AnonymousAuthenticationFilter - Set SecurityContextHolder to anonymous SecurityContext
2025-05-31 04:43:02 [http-nio-8081-exec-5] DEBUG o.s.security.web.FilterChainProxy - Secured GET /api/auth/user/details
2025-05-31 04:43:02 [http-nio-8081-exec-5] DEBUG o.s.web.servlet.DispatcherServlet - GET "/api/auth/user/details", parameters={}
2025-05-31 04:43:02 [http-nio-8081-exec-5] DEBUG o.s.w.s.m.m.a.RequestMappingHandlerMapping - Mapped to org.guidewire.login.controller.AuthController#fetchUserDetails(List)
2025-05-31 04:43:02 [http-nio-8081-exec-5] DEBUG o.s.o.j.s.OpenEntityManagerInViewInterceptor - Opening JPA EntityManager in OpenEntityManagerInViewInterceptor
2025-05-31 04:43:02 [http-nio-8081-exec-5] DEBUG o.s.w.s.m.m.a.RequestResponseBodyMethodProcessor - Read "application/json;charset=UTF-8" to [[ce3ef1d5-ef3e-42b1-9ba6-fc808ad7eef5]]
2025-05-31 04:43:02 [http-nio-8081-exec-5] INFO  o.g.login.controller.AuthController - fetchUserDetails: Fetching details for users with IDs: [ce3ef1d5-ef3e-42b1-9ba6-fc808ad7eef5]
2025-05-31 04:43:02 [http-nio-8081-exec-5] DEBUG o.s.orm.jpa.JpaTransactionManager - Found thread-bound EntityManager [SessionImpl(330339762<open>)] for JPA transaction
2025-05-31 04:43:02 [http-nio-8081-exec-5] DEBUG o.s.orm.jpa.JpaTransactionManager - Creating new transaction with name [org.springframework.data.jpa.repository.support.SimpleJpaRepository.findAllById]: PROPAGATION_REQUIRED,ISOLATION_DEFAULT,readOnly
2025-05-31 04:43:02 [http-nio-8081-exec-5] DEBUG o.s.jdbc.datasource.DataSourceUtils - Setting JDBC Connection [HikariProxyConnection@453424449 wrapping org.postgresql.jdbc.PgConnection@514f75a5] read-only
2025-05-31 04:43:02 [http-nio-8081-exec-5] DEBUG o.s.orm.jpa.JpaTransactionManager - Exposing JPA transaction as JDBC [org.springframework.orm.jpa.vendor.HibernateJpaDialect$HibernateConnectionHandle@17172380]
2025-05-31 04:43:02 [http-nio-8081-exec-5] DEBUG org.hibernate.SQL - select u1_0.id,u1_0.created_at,u1_0.email,u1_0.password,u1_0.phone_number,u1_0.updated_at,u1_0.username from users u1_0 where u1_0.id in (?)
2025-05-31 04:43:02 [http-nio-8081-exec-5] DEBUG org.hibernate.SQL - select r1_0.user_id,r1_1.id,r1_1.created_at,r1_1.name,p1_0.role_id,p1_1.id,p1_1.created_at,p1_1.description,p1_1.name,p1_1.updated_at,r1_1.updated_at from user_roles r1_0 join roles r1_1 on r1_1.id=r1_0.role_id left join role_permissions p1_0 on r1_1.id=p1_0.role_id left join permissions p1_1 on p1_1.id=p1_0.permission_id where r1_0.user_id=?
2025-05-31 04:43:02 [http-nio-8081-exec-5] DEBUG o.s.orm.jpa.JpaTransactionManager - Initiating transaction commit
2025-05-31 04:43:02 [http-nio-8081-exec-5] DEBUG o.s.orm.jpa.JpaTransactionManager - Committing JPA transaction on EntityManager [SessionImpl(330339762<open>)]
2025-05-31 04:43:02 [http-nio-8081-exec-6] DEBUG o.s.security.web.FilterChainProxy - Securing GET /api/auth/user/details
2025-05-31 04:43:02 [http-nio-8081-exec-6] DEBUG o.g.l.s.JwtAuthenticationFilter - doFilterInternal: No valid Authorization header found, skipping JWT processing.
2025-05-31 04:43:02 [http-nio-8081-exec-5] DEBUG o.s.jdbc.datasource.DataSourceUtils - Resetting read-only flag of JDBC Connection [HikariProxyConnection@453424449 wrapping org.postgresql.jdbc.PgConnection@514f75a5]
2025-05-31 04:43:02 [http-nio-8081-exec-5] DEBUG o.s.orm.jpa.JpaTransactionManager - Not closing pre-bound JPA EntityManager after transaction
2025-05-31 04:43:02 [http-nio-8081-exec-6] DEBUG o.s.s.w.a.AnonymousAuthenticationFilter - Set SecurityContextHolder to anonymous SecurityContext
2025-05-31 04:43:02 [http-nio-8081-exec-5] INFO  o.g.login.controller.AuthController - fetchUserDetails: Returning user details for users: [org.guidewire.login.dto.responses.UserResponse@7346ee12]
2025-05-31 04:43:02 [http-nio-8081-exec-6] DEBUG o.s.security.web.FilterChainProxy - Secured GET /api/auth/user/details
2025-05-31 04:43:02 [http-nio-8081-exec-6] DEBUG o.s.web.servlet.DispatcherServlet - GET "/api/auth/user/details", parameters={}
2025-05-31 04:43:02 [http-nio-8081-exec-5] DEBUG o.s.w.s.m.m.a.HttpEntityMethodProcessor - Using 'application/json', given [*/*] and supported [application/json, application/*+json]
2025-05-31 04:43:02 [http-nio-8081-exec-5] DEBUG o.s.w.s.m.m.a.HttpEntityMethodProcessor - Writing [[org.guidewire.login.dto.responses.UserResponse@7346ee12]]
2025-05-31 04:43:02 [http-nio-8081-exec-6] DEBUG o.s.w.s.m.m.a.RequestMappingHandlerMapping - Mapped to org.guidewire.login.controller.AuthController#fetchUserDetails(List)
2025-05-31 04:43:02 [http-nio-8081-exec-6] DEBUG o.s.o.j.s.OpenEntityManagerInViewInterceptor - Opening JPA EntityManager in OpenEntityManagerInViewInterceptor
2025-05-31 04:43:02 [http-nio-8081-exec-5] DEBUG o.s.o.j.s.OpenEntityManagerInViewInterceptor - Closing JPA EntityManager in OpenEntityManagerInViewInterceptor
2025-05-31 04:43:02 [http-nio-8081-exec-5] DEBUG o.s.web.servlet.DispatcherServlet - Completed 200 OK
2025-05-31 04:43:02 [http-nio-8081-exec-6] DEBUG o.s.w.s.m.m.a.RequestResponseBodyMethodProcessor - Read "application/json;charset=UTF-8" to [[4bcced83-fb72-4ea7-8957-2db00dd6fc95, 3d480867-d12b-4c5f-a725-da17dd7e5590, c00fda99-1472-4452-8b18 (truncated)...]
2025-05-31 04:43:02 [http-nio-8081-exec-6] INFO  o.g.login.controller.AuthController - fetchUserDetails: Fetching details for users with IDs: [4bcced83-fb72-4ea7-8957-2db00dd6fc95, 3d480867-d12b-4c5f-a725-da17dd7e5590, c00fda99-1472-4452-8b18-fb0273c2db55]
2025-05-31 04:43:02 [http-nio-8081-exec-6] DEBUG o.s.orm.jpa.JpaTransactionManager - Found thread-bound EntityManager [SessionImpl(592805726<open>)] for JPA transaction
2025-05-31 04:43:02 [http-nio-8081-exec-6] DEBUG o.s.orm.jpa.JpaTransactionManager - Creating new transaction with name [org.springframework.data.jpa.repository.support.SimpleJpaRepository.findAllById]: PROPAGATION_REQUIRED,ISOLATION_DEFAULT,readOnly
2025-05-31 04:43:02 [http-nio-8081-exec-6] DEBUG o.s.jdbc.datasource.DataSourceUtils - Setting JDBC Connection [HikariProxyConnection@1053947947 wrapping org.postgresql.jdbc.PgConnection@514f75a5] read-only
2025-05-31 04:43:02 [http-nio-8081-exec-6] DEBUG o.s.orm.jpa.JpaTransactionManager - Exposing JPA transaction as JDBC [org.springframework.orm.jpa.vendor.HibernateJpaDialect$HibernateConnectionHandle@d5862f6]
2025-05-31 04:43:02 [http-nio-8081-exec-6] DEBUG org.hibernate.SQL - select u1_0.id,u1_0.created_at,u1_0.email,u1_0.password,u1_0.phone_number,u1_0.updated_at,u1_0.username from users u1_0 where u1_0.id in (?,?,?)
2025-05-31 04:43:02 [http-nio-8081-exec-6] DEBUG org.hibernate.SQL - select r1_0.user_id,r1_1.id,r1_1.created_at,r1_1.name,p1_0.role_id,p1_1.id,p1_1.created_at,p1_1.description,p1_1.name,p1_1.updated_at,r1_1.updated_at from user_roles r1_0 join roles r1_1 on r1_1.id=r1_0.role_id left join role_permissions p1_0 on r1_1.id=p1_0.role_id left join permissions p1_1 on p1_1.id=p1_0.permission_id where r1_0.user_id=?
2025-05-31 04:43:02 [http-nio-8081-exec-6] DEBUG org.hibernate.SQL - select r1_0.user_id,r1_1.id,r1_1.created_at,r1_1.name,p1_0.role_id,p1_1.id,p1_1.created_at,p1_1.description,p1_1.name,p1_1.updated_at,r1_1.updated_at from user_roles r1_0 join roles r1_1 on r1_1.id=r1_0.role_id left join role_permissions p1_0 on r1_1.id=p1_0.role_id left join permissions p1_1 on p1_1.id=p1_0.permission_id where r1_0.user_id=?
2025-05-31 04:43:02 [http-nio-8081-exec-6] DEBUG org.hibernate.SQL - select r1_0.user_id,r1_1.id,r1_1.created_at,r1_1.name,p1_0.role_id,p1_1.id,p1_1.created_at,p1_1.description,p1_1.name,p1_1.updated_at,r1_1.updated_at from user_roles r1_0 join roles r1_1 on r1_1.id=r1_0.role_id left join role_permissions p1_0 on r1_1.id=p1_0.role_id left join permissions p1_1 on p1_1.id=p1_0.permission_id where r1_0.user_id=?
2025-05-31 04:43:02 [http-nio-8081-exec-6] DEBUG o.s.orm.jpa.JpaTransactionManager - Initiating transaction commit
2025-05-31 04:43:02 [http-nio-8081-exec-6] DEBUG o.s.orm.jpa.JpaTransactionManager - Committing JPA transaction on EntityManager [SessionImpl(592805726<open>)]
2025-05-31 04:43:02 [http-nio-8081-exec-6] DEBUG o.s.jdbc.datasource.DataSourceUtils - Resetting read-only flag of JDBC Connection [HikariProxyConnection@1053947947 wrapping org.postgresql.jdbc.PgConnection@514f75a5]
2025-05-31 04:43:02 [http-nio-8081-exec-6] DEBUG o.s.orm.jpa.JpaTransactionManager - Not closing pre-bound JPA EntityManager after transaction
2025-05-31 04:43:02 [http-nio-8081-exec-6] INFO  o.g.login.controller.AuthController - fetchUserDetails: Returning user details for users: [org.guidewire.login.dto.responses.UserResponse@345259d7, org.guidewire.login.dto.responses.UserResponse@783b2e22, org.guidewire.login.dto.responses.UserResponse@b7e13ad]
2025-05-31 04:43:02 [http-nio-8081-exec-6] DEBUG o.s.w.s.m.m.a.HttpEntityMethodProcessor - Using 'application/json', given [*/*] and supported [application/json, application/*+json]
2025-05-31 04:43:02 [http-nio-8081-exec-6] DEBUG o.s.w.s.m.m.a.HttpEntityMethodProcessor - Writing [[org.guidewire.login.dto.responses.UserResponse@345259d7, org.guidewire.login.dto.responses.UserResp (truncated)...]
2025-05-31 04:43:02 [http-nio-8081-exec-6] DEBUG o.s.o.j.s.OpenEntityManagerInViewInterceptor - Closing JPA EntityManager in OpenEntityManagerInViewInterceptor
2025-05-31 04:43:02 [http-nio-8081-exec-6] DEBUG o.s.web.servlet.DispatcherServlet - Completed 200 OK
2025-05-31 04:43:07 [http-nio-8081-exec-4] DEBUG o.s.security.web.FilterChainProxy - Securing GET /api/auth/user/details
2025-05-31 04:43:07 [http-nio-8081-exec-4] DEBUG o.g.l.s.JwtAuthenticationFilter - doFilterInternal: No valid Authorization header found, skipping JWT processing.
2025-05-31 04:43:07 [http-nio-8081-exec-4] DEBUG o.s.s.w.a.AnonymousAuthenticationFilter - Set SecurityContextHolder to anonymous SecurityContext
2025-05-31 04:43:07 [http-nio-8081-exec-4] DEBUG o.s.security.web.FilterChainProxy - Secured GET /api/auth/user/details
2025-05-31 04:43:07 [http-nio-8081-exec-4] DEBUG o.s.web.servlet.DispatcherServlet - GET "/api/auth/user/details", parameters={}
2025-05-31 04:43:07 [http-nio-8081-exec-4] DEBUG o.s.w.s.m.m.a.RequestMappingHandlerMapping - Mapped to org.guidewire.login.controller.AuthController#fetchUserDetails(List)
2025-05-31 04:43:07 [http-nio-8081-exec-4] DEBUG o.s.o.j.s.OpenEntityManagerInViewInterceptor - Opening JPA EntityManager in OpenEntityManagerInViewInterceptor
2025-05-31 04:43:07 [http-nio-8081-exec-4] DEBUG o.s.w.s.m.m.a.RequestResponseBodyMethodProcessor - Read "application/json;charset=UTF-8" to [[3d480867-d12b-4c5f-a725-da17dd7e5590, 3d480867-d12b-4c5f-a725-da17dd7e5590, 3d480867-d12b-4c5f-a725 (truncated)...]
2025-05-31 04:43:07 [http-nio-8081-exec-4] INFO  o.g.login.controller.AuthController - fetchUserDetails: Fetching details for users with IDs: [3d480867-d12b-4c5f-a725-da17dd7e5590, 3d480867-d12b-4c5f-a725-da17dd7e5590, 3d480867-d12b-4c5f-a725-da17dd7e5590]
2025-05-31 04:43:07 [http-nio-8081-exec-4] DEBUG o.s.orm.jpa.JpaTransactionManager - Found thread-bound EntityManager [SessionImpl(1413601511<open>)] for JPA transaction
2025-05-31 04:43:07 [http-nio-8081-exec-4] DEBUG o.s.orm.jpa.JpaTransactionManager - Creating new transaction with name [org.springframework.data.jpa.repository.support.SimpleJpaRepository.findAllById]: PROPAGATION_REQUIRED,ISOLATION_DEFAULT,readOnly
2025-05-31 04:43:07 [http-nio-8081-exec-4] DEBUG o.s.jdbc.datasource.DataSourceUtils - Setting JDBC Connection [HikariProxyConnection@1413796980 wrapping org.postgresql.jdbc.PgConnection@514f75a5] read-only
2025-05-31 04:43:07 [http-nio-8081-exec-4] DEBUG o.s.orm.jpa.JpaTransactionManager - Exposing JPA transaction as JDBC [org.springframework.orm.jpa.vendor.HibernateJpaDialect$HibernateConnectionHandle@31b3317b]
2025-05-31 04:43:07 [http-nio-8081-exec-4] DEBUG org.hibernate.SQL - select u1_0.id,u1_0.created_at,u1_0.email,u1_0.password,u1_0.phone_number,u1_0.updated_at,u1_0.username from users u1_0 where u1_0.id in (?,?,?)
2025-05-31 04:43:07 [http-nio-8081-exec-4] DEBUG org.hibernate.SQL - select r1_0.user_id,r1_1.id,r1_1.created_at,r1_1.name,p1_0.role_id,p1_1.id,p1_1.created_at,p1_1.description,p1_1.name,p1_1.updated_at,r1_1.updated_at from user_roles r1_0 join roles r1_1 on r1_1.id=r1_0.role_id left join role_permissions p1_0 on r1_1.id=p1_0.role_id left join permissions p1_1 on p1_1.id=p1_0.permission_id where r1_0.user_id=?
2025-05-31 04:43:07 [http-nio-8081-exec-4] DEBUG o.s.orm.jpa.JpaTransactionManager - Initiating transaction commit
2025-05-31 04:43:07 [http-nio-8081-exec-4] DEBUG o.s.orm.jpa.JpaTransactionManager - Committing JPA transaction on EntityManager [SessionImpl(1413601511<open>)]
2025-05-31 04:43:07 [http-nio-8081-exec-4] DEBUG o.s.jdbc.datasource.DataSourceUtils - Resetting read-only flag of JDBC Connection [HikariProxyConnection@1413796980 wrapping org.postgresql.jdbc.PgConnection@514f75a5]
2025-05-31 04:43:07 [http-nio-8081-exec-4] DEBUG o.s.orm.jpa.JpaTransactionManager - Not closing pre-bound JPA EntityManager after transaction
2025-05-31 04:43:07 [http-nio-8081-exec-4] INFO  o.g.login.controller.AuthController - fetchUserDetails: Returning user details for users: [org.guidewire.login.dto.responses.UserResponse@635cf052]
2025-05-31 04:43:07 [http-nio-8081-exec-4] DEBUG o.s.w.s.m.m.a.HttpEntityMethodProcessor - Using 'application/json', given [*/*] and supported [application/json, application/*+json]
2025-05-31 04:43:07 [http-nio-8081-exec-4] DEBUG o.s.w.s.m.m.a.HttpEntityMethodProcessor - Writing [[org.guidewire.login.dto.responses.UserResponse@635cf052]]
2025-05-31 04:43:07 [http-nio-8081-exec-4] DEBUG o.s.o.j.s.OpenEntityManagerInViewInterceptor - Closing JPA EntityManager in OpenEntityManagerInViewInterceptor
2025-05-31 04:43:07 [http-nio-8081-exec-4] DEBUG o.s.web.servlet.DispatcherServlet - Completed 200 OK
2025-05-31 04:43:07 [http-nio-8081-exec-7] DEBUG o.s.security.web.FilterChainProxy - Securing GET /api/auth/user/details
2025-05-31 04:43:07 [http-nio-8081-exec-7] DEBUG o.g.l.s.JwtAuthenticationFilter - doFilterInternal: No valid Authorization header found, skipping JWT processing.
2025-05-31 04:43:07 [http-nio-8081-exec-7] DEBUG o.s.s.w.a.AnonymousAuthenticationFilter - Set SecurityContextHolder to anonymous SecurityContext
2025-05-31 04:43:07 [http-nio-8081-exec-7] DEBUG o.s.security.web.FilterChainProxy - Secured GET /api/auth/user/details
2025-05-31 04:43:07 [http-nio-8081-exec-7] DEBUG o.s.web.servlet.DispatcherServlet - GET "/api/auth/user/details", parameters={}
2025-05-31 04:43:07 [http-nio-8081-exec-7] DEBUG o.s.w.s.m.m.a.RequestMappingHandlerMapping - Mapped to org.guidewire.login.controller.AuthController#fetchUserDetails(List)
2025-05-31 04:43:07 [http-nio-8081-exec-7] DEBUG o.s.o.j.s.OpenEntityManagerInViewInterceptor - Opening JPA EntityManager in OpenEntityManagerInViewInterceptor
2025-05-31 04:43:07 [http-nio-8081-exec-7] DEBUG o.s.w.s.m.m.a.RequestResponseBodyMethodProcessor - Read "application/json;charset=UTF-8" to [[3d480867-d12b-4c5f-a725-da17dd7e5590]]
2025-05-31 04:43:07 [http-nio-8081-exec-7] INFO  o.g.login.controller.AuthController - fetchUserDetails: Fetching details for users with IDs: [3d480867-d12b-4c5f-a725-da17dd7e5590]
2025-05-31 04:43:07 [http-nio-8081-exec-7] DEBUG o.s.orm.jpa.JpaTransactionManager - Found thread-bound EntityManager [SessionImpl(1674465265<open>)] for JPA transaction
2025-05-31 04:43:07 [http-nio-8081-exec-7] DEBUG o.s.orm.jpa.JpaTransactionManager - Creating new transaction with name [org.springframework.data.jpa.repository.support.SimpleJpaRepository.findAllById]: PROPAGATION_REQUIRED,ISOLATION_DEFAULT,readOnly
2025-05-31 04:43:07 [http-nio-8081-exec-7] DEBUG o.s.jdbc.datasource.DataSourceUtils - Setting JDBC Connection [HikariProxyConnection@951198498 wrapping org.postgresql.jdbc.PgConnection@54d91e0c] read-only
2025-05-31 04:43:07 [http-nio-8081-exec-7] DEBUG o.s.orm.jpa.JpaTransactionManager - Exposing JPA transaction as JDBC [org.springframework.orm.jpa.vendor.HibernateJpaDialect$HibernateConnectionHandle@5cf734d6]
2025-05-31 04:43:07 [http-nio-8081-exec-7] DEBUG org.hibernate.SQL - select u1_0.id,u1_0.created_at,u1_0.email,u1_0.password,u1_0.phone_number,u1_0.updated_at,u1_0.username from users u1_0 where u1_0.id in (?)
2025-05-31 04:43:07 [http-nio-8081-exec-7] DEBUG org.hibernate.SQL - select r1_0.user_id,r1_1.id,r1_1.created_at,r1_1.name,p1_0.role_id,p1_1.id,p1_1.created_at,p1_1.description,p1_1.name,p1_1.updated_at,r1_1.updated_at from user_roles r1_0 join roles r1_1 on r1_1.id=r1_0.role_id left join role_permissions p1_0 on r1_1.id=p1_0.role_id left join permissions p1_1 on p1_1.id=p1_0.permission_id where r1_0.user_id=?
2025-05-31 04:43:07 [http-nio-8081-exec-7] DEBUG o.s.orm.jpa.JpaTransactionManager - Initiating transaction commit
2025-05-31 04:43:07 [http-nio-8081-exec-7] DEBUG o.s.orm.jpa.JpaTransactionManager - Committing JPA transaction on EntityManager [SessionImpl(1674465265<open>)]
2025-05-31 04:43:07 [http-nio-8081-exec-7] DEBUG o.s.jdbc.datasource.DataSourceUtils - Resetting read-only flag of JDBC Connection [HikariProxyConnection@951198498 wrapping org.postgresql.jdbc.PgConnection@54d91e0c]
2025-05-31 04:43:07 [http-nio-8081-exec-7] DEBUG o.s.orm.jpa.JpaTransactionManager - Not closing pre-bound JPA EntityManager after transaction
2025-05-31 04:43:07 [http-nio-8081-exec-7] INFO  o.g.login.controller.AuthController - fetchUserDetails: Returning user details for users: [org.guidewire.login.dto.responses.UserResponse@501b48d6]
2025-05-31 04:43:07 [http-nio-8081-exec-7] DEBUG o.s.w.s.m.m.a.HttpEntityMethodProcessor - Using 'application/json', given [*/*] and supported [application/json, application/*+json]
2025-05-31 04:43:07 [http-nio-8081-exec-7] DEBUG o.s.w.s.m.m.a.HttpEntityMethodProcessor - Writing [[org.guidewire.login.dto.responses.UserResponse@501b48d6]]
2025-05-31 04:43:07 [http-nio-8081-exec-7] DEBUG o.s.o.j.s.OpenEntityManagerInViewInterceptor - Closing JPA EntityManager in OpenEntityManagerInViewInterceptor
2025-05-31 04:43:07 [http-nio-8081-exec-7] DEBUG o.s.web.servlet.DispatcherServlet - Completed 200 OK
2025-05-31 06:58:57 [HikariPool-1 housekeeper] WARN  com.zaxxer.hikari.pool.HikariPool - HikariPool-1 - Thread starvation or clock leap detected (housekeeper delta=32m53s432ms).
2025-05-31 08:06:49 [HikariPool-1 housekeeper] WARN  com.zaxxer.hikari.pool.HikariPool - HikariPool-1 - Thread starvation or clock leap detected (housekeeper delta=1h7m52s229ms).
2025-05-31 08:24:31 [HikariPool-1 housekeeper] WARN  com.zaxxer.hikari.pool.HikariPool - HikariPool-1 - Thread starvation or clock leap detected (housekeeper delta=17m41s476ms).
2025-05-31 08:26:20 [HikariPool-1 housekeeper] WARN  com.zaxxer.hikari.pool.HikariPool - HikariPool-1 - Thread starvation or clock leap detected (housekeeper delta=1m49s11ms).
2025-05-31 08:42:17 [HikariPool-1 housekeeper] WARN  com.zaxxer.hikari.pool.HikariPool - HikariPool-1 - Thread starvation or clock leap detected (housekeeper delta=15m27s535ms).
2025-05-31 08:58:03 [HikariPool-1 housekeeper] WARN  com.zaxxer.hikari.pool.HikariPool - HikariPool-1 - Thread starvation or clock leap detected (housekeeper delta=14m15s424ms).
2025-05-31 14:11:13 [HikariPool-1 housekeeper] WARN  com.zaxxer.hikari.pool.HikariPool - HikariPool-1 - Thread starvation or clock leap detected (housekeeper delta=31m36s441ms).
2025-05-31 14:45:45 [HikariPool-1 housekeeper] WARN  com.zaxxer.hikari.pool.HikariPool - HikariPool-1 - Thread starvation or clock leap detected (housekeeper delta=34m32s690ms).
2025-05-31 15:03:37 [HikariPool-1 housekeeper] WARN  com.zaxxer.hikari.pool.HikariPool - HikariPool-1 - Thread starvation or clock leap detected (housekeeper delta=17m51s451ms).
2025-05-31 15:22:01 [HikariPool-1 housekeeper] WARN  com.zaxxer.hikari.pool.HikariPool - HikariPool-1 - Thread starvation or clock leap detected (housekeeper delta=18m24s488ms).
2025-05-31 15:40:39 [HikariPool-1 housekeeper] WARN  com.zaxxer.hikari.pool.HikariPool - HikariPool-1 - Thread starvation or clock leap detected (housekeeper delta=18m37s813ms).
2025-05-31 16:41:47 [HikariPool-1 housekeeper] WARN  com.zaxxer.hikari.pool.HikariPool - HikariPool-1 - Thread starvation or clock leap detected (housekeeper delta=1h1m7s396ms).
2025-05-31 17:59:35 [HikariPool-1 housekeeper] WARN  com.zaxxer.hikari.pool.HikariPool - HikariPool-1 - Thread starvation or clock leap detected (housekeeper delta=1h17m48s890ms).
2025-05-31 18:43:40 [HikariPool-1 housekeeper] WARN  com.zaxxer.hikari.pool.HikariPool - HikariPool-1 - Thread starvation or clock leap detected (housekeeper delta=44m4s508ms).
2025-05-31 19:44:23 [HikariPool-1 housekeeper] WARN  com.zaxxer.hikari.pool.HikariPool - HikariPool-1 - Thread starvation or clock leap detected (housekeeper delta=1h42s614ms).
2025-05-31 20:45:27 [HikariPool-1 housekeeper] WARN  com.zaxxer.hikari.pool.HikariPool - HikariPool-1 - Thread starvation or clock leap detected (housekeeper delta=1h1m4s348ms).
2025-05-31 21:01:43 [HikariPool-1 housekeeper] WARN  com.zaxxer.hikari.pool.HikariPool - HikariPool-1 - Thread starvation or clock leap detected (housekeeper delta=16m15s805ms).
2025-05-31 21:22:23 [HikariPool-1 housekeeper] WARN  com.zaxxer.hikari.pool.HikariPool - HikariPool-1 - Thread starvation or clock leap detected (housekeeper delta=20m40s663ms).
2025-05-31 21:38:01 [HikariPool-1 housekeeper] WARN  com.zaxxer.hikari.pool.HikariPool - HikariPool-1 - Thread starvation or clock leap detected (housekeeper delta=15m38s38ms).
2025-05-31 21:46:29 [HikariPool-1 housekeeper] WARN  com.zaxxer.hikari.pool.HikariPool - HikariPool-1 - Thread starvation or clock leap detected (housekeeper delta=7m57s639ms).
2025-05-31 22:02:04 [HikariPool-1 housekeeper] WARN  com.zaxxer.hikari.pool.HikariPool - HikariPool-1 - Thread starvation or clock leap detected (housekeeper delta=15m35s25ms).
2025-05-31 22:19:51 [HikariPool-1 housekeeper] WARN  com.zaxxer.hikari.pool.HikariPool - HikariPool-1 - Thread starvation or clock leap detected (housekeeper delta=17m46s834ms).
2025-05-31 22:36:53 [HikariPool-1 housekeeper] WARN  com.zaxxer.hikari.pool.HikariPool - HikariPool-1 - Thread starvation or clock leap detected (housekeeper delta=16m31s919ms).
2025-05-31 22:47:29 [HikariPool-1 housekeeper] WARN  com.zaxxer.hikari.pool.HikariPool - HikariPool-1 - Thread starvation or clock leap detected (housekeeper delta=10m6s135ms).
2025-05-31 22:53:28 [HikariPool-1 housekeeper] WARN  com.zaxxer.hikari.pool.HikariPool - HikariPool-1 - Thread starvation or clock leap detected (housekeeper delta=5m58s530ms).
2025-05-31 22:59:30 [http-nio-8081-exec-10] DEBUG o.s.security.web.FilterChainProxy - Securing POST /api/auth/login
2025-05-31 22:59:30 [http-nio-8081-exec-10] DEBUG o.g.l.s.JwtAuthenticationFilter - doFilterInternal: No valid Authorization header found, skipping JWT processing.
2025-05-31 22:59:30 [http-nio-8081-exec-10] DEBUG o.s.s.w.a.AnonymousAuthenticationFilter - Set SecurityContextHolder to anonymous SecurityContext
2025-05-31 22:59:30 [http-nio-8081-exec-10] DEBUG o.s.security.web.FilterChainProxy - Secured POST /api/auth/login
2025-05-31 22:59:30 [http-nio-8081-exec-10] DEBUG o.s.web.servlet.DispatcherServlet - POST "/api/auth/login", parameters={}
2025-05-31 22:59:30 [http-nio-8081-exec-10] DEBUG o.s.w.s.m.m.a.RequestMappingHandlerMapping - Mapped to org.guidewire.login.controller.AuthController#loginUser(LoginRequest)
2025-05-31 22:59:30 [http-nio-8081-exec-10] DEBUG o.s.o.j.s.OpenEntityManagerInViewInterceptor - Opening JPA EntityManager in OpenEntityManagerInViewInterceptor
2025-05-31 22:59:30 [http-nio-8081-exec-10] DEBUG o.s.w.s.m.m.a.RequestResponseBodyMethodProcessor - Read "application/json;charset=UTF-8" to [org.guidewire.login.dto.requests.LoginRequest@76bd5387]
2025-05-31 22:59:30 [http-nio-8081-exec-10] INFO  o.g.login.controller.AuthController - loginUser: Login attempt for user: admin
2025-05-31 22:59:30 [http-nio-8081-exec-10] INFO  o.g.login.services.AuthService - authenticateUser:Authenticating user: admin
2025-05-31 22:59:30 [http-nio-8081-exec-10] INFO  o.g.l.s.CustomUserDetailsService - loadUserByUsername: Searching for user: admin
2025-05-31 22:59:30 [http-nio-8081-exec-10] DEBUG org.hibernate.SQL - select u1_0.id,u1_0.created_at,u1_0.email,u1_0.password,u1_0.phone_number,u1_0.updated_at,u1_0.username from users u1_0 where u1_0.username=?
2025-05-31 22:59:30 [http-nio-8081-exec-10] DEBUG org.hibernate.SQL - select r1_0.user_id,r1_1.id,r1_1.created_at,r1_1.name,p1_0.role_id,p1_1.id,p1_1.created_at,p1_1.description,p1_1.name,p1_1.updated_at,r1_1.updated_at from user_roles r1_0 join roles r1_1 on r1_1.id=r1_0.role_id left join role_permissions p1_0 on r1_1.id=p1_0.role_id left join permissions p1_1 on p1_1.id=p1_0.permission_id where r1_0.user_id=?
2025-05-31 22:59:30 [http-nio-8081-exec-10] INFO  o.g.l.s.CustomUserDetailsService - loadUserByUsername: User admin found with roles: [org.guidewire.login.model.Role@706f1316]
2025-05-31 22:59:30 [http-nio-8081-exec-10] INFO  o.g.login.security.CustomUserDetails - Initializing CustomUserDetails for user: admin
2025-05-31 22:59:30 [http-nio-8081-exec-10] DEBUG o.g.login.security.CustomUserDetails - User admin has roles: [ADMIN]
2025-05-31 22:59:30 [http-nio-8081-exec-10] DEBUG o.g.login.security.CustomUserDetails - User admin has permissions: [DELETE_TASK, EDIT_USER, CREATE_TASK, CREATE_USER, VIEW_DASHBOARD, ADD_WATCHER, DELETE_USER, VIEW_TASK, VIEW_ROLE, CLOSE_TASK, COMMENT_TASK, ASSIGN_TASK, EDIT_ROLE, ADD_SUBTASK, REMOVE_SUBTASK, REMOVE_WATCHER, DELETE_ROLE, CREATE_ROLE, REOPEN_TASK, ASSIGN_ROLE, EDIT_TASK, VIEW_USER]
2025-05-31 22:59:30 [http-nio-8081-exec-10] INFO  o.g.login.security.CustomUserDetails - CustomUserDetails initialized successfully for user: admin
2025-05-31 22:59:30 [http-nio-8081-exec-10] DEBUG o.g.login.security.CustomUserDetails - Fetching authorities for user: admin
2025-05-31 22:59:30 [http-nio-8081-exec-10] DEBUG o.s.s.a.d.DaoAuthenticationProvider - Authenticated user
2025-05-31 22:59:30 [http-nio-8081-exec-10] DEBUG org.hibernate.SQL - select u1_0.id,u1_0.created_at,u1_0.email,u1_0.password,u1_0.phone_number,u1_0.updated_at,u1_0.username from users u1_0 where u1_0.username=?
2025-05-31 22:59:30 [http-nio-8081-exec-10] INFO  o.g.login.security.CustomUserDetails - Initializing CustomUserDetails for user: admin
2025-05-31 22:59:30 [http-nio-8081-exec-10] DEBUG o.g.login.security.CustomUserDetails - User admin has roles: [ADMIN]
2025-05-31 22:59:30 [http-nio-8081-exec-10] DEBUG o.g.login.security.CustomUserDetails - User admin has permissions: [DELETE_TASK, EDIT_USER, CREATE_TASK, CREATE_USER, VIEW_DASHBOARD, ADD_WATCHER, DELETE_USER, VIEW_TASK, VIEW_ROLE, CLOSE_TASK, COMMENT_TASK, ASSIGN_TASK, EDIT_ROLE, ADD_SUBTASK, REMOVE_SUBTASK, REMOVE_WATCHER, DELETE_ROLE, CREATE_ROLE, REOPEN_TASK, ASSIGN_ROLE, EDIT_TASK, VIEW_USER]
2025-05-31 22:59:30 [http-nio-8081-exec-10] INFO  o.g.login.security.CustomUserDetails - CustomUserDetails initialized successfully for user: admin
2025-05-31 22:59:30 [http-nio-8081-exec-10] DEBUG o.g.login.security.CustomUserDetails - Fetching authorities for user: admin
2025-05-31 22:59:30 [http-nio-8081-exec-10] DEBUG o.g.login.security.CustomUserDetails - Fetching authorities for user: admin
2025-05-31 22:59:30 [http-nio-8081-exec-10] INFO  o.guidewire.login.security.JwtUtil - generateToken:Generated JWT token for user: admin
2025-05-31 22:59:30 [http-nio-8081-exec-10] INFO  o.g.login.services.AuthService - authenticateUser:User authenticated successfully: admin
2025-05-31 22:59:30 [http-nio-8081-exec-10] INFO  o.g.login.controller.AuthController - loginUser: User admin logged in successfully
2025-05-31 22:59:30 [http-nio-8081-exec-10] DEBUG o.s.w.s.m.m.a.HttpEntityMethodProcessor - Using 'application/json', given [*/*] and supported [application/json, application/*+json]
2025-05-31 22:59:30 [http-nio-8081-exec-10] DEBUG o.s.w.s.m.m.a.HttpEntityMethodProcessor - Writing [org.guidewire.login.dto.responses.AuthResponse@13195ae2]
2025-05-31 22:59:30 [http-nio-8081-exec-10] DEBUG o.s.o.j.s.OpenEntityManagerInViewInterceptor - Closing JPA EntityManager in OpenEntityManagerInViewInterceptor
2025-05-31 22:59:30 [http-nio-8081-exec-10] DEBUG o.s.web.servlet.DispatcherServlet - Completed 200 OK
2025-05-31 22:59:31 [http-nio-8081-exec-2] DEBUG o.s.security.web.FilterChainProxy - Securing GET /api/auth/check-admin
2025-05-31 22:59:31 [http-nio-8081-exec-2] DEBUG o.g.l.s.JwtAuthenticationFilter - doFilterInternal: No valid Authorization header found, skipping JWT processing.
2025-05-31 22:59:31 [http-nio-8081-exec-2] DEBUG o.s.s.w.a.AnonymousAuthenticationFilter - Set SecurityContextHolder to anonymous SecurityContext
2025-05-31 22:59:31 [http-nio-8081-exec-2] DEBUG o.s.security.web.FilterChainProxy - Secured GET /api/auth/check-admin
2025-05-31 22:59:31 [http-nio-8081-exec-2] DEBUG o.s.web.servlet.DispatcherServlet - GET "/api/auth/check-admin", parameters={}
2025-05-31 22:59:31 [http-nio-8081-exec-2] DEBUG o.s.w.s.m.m.a.RequestMappingHandlerMapping - Mapped to org.guidewire.login.controller.AuthController#checkIfAdmin(UserDetails)
2025-05-31 22:59:31 [http-nio-8081-exec-2] DEBUG o.s.o.j.s.OpenEntityManagerInViewInterceptor - Opening JPA EntityManager in OpenEntityManagerInViewInterceptor
2025-05-31 22:59:31 [http-nio-8081-exec-2] DEBUG o.s.w.s.m.m.a.ExceptionHandlerExceptionResolver - Using @ExceptionHandler org.guidewire.login.exceptions.GlobalExceptionHandler#handleRuntimeException(RuntimeException)
2025-05-31 22:59:31 [http-nio-8081-exec-2] ERROR o.g.l.e.GlobalExceptionHandler - bad request: Cannot invoke "org.springframework.security.core.userdetails.UserDetails.getUsername()" because "userDetails" is null
2025-05-31 22:59:31 [http-nio-8081-exec-2] DEBUG o.s.w.s.m.m.a.HttpEntityMethodProcessor - Using 'application/json', given [*/*] and supported [application/json, application/*+json]
2025-05-31 22:59:31 [http-nio-8081-exec-2] DEBUG o.s.w.s.m.m.a.HttpEntityMethodProcessor - Writing [{message=Something went wrong. Please try again., timestamp=2025-05-31T22:59:31.414502, status=400}]
2025-05-31 22:59:31 [http-nio-8081-exec-2] WARN  o.s.w.s.m.m.a.ExceptionHandlerExceptionResolver - Resolved [java.lang.NullPointerException: Cannot invoke "org.springframework.security.core.userdetails.UserDetails.getUsername()" because "userDetails" is null]
2025-05-31 22:59:31 [http-nio-8081-exec-2] DEBUG o.s.o.j.s.OpenEntityManagerInViewInterceptor - Closing JPA EntityManager in OpenEntityManagerInViewInterceptor
2025-05-31 22:59:31 [http-nio-8081-exec-2] DEBUG o.s.web.servlet.DispatcherServlet - Completed 400 BAD_REQUEST
2025-05-31 22:59:32 [http-nio-8081-exec-1] DEBUG o.s.security.web.FilterChainProxy - Securing GET /api/auth/users/list
2025-05-31 22:59:32 [http-nio-8081-exec-1] DEBUG o.g.l.s.JwtAuthenticationFilter - doFilterInternal: No valid Authorization header found, skipping JWT processing.
2025-05-31 22:59:32 [http-nio-8081-exec-1] DEBUG o.s.s.w.a.AnonymousAuthenticationFilter - Set SecurityContextHolder to anonymous SecurityContext
2025-05-31 22:59:32 [http-nio-8081-exec-1] DEBUG o.s.security.web.FilterChainProxy - Secured GET /api/auth/users/list
2025-05-31 22:59:32 [http-nio-8081-exec-1] DEBUG o.s.web.servlet.DispatcherServlet - GET "/api/auth/users/list", parameters={}
2025-05-31 22:59:32 [http-nio-8081-exec-1] DEBUG o.s.w.s.m.m.a.RequestMappingHandlerMapping - Mapped to org.guidewire.login.controller.UserController#getAllUsers()
2025-05-31 22:59:32 [http-nio-8081-exec-1] DEBUG o.s.o.j.s.OpenEntityManagerInViewInterceptor - Opening JPA EntityManager in OpenEntityManagerInViewInterceptor
2025-05-31 22:59:32 [http-nio-8081-exec-1] INFO  o.g.login.services.UserService - getAllUsers: Fetching all users from the database.
2025-05-31 22:59:32 [http-nio-8081-exec-1] DEBUG o.s.orm.jpa.JpaTransactionManager - Found thread-bound EntityManager [SessionImpl(776121310<open>)] for JPA transaction
2025-05-31 22:59:32 [http-nio-8081-exec-1] DEBUG o.s.orm.jpa.JpaTransactionManager - Creating new transaction with name [org.springframework.data.jpa.repository.support.SimpleJpaRepository.findAll]: PROPAGATION_REQUIRED,ISOLATION_DEFAULT,readOnly
2025-05-31 22:59:32 [http-nio-8081-exec-1] DEBUG o.s.jdbc.datasource.DataSourceUtils - Setting JDBC Connection [HikariProxyConnection@422489104 wrapping org.postgresql.jdbc.PgConnection@c9b80dd] read-only
2025-05-31 22:59:32 [http-nio-8081-exec-1] DEBUG o.s.orm.jpa.JpaTransactionManager - Exposing JPA transaction as JDBC [org.springframework.orm.jpa.vendor.HibernateJpaDialect$HibernateConnectionHandle@36865814]
2025-05-31 22:59:32 [http-nio-8081-exec-1] DEBUG org.hibernate.SQL - select u1_0.id,u1_0.created_at,u1_0.email,u1_0.password,u1_0.phone_number,u1_0.updated_at,u1_0.username from users u1_0
2025-05-31 22:59:32 [http-nio-8081-exec-1] DEBUG org.hibernate.SQL - select r1_0.user_id,r1_1.id,r1_1.created_at,r1_1.name,p1_0.role_id,p1_1.id,p1_1.created_at,p1_1.description,p1_1.name,p1_1.updated_at,r1_1.updated_at from user_roles r1_0 join roles r1_1 on r1_1.id=r1_0.role_id left join role_permissions p1_0 on r1_1.id=p1_0.role_id left join permissions p1_1 on p1_1.id=p1_0.permission_id where r1_0.user_id=?
2025-05-31 22:59:32 [http-nio-8081-exec-1] DEBUG org.hibernate.SQL - select r1_0.user_id,r1_1.id,r1_1.created_at,r1_1.name,p1_0.role_id,p1_1.id,p1_1.created_at,p1_1.description,p1_1.name,p1_1.updated_at,r1_1.updated_at from user_roles r1_0 join roles r1_1 on r1_1.id=r1_0.role_id left join role_permissions p1_0 on r1_1.id=p1_0.role_id left join permissions p1_1 on p1_1.id=p1_0.permission_id where r1_0.user_id=?
2025-05-31 22:59:32 [http-nio-8081-exec-1] DEBUG org.hibernate.SQL - select r1_0.user_id,r1_1.id,r1_1.created_at,r1_1.name,p1_0.role_id,p1_1.id,p1_1.created_at,p1_1.description,p1_1.name,p1_1.updated_at,r1_1.updated_at from user_roles r1_0 join roles r1_1 on r1_1.id=r1_0.role_id left join role_permissions p1_0 on r1_1.id=p1_0.role_id left join permissions p1_1 on p1_1.id=p1_0.permission_id where r1_0.user_id=?
2025-05-31 22:59:32 [http-nio-8081-exec-1] DEBUG org.hibernate.SQL - select r1_0.user_id,r1_1.id,r1_1.created_at,r1_1.name,p1_0.role_id,p1_1.id,p1_1.created_at,p1_1.description,p1_1.name,p1_1.updated_at,r1_1.updated_at from user_roles r1_0 join roles r1_1 on r1_1.id=r1_0.role_id left join role_permissions p1_0 on r1_1.id=p1_0.role_id left join permissions p1_1 on p1_1.id=p1_0.permission_id where r1_0.user_id=?
2025-05-31 22:59:32 [http-nio-8081-exec-1] DEBUG org.hibernate.SQL - select r1_0.user_id,r1_1.id,r1_1.created_at,r1_1.name,p1_0.role_id,p1_1.id,p1_1.created_at,p1_1.description,p1_1.name,p1_1.updated_at,r1_1.updated_at from user_roles r1_0 join roles r1_1 on r1_1.id=r1_0.role_id left join role_permissions p1_0 on r1_1.id=p1_0.role_id left join permissions p1_1 on p1_1.id=p1_0.permission_id where r1_0.user_id=?
2025-05-31 22:59:32 [http-nio-8081-exec-1] DEBUG org.hibernate.SQL - select r1_0.user_id,r1_1.id,r1_1.created_at,r1_1.name,p1_0.role_id,p1_1.id,p1_1.created_at,p1_1.description,p1_1.name,p1_1.updated_at,r1_1.updated_at from user_roles r1_0 join roles r1_1 on r1_1.id=r1_0.role_id left join role_permissions p1_0 on r1_1.id=p1_0.role_id left join permissions p1_1 on p1_1.id=p1_0.permission_id where r1_0.user_id=?
2025-05-31 22:59:32 [http-nio-8081-exec-1] DEBUG o.s.orm.jpa.JpaTransactionManager - Initiating transaction commit
2025-05-31 22:59:32 [http-nio-8081-exec-1] DEBUG o.s.orm.jpa.JpaTransactionManager - Committing JPA transaction on EntityManager [SessionImpl(776121310<open>)]
2025-05-31 22:59:32 [http-nio-8081-exec-1] DEBUG o.s.jdbc.datasource.DataSourceUtils - Resetting read-only flag of JDBC Connection [HikariProxyConnection@422489104 wrapping org.postgresql.jdbc.PgConnection@c9b80dd]
2025-05-31 22:59:32 [http-nio-8081-exec-1] DEBUG o.s.orm.jpa.JpaTransactionManager - Not closing pre-bound JPA EntityManager after transaction
2025-05-31 22:59:32 [http-nio-8081-exec-1] INFO  o.g.login.services.UserService - getAllUsers: Retrieved 6 users.
2025-05-31 22:59:32 [http-nio-8081-exec-1] DEBUG o.s.w.s.m.m.a.HttpEntityMethodProcessor - Using 'application/json', given [*/*] and supported [application/json, application/*+json]
2025-05-31 22:59:32 [http-nio-8081-exec-1] DEBUG o.s.w.s.m.m.a.HttpEntityMethodProcessor - Writing [[org.guidewire.login.dto.responses.UserResponse@3a9de0bd, org.guidewire.login.dto.responses.UserResp (truncated)...]
2025-05-31 22:59:32 [http-nio-8081-exec-1] DEBUG o.s.o.j.s.OpenEntityManagerInViewInterceptor - Closing JPA EntityManager in OpenEntityManagerInViewInterceptor
2025-05-31 22:59:32 [http-nio-8081-exec-1] DEBUG o.s.web.servlet.DispatcherServlet - Completed 200 OK
2025-05-31 22:59:33 [http-nio-8081-exec-3] DEBUG o.s.security.web.FilterChainProxy - Securing GET /api/auth/current/user
2025-05-31 22:59:33 [http-nio-8081-exec-3] INFO  o.g.l.s.JwtAuthenticationFilter - doFilterInternal: Extracted username 'admin' with roles [ADMIN] and permissions [DELETE_TASK, EDIT_USER, CREATE_TASK, CREATE_USER, VIEW_DASHBOARD, ADD_WATCHER, DELETE_USER, VIEW_TASK, VIEW_ROLE, CLOSE_TASK, COMMENT_TASK, ASSIGN_TASK, EDIT_ROLE, ADD_SUBTASK, REMOVE_SUBTASK, REMOVE_WATCHER, DELETE_ROLE, CREATE_ROLE, REOPEN_TASK, ASSIGN_ROLE, EDIT_TASK, VIEW_USER]
2025-05-31 22:59:33 [http-nio-8081-exec-3] INFO  o.g.l.s.CustomUserDetailsService - loadUserByUsername: Searching for user: admin
2025-05-31 22:59:33 [http-nio-8081-exec-3] DEBUG o.s.o.j.SharedEntityManagerCreator$SharedEntityManagerInvocationHandler - Creating new EntityManager for shared EntityManager invocation
2025-05-31 22:59:33 [http-nio-8081-exec-3] DEBUG org.hibernate.SQL - select u1_0.id,u1_0.created_at,u1_0.email,u1_0.password,u1_0.phone_number,u1_0.updated_at,u1_0.username from users u1_0 where u1_0.username=?
2025-05-31 22:59:33 [http-nio-8081-exec-3] DEBUG org.hibernate.SQL - select r1_0.user_id,r1_1.id,r1_1.created_at,r1_1.name,p1_0.role_id,p1_1.id,p1_1.created_at,p1_1.description,p1_1.name,p1_1.updated_at,r1_1.updated_at from user_roles r1_0 join roles r1_1 on r1_1.id=r1_0.role_id left join role_permissions p1_0 on r1_1.id=p1_0.role_id left join permissions p1_1 on p1_1.id=p1_0.permission_id where r1_0.user_id=?
2025-05-31 22:59:33 [http-nio-8081-exec-3] INFO  o.g.l.s.CustomUserDetailsService - loadUserByUsername: User admin found with roles: [org.guidewire.login.model.Role@3d0536ed]
2025-05-31 22:59:33 [http-nio-8081-exec-3] INFO  o.g.login.security.CustomUserDetails - Initializing CustomUserDetails for user: admin
2025-05-31 22:59:33 [http-nio-8081-exec-3] DEBUG o.g.login.security.CustomUserDetails - User admin has roles: [ADMIN]
2025-05-31 22:59:33 [http-nio-8081-exec-3] DEBUG o.g.login.security.CustomUserDetails - User admin has permissions: [DELETE_TASK, EDIT_USER, CREATE_TASK, CREATE_USER, DELETE_USER, VIEW_DASHBOARD, ADD_WATCHER, VIEW_ROLE, VIEW_TASK, CLOSE_TASK, COMMENT_TASK, ASSIGN_TASK, EDIT_ROLE, ADD_SUBTASK, REMOVE_SUBTASK, REMOVE_WATCHER, DELETE_ROLE, CREATE_ROLE, REOPEN_TASK, ASSIGN_ROLE, EDIT_TASK, VIEW_USER]
2025-05-31 22:59:33 [http-nio-8081-exec-3] INFO  o.g.login.security.CustomUserDetails - CustomUserDetails initialized successfully for user: admin
2025-05-31 22:59:33 [http-nio-8081-exec-3] INFO  o.guidewire.login.security.JwtUtil - validateToken:JWT validated successfully for user: admin
2025-05-31 22:59:33 [http-nio-8081-exec-3] INFO  o.g.l.s.JwtAuthenticationFilter - doFilterInternal: Authentication successful for user 'admin'. Authorities: [ROLE_ADMIN, DELETE_TASK, EDIT_USER, CREATE_TASK, CREATE_USER, VIEW_DASHBOARD, ADD_WATCHER, DELETE_USER, VIEW_TASK, VIEW_ROLE, CLOSE_TASK, COMMENT_TASK, ASSIGN_TASK, EDIT_ROLE, ADD_SUBTASK, REMOVE_SUBTASK, REMOVE_WATCHER, DELETE_ROLE, CREATE_ROLE, REOPEN_TASK, ASSIGN_ROLE, EDIT_TASK, VIEW_USER]
2025-05-31 22:59:33 [http-nio-8081-exec-3] DEBUG o.s.security.web.FilterChainProxy - Secured GET /api/auth/current/user
2025-05-31 22:59:33 [http-nio-8081-exec-3] DEBUG o.s.web.servlet.DispatcherServlet - GET "/api/auth/current/user", parameters={}
2025-05-31 22:59:33 [http-nio-8081-exec-3] DEBUG o.s.w.s.m.m.a.RequestMappingHandlerMapping - Mapped to org.guidewire.login.controller.AuthController#getCurrentUser(Principal)
2025-05-31 22:59:33 [http-nio-8081-exec-3] DEBUG o.s.o.j.s.OpenEntityManagerInViewInterceptor - Opening JPA EntityManager in OpenEntityManagerInViewInterceptor
2025-05-31 22:59:33 [http-nio-8081-exec-3] INFO  o.g.login.controller.AuthController - getCurrentUser: Fetching details for user: admin
2025-05-31 22:59:33 [http-nio-8081-exec-3] DEBUG o.g.login.services.AuthService - getUserDetails:Fetching user details for: admin
2025-05-31 22:59:33 [http-nio-8081-exec-3] DEBUG org.hibernate.SQL - select u1_0.id,u1_0.created_at,u1_0.email,u1_0.password,u1_0.phone_number,u1_0.updated_at,u1_0.username from users u1_0 where u1_0.username=?
2025-05-31 22:59:33 [http-nio-8081-exec-3] DEBUG org.hibernate.SQL - select r1_0.user_id,r1_1.id,r1_1.created_at,r1_1.name,p1_0.role_id,p1_1.id,p1_1.created_at,p1_1.description,p1_1.name,p1_1.updated_at,r1_1.updated_at from user_roles r1_0 join roles r1_1 on r1_1.id=r1_0.role_id left join role_permissions p1_0 on r1_1.id=p1_0.role_id left join permissions p1_1 on p1_1.id=p1_0.permission_id where r1_0.user_id=?
2025-05-31 22:59:33 [http-nio-8081-exec-3] INFO  o.g.login.controller.AuthController - getCurrentUser: Returning user details for admin
2025-05-31 22:59:33 [http-nio-8081-exec-3] DEBUG o.s.w.s.m.m.a.HttpEntityMethodProcessor - Using 'application/json', given [*/*] and supported [application/json, application/*+json]
2025-05-31 22:59:33 [http-nio-8081-exec-3] DEBUG o.s.w.s.m.m.a.HttpEntityMethodProcessor - Writing [org.guidewire.login.dto.responses.UserResponse@753856c1]
2025-05-31 22:59:33 [http-nio-8081-exec-3] DEBUG o.s.o.j.s.OpenEntityManagerInViewInterceptor - Closing JPA EntityManager in OpenEntityManagerInViewInterceptor
2025-05-31 22:59:33 [http-nio-8081-exec-3] DEBUG o.s.web.servlet.DispatcherServlet - Completed 200 OK
2025-05-31 22:59:33 [http-nio-8081-exec-5] DEBUG o.s.security.web.FilterChainProxy - Securing GET /api/auth/current/user
2025-05-31 22:59:33 [http-nio-8081-exec-6] DEBUG o.s.security.web.FilterChainProxy - Securing GET /api/auth/users/list
2025-05-31 22:59:33 [http-nio-8081-exec-6] DEBUG o.g.l.s.JwtAuthenticationFilter - doFilterInternal: No valid Authorization header found, skipping JWT processing.
2025-05-31 22:59:33 [http-nio-8081-exec-6] DEBUG o.s.s.w.a.AnonymousAuthenticationFilter - Set SecurityContextHolder to anonymous SecurityContext
2025-05-31 22:59:33 [http-nio-8081-exec-6] DEBUG o.s.security.web.FilterChainProxy - Secured GET /api/auth/users/list
2025-05-31 22:59:33 [http-nio-8081-exec-6] DEBUG o.s.web.servlet.DispatcherServlet - GET "/api/auth/users/list", parameters={}
2025-05-31 22:59:33 [http-nio-8081-exec-6] DEBUG o.s.w.s.m.m.a.RequestMappingHandlerMapping - Mapped to org.guidewire.login.controller.UserController#getAllUsers()
2025-05-31 22:59:33 [http-nio-8081-exec-6] DEBUG o.s.o.j.s.OpenEntityManagerInViewInterceptor - Opening JPA EntityManager in OpenEntityManagerInViewInterceptor
2025-05-31 22:59:33 [http-nio-8081-exec-6] INFO  o.g.login.services.UserService - getAllUsers: Fetching all users from the database.
2025-05-31 22:59:33 [http-nio-8081-exec-6] DEBUG o.s.orm.jpa.JpaTransactionManager - Found thread-bound EntityManager [SessionImpl(2038859212<open>)] for JPA transaction
2025-05-31 22:59:33 [http-nio-8081-exec-6] DEBUG o.s.orm.jpa.JpaTransactionManager - Creating new transaction with name [org.springframework.data.jpa.repository.support.SimpleJpaRepository.findAll]: PROPAGATION_REQUIRED,ISOLATION_DEFAULT,readOnly
2025-05-31 22:59:33 [http-nio-8081-exec-6] DEBUG o.s.jdbc.datasource.DataSourceUtils - Setting JDBC Connection [HikariProxyConnection@1597831114 wrapping org.postgresql.jdbc.PgConnection@c9b80dd] read-only
2025-05-31 22:59:33 [http-nio-8081-exec-6] DEBUG o.s.orm.jpa.JpaTransactionManager - Exposing JPA transaction as JDBC [org.springframework.orm.jpa.vendor.HibernateJpaDialect$HibernateConnectionHandle@7e578831]
2025-05-31 22:59:33 [http-nio-8081-exec-5] INFO  o.g.l.s.JwtAuthenticationFilter - doFilterInternal: Extracted username 'admin' with roles [ADMIN] and permissions [DELETE_TASK, EDIT_USER, CREATE_TASK, CREATE_USER, VIEW_DASHBOARD, ADD_WATCHER, DELETE_USER, VIEW_TASK, VIEW_ROLE, CLOSE_TASK, COMMENT_TASK, ASSIGN_TASK, EDIT_ROLE, ADD_SUBTASK, REMOVE_SUBTASK, REMOVE_WATCHER, DELETE_ROLE, CREATE_ROLE, REOPEN_TASK, ASSIGN_ROLE, EDIT_TASK, VIEW_USER]
2025-05-31 22:59:33 [http-nio-8081-exec-5] INFO  o.g.l.s.CustomUserDetailsService - loadUserByUsername: Searching for user: admin
2025-05-31 22:59:33 [http-nio-8081-exec-6] DEBUG org.hibernate.SQL - select u1_0.id,u1_0.created_at,u1_0.email,u1_0.password,u1_0.phone_number,u1_0.updated_at,u1_0.username from users u1_0
2025-05-31 22:59:33 [http-nio-8081-exec-5] DEBUG o.s.o.j.SharedEntityManagerCreator$SharedEntityManagerInvocationHandler - Creating new EntityManager for shared EntityManager invocation
2025-05-31 22:59:33 [http-nio-8081-exec-5] DEBUG org.hibernate.SQL - select u1_0.id,u1_0.created_at,u1_0.email,u1_0.password,u1_0.phone_number,u1_0.updated_at,u1_0.username from users u1_0 where u1_0.username=?
2025-05-31 22:59:33 [http-nio-8081-exec-6] DEBUG org.hibernate.SQL - select r1_0.user_id,r1_1.id,r1_1.created_at,r1_1.name,p1_0.role_id,p1_1.id,p1_1.created_at,p1_1.description,p1_1.name,p1_1.updated_at,r1_1.updated_at from user_roles r1_0 join roles r1_1 on r1_1.id=r1_0.role_id left join role_permissions p1_0 on r1_1.id=p1_0.role_id left join permissions p1_1 on p1_1.id=p1_0.permission_id where r1_0.user_id=?
2025-05-31 22:59:33 [http-nio-8081-exec-6] DEBUG org.hibernate.SQL - select r1_0.user_id,r1_1.id,r1_1.created_at,r1_1.name,p1_0.role_id,p1_1.id,p1_1.created_at,p1_1.description,p1_1.name,p1_1.updated_at,r1_1.updated_at from user_roles r1_0 join roles r1_1 on r1_1.id=r1_0.role_id left join role_permissions p1_0 on r1_1.id=p1_0.role_id left join permissions p1_1 on p1_1.id=p1_0.permission_id where r1_0.user_id=?
2025-05-31 22:59:33 [http-nio-8081-exec-6] DEBUG org.hibernate.SQL - select r1_0.user_id,r1_1.id,r1_1.created_at,r1_1.name,p1_0.role_id,p1_1.id,p1_1.created_at,p1_1.description,p1_1.name,p1_1.updated_at,r1_1.updated_at from user_roles r1_0 join roles r1_1 on r1_1.id=r1_0.role_id left join role_permissions p1_0 on r1_1.id=p1_0.role_id left join permissions p1_1 on p1_1.id=p1_0.permission_id where r1_0.user_id=?
2025-05-31 22:59:33 [http-nio-8081-exec-6] DEBUG org.hibernate.SQL - select r1_0.user_id,r1_1.id,r1_1.created_at,r1_1.name,p1_0.role_id,p1_1.id,p1_1.created_at,p1_1.description,p1_1.name,p1_1.updated_at,r1_1.updated_at from user_roles r1_0 join roles r1_1 on r1_1.id=r1_0.role_id left join role_permissions p1_0 on r1_1.id=p1_0.role_id left join permissions p1_1 on p1_1.id=p1_0.permission_id where r1_0.user_id=?
2025-05-31 22:59:33 [http-nio-8081-exec-6] DEBUG org.hibernate.SQL - select r1_0.user_id,r1_1.id,r1_1.created_at,r1_1.name,p1_0.role_id,p1_1.id,p1_1.created_at,p1_1.description,p1_1.name,p1_1.updated_at,r1_1.updated_at from user_roles r1_0 join roles r1_1 on r1_1.id=r1_0.role_id left join role_permissions p1_0 on r1_1.id=p1_0.role_id left join permissions p1_1 on p1_1.id=p1_0.permission_id where r1_0.user_id=?
2025-05-31 22:59:33 [http-nio-8081-exec-6] DEBUG org.hibernate.SQL - select r1_0.user_id,r1_1.id,r1_1.created_at,r1_1.name,p1_0.role_id,p1_1.id,p1_1.created_at,p1_1.description,p1_1.name,p1_1.updated_at,r1_1.updated_at from user_roles r1_0 join roles r1_1 on r1_1.id=r1_0.role_id left join role_permissions p1_0 on r1_1.id=p1_0.role_id left join permissions p1_1 on p1_1.id=p1_0.permission_id where r1_0.user_id=?
2025-05-31 22:59:33 [http-nio-8081-exec-6] DEBUG o.s.orm.jpa.JpaTransactionManager - Initiating transaction commit
2025-05-31 22:59:33 [http-nio-8081-exec-6] DEBUG o.s.orm.jpa.JpaTransactionManager - Committing JPA transaction on EntityManager [SessionImpl(2038859212<open>)]
2025-05-31 22:59:33 [http-nio-8081-exec-6] DEBUG o.s.jdbc.datasource.DataSourceUtils - Resetting read-only flag of JDBC Connection [HikariProxyConnection@1597831114 wrapping org.postgresql.jdbc.PgConnection@c9b80dd]
2025-05-31 22:59:33 [http-nio-8081-exec-6] DEBUG o.s.orm.jpa.JpaTransactionManager - Not closing pre-bound JPA EntityManager after transaction
2025-05-31 22:59:33 [http-nio-8081-exec-6] INFO  o.g.login.services.UserService - getAllUsers: Retrieved 6 users.
2025-05-31 22:59:33 [http-nio-8081-exec-5] DEBUG org.hibernate.SQL - select r1_0.user_id,r1_1.id,r1_1.created_at,r1_1.name,p1_0.role_id,p1_1.id,p1_1.created_at,p1_1.description,p1_1.name,p1_1.updated_at,r1_1.updated_at from user_roles r1_0 join roles r1_1 on r1_1.id=r1_0.role_id left join role_permissions p1_0 on r1_1.id=p1_0.role_id left join permissions p1_1 on p1_1.id=p1_0.permission_id where r1_0.user_id=?
2025-05-31 22:59:33 [http-nio-8081-exec-6] DEBUG o.s.w.s.m.m.a.HttpEntityMethodProcessor - Using 'application/json', given [*/*] and supported [application/json, application/*+json]
2025-05-31 22:59:33 [http-nio-8081-exec-6] DEBUG o.s.w.s.m.m.a.HttpEntityMethodProcessor - Writing [[org.guidewire.login.dto.responses.UserResponse@6219a67c, org.guidewire.login.dto.responses.UserResp (truncated)...]
2025-05-31 22:59:33 [http-nio-8081-exec-6] DEBUG o.s.o.j.s.OpenEntityManagerInViewInterceptor - Closing JPA EntityManager in OpenEntityManagerInViewInterceptor
2025-05-31 22:59:33 [http-nio-8081-exec-6] DEBUG o.s.web.servlet.DispatcherServlet - Completed 200 OK
2025-05-31 22:59:33 [http-nio-8081-exec-5] INFO  o.g.l.s.CustomUserDetailsService - loadUserByUsername: User admin found with roles: [org.guidewire.login.model.Role@b2c0123]
2025-05-31 22:59:33 [http-nio-8081-exec-5] INFO  o.g.login.security.CustomUserDetails - Initializing CustomUserDetails for user: admin
2025-05-31 22:59:33 [http-nio-8081-exec-5] DEBUG o.g.login.security.CustomUserDetails - User admin has roles: [ADMIN]
2025-05-31 22:59:33 [http-nio-8081-exec-5] DEBUG o.g.login.security.CustomUserDetails - User admin has permissions: [DELETE_TASK, EDIT_USER, CREATE_TASK, CREATE_USER, ADD_WATCHER, DELETE_USER, VIEW_DASHBOARD, VIEW_TASK, CLOSE_TASK, VIEW_ROLE, ASSIGN_TASK, COMMENT_TASK, EDIT_ROLE, ADD_SUBTASK, REMOVE_SUBTASK, DELETE_ROLE, REMOVE_WATCHER, CREATE_ROLE, REOPEN_TASK, ASSIGN_ROLE, EDIT_TASK, VIEW_USER]
2025-05-31 22:59:33 [http-nio-8081-exec-5] INFO  o.g.login.security.CustomUserDetails - CustomUserDetails initialized successfully for user: admin
2025-05-31 22:59:33 [http-nio-8081-exec-5] INFO  o.guidewire.login.security.JwtUtil - validateToken:JWT validated successfully for user: admin
2025-05-31 22:59:33 [http-nio-8081-exec-5] INFO  o.g.l.s.JwtAuthenticationFilter - doFilterInternal: Authentication successful for user 'admin'. Authorities: [ROLE_ADMIN, DELETE_TASK, EDIT_USER, CREATE_TASK, CREATE_USER, VIEW_DASHBOARD, ADD_WATCHER, DELETE_USER, VIEW_TASK, VIEW_ROLE, CLOSE_TASK, COMMENT_TASK, ASSIGN_TASK, EDIT_ROLE, ADD_SUBTASK, REMOVE_SUBTASK, REMOVE_WATCHER, DELETE_ROLE, CREATE_ROLE, REOPEN_TASK, ASSIGN_ROLE, EDIT_TASK, VIEW_USER]
2025-05-31 22:59:33 [http-nio-8081-exec-5] DEBUG o.s.security.web.FilterChainProxy - Secured GET /api/auth/current/user
2025-05-31 22:59:33 [http-nio-8081-exec-5] DEBUG o.s.web.servlet.DispatcherServlet - GET "/api/auth/current/user", parameters={}
2025-05-31 22:59:33 [http-nio-8081-exec-5] DEBUG o.s.w.s.m.m.a.RequestMappingHandlerMapping - Mapped to org.guidewire.login.controller.AuthController#getCurrentUser(Principal)
2025-05-31 22:59:33 [http-nio-8081-exec-5] DEBUG o.s.o.j.s.OpenEntityManagerInViewInterceptor - Opening JPA EntityManager in OpenEntityManagerInViewInterceptor
2025-05-31 22:59:33 [http-nio-8081-exec-5] INFO  o.g.login.controller.AuthController - getCurrentUser: Fetching details for user: admin
2025-05-31 22:59:33 [http-nio-8081-exec-5] DEBUG o.g.login.services.AuthService - getUserDetails:Fetching user details for: admin
2025-05-31 22:59:33 [http-nio-8081-exec-5] DEBUG org.hibernate.SQL - select u1_0.id,u1_0.created_at,u1_0.email,u1_0.password,u1_0.phone_number,u1_0.updated_at,u1_0.username from users u1_0 where u1_0.username=?
2025-05-31 22:59:33 [http-nio-8081-exec-5] DEBUG org.hibernate.SQL - select r1_0.user_id,r1_1.id,r1_1.created_at,r1_1.name,p1_0.role_id,p1_1.id,p1_1.created_at,p1_1.description,p1_1.name,p1_1.updated_at,r1_1.updated_at from user_roles r1_0 join roles r1_1 on r1_1.id=r1_0.role_id left join role_permissions p1_0 on r1_1.id=p1_0.role_id left join permissions p1_1 on p1_1.id=p1_0.permission_id where r1_0.user_id=?
2025-05-31 22:59:33 [http-nio-8081-exec-5] INFO  o.g.login.controller.AuthController - getCurrentUser: Returning user details for admin
2025-05-31 22:59:33 [http-nio-8081-exec-5] DEBUG o.s.w.s.m.m.a.HttpEntityMethodProcessor - Using 'application/json', given [*/*] and supported [application/json, application/*+json]
2025-05-31 22:59:33 [http-nio-8081-exec-5] DEBUG o.s.w.s.m.m.a.HttpEntityMethodProcessor - Writing [org.guidewire.login.dto.responses.UserResponse@53f1e09]
2025-05-31 22:59:33 [http-nio-8081-exec-5] DEBUG o.s.o.j.s.OpenEntityManagerInViewInterceptor - Closing JPA EntityManager in OpenEntityManagerInViewInterceptor
2025-05-31 22:59:33 [http-nio-8081-exec-5] DEBUG o.s.web.servlet.DispatcherServlet - Completed 200 OK
2025-05-31 22:59:39 [http-nio-8081-exec-4] DEBUG o.s.security.web.FilterChainProxy - Securing GET /api/auth/users/list
2025-05-31 22:59:39 [http-nio-8081-exec-4] INFO  o.g.l.s.JwtAuthenticationFilter - doFilterInternal: Extracted username 'admin' with roles [ADMIN] and permissions [DELETE_TASK, EDIT_USER, CREATE_TASK, CREATE_USER, VIEW_DASHBOARD, ADD_WATCHER, DELETE_USER, VIEW_TASK, VIEW_ROLE, CLOSE_TASK, COMMENT_TASK, ASSIGN_TASK, EDIT_ROLE, ADD_SUBTASK, REMOVE_SUBTASK, REMOVE_WATCHER, DELETE_ROLE, CREATE_ROLE, REOPEN_TASK, ASSIGN_ROLE, EDIT_TASK, VIEW_USER]
2025-05-31 22:59:39 [http-nio-8081-exec-4] INFO  o.g.l.s.CustomUserDetailsService - loadUserByUsername: Searching for user: admin
2025-05-31 22:59:39 [http-nio-8081-exec-4] DEBUG o.s.o.j.SharedEntityManagerCreator$SharedEntityManagerInvocationHandler - Creating new EntityManager for shared EntityManager invocation
2025-05-31 22:59:39 [http-nio-8081-exec-4] DEBUG org.hibernate.SQL - select u1_0.id,u1_0.created_at,u1_0.email,u1_0.password,u1_0.phone_number,u1_0.updated_at,u1_0.username from users u1_0 where u1_0.username=?
2025-05-31 22:59:39 [http-nio-8081-exec-4] DEBUG org.hibernate.SQL - select r1_0.user_id,r1_1.id,r1_1.created_at,r1_1.name,p1_0.role_id,p1_1.id,p1_1.created_at,p1_1.description,p1_1.name,p1_1.updated_at,r1_1.updated_at from user_roles r1_0 join roles r1_1 on r1_1.id=r1_0.role_id left join role_permissions p1_0 on r1_1.id=p1_0.role_id left join permissions p1_1 on p1_1.id=p1_0.permission_id where r1_0.user_id=?
2025-05-31 22:59:39 [http-nio-8081-exec-4] INFO  o.g.l.s.CustomUserDetailsService - loadUserByUsername: User admin found with roles: [org.guidewire.login.model.Role@2ed54b66]
2025-05-31 22:59:39 [http-nio-8081-exec-4] INFO  o.g.login.security.CustomUserDetails - Initializing CustomUserDetails for user: admin
2025-05-31 22:59:39 [http-nio-8081-exec-4] DEBUG o.g.login.security.CustomUserDetails - User admin has roles: [ADMIN]
2025-05-31 22:59:39 [http-nio-8081-exec-4] DEBUG o.g.login.security.CustomUserDetails - User admin has permissions: [DELETE_TASK, EDIT_USER, CREATE_TASK, CREATE_USER, VIEW_DASHBOARD, ADD_WATCHER, DELETE_USER, VIEW_TASK, VIEW_ROLE, CLOSE_TASK, COMMENT_TASK, ASSIGN_TASK, EDIT_ROLE, ADD_SUBTASK, REMOVE_SUBTASK, DELETE_ROLE, REMOVE_WATCHER, CREATE_ROLE, REOPEN_TASK, ASSIGN_ROLE, EDIT_TASK, VIEW_USER]
2025-05-31 22:59:39 [http-nio-8081-exec-4] INFO  o.g.login.security.CustomUserDetails - CustomUserDetails initialized successfully for user: admin
2025-05-31 22:59:39 [http-nio-8081-exec-4] INFO  o.guidewire.login.security.JwtUtil - validateToken:JWT validated successfully for user: admin
2025-05-31 22:59:39 [http-nio-8081-exec-4] INFO  o.g.l.s.JwtAuthenticationFilter - doFilterInternal: Authentication successful for user 'admin'. Authorities: [ROLE_ADMIN, DELETE_TASK, EDIT_USER, CREATE_TASK, CREATE_USER, VIEW_DASHBOARD, ADD_WATCHER, DELETE_USER, VIEW_TASK, VIEW_ROLE, CLOSE_TASK, COMMENT_TASK, ASSIGN_TASK, EDIT_ROLE, ADD_SUBTASK, REMOVE_SUBTASK, REMOVE_WATCHER, DELETE_ROLE, CREATE_ROLE, REOPEN_TASK, ASSIGN_ROLE, EDIT_TASK, VIEW_USER]
2025-05-31 22:59:39 [http-nio-8081-exec-4] DEBUG o.s.security.web.FilterChainProxy - Secured GET /api/auth/users/list
2025-05-31 22:59:39 [http-nio-8081-exec-4] DEBUG o.s.web.servlet.DispatcherServlet - GET "/api/auth/users/list", parameters={}
2025-05-31 22:59:39 [http-nio-8081-exec-4] DEBUG o.s.w.s.m.m.a.RequestMappingHandlerMapping - Mapped to org.guidewire.login.controller.UserController#getAllUsers()
2025-05-31 22:59:39 [http-nio-8081-exec-4] DEBUG o.s.o.j.s.OpenEntityManagerInViewInterceptor - Opening JPA EntityManager in OpenEntityManagerInViewInterceptor
2025-05-31 22:59:39 [http-nio-8081-exec-4] INFO  o.g.login.services.UserService - getAllUsers: Fetching all users from the database.
2025-05-31 22:59:39 [http-nio-8081-exec-4] DEBUG o.s.orm.jpa.JpaTransactionManager - Found thread-bound EntityManager [SessionImpl(1898842768<open>)] for JPA transaction
2025-05-31 22:59:39 [http-nio-8081-exec-4] DEBUG o.s.orm.jpa.JpaTransactionManager - Creating new transaction with name [org.springframework.data.jpa.repository.support.SimpleJpaRepository.findAll]: PROPAGATION_REQUIRED,ISOLATION_DEFAULT,readOnly
2025-05-31 22:59:39 [http-nio-8081-exec-4] DEBUG o.s.jdbc.datasource.DataSourceUtils - Setting JDBC Connection [HikariProxyConnection@578310657 wrapping org.postgresql.jdbc.PgConnection@c9b80dd] read-only
2025-05-31 22:59:39 [http-nio-8081-exec-4] DEBUG o.s.orm.jpa.JpaTransactionManager - Exposing JPA transaction as JDBC [org.springframework.orm.jpa.vendor.HibernateJpaDialect$HibernateConnectionHandle@24cc5fbd]
2025-05-31 22:59:39 [http-nio-8081-exec-4] DEBUG org.hibernate.SQL - select u1_0.id,u1_0.created_at,u1_0.email,u1_0.password,u1_0.phone_number,u1_0.updated_at,u1_0.username from users u1_0
2025-05-31 22:59:39 [http-nio-8081-exec-4] DEBUG org.hibernate.SQL - select r1_0.user_id,r1_1.id,r1_1.created_at,r1_1.name,p1_0.role_id,p1_1.id,p1_1.created_at,p1_1.description,p1_1.name,p1_1.updated_at,r1_1.updated_at from user_roles r1_0 join roles r1_1 on r1_1.id=r1_0.role_id left join role_permissions p1_0 on r1_1.id=p1_0.role_id left join permissions p1_1 on p1_1.id=p1_0.permission_id where r1_0.user_id=?
2025-05-31 22:59:39 [http-nio-8081-exec-4] DEBUG org.hibernate.SQL - select r1_0.user_id,r1_1.id,r1_1.created_at,r1_1.name,p1_0.role_id,p1_1.id,p1_1.created_at,p1_1.description,p1_1.name,p1_1.updated_at,r1_1.updated_at from user_roles r1_0 join roles r1_1 on r1_1.id=r1_0.role_id left join role_permissions p1_0 on r1_1.id=p1_0.role_id left join permissions p1_1 on p1_1.id=p1_0.permission_id where r1_0.user_id=?
2025-05-31 22:59:39 [http-nio-8081-exec-4] DEBUG org.hibernate.SQL - select r1_0.user_id,r1_1.id,r1_1.created_at,r1_1.name,p1_0.role_id,p1_1.id,p1_1.created_at,p1_1.description,p1_1.name,p1_1.updated_at,r1_1.updated_at from user_roles r1_0 join roles r1_1 on r1_1.id=r1_0.role_id left join role_permissions p1_0 on r1_1.id=p1_0.role_id left join permissions p1_1 on p1_1.id=p1_0.permission_id where r1_0.user_id=?
2025-05-31 22:59:39 [http-nio-8081-exec-4] DEBUG org.hibernate.SQL - select r1_0.user_id,r1_1.id,r1_1.created_at,r1_1.name,p1_0.role_id,p1_1.id,p1_1.created_at,p1_1.description,p1_1.name,p1_1.updated_at,r1_1.updated_at from user_roles r1_0 join roles r1_1 on r1_1.id=r1_0.role_id left join role_permissions p1_0 on r1_1.id=p1_0.role_id left join permissions p1_1 on p1_1.id=p1_0.permission_id where r1_0.user_id=?
2025-05-31 22:59:39 [http-nio-8081-exec-4] DEBUG org.hibernate.SQL - select r1_0.user_id,r1_1.id,r1_1.created_at,r1_1.name,p1_0.role_id,p1_1.id,p1_1.created_at,p1_1.description,p1_1.name,p1_1.updated_at,r1_1.updated_at from user_roles r1_0 join roles r1_1 on r1_1.id=r1_0.role_id left join role_permissions p1_0 on r1_1.id=p1_0.role_id left join permissions p1_1 on p1_1.id=p1_0.permission_id where r1_0.user_id=?
2025-05-31 22:59:39 [http-nio-8081-exec-4] DEBUG org.hibernate.SQL - select r1_0.user_id,r1_1.id,r1_1.created_at,r1_1.name,p1_0.role_id,p1_1.id,p1_1.created_at,p1_1.description,p1_1.name,p1_1.updated_at,r1_1.updated_at from user_roles r1_0 join roles r1_1 on r1_1.id=r1_0.role_id left join role_permissions p1_0 on r1_1.id=p1_0.role_id left join permissions p1_1 on p1_1.id=p1_0.permission_id where r1_0.user_id=?
2025-05-31 22:59:39 [http-nio-8081-exec-4] DEBUG o.s.orm.jpa.JpaTransactionManager - Initiating transaction commit
2025-05-31 22:59:39 [http-nio-8081-exec-4] DEBUG o.s.orm.jpa.JpaTransactionManager - Committing JPA transaction on EntityManager [SessionImpl(1898842768<open>)]
2025-05-31 22:59:39 [http-nio-8081-exec-4] DEBUG o.s.jdbc.datasource.DataSourceUtils - Resetting read-only flag of JDBC Connection [HikariProxyConnection@578310657 wrapping org.postgresql.jdbc.PgConnection@c9b80dd]
2025-05-31 22:59:39 [http-nio-8081-exec-4] DEBUG o.s.orm.jpa.JpaTransactionManager - Not closing pre-bound JPA EntityManager after transaction
2025-05-31 22:59:39 [http-nio-8081-exec-4] INFO  o.g.login.services.UserService - getAllUsers: Retrieved 6 users.
2025-05-31 22:59:39 [http-nio-8081-exec-4] DEBUG o.s.w.s.m.m.a.HttpEntityMethodProcessor - Using 'application/json', given [*/*] and supported [application/json, application/*+json]
2025-05-31 22:59:39 [http-nio-8081-exec-4] DEBUG o.s.w.s.m.m.a.HttpEntityMethodProcessor - Writing [[org.guidewire.login.dto.responses.UserResponse@78a364e8, org.guidewire.login.dto.responses.UserResp (truncated)...]
2025-05-31 22:59:39 [http-nio-8081-exec-4] DEBUG o.s.o.j.s.OpenEntityManagerInViewInterceptor - Closing JPA EntityManager in OpenEntityManagerInViewInterceptor
2025-05-31 22:59:39 [http-nio-8081-exec-4] DEBUG o.s.web.servlet.DispatcherServlet - Completed 200 OK
2025-05-31 22:59:41 [http-nio-8081-exec-7] DEBUG o.s.security.web.FilterChainProxy - Securing GET /api/auth/user/details
2025-05-31 22:59:41 [http-nio-8081-exec-9] DEBUG o.s.security.web.FilterChainProxy - Securing GET /api/auth/user/details
2025-05-31 22:59:41 [http-nio-8081-exec-9] DEBUG o.g.l.s.JwtAuthenticationFilter - doFilterInternal: No valid Authorization header found, skipping JWT processing.
2025-05-31 22:59:41 [http-nio-8081-exec-7] INFO  o.g.l.s.JwtAuthenticationFilter - doFilterInternal: Extracted username 'admin' with roles [ADMIN] and permissions [DELETE_TASK, EDIT_USER, CREATE_TASK, CREATE_USER, VIEW_DASHBOARD, ADD_WATCHER, DELETE_USER, VIEW_TASK, VIEW_ROLE, CLOSE_TASK, COMMENT_TASK, ASSIGN_TASK, EDIT_ROLE, ADD_SUBTASK, REMOVE_SUBTASK, REMOVE_WATCHER, DELETE_ROLE, CREATE_ROLE, REOPEN_TASK, ASSIGN_ROLE, EDIT_TASK, VIEW_USER]
2025-05-31 22:59:41 [http-nio-8081-exec-7] INFO  o.g.l.s.CustomUserDetailsService - loadUserByUsername: Searching for user: admin
2025-05-31 22:59:41 [http-nio-8081-exec-9] DEBUG o.s.s.w.a.AnonymousAuthenticationFilter - Set SecurityContextHolder to anonymous SecurityContext
2025-05-31 22:59:41 [http-nio-8081-exec-7] DEBUG o.s.o.j.SharedEntityManagerCreator$SharedEntityManagerInvocationHandler - Creating new EntityManager for shared EntityManager invocation
2025-05-31 22:59:41 [http-nio-8081-exec-9] DEBUG o.s.security.web.FilterChainProxy - Secured GET /api/auth/user/details
2025-05-31 22:59:41 [http-nio-8081-exec-9] DEBUG o.s.web.servlet.DispatcherServlet - GET "/api/auth/user/details", parameters={}
2025-05-31 22:59:41 [http-nio-8081-exec-9] DEBUG o.s.w.s.m.m.a.RequestMappingHandlerMapping - Mapped to org.guidewire.login.controller.AuthController#fetchUserDetails(List)
2025-05-31 22:59:41 [http-nio-8081-exec-9] DEBUG o.s.o.j.s.OpenEntityManagerInViewInterceptor - Opening JPA EntityManager in OpenEntityManagerInViewInterceptor
2025-05-31 22:59:41 [http-nio-8081-exec-9] DEBUG o.s.w.s.m.m.a.RequestResponseBodyMethodProcessor - Read "application/json;charset=UTF-8" to [[ce3ef1d5-ef3e-42b1-9ba6-fc808ad7eef5, 4bcced83-fb72-4ea7-8957-2db00dd6fc95, 3d480867-d12b-4c5f-a725 (truncated)...]
2025-05-31 22:59:41 [http-nio-8081-exec-9] INFO  o.g.login.controller.AuthController - fetchUserDetails: Fetching details for users with IDs: [ce3ef1d5-ef3e-42b1-9ba6-fc808ad7eef5, 4bcced83-fb72-4ea7-8957-2db00dd6fc95, 3d480867-d12b-4c5f-a725-da17dd7e5590, c00fda99-1472-4452-8b18-fb0273c2db55]
2025-05-31 22:59:41 [http-nio-8081-exec-9] DEBUG o.s.orm.jpa.JpaTransactionManager - Found thread-bound EntityManager [SessionImpl(1059302726<open>)] for JPA transaction
2025-05-31 22:59:41 [http-nio-8081-exec-9] DEBUG o.s.orm.jpa.JpaTransactionManager - Creating new transaction with name [org.springframework.data.jpa.repository.support.SimpleJpaRepository.findAllById]: PROPAGATION_REQUIRED,ISOLATION_DEFAULT,readOnly
2025-05-31 22:59:41 [http-nio-8081-exec-7] DEBUG org.hibernate.SQL - select u1_0.id,u1_0.created_at,u1_0.email,u1_0.password,u1_0.phone_number,u1_0.updated_at,u1_0.username from users u1_0 where u1_0.username=?
2025-05-31 22:59:41 [http-nio-8081-exec-9] DEBUG o.s.jdbc.datasource.DataSourceUtils - Setting JDBC Connection [HikariProxyConnection@619378711 wrapping org.postgresql.jdbc.PgConnection@c9b80dd] read-only
2025-05-31 22:59:41 [http-nio-8081-exec-9] DEBUG o.s.orm.jpa.JpaTransactionManager - Exposing JPA transaction as JDBC [org.springframework.orm.jpa.vendor.HibernateJpaDialect$HibernateConnectionHandle@393f1732]
2025-05-31 22:59:41 [http-nio-8081-exec-7] DEBUG org.hibernate.SQL - select r1_0.user_id,r1_1.id,r1_1.created_at,r1_1.name,p1_0.role_id,p1_1.id,p1_1.created_at,p1_1.description,p1_1.name,p1_1.updated_at,r1_1.updated_at from user_roles r1_0 join roles r1_1 on r1_1.id=r1_0.role_id left join role_permissions p1_0 on r1_1.id=p1_0.role_id left join permissions p1_1 on p1_1.id=p1_0.permission_id where r1_0.user_id=?
2025-05-31 22:59:41 [http-nio-8081-exec-9] DEBUG org.hibernate.SQL - select u1_0.id,u1_0.created_at,u1_0.email,u1_0.password,u1_0.phone_number,u1_0.updated_at,u1_0.username from users u1_0 where u1_0.id in (?,?,?,?)
2025-05-31 22:59:41 [http-nio-8081-exec-7] INFO  o.g.l.s.CustomUserDetailsService - loadUserByUsername: User admin found with roles: [org.guidewire.login.model.Role@40d63b50]
2025-05-31 22:59:41 [http-nio-8081-exec-7] INFO  o.g.login.security.CustomUserDetails - Initializing CustomUserDetails for user: admin
2025-05-31 22:59:41 [http-nio-8081-exec-7] DEBUG o.g.login.security.CustomUserDetails - User admin has roles: [ADMIN]
2025-05-31 22:59:41 [http-nio-8081-exec-7] DEBUG o.g.login.security.CustomUserDetails - User admin has permissions: [DELETE_TASK, EDIT_USER, CREATE_TASK, CREATE_USER, ADD_WATCHER, DELETE_USER, VIEW_DASHBOARD, VIEW_TASK, CLOSE_TASK, VIEW_ROLE, ASSIGN_TASK, COMMENT_TASK, EDIT_ROLE, ADD_SUBTASK, REMOVE_SUBTASK, DELETE_ROLE, REMOVE_WATCHER, CREATE_ROLE, REOPEN_TASK, ASSIGN_ROLE, EDIT_TASK, VIEW_USER]
2025-05-31 22:59:41 [http-nio-8081-exec-7] INFO  o.g.login.security.CustomUserDetails - CustomUserDetails initialized successfully for user: admin
2025-05-31 22:59:41 [http-nio-8081-exec-9] DEBUG org.hibernate.SQL - select r1_0.user_id,r1_1.id,r1_1.created_at,r1_1.name,p1_0.role_id,p1_1.id,p1_1.created_at,p1_1.description,p1_1.name,p1_1.updated_at,r1_1.updated_at from user_roles r1_0 join roles r1_1 on r1_1.id=r1_0.role_id left join role_permissions p1_0 on r1_1.id=p1_0.role_id left join permissions p1_1 on p1_1.id=p1_0.permission_id where r1_0.user_id=?
2025-05-31 22:59:41 [http-nio-8081-exec-9] DEBUG org.hibernate.SQL - select r1_0.user_id,r1_1.id,r1_1.created_at,r1_1.name,p1_0.role_id,p1_1.id,p1_1.created_at,p1_1.description,p1_1.name,p1_1.updated_at,r1_1.updated_at from user_roles r1_0 join roles r1_1 on r1_1.id=r1_0.role_id left join role_permissions p1_0 on r1_1.id=p1_0.role_id left join permissions p1_1 on p1_1.id=p1_0.permission_id where r1_0.user_id=?
2025-05-31 22:59:41 [http-nio-8081-exec-7] INFO  o.guidewire.login.security.JwtUtil - validateToken:JWT validated successfully for user: admin
2025-05-31 22:59:41 [http-nio-8081-exec-7] INFO  o.g.l.s.JwtAuthenticationFilter - doFilterInternal: Authentication successful for user 'admin'. Authorities: [ROLE_ADMIN, DELETE_TASK, EDIT_USER, CREATE_TASK, CREATE_USER, VIEW_DASHBOARD, ADD_WATCHER, DELETE_USER, VIEW_TASK, VIEW_ROLE, CLOSE_TASK, COMMENT_TASK, ASSIGN_TASK, EDIT_ROLE, ADD_SUBTASK, REMOVE_SUBTASK, REMOVE_WATCHER, DELETE_ROLE, CREATE_ROLE, REOPEN_TASK, ASSIGN_ROLE, EDIT_TASK, VIEW_USER]
2025-05-31 22:59:41 [http-nio-8081-exec-7] DEBUG o.s.security.web.FilterChainProxy - Secured GET /api/auth/user/details
2025-05-31 22:59:41 [http-nio-8081-exec-7] DEBUG o.s.web.servlet.DispatcherServlet - GET "/api/auth/user/details", parameters={}
2025-05-31 22:59:41 [http-nio-8081-exec-9] DEBUG org.hibernate.SQL - select r1_0.user_id,r1_1.id,r1_1.created_at,r1_1.name,p1_0.role_id,p1_1.id,p1_1.created_at,p1_1.description,p1_1.name,p1_1.updated_at,r1_1.updated_at from user_roles r1_0 join roles r1_1 on r1_1.id=r1_0.role_id left join role_permissions p1_0 on r1_1.id=p1_0.role_id left join permissions p1_1 on p1_1.id=p1_0.permission_id where r1_0.user_id=?
2025-05-31 22:59:41 [http-nio-8081-exec-7] DEBUG o.s.w.s.m.m.a.RequestMappingHandlerMapping - Mapped to org.guidewire.login.controller.AuthController#fetchUserDetails(List)
2025-05-31 22:59:41 [http-nio-8081-exec-7] DEBUG o.s.o.j.s.OpenEntityManagerInViewInterceptor - Opening JPA EntityManager in OpenEntityManagerInViewInterceptor
2025-05-31 22:59:41 [http-nio-8081-exec-9] DEBUG org.hibernate.SQL - select r1_0.user_id,r1_1.id,r1_1.created_at,r1_1.name,p1_0.role_id,p1_1.id,p1_1.created_at,p1_1.description,p1_1.name,p1_1.updated_at,r1_1.updated_at from user_roles r1_0 join roles r1_1 on r1_1.id=r1_0.role_id left join role_permissions p1_0 on r1_1.id=p1_0.role_id left join permissions p1_1 on p1_1.id=p1_0.permission_id where r1_0.user_id=?
2025-05-31 22:59:41 [http-nio-8081-exec-7] DEBUG o.s.w.s.m.m.a.RequestResponseBodyMethodProcessor - Read "application/json;charset=UTF-8" to [[3d480867-d12b-4c5f-a725-da17dd7e5590]]
2025-05-31 22:59:41 [http-nio-8081-exec-7] INFO  o.g.login.controller.AuthController - fetchUserDetails: Fetching details for users with IDs: [3d480867-d12b-4c5f-a725-da17dd7e5590]
2025-05-31 22:59:41 [http-nio-8081-exec-7] DEBUG o.s.orm.jpa.JpaTransactionManager - Found thread-bound EntityManager [SessionImpl(119057013<open>)] for JPA transaction
2025-05-31 22:59:41 [http-nio-8081-exec-7] DEBUG o.s.orm.jpa.JpaTransactionManager - Creating new transaction with name [org.springframework.data.jpa.repository.support.SimpleJpaRepository.findAllById]: PROPAGATION_REQUIRED,ISOLATION_DEFAULT,readOnly
2025-05-31 22:59:41 [http-nio-8081-exec-7] DEBUG o.s.jdbc.datasource.DataSourceUtils - Setting JDBC Connection [HikariProxyConnection@220668966 wrapping org.postgresql.jdbc.PgConnection@12519cfc] read-only
2025-05-31 22:59:41 [http-nio-8081-exec-7] DEBUG o.s.orm.jpa.JpaTransactionManager - Exposing JPA transaction as JDBC [org.springframework.orm.jpa.vendor.HibernateJpaDialect$HibernateConnectionHandle@38fc65dc]
2025-05-31 22:59:41 [http-nio-8081-exec-9] DEBUG o.s.orm.jpa.JpaTransactionManager - Initiating transaction commit
2025-05-31 22:59:41 [http-nio-8081-exec-9] DEBUG o.s.orm.jpa.JpaTransactionManager - Committing JPA transaction on EntityManager [SessionImpl(1059302726<open>)]
2025-05-31 22:59:41 [http-nio-8081-exec-9] DEBUG o.s.jdbc.datasource.DataSourceUtils - Resetting read-only flag of JDBC Connection [HikariProxyConnection@619378711 wrapping org.postgresql.jdbc.PgConnection@c9b80dd]
2025-05-31 22:59:41 [http-nio-8081-exec-9] DEBUG o.s.orm.jpa.JpaTransactionManager - Not closing pre-bound JPA EntityManager after transaction
2025-05-31 22:59:41 [http-nio-8081-exec-9] INFO  o.g.login.controller.AuthController - fetchUserDetails: Returning user details for users: [org.guidewire.login.dto.responses.UserResponse@6ccb2124, org.guidewire.login.dto.responses.UserResponse@89200a6, org.guidewire.login.dto.responses.UserResponse@6bc59ae1, org.guidewire.login.dto.responses.UserResponse@4c53057]
2025-05-31 22:59:41 [http-nio-8081-exec-9] DEBUG o.s.w.s.m.m.a.HttpEntityMethodProcessor - Using 'application/json', given [*/*] and supported [application/json, application/*+json]
2025-05-31 22:59:41 [http-nio-8081-exec-9] DEBUG o.s.w.s.m.m.a.HttpEntityMethodProcessor - Writing [[org.guidewire.login.dto.responses.UserResponse@6ccb2124, org.guidewire.login.dto.responses.UserResp (truncated)...]
2025-05-31 22:59:41 [http-nio-8081-exec-7] DEBUG org.hibernate.SQL - select u1_0.id,u1_0.created_at,u1_0.email,u1_0.password,u1_0.phone_number,u1_0.updated_at,u1_0.username from users u1_0 where u1_0.id in (?)
2025-05-31 22:59:41 [http-nio-8081-exec-9] DEBUG o.s.o.j.s.OpenEntityManagerInViewInterceptor - Closing JPA EntityManager in OpenEntityManagerInViewInterceptor
2025-05-31 22:59:41 [http-nio-8081-exec-9] DEBUG o.s.web.servlet.DispatcherServlet - Completed 200 OK
2025-05-31 22:59:41 [http-nio-8081-exec-7] DEBUG org.hibernate.SQL - select r1_0.user_id,r1_1.id,r1_1.created_at,r1_1.name,p1_0.role_id,p1_1.id,p1_1.created_at,p1_1.description,p1_1.name,p1_1.updated_at,r1_1.updated_at from user_roles r1_0 join roles r1_1 on r1_1.id=r1_0.role_id left join role_permissions p1_0 on r1_1.id=p1_0.role_id left join permissions p1_1 on p1_1.id=p1_0.permission_id where r1_0.user_id=?
2025-05-31 22:59:41 [http-nio-8081-exec-7] DEBUG o.s.orm.jpa.JpaTransactionManager - Initiating transaction commit
2025-05-31 22:59:41 [http-nio-8081-exec-7] DEBUG o.s.orm.jpa.JpaTransactionManager - Committing JPA transaction on EntityManager [SessionImpl(119057013<open>)]
2025-05-31 22:59:41 [http-nio-8081-exec-7] DEBUG o.s.jdbc.datasource.DataSourceUtils - Resetting read-only flag of JDBC Connection [HikariProxyConnection@220668966 wrapping org.postgresql.jdbc.PgConnection@12519cfc]
2025-05-31 22:59:41 [http-nio-8081-exec-7] DEBUG o.s.orm.jpa.JpaTransactionManager - Not closing pre-bound JPA EntityManager after transaction
2025-05-31 22:59:41 [http-nio-8081-exec-7] INFO  o.g.login.controller.AuthController - fetchUserDetails: Returning user details for users: [org.guidewire.login.dto.responses.UserResponse@4a8182b]
2025-05-31 22:59:41 [http-nio-8081-exec-7] DEBUG o.s.w.s.m.m.a.HttpEntityMethodProcessor - Using 'application/json', given [*/*] and supported [application/json, application/*+json]
2025-05-31 22:59:41 [http-nio-8081-exec-7] DEBUG o.s.w.s.m.m.a.HttpEntityMethodProcessor - Writing [[org.guidewire.login.dto.responses.UserResponse@4a8182b]]
2025-05-31 22:59:41 [http-nio-8081-exec-7] DEBUG o.s.o.j.s.OpenEntityManagerInViewInterceptor - Closing JPA EntityManager in OpenEntityManagerInViewInterceptor
2025-05-31 22:59:41 [http-nio-8081-exec-7] DEBUG o.s.web.servlet.DispatcherServlet - Completed 200 OK
2025-05-31 22:59:41 [http-nio-8081-exec-8] DEBUG o.s.security.web.FilterChainProxy - Securing GET /api/auth/user/details
2025-05-31 22:59:41 [http-nio-8081-exec-8] INFO  o.g.l.s.JwtAuthenticationFilter - doFilterInternal: Extracted username 'admin' with roles [ADMIN] and permissions [DELETE_TASK, EDIT_USER, CREATE_TASK, CREATE_USER, VIEW_DASHBOARD, ADD_WATCHER, DELETE_USER, VIEW_TASK, VIEW_ROLE, CLOSE_TASK, COMMENT_TASK, ASSIGN_TASK, EDIT_ROLE, ADD_SUBTASK, REMOVE_SUBTASK, REMOVE_WATCHER, DELETE_ROLE, CREATE_ROLE, REOPEN_TASK, ASSIGN_ROLE, EDIT_TASK, VIEW_USER]
2025-05-31 22:59:41 [http-nio-8081-exec-8] INFO  o.g.l.s.CustomUserDetailsService - loadUserByUsername: Searching for user: admin
2025-05-31 22:59:41 [http-nio-8081-exec-8] DEBUG o.s.o.j.SharedEntityManagerCreator$SharedEntityManagerInvocationHandler - Creating new EntityManager for shared EntityManager invocation
2025-05-31 22:59:41 [http-nio-8081-exec-8] DEBUG org.hibernate.SQL - select u1_0.id,u1_0.created_at,u1_0.email,u1_0.password,u1_0.phone_number,u1_0.updated_at,u1_0.username from users u1_0 where u1_0.username=?
2025-05-31 22:59:41 [http-nio-8081-exec-8] DEBUG org.hibernate.SQL - select r1_0.user_id,r1_1.id,r1_1.created_at,r1_1.name,p1_0.role_id,p1_1.id,p1_1.created_at,p1_1.description,p1_1.name,p1_1.updated_at,r1_1.updated_at from user_roles r1_0 join roles r1_1 on r1_1.id=r1_0.role_id left join role_permissions p1_0 on r1_1.id=p1_0.role_id left join permissions p1_1 on p1_1.id=p1_0.permission_id where r1_0.user_id=?
2025-05-31 22:59:41 [http-nio-8081-exec-8] INFO  o.g.l.s.CustomUserDetailsService - loadUserByUsername: User admin found with roles: [org.guidewire.login.model.Role@6f308567]
2025-05-31 22:59:41 [http-nio-8081-exec-8] INFO  o.g.login.security.CustomUserDetails - Initializing CustomUserDetails for user: admin
2025-05-31 22:59:41 [http-nio-8081-exec-8] DEBUG o.g.login.security.CustomUserDetails - User admin has roles: [ADMIN]
2025-05-31 22:59:41 [http-nio-8081-exec-8] DEBUG o.g.login.security.CustomUserDetails - User admin has permissions: [DELETE_TASK, EDIT_USER, CREATE_TASK, CREATE_USER, ADD_WATCHER, DELETE_USER, VIEW_DASHBOARD, VIEW_TASK, CLOSE_TASK, VIEW_ROLE, ASSIGN_TASK, COMMENT_TASK, EDIT_ROLE, ADD_SUBTASK, REMOVE_SUBTASK, DELETE_ROLE, REMOVE_WATCHER, CREATE_ROLE, REOPEN_TASK, ASSIGN_ROLE, EDIT_TASK, VIEW_USER]
2025-05-31 22:59:41 [http-nio-8081-exec-8] INFO  o.g.login.security.CustomUserDetails - CustomUserDetails initialized successfully for user: admin
2025-05-31 22:59:41 [http-nio-8081-exec-8] INFO  o.guidewire.login.security.JwtUtil - validateToken:JWT validated successfully for user: admin
2025-05-31 22:59:41 [http-nio-8081-exec-8] INFO  o.g.l.s.JwtAuthenticationFilter - doFilterInternal: Authentication successful for user 'admin'. Authorities: [ROLE_ADMIN, DELETE_TASK, EDIT_USER, CREATE_TASK, CREATE_USER, VIEW_DASHBOARD, ADD_WATCHER, DELETE_USER, VIEW_TASK, VIEW_ROLE, CLOSE_TASK, COMMENT_TASK, ASSIGN_TASK, EDIT_ROLE, ADD_SUBTASK, REMOVE_SUBTASK, REMOVE_WATCHER, DELETE_ROLE, CREATE_ROLE, REOPEN_TASK, ASSIGN_ROLE, EDIT_TASK, VIEW_USER]
2025-05-31 22:59:41 [http-nio-8081-exec-8] DEBUG o.s.security.web.FilterChainProxy - Secured GET /api/auth/user/details
2025-05-31 22:59:41 [http-nio-8081-exec-8] DEBUG o.s.web.servlet.DispatcherServlet - GET "/api/auth/user/details", parameters={}
2025-05-31 22:59:41 [http-nio-8081-exec-8] DEBUG o.s.w.s.m.m.a.RequestMappingHandlerMapping - Mapped to org.guidewire.login.controller.AuthController#fetchUserDetails(List)
2025-05-31 22:59:41 [http-nio-8081-exec-8] DEBUG o.s.o.j.s.OpenEntityManagerInViewInterceptor - Opening JPA EntityManager in OpenEntityManagerInViewInterceptor
2025-05-31 22:59:41 [http-nio-8081-exec-8] DEBUG o.s.w.s.m.m.a.RequestResponseBodyMethodProcessor - Read "application/json;charset=UTF-8" to [[3d480867-d12b-4c5f-a725-da17dd7e5590]]
2025-05-31 22:59:41 [http-nio-8081-exec-8] INFO  o.g.login.controller.AuthController - fetchUserDetails: Fetching details for users with IDs: [3d480867-d12b-4c5f-a725-da17dd7e5590]
2025-05-31 22:59:41 [http-nio-8081-exec-8] DEBUG o.s.orm.jpa.JpaTransactionManager - Found thread-bound EntityManager [SessionImpl(1408998775<open>)] for JPA transaction
2025-05-31 22:59:41 [http-nio-8081-exec-8] DEBUG o.s.orm.jpa.JpaTransactionManager - Creating new transaction with name [org.springframework.data.jpa.repository.support.SimpleJpaRepository.findAllById]: PROPAGATION_REQUIRED,ISOLATION_DEFAULT,readOnly
2025-05-31 22:59:41 [http-nio-8081-exec-8] DEBUG o.s.jdbc.datasource.DataSourceUtils - Setting JDBC Connection [HikariProxyConnection@1071263729 wrapping org.postgresql.jdbc.PgConnection@c9b80dd] read-only
2025-05-31 22:59:41 [http-nio-8081-exec-8] DEBUG o.s.orm.jpa.JpaTransactionManager - Exposing JPA transaction as JDBC [org.springframework.orm.jpa.vendor.HibernateJpaDialect$HibernateConnectionHandle@4feaeace]
2025-05-31 22:59:41 [http-nio-8081-exec-8] DEBUG org.hibernate.SQL - select u1_0.id,u1_0.created_at,u1_0.email,u1_0.password,u1_0.phone_number,u1_0.updated_at,u1_0.username from users u1_0 where u1_0.id in (?)
2025-05-31 22:59:41 [http-nio-8081-exec-8] DEBUG org.hibernate.SQL - select r1_0.user_id,r1_1.id,r1_1.created_at,r1_1.name,p1_0.role_id,p1_1.id,p1_1.created_at,p1_1.description,p1_1.name,p1_1.updated_at,r1_1.updated_at from user_roles r1_0 join roles r1_1 on r1_1.id=r1_0.role_id left join role_permissions p1_0 on r1_1.id=p1_0.role_id left join permissions p1_1 on p1_1.id=p1_0.permission_id where r1_0.user_id=?
2025-05-31 22:59:41 [http-nio-8081-exec-8] DEBUG o.s.orm.jpa.JpaTransactionManager - Initiating transaction commit
2025-05-31 22:59:41 [http-nio-8081-exec-8] DEBUG o.s.orm.jpa.JpaTransactionManager - Committing JPA transaction on EntityManager [SessionImpl(1408998775<open>)]
2025-05-31 22:59:41 [http-nio-8081-exec-8] DEBUG o.s.jdbc.datasource.DataSourceUtils - Resetting read-only flag of JDBC Connection [HikariProxyConnection@1071263729 wrapping org.postgresql.jdbc.PgConnection@c9b80dd]
2025-05-31 22:59:41 [http-nio-8081-exec-8] DEBUG o.s.orm.jpa.JpaTransactionManager - Not closing pre-bound JPA EntityManager after transaction
2025-05-31 22:59:41 [http-nio-8081-exec-8] INFO  o.g.login.controller.AuthController - fetchUserDetails: Returning user details for users: [org.guidewire.login.dto.responses.UserResponse@4c7a71e6]
2025-05-31 22:59:41 [http-nio-8081-exec-8] DEBUG o.s.w.s.m.m.a.HttpEntityMethodProcessor - Using 'application/json', given [*/*] and supported [application/json, application/*+json]
2025-05-31 22:59:41 [http-nio-8081-exec-8] DEBUG o.s.w.s.m.m.a.HttpEntityMethodProcessor - Writing [[org.guidewire.login.dto.responses.UserResponse@4c7a71e6]]
2025-05-31 22:59:41 [http-nio-8081-exec-8] DEBUG o.s.o.j.s.OpenEntityManagerInViewInterceptor - Closing JPA EntityManager in OpenEntityManagerInViewInterceptor
2025-05-31 22:59:41 [http-nio-8081-exec-8] DEBUG o.s.web.servlet.DispatcherServlet - Completed 200 OK
2025-05-31 23:00:37 [http-nio-8081-exec-10] DEBUG o.s.security.web.FilterChainProxy - Securing GET /api/auth/users/list
2025-05-31 23:00:37 [http-nio-8081-exec-10] INFO  o.g.l.s.JwtAuthenticationFilter - doFilterInternal: Extracted username 'admin' with roles [ADMIN] and permissions [DELETE_TASK, EDIT_USER, CREATE_TASK, CREATE_USER, VIEW_DASHBOARD, ADD_WATCHER, DELETE_USER, VIEW_TASK, VIEW_ROLE, CLOSE_TASK, COMMENT_TASK, ASSIGN_TASK, EDIT_ROLE, ADD_SUBTASK, REMOVE_SUBTASK, REMOVE_WATCHER, DELETE_ROLE, CREATE_ROLE, REOPEN_TASK, ASSIGN_ROLE, EDIT_TASK, VIEW_USER]
2025-05-31 23:00:37 [http-nio-8081-exec-10] INFO  o.g.l.s.CustomUserDetailsService - loadUserByUsername: Searching for user: admin
2025-05-31 23:00:37 [http-nio-8081-exec-10] DEBUG o.s.o.j.SharedEntityManagerCreator$SharedEntityManagerInvocationHandler - Creating new EntityManager for shared EntityManager invocation
2025-05-31 23:00:37 [http-nio-8081-exec-10] DEBUG org.hibernate.SQL - select u1_0.id,u1_0.created_at,u1_0.email,u1_0.password,u1_0.phone_number,u1_0.updated_at,u1_0.username from users u1_0 where u1_0.username=?
2025-05-31 23:00:37 [http-nio-8081-exec-10] DEBUG org.hibernate.SQL - select r1_0.user_id,r1_1.id,r1_1.created_at,r1_1.name,p1_0.role_id,p1_1.id,p1_1.created_at,p1_1.description,p1_1.name,p1_1.updated_at,r1_1.updated_at from user_roles r1_0 join roles r1_1 on r1_1.id=r1_0.role_id left join role_permissions p1_0 on r1_1.id=p1_0.role_id left join permissions p1_1 on p1_1.id=p1_0.permission_id where r1_0.user_id=?
2025-05-31 23:00:37 [http-nio-8081-exec-10] INFO  o.g.l.s.CustomUserDetailsService - loadUserByUsername: User admin found with roles: [org.guidewire.login.model.Role@1d72de65]
2025-05-31 23:00:37 [http-nio-8081-exec-10] INFO  o.g.login.security.CustomUserDetails - Initializing CustomUserDetails for user: admin
2025-05-31 23:00:37 [http-nio-8081-exec-10] DEBUG o.g.login.security.CustomUserDetails - User admin has roles: [ADMIN]
2025-05-31 23:00:37 [http-nio-8081-exec-10] DEBUG o.g.login.security.CustomUserDetails - User admin has permissions: [DELETE_TASK, EDIT_USER, CREATE_TASK, CREATE_USER, ADD_WATCHER, VIEW_DASHBOARD, DELETE_USER, CLOSE_TASK, VIEW_TASK, VIEW_ROLE, COMMENT_TASK, ASSIGN_TASK, EDIT_ROLE, ADD_SUBTASK, REMOVE_SUBTASK, REMOVE_WATCHER, DELETE_ROLE, CREATE_ROLE, REOPEN_TASK, ASSIGN_ROLE, EDIT_TASK, VIEW_USER]
2025-05-31 23:00:37 [http-nio-8081-exec-10] INFO  o.g.login.security.CustomUserDetails - CustomUserDetails initialized successfully for user: admin
2025-05-31 23:00:37 [http-nio-8081-exec-10] INFO  o.guidewire.login.security.JwtUtil - validateToken:JWT validated successfully for user: admin
2025-05-31 23:00:37 [http-nio-8081-exec-10] INFO  o.g.l.s.JwtAuthenticationFilter - doFilterInternal: Authentication successful for user 'admin'. Authorities: [ROLE_ADMIN, DELETE_TASK, EDIT_USER, CREATE_TASK, CREATE_USER, VIEW_DASHBOARD, ADD_WATCHER, DELETE_USER, VIEW_TASK, VIEW_ROLE, CLOSE_TASK, COMMENT_TASK, ASSIGN_TASK, EDIT_ROLE, ADD_SUBTASK, REMOVE_SUBTASK, REMOVE_WATCHER, DELETE_ROLE, CREATE_ROLE, REOPEN_TASK, ASSIGN_ROLE, EDIT_TASK, VIEW_USER]
2025-05-31 23:00:37 [http-nio-8081-exec-10] DEBUG o.s.security.web.FilterChainProxy - Secured GET /api/auth/users/list
2025-05-31 23:00:37 [http-nio-8081-exec-10] DEBUG o.s.web.servlet.DispatcherServlet - GET "/api/auth/users/list", parameters={}
2025-05-31 23:00:37 [http-nio-8081-exec-10] DEBUG o.s.w.s.m.m.a.RequestMappingHandlerMapping - Mapped to org.guidewire.login.controller.UserController#getAllUsers()
2025-05-31 23:00:37 [http-nio-8081-exec-10] DEBUG o.s.o.j.s.OpenEntityManagerInViewInterceptor - Opening JPA EntityManager in OpenEntityManagerInViewInterceptor
2025-05-31 23:00:37 [http-nio-8081-exec-10] INFO  o.g.login.services.UserService - getAllUsers: Fetching all users from the database.
2025-05-31 23:00:37 [http-nio-8081-exec-10] DEBUG o.s.orm.jpa.JpaTransactionManager - Found thread-bound EntityManager [SessionImpl(1701080671<open>)] for JPA transaction
2025-05-31 23:00:37 [http-nio-8081-exec-10] DEBUG o.s.orm.jpa.JpaTransactionManager - Creating new transaction with name [org.springframework.data.jpa.repository.support.SimpleJpaRepository.findAll]: PROPAGATION_REQUIRED,ISOLATION_DEFAULT,readOnly
2025-05-31 23:00:37 [http-nio-8081-exec-10] DEBUG o.s.jdbc.datasource.DataSourceUtils - Setting JDBC Connection [HikariProxyConnection@536425019 wrapping org.postgresql.jdbc.PgConnection@c9b80dd] read-only
2025-05-31 23:00:37 [http-nio-8081-exec-10] DEBUG o.s.orm.jpa.JpaTransactionManager - Exposing JPA transaction as JDBC [org.springframework.orm.jpa.vendor.HibernateJpaDialect$HibernateConnectionHandle@ea3b26]
2025-05-31 23:00:37 [http-nio-8081-exec-10] DEBUG org.hibernate.SQL - select u1_0.id,u1_0.created_at,u1_0.email,u1_0.password,u1_0.phone_number,u1_0.updated_at,u1_0.username from users u1_0
2025-05-31 23:00:37 [http-nio-8081-exec-10] DEBUG org.hibernate.SQL - select r1_0.user_id,r1_1.id,r1_1.created_at,r1_1.name,p1_0.role_id,p1_1.id,p1_1.created_at,p1_1.description,p1_1.name,p1_1.updated_at,r1_1.updated_at from user_roles r1_0 join roles r1_1 on r1_1.id=r1_0.role_id left join role_permissions p1_0 on r1_1.id=p1_0.role_id left join permissions p1_1 on p1_1.id=p1_0.permission_id where r1_0.user_id=?
2025-05-31 23:00:37 [http-nio-8081-exec-10] DEBUG org.hibernate.SQL - select r1_0.user_id,r1_1.id,r1_1.created_at,r1_1.name,p1_0.role_id,p1_1.id,p1_1.created_at,p1_1.description,p1_1.name,p1_1.updated_at,r1_1.updated_at from user_roles r1_0 join roles r1_1 on r1_1.id=r1_0.role_id left join role_permissions p1_0 on r1_1.id=p1_0.role_id left join permissions p1_1 on p1_1.id=p1_0.permission_id where r1_0.user_id=?
2025-05-31 23:00:37 [http-nio-8081-exec-10] DEBUG org.hibernate.SQL - select r1_0.user_id,r1_1.id,r1_1.created_at,r1_1.name,p1_0.role_id,p1_1.id,p1_1.created_at,p1_1.description,p1_1.name,p1_1.updated_at,r1_1.updated_at from user_roles r1_0 join roles r1_1 on r1_1.id=r1_0.role_id left join role_permissions p1_0 on r1_1.id=p1_0.role_id left join permissions p1_1 on p1_1.id=p1_0.permission_id where r1_0.user_id=?
2025-05-31 23:00:37 [http-nio-8081-exec-10] DEBUG org.hibernate.SQL - select r1_0.user_id,r1_1.id,r1_1.created_at,r1_1.name,p1_0.role_id,p1_1.id,p1_1.created_at,p1_1.description,p1_1.name,p1_1.updated_at,r1_1.updated_at from user_roles r1_0 join roles r1_1 on r1_1.id=r1_0.role_id left join role_permissions p1_0 on r1_1.id=p1_0.role_id left join permissions p1_1 on p1_1.id=p1_0.permission_id where r1_0.user_id=?
2025-05-31 23:00:37 [http-nio-8081-exec-10] DEBUG org.hibernate.SQL - select r1_0.user_id,r1_1.id,r1_1.created_at,r1_1.name,p1_0.role_id,p1_1.id,p1_1.created_at,p1_1.description,p1_1.name,p1_1.updated_at,r1_1.updated_at from user_roles r1_0 join roles r1_1 on r1_1.id=r1_0.role_id left join role_permissions p1_0 on r1_1.id=p1_0.role_id left join permissions p1_1 on p1_1.id=p1_0.permission_id where r1_0.user_id=?
2025-05-31 23:00:37 [http-nio-8081-exec-10] DEBUG org.hibernate.SQL - select r1_0.user_id,r1_1.id,r1_1.created_at,r1_1.name,p1_0.role_id,p1_1.id,p1_1.created_at,p1_1.description,p1_1.name,p1_1.updated_at,r1_1.updated_at from user_roles r1_0 join roles r1_1 on r1_1.id=r1_0.role_id left join role_permissions p1_0 on r1_1.id=p1_0.role_id left join permissions p1_1 on p1_1.id=p1_0.permission_id where r1_0.user_id=?
2025-05-31 23:00:37 [http-nio-8081-exec-10] DEBUG o.s.orm.jpa.JpaTransactionManager - Initiating transaction commit
2025-05-31 23:00:37 [http-nio-8081-exec-10] DEBUG o.s.orm.jpa.JpaTransactionManager - Committing JPA transaction on EntityManager [SessionImpl(1701080671<open>)]
2025-05-31 23:00:37 [http-nio-8081-exec-10] DEBUG o.s.jdbc.datasource.DataSourceUtils - Resetting read-only flag of JDBC Connection [HikariProxyConnection@536425019 wrapping org.postgresql.jdbc.PgConnection@c9b80dd]
2025-05-31 23:00:37 [http-nio-8081-exec-10] DEBUG o.s.orm.jpa.JpaTransactionManager - Not closing pre-bound JPA EntityManager after transaction
2025-05-31 23:00:37 [http-nio-8081-exec-10] INFO  o.g.login.services.UserService - getAllUsers: Retrieved 6 users.
2025-05-31 23:00:37 [http-nio-8081-exec-10] DEBUG o.s.w.s.m.m.a.HttpEntityMethodProcessor - Using 'application/json', given [*/*] and supported [application/json, application/*+json]
2025-05-31 23:00:37 [http-nio-8081-exec-10] DEBUG o.s.w.s.m.m.a.HttpEntityMethodProcessor - Writing [[org.guidewire.login.dto.responses.UserResponse@26e98ce1, org.guidewire.login.dto.responses.UserResp (truncated)...]
2025-05-31 23:00:37 [http-nio-8081-exec-10] DEBUG o.s.o.j.s.OpenEntityManagerInViewInterceptor - Closing JPA EntityManager in OpenEntityManagerInViewInterceptor
2025-05-31 23:00:37 [http-nio-8081-exec-10] DEBUG o.s.web.servlet.DispatcherServlet - Completed 200 OK
2025-05-31 23:00:38 [http-nio-8081-exec-2] DEBUG o.s.security.web.FilterChainProxy - Securing GET /api/auth/user/details
2025-05-31 23:00:38 [http-nio-8081-exec-2] DEBUG o.g.l.s.JwtAuthenticationFilter - doFilterInternal: No valid Authorization header found, skipping JWT processing.
2025-05-31 23:00:38 [http-nio-8081-exec-2] DEBUG o.s.s.w.a.AnonymousAuthenticationFilter - Set SecurityContextHolder to anonymous SecurityContext
2025-05-31 23:00:38 [http-nio-8081-exec-2] DEBUG o.s.security.web.FilterChainProxy - Secured GET /api/auth/user/details
2025-05-31 23:00:38 [http-nio-8081-exec-2] DEBUG o.s.web.servlet.DispatcherServlet - GET "/api/auth/user/details", parameters={}
2025-05-31 23:00:38 [http-nio-8081-exec-2] DEBUG o.s.w.s.m.m.a.RequestMappingHandlerMapping - Mapped to org.guidewire.login.controller.AuthController#fetchUserDetails(List)
2025-05-31 23:00:38 [http-nio-8081-exec-2] DEBUG o.s.o.j.s.OpenEntityManagerInViewInterceptor - Opening JPA EntityManager in OpenEntityManagerInViewInterceptor
2025-05-31 23:00:38 [http-nio-8081-exec-2] DEBUG o.s.w.s.m.m.a.RequestResponseBodyMethodProcessor - Read "application/json;charset=UTF-8" to [[4bcced83-fb72-4ea7-8957-2db00dd6fc95, c00fda99-1472-4452-8b18-fb0273c2db55]]
2025-05-31 23:00:38 [http-nio-8081-exec-2] INFO  o.g.login.controller.AuthController - fetchUserDetails: Fetching details for users with IDs: [4bcced83-fb72-4ea7-8957-2db00dd6fc95, c00fda99-1472-4452-8b18-fb0273c2db55]
2025-05-31 23:00:38 [http-nio-8081-exec-2] DEBUG o.s.orm.jpa.JpaTransactionManager - Found thread-bound EntityManager [SessionImpl(1206047278<open>)] for JPA transaction
2025-05-31 23:00:38 [http-nio-8081-exec-2] DEBUG o.s.orm.jpa.JpaTransactionManager - Creating new transaction with name [org.springframework.data.jpa.repository.support.SimpleJpaRepository.findAllById]: PROPAGATION_REQUIRED,ISOLATION_DEFAULT,readOnly
2025-05-31 23:00:38 [http-nio-8081-exec-2] DEBUG o.s.jdbc.datasource.DataSourceUtils - Setting JDBC Connection [HikariProxyConnection@1344451494 wrapping org.postgresql.jdbc.PgConnection@c9b80dd] read-only
2025-05-31 23:00:38 [http-nio-8081-exec-2] DEBUG o.s.orm.jpa.JpaTransactionManager - Exposing JPA transaction as JDBC [org.springframework.orm.jpa.vendor.HibernateJpaDialect$HibernateConnectionHandle@5860e963]
2025-05-31 23:00:38 [http-nio-8081-exec-2] DEBUG org.hibernate.SQL - select u1_0.id,u1_0.created_at,u1_0.email,u1_0.password,u1_0.phone_number,u1_0.updated_at,u1_0.username from users u1_0 where u1_0.id in (?,?)
2025-05-31 23:00:38 [http-nio-8081-exec-2] DEBUG org.hibernate.SQL - select r1_0.user_id,r1_1.id,r1_1.created_at,r1_1.name,p1_0.role_id,p1_1.id,p1_1.created_at,p1_1.description,p1_1.name,p1_1.updated_at,r1_1.updated_at from user_roles r1_0 join roles r1_1 on r1_1.id=r1_0.role_id left join role_permissions p1_0 on r1_1.id=p1_0.role_id left join permissions p1_1 on p1_1.id=p1_0.permission_id where r1_0.user_id=?
2025-05-31 23:00:38 [http-nio-8081-exec-2] DEBUG org.hibernate.SQL - select r1_0.user_id,r1_1.id,r1_1.created_at,r1_1.name,p1_0.role_id,p1_1.id,p1_1.created_at,p1_1.description,p1_1.name,p1_1.updated_at,r1_1.updated_at from user_roles r1_0 join roles r1_1 on r1_1.id=r1_0.role_id left join role_permissions p1_0 on r1_1.id=p1_0.role_id left join permissions p1_1 on p1_1.id=p1_0.permission_id where r1_0.user_id=?
2025-05-31 23:00:38 [http-nio-8081-exec-2] DEBUG o.s.orm.jpa.JpaTransactionManager - Initiating transaction commit
2025-05-31 23:00:38 [http-nio-8081-exec-2] DEBUG o.s.orm.jpa.JpaTransactionManager - Committing JPA transaction on EntityManager [SessionImpl(1206047278<open>)]
2025-05-31 23:00:38 [http-nio-8081-exec-2] DEBUG o.s.jdbc.datasource.DataSourceUtils - Resetting read-only flag of JDBC Connection [HikariProxyConnection@1344451494 wrapping org.postgresql.jdbc.PgConnection@c9b80dd]
2025-05-31 23:00:38 [http-nio-8081-exec-2] DEBUG o.s.orm.jpa.JpaTransactionManager - Not closing pre-bound JPA EntityManager after transaction
2025-05-31 23:00:38 [http-nio-8081-exec-2] INFO  o.g.login.controller.AuthController - fetchUserDetails: Returning user details for users: [org.guidewire.login.dto.responses.UserResponse@20768097, org.guidewire.login.dto.responses.UserResponse@6bda1a45]
2025-05-31 23:00:38 [http-nio-8081-exec-2] DEBUG o.s.w.s.m.m.a.HttpEntityMethodProcessor - Using 'application/json', given [*/*] and supported [application/json, application/*+json]
2025-05-31 23:00:38 [http-nio-8081-exec-2] DEBUG o.s.w.s.m.m.a.HttpEntityMethodProcessor - Writing [[org.guidewire.login.dto.responses.UserResponse@20768097, org.guidewire.login.dto.responses.UserResp (truncated)...]
2025-05-31 23:00:38 [http-nio-8081-exec-2] DEBUG o.s.o.j.s.OpenEntityManagerInViewInterceptor - Closing JPA EntityManager in OpenEntityManagerInViewInterceptor
2025-05-31 23:00:38 [http-nio-8081-exec-2] DEBUG o.s.web.servlet.DispatcherServlet - Completed 200 OK
2025-05-31 23:00:38 [http-nio-8081-exec-1] DEBUG o.s.security.web.FilterChainProxy - Securing GET /api/auth/user/details
2025-05-31 23:00:38 [http-nio-8081-exec-1] DEBUG o.g.l.s.JwtAuthenticationFilter - doFilterInternal: No valid Authorization header found, skipping JWT processing.
2025-05-31 23:00:38 [http-nio-8081-exec-1] DEBUG o.s.s.w.a.AnonymousAuthenticationFilter - Set SecurityContextHolder to anonymous SecurityContext
2025-05-31 23:00:38 [http-nio-8081-exec-1] DEBUG o.s.security.web.FilterChainProxy - Secured GET /api/auth/user/details
2025-05-31 23:00:38 [http-nio-8081-exec-1] DEBUG o.s.web.servlet.DispatcherServlet - GET "/api/auth/user/details", parameters={}
2025-05-31 23:00:38 [http-nio-8081-exec-1] DEBUG o.s.w.s.m.m.a.RequestMappingHandlerMapping - Mapped to org.guidewire.login.controller.AuthController#fetchUserDetails(List)
2025-05-31 23:00:38 [http-nio-8081-exec-1] DEBUG o.s.o.j.s.OpenEntityManagerInViewInterceptor - Opening JPA EntityManager in OpenEntityManagerInViewInterceptor
2025-05-31 23:00:38 [http-nio-8081-exec-1] DEBUG o.s.w.s.m.m.a.RequestResponseBodyMethodProcessor - Read "application/json;charset=UTF-8" to [[3d480867-d12b-4c5f-a725-da17dd7e5590]]
2025-05-31 23:00:38 [http-nio-8081-exec-1] INFO  o.g.login.controller.AuthController - fetchUserDetails: Fetching details for users with IDs: [3d480867-d12b-4c5f-a725-da17dd7e5590]
2025-05-31 23:00:38 [http-nio-8081-exec-1] DEBUG o.s.orm.jpa.JpaTransactionManager - Found thread-bound EntityManager [SessionImpl(1758966438<open>)] for JPA transaction
2025-05-31 23:00:38 [http-nio-8081-exec-1] DEBUG o.s.orm.jpa.JpaTransactionManager - Creating new transaction with name [org.springframework.data.jpa.repository.support.SimpleJpaRepository.findAllById]: PROPAGATION_REQUIRED,ISOLATION_DEFAULT,readOnly
2025-05-31 23:00:38 [http-nio-8081-exec-1] DEBUG o.s.jdbc.datasource.DataSourceUtils - Setting JDBC Connection [HikariProxyConnection@114509351 wrapping org.postgresql.jdbc.PgConnection@c9b80dd] read-only
2025-05-31 23:00:38 [http-nio-8081-exec-1] DEBUG o.s.orm.jpa.JpaTransactionManager - Exposing JPA transaction as JDBC [org.springframework.orm.jpa.vendor.HibernateJpaDialect$HibernateConnectionHandle@515a5c0a]
2025-05-31 23:00:38 [http-nio-8081-exec-1] DEBUG org.hibernate.SQL - select u1_0.id,u1_0.created_at,u1_0.email,u1_0.password,u1_0.phone_number,u1_0.updated_at,u1_0.username from users u1_0 where u1_0.id in (?)
2025-05-31 23:00:38 [http-nio-8081-exec-1] DEBUG org.hibernate.SQL - select r1_0.user_id,r1_1.id,r1_1.created_at,r1_1.name,p1_0.role_id,p1_1.id,p1_1.created_at,p1_1.description,p1_1.name,p1_1.updated_at,r1_1.updated_at from user_roles r1_0 join roles r1_1 on r1_1.id=r1_0.role_id left join role_permissions p1_0 on r1_1.id=p1_0.role_id left join permissions p1_1 on p1_1.id=p1_0.permission_id where r1_0.user_id=?
2025-05-31 23:00:38 [http-nio-8081-exec-1] DEBUG o.s.orm.jpa.JpaTransactionManager - Initiating transaction commit
2025-05-31 23:00:38 [http-nio-8081-exec-1] DEBUG o.s.orm.jpa.JpaTransactionManager - Committing JPA transaction on EntityManager [SessionImpl(1758966438<open>)]
2025-05-31 23:00:38 [http-nio-8081-exec-1] DEBUG o.s.jdbc.datasource.DataSourceUtils - Resetting read-only flag of JDBC Connection [HikariProxyConnection@114509351 wrapping org.postgresql.jdbc.PgConnection@c9b80dd]
2025-05-31 23:00:38 [http-nio-8081-exec-1] DEBUG o.s.orm.jpa.JpaTransactionManager - Not closing pre-bound JPA EntityManager after transaction
2025-05-31 23:00:38 [http-nio-8081-exec-1] INFO  o.g.login.controller.AuthController - fetchUserDetails: Returning user details for users: [org.guidewire.login.dto.responses.UserResponse@42272cc]
2025-05-31 23:00:38 [http-nio-8081-exec-1] DEBUG o.s.w.s.m.m.a.HttpEntityMethodProcessor - Using 'application/json', given [*/*] and supported [application/json, application/*+json]
2025-05-31 23:00:38 [http-nio-8081-exec-1] DEBUG o.s.w.s.m.m.a.HttpEntityMethodProcessor - Writing [[org.guidewire.login.dto.responses.UserResponse@42272cc]]
2025-05-31 23:00:38 [http-nio-8081-exec-1] DEBUG o.s.o.j.s.OpenEntityManagerInViewInterceptor - Closing JPA EntityManager in OpenEntityManagerInViewInterceptor
2025-05-31 23:00:38 [http-nio-8081-exec-1] DEBUG o.s.web.servlet.DispatcherServlet - Completed 200 OK
2025-05-31 23:00:39 [http-nio-8081-exec-3] DEBUG o.s.security.web.FilterChainProxy - Securing GET /api/auth/user/details
2025-05-31 23:00:39 [http-nio-8081-exec-3] DEBUG o.g.l.s.JwtAuthenticationFilter - doFilterInternal: No valid Authorization header found, skipping JWT processing.
2025-05-31 23:00:39 [http-nio-8081-exec-3] DEBUG o.s.s.w.a.AnonymousAuthenticationFilter - Set SecurityContextHolder to anonymous SecurityContext
2025-05-31 23:00:39 [http-nio-8081-exec-3] DEBUG o.s.security.web.FilterChainProxy - Secured GET /api/auth/user/details
2025-05-31 23:00:39 [http-nio-8081-exec-3] DEBUG o.s.web.servlet.DispatcherServlet - GET "/api/auth/user/details", parameters={}
2025-05-31 23:00:39 [http-nio-8081-exec-3] DEBUG o.s.w.s.m.m.a.RequestMappingHandlerMapping - Mapped to org.guidewire.login.controller.AuthController#fetchUserDetails(List)
2025-05-31 23:00:39 [http-nio-8081-exec-3] DEBUG o.s.o.j.s.OpenEntityManagerInViewInterceptor - Opening JPA EntityManager in OpenEntityManagerInViewInterceptor
2025-05-31 23:00:39 [http-nio-8081-exec-3] DEBUG o.s.w.s.m.m.a.RequestResponseBodyMethodProcessor - Read "application/json;charset=UTF-8" to [[c00fda99-1472-4452-8b18-fb0273c2db55]]
2025-05-31 23:00:39 [http-nio-8081-exec-3] INFO  o.g.login.controller.AuthController - fetchUserDetails: Fetching details for users with IDs: [c00fda99-1472-4452-8b18-fb0273c2db55]
2025-05-31 23:00:39 [http-nio-8081-exec-3] DEBUG o.s.orm.jpa.JpaTransactionManager - Found thread-bound EntityManager [SessionImpl(1804892871<open>)] for JPA transaction
2025-05-31 23:00:39 [http-nio-8081-exec-3] DEBUG o.s.orm.jpa.JpaTransactionManager - Creating new transaction with name [org.springframework.data.jpa.repository.support.SimpleJpaRepository.findAllById]: PROPAGATION_REQUIRED,ISOLATION_DEFAULT,readOnly
2025-05-31 23:00:39 [http-nio-8081-exec-6] DEBUG o.s.security.web.FilterChainProxy - Securing GET /api/auth/user/details
2025-05-31 23:00:39 [http-nio-8081-exec-6] DEBUG o.g.l.s.JwtAuthenticationFilter - doFilterInternal: No valid Authorization header found, skipping JWT processing.
2025-05-31 23:00:39 [http-nio-8081-exec-6] DEBUG o.s.s.w.a.AnonymousAuthenticationFilter - Set SecurityContextHolder to anonymous SecurityContext
2025-05-31 23:00:39 [http-nio-8081-exec-3] DEBUG o.s.jdbc.datasource.DataSourceUtils - Setting JDBC Connection [HikariProxyConnection@709997362 wrapping org.postgresql.jdbc.PgConnection@c9b80dd] read-only
2025-05-31 23:00:39 [http-nio-8081-exec-6] DEBUG o.s.security.web.FilterChainProxy - Secured GET /api/auth/user/details
2025-05-31 23:00:39 [http-nio-8081-exec-6] DEBUG o.s.web.servlet.DispatcherServlet - GET "/api/auth/user/details", parameters={}
2025-05-31 23:00:39 [http-nio-8081-exec-3] DEBUG o.s.orm.jpa.JpaTransactionManager - Exposing JPA transaction as JDBC [org.springframework.orm.jpa.vendor.HibernateJpaDialect$HibernateConnectionHandle@34143495]
2025-05-31 23:00:39 [http-nio-8081-exec-6] DEBUG o.s.w.s.m.m.a.RequestMappingHandlerMapping - Mapped to org.guidewire.login.controller.AuthController#fetchUserDetails(List)
2025-05-31 23:00:39 [http-nio-8081-exec-6] DEBUG o.s.o.j.s.OpenEntityManagerInViewInterceptor - Opening JPA EntityManager in OpenEntityManagerInViewInterceptor
2025-05-31 23:00:39 [http-nio-8081-exec-6] DEBUG o.s.w.s.m.m.a.RequestResponseBodyMethodProcessor - Read "application/json;charset=UTF-8" to [[4bcced83-fb72-4ea7-8957-2db00dd6fc95, c00fda99-1472-4452-8b18-fb0273c2db55]]
2025-05-31 23:00:39 [http-nio-8081-exec-6] INFO  o.g.login.controller.AuthController - fetchUserDetails: Fetching details for users with IDs: [4bcced83-fb72-4ea7-8957-2db00dd6fc95, c00fda99-1472-4452-8b18-fb0273c2db55]
2025-05-31 23:00:39 [http-nio-8081-exec-6] DEBUG o.s.orm.jpa.JpaTransactionManager - Found thread-bound EntityManager [SessionImpl(648739241<open>)] for JPA transaction
2025-05-31 23:00:39 [http-nio-8081-exec-6] DEBUG o.s.orm.jpa.JpaTransactionManager - Creating new transaction with name [org.springframework.data.jpa.repository.support.SimpleJpaRepository.findAllById]: PROPAGATION_REQUIRED,ISOLATION_DEFAULT,readOnly
2025-05-31 23:00:39 [http-nio-8081-exec-6] DEBUG o.s.jdbc.datasource.DataSourceUtils - Setting JDBC Connection [HikariProxyConnection@825473824 wrapping org.postgresql.jdbc.PgConnection@12519cfc] read-only
2025-05-31 23:00:39 [http-nio-8081-exec-6] DEBUG o.s.orm.jpa.JpaTransactionManager - Exposing JPA transaction as JDBC [org.springframework.orm.jpa.vendor.HibernateJpaDialect$HibernateConnectionHandle@228e2785]
2025-05-31 23:00:39 [http-nio-8081-exec-3] DEBUG org.hibernate.SQL - select u1_0.id,u1_0.created_at,u1_0.email,u1_0.password,u1_0.phone_number,u1_0.updated_at,u1_0.username from users u1_0 where u1_0.id in (?)
2025-05-31 23:00:39 [http-nio-8081-exec-6] DEBUG org.hibernate.SQL - select u1_0.id,u1_0.created_at,u1_0.email,u1_0.password,u1_0.phone_number,u1_0.updated_at,u1_0.username from users u1_0 where u1_0.id in (?,?)
2025-05-31 23:00:39 [http-nio-8081-exec-3] DEBUG org.hibernate.SQL - select r1_0.user_id,r1_1.id,r1_1.created_at,r1_1.name,p1_0.role_id,p1_1.id,p1_1.created_at,p1_1.description,p1_1.name,p1_1.updated_at,r1_1.updated_at from user_roles r1_0 join roles r1_1 on r1_1.id=r1_0.role_id left join role_permissions p1_0 on r1_1.id=p1_0.role_id left join permissions p1_1 on p1_1.id=p1_0.permission_id where r1_0.user_id=?
2025-05-31 23:00:39 [http-nio-8081-exec-6] DEBUG org.hibernate.SQL - select r1_0.user_id,r1_1.id,r1_1.created_at,r1_1.name,p1_0.role_id,p1_1.id,p1_1.created_at,p1_1.description,p1_1.name,p1_1.updated_at,r1_1.updated_at from user_roles r1_0 join roles r1_1 on r1_1.id=r1_0.role_id left join role_permissions p1_0 on r1_1.id=p1_0.role_id left join permissions p1_1 on p1_1.id=p1_0.permission_id where r1_0.user_id=?
2025-05-31 23:00:39 [http-nio-8081-exec-3] DEBUG o.s.orm.jpa.JpaTransactionManager - Initiating transaction commit
2025-05-31 23:00:39 [http-nio-8081-exec-3] DEBUG o.s.orm.jpa.JpaTransactionManager - Committing JPA transaction on EntityManager [SessionImpl(1804892871<open>)]
2025-05-31 23:00:39 [http-nio-8081-exec-3] DEBUG o.s.jdbc.datasource.DataSourceUtils - Resetting read-only flag of JDBC Connection [HikariProxyConnection@709997362 wrapping org.postgresql.jdbc.PgConnection@c9b80dd]
2025-05-31 23:00:39 [http-nio-8081-exec-3] DEBUG o.s.orm.jpa.JpaTransactionManager - Not closing pre-bound JPA EntityManager after transaction
2025-05-31 23:00:39 [http-nio-8081-exec-3] INFO  o.g.login.controller.AuthController - fetchUserDetails: Returning user details for users: [org.guidewire.login.dto.responses.UserResponse@1a77521c]
2025-05-31 23:00:39 [http-nio-8081-exec-6] DEBUG org.hibernate.SQL - select r1_0.user_id,r1_1.id,r1_1.created_at,r1_1.name,p1_0.role_id,p1_1.id,p1_1.created_at,p1_1.description,p1_1.name,p1_1.updated_at,r1_1.updated_at from user_roles r1_0 join roles r1_1 on r1_1.id=r1_0.role_id left join role_permissions p1_0 on r1_1.id=p1_0.role_id left join permissions p1_1 on p1_1.id=p1_0.permission_id where r1_0.user_id=?
2025-05-31 23:00:39 [http-nio-8081-exec-3] DEBUG o.s.w.s.m.m.a.HttpEntityMethodProcessor - Using 'application/json', given [*/*] and supported [application/json, application/*+json]
2025-05-31 23:00:39 [http-nio-8081-exec-3] DEBUG o.s.w.s.m.m.a.HttpEntityMethodProcessor - Writing [[org.guidewire.login.dto.responses.UserResponse@1a77521c]]
2025-05-31 23:00:39 [http-nio-8081-exec-3] DEBUG o.s.o.j.s.OpenEntityManagerInViewInterceptor - Closing JPA EntityManager in OpenEntityManagerInViewInterceptor
2025-05-31 23:00:39 [http-nio-8081-exec-3] DEBUG o.s.web.servlet.DispatcherServlet - Completed 200 OK
2025-05-31 23:00:39 [http-nio-8081-exec-6] DEBUG o.s.orm.jpa.JpaTransactionManager - Initiating transaction commit
2025-05-31 23:00:39 [http-nio-8081-exec-6] DEBUG o.s.orm.jpa.JpaTransactionManager - Committing JPA transaction on EntityManager [SessionImpl(648739241<open>)]
2025-05-31 23:00:39 [http-nio-8081-exec-6] DEBUG o.s.jdbc.datasource.DataSourceUtils - Resetting read-only flag of JDBC Connection [HikariProxyConnection@825473824 wrapping org.postgresql.jdbc.PgConnection@12519cfc]
2025-05-31 23:00:39 [http-nio-8081-exec-6] DEBUG o.s.orm.jpa.JpaTransactionManager - Not closing pre-bound JPA EntityManager after transaction
2025-05-31 23:00:39 [http-nio-8081-exec-6] INFO  o.g.login.controller.AuthController - fetchUserDetails: Returning user details for users: [org.guidewire.login.dto.responses.UserResponse@6b57da9c, org.guidewire.login.dto.responses.UserResponse@272ed510]
2025-05-31 23:00:39 [http-nio-8081-exec-6] DEBUG o.s.w.s.m.m.a.HttpEntityMethodProcessor - Using 'application/json', given [*/*] and supported [application/json, application/*+json]
2025-05-31 23:00:39 [http-nio-8081-exec-6] DEBUG o.s.w.s.m.m.a.HttpEntityMethodProcessor - Writing [[org.guidewire.login.dto.responses.UserResponse@6b57da9c, org.guidewire.login.dto.responses.UserResp (truncated)...]
2025-05-31 23:00:39 [http-nio-8081-exec-6] DEBUG o.s.o.j.s.OpenEntityManagerInViewInterceptor - Closing JPA EntityManager in OpenEntityManagerInViewInterceptor
2025-05-31 23:00:39 [http-nio-8081-exec-6] DEBUG o.s.web.servlet.DispatcherServlet - Completed 200 OK
2025-05-31 23:00:40 [http-nio-8081-exec-5] DEBUG o.s.security.web.FilterChainProxy - Securing GET /api/auth/user/details
2025-05-31 23:00:40 [http-nio-8081-exec-5] DEBUG o.g.l.s.JwtAuthenticationFilter - doFilterInternal: No valid Authorization header found, skipping JWT processing.
2025-05-31 23:00:40 [http-nio-8081-exec-5] DEBUG o.s.s.w.a.AnonymousAuthenticationFilter - Set SecurityContextHolder to anonymous SecurityContext
2025-05-31 23:00:40 [http-nio-8081-exec-5] DEBUG o.s.security.web.FilterChainProxy - Secured GET /api/auth/user/details
2025-05-31 23:00:40 [http-nio-8081-exec-5] DEBUG o.s.web.servlet.DispatcherServlet - GET "/api/auth/user/details", parameters={}
2025-05-31 23:00:40 [http-nio-8081-exec-5] DEBUG o.s.w.s.m.m.a.RequestMappingHandlerMapping - Mapped to org.guidewire.login.controller.AuthController#fetchUserDetails(List)
2025-05-31 23:00:40 [http-nio-8081-exec-5] DEBUG o.s.o.j.s.OpenEntityManagerInViewInterceptor - Opening JPA EntityManager in OpenEntityManagerInViewInterceptor
2025-05-31 23:00:40 [http-nio-8081-exec-5] DEBUG o.s.w.s.m.m.a.RequestResponseBodyMethodProcessor - Read "application/json;charset=UTF-8" to [[]]
2025-05-31 23:00:40 [http-nio-8081-exec-5] INFO  o.g.login.controller.AuthController - fetchUserDetails: Fetching details for users with IDs: []
2025-05-31 23:00:40 [http-nio-8081-exec-5] DEBUG o.s.orm.jpa.JpaTransactionManager - Found thread-bound EntityManager [SessionImpl(237360779<open>)] for JPA transaction
2025-05-31 23:00:40 [http-nio-8081-exec-5] DEBUG o.s.orm.jpa.JpaTransactionManager - Creating new transaction with name [org.springframework.data.jpa.repository.support.SimpleJpaRepository.findAllById]: PROPAGATION_REQUIRED,ISOLATION_DEFAULT,readOnly
2025-05-31 23:00:40 [http-nio-8081-exec-5] DEBUG o.s.jdbc.datasource.DataSourceUtils - Setting JDBC Connection [HikariProxyConnection@1176044141 wrapping org.postgresql.jdbc.PgConnection@12519cfc] read-only
2025-05-31 23:00:40 [http-nio-8081-exec-5] DEBUG o.s.orm.jpa.JpaTransactionManager - Exposing JPA transaction as JDBC [org.springframework.orm.jpa.vendor.HibernateJpaDialect$HibernateConnectionHandle@34d4504]
2025-05-31 23:00:40 [http-nio-8081-exec-5] DEBUG o.s.orm.jpa.JpaTransactionManager - Initiating transaction commit
2025-05-31 23:00:40 [http-nio-8081-exec-5] DEBUG o.s.orm.jpa.JpaTransactionManager - Committing JPA transaction on EntityManager [SessionImpl(237360779<open>)]
2025-05-31 23:00:40 [http-nio-8081-exec-5] DEBUG o.s.jdbc.datasource.DataSourceUtils - Resetting read-only flag of JDBC Connection [HikariProxyConnection@1176044141 wrapping org.postgresql.jdbc.PgConnection@12519cfc]
2025-05-31 23:00:40 [http-nio-8081-exec-5] DEBUG o.s.orm.jpa.JpaTransactionManager - Not closing pre-bound JPA EntityManager after transaction
2025-05-31 23:00:40 [http-nio-8081-exec-5] INFO  o.g.login.controller.AuthController - fetchUserDetails: Returning user details for users: []
2025-05-31 23:00:40 [http-nio-8081-exec-5] DEBUG o.s.w.s.m.m.a.HttpEntityMethodProcessor - Using 'application/json', given [*/*] and supported [application/json, application/*+json]
2025-05-31 23:00:40 [http-nio-8081-exec-5] DEBUG o.s.w.s.m.m.a.HttpEntityMethodProcessor - Writing [[]]
2025-05-31 23:00:40 [http-nio-8081-exec-5] DEBUG o.s.o.j.s.OpenEntityManagerInViewInterceptor - Closing JPA EntityManager in OpenEntityManagerInViewInterceptor
2025-05-31 23:00:40 [http-nio-8081-exec-5] DEBUG o.s.web.servlet.DispatcherServlet - Completed 200 OK
2025-05-31 23:00:40 [http-nio-8081-exec-4] DEBUG o.s.security.web.FilterChainProxy - Securing GET /api/auth/user/details
2025-05-31 23:00:40 [http-nio-8081-exec-4] DEBUG o.g.l.s.JwtAuthenticationFilter - doFilterInternal: No valid Authorization header found, skipping JWT processing.
2025-05-31 23:00:40 [http-nio-8081-exec-4] DEBUG o.s.s.w.a.AnonymousAuthenticationFilter - Set SecurityContextHolder to anonymous SecurityContext
2025-05-31 23:00:40 [http-nio-8081-exec-4] DEBUG o.s.security.web.FilterChainProxy - Secured GET /api/auth/user/details
2025-05-31 23:00:40 [http-nio-8081-exec-4] DEBUG o.s.web.servlet.DispatcherServlet - GET "/api/auth/user/details", parameters={}
2025-05-31 23:00:40 [http-nio-8081-exec-4] DEBUG o.s.w.s.m.m.a.RequestMappingHandlerMapping - Mapped to org.guidewire.login.controller.AuthController#fetchUserDetails(List)
2025-05-31 23:00:40 [http-nio-8081-exec-4] DEBUG o.s.o.j.s.OpenEntityManagerInViewInterceptor - Opening JPA EntityManager in OpenEntityManagerInViewInterceptor
2025-05-31 23:00:40 [http-nio-8081-exec-4] DEBUG o.s.w.s.m.m.a.RequestResponseBodyMethodProcessor - Read "application/json;charset=UTF-8" to [[3d480867-d12b-4c5f-a725-da17dd7e5590]]
2025-05-31 23:00:40 [http-nio-8081-exec-4] INFO  o.g.login.controller.AuthController - fetchUserDetails: Fetching details for users with IDs: [3d480867-d12b-4c5f-a725-da17dd7e5590]
2025-05-31 23:00:40 [http-nio-8081-exec-4] DEBUG o.s.orm.jpa.JpaTransactionManager - Found thread-bound EntityManager [SessionImpl(428451544<open>)] for JPA transaction
2025-05-31 23:00:40 [http-nio-8081-exec-4] DEBUG o.s.orm.jpa.JpaTransactionManager - Creating new transaction with name [org.springframework.data.jpa.repository.support.SimpleJpaRepository.findAllById]: PROPAGATION_REQUIRED,ISOLATION_DEFAULT,readOnly
2025-05-31 23:00:40 [http-nio-8081-exec-4] DEBUG o.s.jdbc.datasource.DataSourceUtils - Setting JDBC Connection [HikariProxyConnection@141024948 wrapping org.postgresql.jdbc.PgConnection@c9b80dd] read-only
2025-05-31 23:00:40 [http-nio-8081-exec-4] DEBUG o.s.orm.jpa.JpaTransactionManager - Exposing JPA transaction as JDBC [org.springframework.orm.jpa.vendor.HibernateJpaDialect$HibernateConnectionHandle@4749fd1d]
2025-05-31 23:00:40 [http-nio-8081-exec-4] DEBUG org.hibernate.SQL - select u1_0.id,u1_0.created_at,u1_0.email,u1_0.password,u1_0.phone_number,u1_0.updated_at,u1_0.username from users u1_0 where u1_0.id in (?)
2025-05-31 23:00:40 [http-nio-8081-exec-4] DEBUG org.hibernate.SQL - select r1_0.user_id,r1_1.id,r1_1.created_at,r1_1.name,p1_0.role_id,p1_1.id,p1_1.created_at,p1_1.description,p1_1.name,p1_1.updated_at,r1_1.updated_at from user_roles r1_0 join roles r1_1 on r1_1.id=r1_0.role_id left join role_permissions p1_0 on r1_1.id=p1_0.role_id left join permissions p1_1 on p1_1.id=p1_0.permission_id where r1_0.user_id=?
2025-05-31 23:00:40 [http-nio-8081-exec-4] DEBUG o.s.orm.jpa.JpaTransactionManager - Initiating transaction commit
2025-05-31 23:00:40 [http-nio-8081-exec-4] DEBUG o.s.orm.jpa.JpaTransactionManager - Committing JPA transaction on EntityManager [SessionImpl(428451544<open>)]
2025-05-31 23:00:40 [http-nio-8081-exec-4] DEBUG o.s.jdbc.datasource.DataSourceUtils - Resetting read-only flag of JDBC Connection [HikariProxyConnection@141024948 wrapping org.postgresql.jdbc.PgConnection@c9b80dd]
2025-05-31 23:00:40 [http-nio-8081-exec-4] DEBUG o.s.orm.jpa.JpaTransactionManager - Not closing pre-bound JPA EntityManager after transaction
2025-05-31 23:00:40 [http-nio-8081-exec-4] INFO  o.g.login.controller.AuthController - fetchUserDetails: Returning user details for users: [org.guidewire.login.dto.responses.UserResponse@7ab96b48]
2025-05-31 23:00:40 [http-nio-8081-exec-4] DEBUG o.s.w.s.m.m.a.HttpEntityMethodProcessor - Using 'application/json', given [*/*] and supported [application/json, application/*+json]
2025-05-31 23:00:40 [http-nio-8081-exec-4] DEBUG o.s.w.s.m.m.a.HttpEntityMethodProcessor - Writing [[org.guidewire.login.dto.responses.UserResponse@7ab96b48]]
2025-05-31 23:00:40 [http-nio-8081-exec-4] DEBUG o.s.o.j.s.OpenEntityManagerInViewInterceptor - Closing JPA EntityManager in OpenEntityManagerInViewInterceptor
2025-05-31 23:00:40 [http-nio-8081-exec-4] DEBUG o.s.web.servlet.DispatcherServlet - Completed 200 OK
2025-05-31 23:00:52 [http-nio-8081-exec-9] DEBUG o.s.security.web.FilterChainProxy - Securing GET /api/auth/users/list
2025-05-31 23:00:52 [http-nio-8081-exec-9] INFO  o.g.l.s.JwtAuthenticationFilter - doFilterInternal: Extracted username 'admin' with roles [ADMIN] and permissions [DELETE_TASK, EDIT_USER, CREATE_TASK, CREATE_USER, VIEW_DASHBOARD, ADD_WATCHER, DELETE_USER, VIEW_TASK, VIEW_ROLE, CLOSE_TASK, COMMENT_TASK, ASSIGN_TASK, EDIT_ROLE, ADD_SUBTASK, REMOVE_SUBTASK, REMOVE_WATCHER, DELETE_ROLE, CREATE_ROLE, REOPEN_TASK, ASSIGN_ROLE, EDIT_TASK, VIEW_USER]
2025-05-31 23:00:52 [http-nio-8081-exec-9] INFO  o.g.l.s.CustomUserDetailsService - loadUserByUsername: Searching for user: admin
2025-05-31 23:00:52 [http-nio-8081-exec-9] DEBUG o.s.o.j.SharedEntityManagerCreator$SharedEntityManagerInvocationHandler - Creating new EntityManager for shared EntityManager invocation
2025-05-31 23:00:52 [http-nio-8081-exec-9] DEBUG org.hibernate.SQL - select u1_0.id,u1_0.created_at,u1_0.email,u1_0.password,u1_0.phone_number,u1_0.updated_at,u1_0.username from users u1_0 where u1_0.username=?
2025-05-31 23:00:52 [http-nio-8081-exec-9] DEBUG org.hibernate.SQL - select r1_0.user_id,r1_1.id,r1_1.created_at,r1_1.name,p1_0.role_id,p1_1.id,p1_1.created_at,p1_1.description,p1_1.name,p1_1.updated_at,r1_1.updated_at from user_roles r1_0 join roles r1_1 on r1_1.id=r1_0.role_id left join role_permissions p1_0 on r1_1.id=p1_0.role_id left join permissions p1_1 on p1_1.id=p1_0.permission_id where r1_0.user_id=?
2025-05-31 23:00:52 [http-nio-8081-exec-9] INFO  o.g.l.s.CustomUserDetailsService - loadUserByUsername: User admin found with roles: [org.guidewire.login.model.Role@4acc8501]
2025-05-31 23:00:52 [http-nio-8081-exec-9] INFO  o.g.login.security.CustomUserDetails - Initializing CustomUserDetails for user: admin
2025-05-31 23:00:52 [http-nio-8081-exec-9] DEBUG o.g.login.security.CustomUserDetails - User admin has roles: [ADMIN]
2025-05-31 23:00:52 [http-nio-8081-exec-9] DEBUG o.g.login.security.CustomUserDetails - User admin has permissions: [DELETE_TASK, EDIT_USER, CREATE_TASK, CREATE_USER, DELETE_USER, ADD_WATCHER, VIEW_DASHBOARD, VIEW_TASK, VIEW_ROLE, CLOSE_TASK, ASSIGN_TASK, COMMENT_TASK, EDIT_ROLE, ADD_SUBTASK, REMOVE_SUBTASK, DELETE_ROLE, REMOVE_WATCHER, CREATE_ROLE, REOPEN_TASK, ASSIGN_ROLE, EDIT_TASK, VIEW_USER]
2025-05-31 23:00:52 [http-nio-8081-exec-9] INFO  o.g.login.security.CustomUserDetails - CustomUserDetails initialized successfully for user: admin
2025-05-31 23:00:52 [http-nio-8081-exec-9] INFO  o.guidewire.login.security.JwtUtil - validateToken:JWT validated successfully for user: admin
2025-05-31 23:00:52 [http-nio-8081-exec-9] INFO  o.g.l.s.JwtAuthenticationFilter - doFilterInternal: Authentication successful for user 'admin'. Authorities: [ROLE_ADMIN, DELETE_TASK, EDIT_USER, CREATE_TASK, CREATE_USER, VIEW_DASHBOARD, ADD_WATCHER, DELETE_USER, VIEW_TASK, VIEW_ROLE, CLOSE_TASK, COMMENT_TASK, ASSIGN_TASK, EDIT_ROLE, ADD_SUBTASK, REMOVE_SUBTASK, REMOVE_WATCHER, DELETE_ROLE, CREATE_ROLE, REOPEN_TASK, ASSIGN_ROLE, EDIT_TASK, VIEW_USER]
2025-05-31 23:00:52 [http-nio-8081-exec-9] DEBUG o.s.security.web.FilterChainProxy - Secured GET /api/auth/users/list
2025-05-31 23:00:52 [http-nio-8081-exec-9] DEBUG o.s.web.servlet.DispatcherServlet - GET "/api/auth/users/list", parameters={}
2025-05-31 23:00:52 [http-nio-8081-exec-9] DEBUG o.s.w.s.m.m.a.RequestMappingHandlerMapping - Mapped to org.guidewire.login.controller.UserController#getAllUsers()
2025-05-31 23:00:52 [http-nio-8081-exec-9] DEBUG o.s.o.j.s.OpenEntityManagerInViewInterceptor - Opening JPA EntityManager in OpenEntityManagerInViewInterceptor
2025-05-31 23:00:52 [http-nio-8081-exec-9] INFO  o.g.login.services.UserService - getAllUsers: Fetching all users from the database.
2025-05-31 23:00:52 [http-nio-8081-exec-9] DEBUG o.s.orm.jpa.JpaTransactionManager - Found thread-bound EntityManager [SessionImpl(1082706738<open>)] for JPA transaction
2025-05-31 23:00:52 [http-nio-8081-exec-9] DEBUG o.s.orm.jpa.JpaTransactionManager - Creating new transaction with name [org.springframework.data.jpa.repository.support.SimpleJpaRepository.findAll]: PROPAGATION_REQUIRED,ISOLATION_DEFAULT,readOnly
2025-05-31 23:00:52 [http-nio-8081-exec-9] DEBUG o.s.jdbc.datasource.DataSourceUtils - Setting JDBC Connection [HikariProxyConnection@1840576009 wrapping org.postgresql.jdbc.PgConnection@c9b80dd] read-only
2025-05-31 23:00:52 [http-nio-8081-exec-9] DEBUG o.s.orm.jpa.JpaTransactionManager - Exposing JPA transaction as JDBC [org.springframework.orm.jpa.vendor.HibernateJpaDialect$HibernateConnectionHandle@1d3ce36f]
2025-05-31 23:00:52 [http-nio-8081-exec-9] DEBUG org.hibernate.SQL - select u1_0.id,u1_0.created_at,u1_0.email,u1_0.password,u1_0.phone_number,u1_0.updated_at,u1_0.username from users u1_0
2025-05-31 23:00:52 [http-nio-8081-exec-9] DEBUG org.hibernate.SQL - select r1_0.user_id,r1_1.id,r1_1.created_at,r1_1.name,p1_0.role_id,p1_1.id,p1_1.created_at,p1_1.description,p1_1.name,p1_1.updated_at,r1_1.updated_at from user_roles r1_0 join roles r1_1 on r1_1.id=r1_0.role_id left join role_permissions p1_0 on r1_1.id=p1_0.role_id left join permissions p1_1 on p1_1.id=p1_0.permission_id where r1_0.user_id=?
2025-05-31 23:00:52 [http-nio-8081-exec-9] DEBUG org.hibernate.SQL - select r1_0.user_id,r1_1.id,r1_1.created_at,r1_1.name,p1_0.role_id,p1_1.id,p1_1.created_at,p1_1.description,p1_1.name,p1_1.updated_at,r1_1.updated_at from user_roles r1_0 join roles r1_1 on r1_1.id=r1_0.role_id left join role_permissions p1_0 on r1_1.id=p1_0.role_id left join permissions p1_1 on p1_1.id=p1_0.permission_id where r1_0.user_id=?
2025-05-31 23:00:52 [http-nio-8081-exec-9] DEBUG org.hibernate.SQL - select r1_0.user_id,r1_1.id,r1_1.created_at,r1_1.name,p1_0.role_id,p1_1.id,p1_1.created_at,p1_1.description,p1_1.name,p1_1.updated_at,r1_1.updated_at from user_roles r1_0 join roles r1_1 on r1_1.id=r1_0.role_id left join role_permissions p1_0 on r1_1.id=p1_0.role_id left join permissions p1_1 on p1_1.id=p1_0.permission_id where r1_0.user_id=?
2025-05-31 23:00:52 [http-nio-8081-exec-9] DEBUG org.hibernate.SQL - select r1_0.user_id,r1_1.id,r1_1.created_at,r1_1.name,p1_0.role_id,p1_1.id,p1_1.created_at,p1_1.description,p1_1.name,p1_1.updated_at,r1_1.updated_at from user_roles r1_0 join roles r1_1 on r1_1.id=r1_0.role_id left join role_permissions p1_0 on r1_1.id=p1_0.role_id left join permissions p1_1 on p1_1.id=p1_0.permission_id where r1_0.user_id=?
2025-05-31 23:00:52 [http-nio-8081-exec-9] DEBUG org.hibernate.SQL - select r1_0.user_id,r1_1.id,r1_1.created_at,r1_1.name,p1_0.role_id,p1_1.id,p1_1.created_at,p1_1.description,p1_1.name,p1_1.updated_at,r1_1.updated_at from user_roles r1_0 join roles r1_1 on r1_1.id=r1_0.role_id left join role_permissions p1_0 on r1_1.id=p1_0.role_id left join permissions p1_1 on p1_1.id=p1_0.permission_id where r1_0.user_id=?
2025-05-31 23:00:52 [http-nio-8081-exec-9] DEBUG org.hibernate.SQL - select r1_0.user_id,r1_1.id,r1_1.created_at,r1_1.name,p1_0.role_id,p1_1.id,p1_1.created_at,p1_1.description,p1_1.name,p1_1.updated_at,r1_1.updated_at from user_roles r1_0 join roles r1_1 on r1_1.id=r1_0.role_id left join role_permissions p1_0 on r1_1.id=p1_0.role_id left join permissions p1_1 on p1_1.id=p1_0.permission_id where r1_0.user_id=?
2025-05-31 23:00:52 [http-nio-8081-exec-9] DEBUG o.s.orm.jpa.JpaTransactionManager - Initiating transaction commit
2025-05-31 23:00:52 [http-nio-8081-exec-9] DEBUG o.s.orm.jpa.JpaTransactionManager - Committing JPA transaction on EntityManager [SessionImpl(1082706738<open>)]
2025-05-31 23:00:52 [http-nio-8081-exec-9] DEBUG o.s.jdbc.datasource.DataSourceUtils - Resetting read-only flag of JDBC Connection [HikariProxyConnection@1840576009 wrapping org.postgresql.jdbc.PgConnection@c9b80dd]
2025-05-31 23:00:52 [http-nio-8081-exec-9] DEBUG o.s.orm.jpa.JpaTransactionManager - Not closing pre-bound JPA EntityManager after transaction
2025-05-31 23:00:52 [http-nio-8081-exec-9] INFO  o.g.login.services.UserService - getAllUsers: Retrieved 6 users.
2025-05-31 23:00:52 [http-nio-8081-exec-9] DEBUG o.s.w.s.m.m.a.HttpEntityMethodProcessor - Using 'application/json', given [*/*] and supported [application/json, application/*+json]
2025-05-31 23:00:52 [http-nio-8081-exec-9] DEBUG o.s.w.s.m.m.a.HttpEntityMethodProcessor - Writing [[org.guidewire.login.dto.responses.UserResponse@454f0fe7, org.guidewire.login.dto.responses.UserResp (truncated)...]
2025-05-31 23:00:52 [http-nio-8081-exec-9] DEBUG o.s.o.j.s.OpenEntityManagerInViewInterceptor - Closing JPA EntityManager in OpenEntityManagerInViewInterceptor
2025-05-31 23:00:52 [http-nio-8081-exec-9] DEBUG o.s.web.servlet.DispatcherServlet - Completed 200 OK
2025-05-31 23:00:54 [http-nio-8081-exec-7] DEBUG o.s.security.web.FilterChainProxy - Securing GET /api/auth/user/details
2025-05-31 23:00:54 [http-nio-8081-exec-7] INFO  o.g.l.s.JwtAuthenticationFilter - doFilterInternal: Extracted username 'admin' with roles [ADMIN] and permissions [DELETE_TASK, EDIT_USER, CREATE_TASK, CREATE_USER, VIEW_DASHBOARD, ADD_WATCHER, DELETE_USER, VIEW_TASK, VIEW_ROLE, CLOSE_TASK, COMMENT_TASK, ASSIGN_TASK, EDIT_ROLE, ADD_SUBTASK, REMOVE_SUBTASK, REMOVE_WATCHER, DELETE_ROLE, CREATE_ROLE, REOPEN_TASK, ASSIGN_ROLE, EDIT_TASK, VIEW_USER]
2025-05-31 23:00:54 [http-nio-8081-exec-7] INFO  o.g.l.s.CustomUserDetailsService - loadUserByUsername: Searching for user: admin
2025-05-31 23:00:54 [http-nio-8081-exec-7] DEBUG o.s.o.j.SharedEntityManagerCreator$SharedEntityManagerInvocationHandler - Creating new EntityManager for shared EntityManager invocation
2025-05-31 23:00:54 [http-nio-8081-exec-7] DEBUG org.hibernate.SQL - select u1_0.id,u1_0.created_at,u1_0.email,u1_0.password,u1_0.phone_number,u1_0.updated_at,u1_0.username from users u1_0 where u1_0.username=?
2025-05-31 23:00:54 [http-nio-8081-exec-8] DEBUG o.s.security.web.FilterChainProxy - Securing GET /api/auth/user/details
2025-05-31 23:00:54 [http-nio-8081-exec-7] DEBUG org.hibernate.SQL - select r1_0.user_id,r1_1.id,r1_1.created_at,r1_1.name,p1_0.role_id,p1_1.id,p1_1.created_at,p1_1.description,p1_1.name,p1_1.updated_at,r1_1.updated_at from user_roles r1_0 join roles r1_1 on r1_1.id=r1_0.role_id left join role_permissions p1_0 on r1_1.id=p1_0.role_id left join permissions p1_1 on p1_1.id=p1_0.permission_id where r1_0.user_id=?
2025-05-31 23:00:54 [http-nio-8081-exec-8] INFO  o.g.l.s.JwtAuthenticationFilter - doFilterInternal: Extracted username 'admin' with roles [ADMIN] and permissions [DELETE_TASK, EDIT_USER, CREATE_TASK, CREATE_USER, VIEW_DASHBOARD, ADD_WATCHER, DELETE_USER, VIEW_TASK, VIEW_ROLE, CLOSE_TASK, COMMENT_TASK, ASSIGN_TASK, EDIT_ROLE, ADD_SUBTASK, REMOVE_SUBTASK, REMOVE_WATCHER, DELETE_ROLE, CREATE_ROLE, REOPEN_TASK, ASSIGN_ROLE, EDIT_TASK, VIEW_USER]
2025-05-31 23:00:54 [http-nio-8081-exec-8] INFO  o.g.l.s.CustomUserDetailsService - loadUserByUsername: Searching for user: admin
2025-05-31 23:00:54 [http-nio-8081-exec-8] DEBUG o.s.o.j.SharedEntityManagerCreator$SharedEntityManagerInvocationHandler - Creating new EntityManager for shared EntityManager invocation
2025-05-31 23:00:54 [http-nio-8081-exec-7] INFO  o.g.l.s.CustomUserDetailsService - loadUserByUsername: User admin found with roles: [org.guidewire.login.model.Role@78fac569]
2025-05-31 23:00:54 [http-nio-8081-exec-7] INFO  o.g.login.security.CustomUserDetails - Initializing CustomUserDetails for user: admin
2025-05-31 23:00:54 [http-nio-8081-exec-7] DEBUG o.g.login.security.CustomUserDetails - User admin has roles: [ADMIN]
2025-05-31 23:00:54 [http-nio-8081-exec-7] DEBUG o.g.login.security.CustomUserDetails - User admin has permissions: [DELETE_TASK, EDIT_USER, CREATE_TASK, CREATE_USER, VIEW_DASHBOARD, ADD_WATCHER, DELETE_USER, VIEW_ROLE, VIEW_TASK, CLOSE_TASK, COMMENT_TASK, ASSIGN_TASK, EDIT_ROLE, ADD_SUBTASK, REMOVE_SUBTASK, REMOVE_WATCHER, DELETE_ROLE, CREATE_ROLE, REOPEN_TASK, ASSIGN_ROLE, EDIT_TASK, VIEW_USER]
2025-05-31 23:00:54 [http-nio-8081-exec-7] INFO  o.g.login.security.CustomUserDetails - CustomUserDetails initialized successfully for user: admin
2025-05-31 23:00:54 [http-nio-8081-exec-8] DEBUG org.hibernate.SQL - select u1_0.id,u1_0.created_at,u1_0.email,u1_0.password,u1_0.phone_number,u1_0.updated_at,u1_0.username from users u1_0 where u1_0.username=?
2025-05-31 23:00:54 [http-nio-8081-exec-7] INFO  o.guidewire.login.security.JwtUtil - validateToken:JWT validated successfully for user: admin
2025-05-31 23:00:54 [http-nio-8081-exec-7] INFO  o.g.l.s.JwtAuthenticationFilter - doFilterInternal: Authentication successful for user 'admin'. Authorities: [ROLE_ADMIN, DELETE_TASK, EDIT_USER, CREATE_TASK, CREATE_USER, VIEW_DASHBOARD, ADD_WATCHER, DELETE_USER, VIEW_TASK, VIEW_ROLE, CLOSE_TASK, COMMENT_TASK, ASSIGN_TASK, EDIT_ROLE, ADD_SUBTASK, REMOVE_SUBTASK, REMOVE_WATCHER, DELETE_ROLE, CREATE_ROLE, REOPEN_TASK, ASSIGN_ROLE, EDIT_TASK, VIEW_USER]
2025-05-31 23:00:54 [http-nio-8081-exec-7] DEBUG o.s.security.web.FilterChainProxy - Secured GET /api/auth/user/details
2025-05-31 23:00:54 [http-nio-8081-exec-7] DEBUG o.s.web.servlet.DispatcherServlet - GET "/api/auth/user/details", parameters={}
2025-05-31 23:00:54 [http-nio-8081-exec-7] DEBUG o.s.w.s.m.m.a.RequestMappingHandlerMapping - Mapped to org.guidewire.login.controller.AuthController#fetchUserDetails(List)
2025-05-31 23:00:54 [http-nio-8081-exec-7] DEBUG o.s.o.j.s.OpenEntityManagerInViewInterceptor - Opening JPA EntityManager in OpenEntityManagerInViewInterceptor
2025-05-31 23:00:54 [http-nio-8081-exec-8] DEBUG org.hibernate.SQL - select r1_0.user_id,r1_1.id,r1_1.created_at,r1_1.name,p1_0.role_id,p1_1.id,p1_1.created_at,p1_1.description,p1_1.name,p1_1.updated_at,r1_1.updated_at from user_roles r1_0 join roles r1_1 on r1_1.id=r1_0.role_id left join role_permissions p1_0 on r1_1.id=p1_0.role_id left join permissions p1_1 on p1_1.id=p1_0.permission_id where r1_0.user_id=?
2025-05-31 23:00:54 [http-nio-8081-exec-7] DEBUG o.s.w.s.m.m.a.RequestResponseBodyMethodProcessor - Read "application/json;charset=UTF-8" to [[3d480867-d12b-4c5f-a725-da17dd7e5590]]
2025-05-31 23:00:54 [http-nio-8081-exec-7] INFO  o.g.login.controller.AuthController - fetchUserDetails: Fetching details for users with IDs: [3d480867-d12b-4c5f-a725-da17dd7e5590]
2025-05-31 23:00:54 [http-nio-8081-exec-7] DEBUG o.s.orm.jpa.JpaTransactionManager - Found thread-bound EntityManager [SessionImpl(232029510<open>)] for JPA transaction
2025-05-31 23:00:54 [http-nio-8081-exec-7] DEBUG o.s.orm.jpa.JpaTransactionManager - Creating new transaction with name [org.springframework.data.jpa.repository.support.SimpleJpaRepository.findAllById]: PROPAGATION_REQUIRED,ISOLATION_DEFAULT,readOnly
2025-05-31 23:00:54 [http-nio-8081-exec-8] INFO  o.g.l.s.CustomUserDetailsService - loadUserByUsername: User admin found with roles: [org.guidewire.login.model.Role@43be5026]
2025-05-31 23:00:54 [http-nio-8081-exec-8] INFO  o.g.login.security.CustomUserDetails - Initializing CustomUserDetails for user: admin
2025-05-31 23:00:54 [http-nio-8081-exec-7] DEBUG o.s.jdbc.datasource.DataSourceUtils - Setting JDBC Connection [HikariProxyConnection@1988686870 wrapping org.postgresql.jdbc.PgConnection@12519cfc] read-only
2025-05-31 23:00:54 [http-nio-8081-exec-8] DEBUG o.g.login.security.CustomUserDetails - User admin has roles: [ADMIN]
2025-05-31 23:00:54 [http-nio-8081-exec-8] DEBUG o.g.login.security.CustomUserDetails - User admin has permissions: [DELETE_TASK, EDIT_USER, CREATE_TASK, CREATE_USER, VIEW_DASHBOARD, ADD_WATCHER, DELETE_USER, VIEW_ROLE, VIEW_TASK, CLOSE_TASK, COMMENT_TASK, ASSIGN_TASK, EDIT_ROLE, ADD_SUBTASK, REMOVE_SUBTASK, REMOVE_WATCHER, DELETE_ROLE, CREATE_ROLE, REOPEN_TASK, ASSIGN_ROLE, EDIT_TASK, VIEW_USER]
2025-05-31 23:00:54 [http-nio-8081-exec-7] DEBUG o.s.orm.jpa.JpaTransactionManager - Exposing JPA transaction as JDBC [org.springframework.orm.jpa.vendor.HibernateJpaDialect$HibernateConnectionHandle@757f23f4]
2025-05-31 23:00:54 [http-nio-8081-exec-8] INFO  o.g.login.security.CustomUserDetails - CustomUserDetails initialized successfully for user: admin
2025-05-31 23:00:54 [http-nio-8081-exec-7] DEBUG org.hibernate.SQL - select u1_0.id,u1_0.created_at,u1_0.email,u1_0.password,u1_0.phone_number,u1_0.updated_at,u1_0.username from users u1_0 where u1_0.id in (?)
2025-05-31 23:00:54 [http-nio-8081-exec-8] INFO  o.guidewire.login.security.JwtUtil - validateToken:JWT validated successfully for user: admin
2025-05-31 23:00:54 [http-nio-8081-exec-8] INFO  o.g.l.s.JwtAuthenticationFilter - doFilterInternal: Authentication successful for user 'admin'. Authorities: [ROLE_ADMIN, DELETE_TASK, EDIT_USER, CREATE_TASK, CREATE_USER, VIEW_DASHBOARD, ADD_WATCHER, DELETE_USER, VIEW_TASK, VIEW_ROLE, CLOSE_TASK, COMMENT_TASK, ASSIGN_TASK, EDIT_ROLE, ADD_SUBTASK, REMOVE_SUBTASK, REMOVE_WATCHER, DELETE_ROLE, CREATE_ROLE, REOPEN_TASK, ASSIGN_ROLE, EDIT_TASK, VIEW_USER]
2025-05-31 23:00:54 [http-nio-8081-exec-8] DEBUG o.s.security.web.FilterChainProxy - Secured GET /api/auth/user/details
2025-05-31 23:00:54 [http-nio-8081-exec-8] DEBUG o.s.web.servlet.DispatcherServlet - GET "/api/auth/user/details", parameters={}
2025-05-31 23:00:54 [http-nio-8081-exec-8] DEBUG o.s.w.s.m.m.a.RequestMappingHandlerMapping - Mapped to org.guidewire.login.controller.AuthController#fetchUserDetails(List)
2025-05-31 23:00:54 [http-nio-8081-exec-8] DEBUG o.s.o.j.s.OpenEntityManagerInViewInterceptor - Opening JPA EntityManager in OpenEntityManagerInViewInterceptor
2025-05-31 23:00:54 [http-nio-8081-exec-7] DEBUG org.hibernate.SQL - select r1_0.user_id,r1_1.id,r1_1.created_at,r1_1.name,p1_0.role_id,p1_1.id,p1_1.created_at,p1_1.description,p1_1.name,p1_1.updated_at,r1_1.updated_at from user_roles r1_0 join roles r1_1 on r1_1.id=r1_0.role_id left join role_permissions p1_0 on r1_1.id=p1_0.role_id left join permissions p1_1 on p1_1.id=p1_0.permission_id where r1_0.user_id=?
2025-05-31 23:00:54 [http-nio-8081-exec-8] DEBUG o.s.w.s.m.m.a.RequestResponseBodyMethodProcessor - Read "application/json;charset=UTF-8" to [[3d480867-d12b-4c5f-a725-da17dd7e5590]]
2025-05-31 23:00:54 [http-nio-8081-exec-8] INFO  o.g.login.controller.AuthController - fetchUserDetails: Fetching details for users with IDs: [3d480867-d12b-4c5f-a725-da17dd7e5590]
2025-05-31 23:00:54 [http-nio-8081-exec-8] DEBUG o.s.orm.jpa.JpaTransactionManager - Found thread-bound EntityManager [SessionImpl(1028617937<open>)] for JPA transaction
2025-05-31 23:00:54 [http-nio-8081-exec-8] DEBUG o.s.orm.jpa.JpaTransactionManager - Creating new transaction with name [org.springframework.data.jpa.repository.support.SimpleJpaRepository.findAllById]: PROPAGATION_REQUIRED,ISOLATION_DEFAULT,readOnly
2025-05-31 23:00:54 [http-nio-8081-exec-8] DEBUG o.s.jdbc.datasource.DataSourceUtils - Setting JDBC Connection [HikariProxyConnection@324521192 wrapping org.postgresql.jdbc.PgConnection@c9b80dd] read-only
2025-05-31 23:00:54 [http-nio-8081-exec-8] DEBUG o.s.orm.jpa.JpaTransactionManager - Exposing JPA transaction as JDBC [org.springframework.orm.jpa.vendor.HibernateJpaDialect$HibernateConnectionHandle@263105d]
2025-05-31 23:00:54 [http-nio-8081-exec-8] DEBUG org.hibernate.SQL - select u1_0.id,u1_0.created_at,u1_0.email,u1_0.password,u1_0.phone_number,u1_0.updated_at,u1_0.username from users u1_0 where u1_0.id in (?)
2025-05-31 23:00:54 [http-nio-8081-exec-7] DEBUG o.s.orm.jpa.JpaTransactionManager - Initiating transaction commit
2025-05-31 23:00:54 [http-nio-8081-exec-7] DEBUG o.s.orm.jpa.JpaTransactionManager - Committing JPA transaction on EntityManager [SessionImpl(232029510<open>)]
2025-05-31 23:00:54 [http-nio-8081-exec-7] DEBUG o.s.jdbc.datasource.DataSourceUtils - Resetting read-only flag of JDBC Connection [HikariProxyConnection@1988686870 wrapping org.postgresql.jdbc.PgConnection@12519cfc]
2025-05-31 23:00:54 [http-nio-8081-exec-7] DEBUG o.s.orm.jpa.JpaTransactionManager - Not closing pre-bound JPA EntityManager after transaction
2025-05-31 23:00:54 [http-nio-8081-exec-7] INFO  o.g.login.controller.AuthController - fetchUserDetails: Returning user details for users: [org.guidewire.login.dto.responses.UserResponse@7450d24]
2025-05-31 23:00:54 [http-nio-8081-exec-7] DEBUG o.s.w.s.m.m.a.HttpEntityMethodProcessor - Using 'application/json', given [*/*] and supported [application/json, application/*+json]
2025-05-31 23:00:54 [http-nio-8081-exec-7] DEBUG o.s.w.s.m.m.a.HttpEntityMethodProcessor - Writing [[org.guidewire.login.dto.responses.UserResponse@7450d24]]
2025-05-31 23:00:54 [http-nio-8081-exec-8] DEBUG org.hibernate.SQL - select r1_0.user_id,r1_1.id,r1_1.created_at,r1_1.name,p1_0.role_id,p1_1.id,p1_1.created_at,p1_1.description,p1_1.name,p1_1.updated_at,r1_1.updated_at from user_roles r1_0 join roles r1_1 on r1_1.id=r1_0.role_id left join role_permissions p1_0 on r1_1.id=p1_0.role_id left join permissions p1_1 on p1_1.id=p1_0.permission_id where r1_0.user_id=?
2025-05-31 23:00:54 [http-nio-8081-exec-7] DEBUG o.s.o.j.s.OpenEntityManagerInViewInterceptor - Closing JPA EntityManager in OpenEntityManagerInViewInterceptor
2025-05-31 23:00:54 [http-nio-8081-exec-7] DEBUG o.s.web.servlet.DispatcherServlet - Completed 200 OK
2025-05-31 23:00:54 [http-nio-8081-exec-8] DEBUG o.s.orm.jpa.JpaTransactionManager - Initiating transaction commit
2025-05-31 23:00:54 [http-nio-8081-exec-8] DEBUG o.s.orm.jpa.JpaTransactionManager - Committing JPA transaction on EntityManager [SessionImpl(1028617937<open>)]
2025-05-31 23:00:54 [http-nio-8081-exec-8] DEBUG o.s.jdbc.datasource.DataSourceUtils - Resetting read-only flag of JDBC Connection [HikariProxyConnection@324521192 wrapping org.postgresql.jdbc.PgConnection@c9b80dd]
2025-05-31 23:00:54 [http-nio-8081-exec-8] DEBUG o.s.orm.jpa.JpaTransactionManager - Not closing pre-bound JPA EntityManager after transaction
2025-05-31 23:00:54 [http-nio-8081-exec-8] INFO  o.g.login.controller.AuthController - fetchUserDetails: Returning user details for users: [org.guidewire.login.dto.responses.UserResponse@3aa97365]
2025-05-31 23:00:54 [http-nio-8081-exec-8] DEBUG o.s.w.s.m.m.a.HttpEntityMethodProcessor - Using 'application/json', given [*/*] and supported [application/json, application/*+json]
2025-05-31 23:00:54 [http-nio-8081-exec-8] DEBUG o.s.w.s.m.m.a.HttpEntityMethodProcessor - Writing [[org.guidewire.login.dto.responses.UserResponse@3aa97365]]
2025-05-31 23:00:54 [http-nio-8081-exec-8] DEBUG o.s.o.j.s.OpenEntityManagerInViewInterceptor - Closing JPA EntityManager in OpenEntityManagerInViewInterceptor
2025-05-31 23:00:54 [http-nio-8081-exec-8] DEBUG o.s.web.servlet.DispatcherServlet - Completed 200 OK
2025-05-31 23:00:54 [http-nio-8081-exec-10] DEBUG o.s.security.web.FilterChainProxy - Securing GET /api/auth/user/details
2025-05-31 23:00:54 [http-nio-8081-exec-10] DEBUG o.g.l.s.JwtAuthenticationFilter - doFilterInternal: No valid Authorization header found, skipping JWT processing.
2025-05-31 23:00:54 [http-nio-8081-exec-10] DEBUG o.s.s.w.a.AnonymousAuthenticationFilter - Set SecurityContextHolder to anonymous SecurityContext
2025-05-31 23:00:54 [http-nio-8081-exec-10] DEBUG o.s.security.web.FilterChainProxy - Secured GET /api/auth/user/details
2025-05-31 23:00:54 [http-nio-8081-exec-10] DEBUG o.s.web.servlet.DispatcherServlet - GET "/api/auth/user/details", parameters={}
2025-05-31 23:00:54 [http-nio-8081-exec-10] DEBUG o.s.w.s.m.m.a.RequestMappingHandlerMapping - Mapped to org.guidewire.login.controller.AuthController#fetchUserDetails(List)
2025-05-31 23:00:54 [http-nio-8081-exec-10] DEBUG o.s.o.j.s.OpenEntityManagerInViewInterceptor - Opening JPA EntityManager in OpenEntityManagerInViewInterceptor
2025-05-31 23:00:54 [http-nio-8081-exec-10] DEBUG o.s.w.s.m.m.a.RequestResponseBodyMethodProcessor - Read "application/json;charset=UTF-8" to [[ce3ef1d5-ef3e-42b1-9ba6-fc808ad7eef5, 4bcced83-fb72-4ea7-8957-2db00dd6fc95, 3d480867-d12b-4c5f-a725 (truncated)...]
2025-05-31 23:00:54 [http-nio-8081-exec-10] INFO  o.g.login.controller.AuthController - fetchUserDetails: Fetching details for users with IDs: [ce3ef1d5-ef3e-42b1-9ba6-fc808ad7eef5, 4bcced83-fb72-4ea7-8957-2db00dd6fc95, 3d480867-d12b-4c5f-a725-da17dd7e5590, c00fda99-1472-4452-8b18-fb0273c2db55]
2025-05-31 23:00:54 [http-nio-8081-exec-10] DEBUG o.s.orm.jpa.JpaTransactionManager - Found thread-bound EntityManager [SessionImpl(1825570378<open>)] for JPA transaction
2025-05-31 23:00:54 [http-nio-8081-exec-10] DEBUG o.s.orm.jpa.JpaTransactionManager - Creating new transaction with name [org.springframework.data.jpa.repository.support.SimpleJpaRepository.findAllById]: PROPAGATION_REQUIRED,ISOLATION_DEFAULT,readOnly
2025-05-31 23:00:54 [http-nio-8081-exec-10] DEBUG o.s.jdbc.datasource.DataSourceUtils - Setting JDBC Connection [HikariProxyConnection@633581637 wrapping org.postgresql.jdbc.PgConnection@c9b80dd] read-only
2025-05-31 23:00:54 [http-nio-8081-exec-10] DEBUG o.s.orm.jpa.JpaTransactionManager - Exposing JPA transaction as JDBC [org.springframework.orm.jpa.vendor.HibernateJpaDialect$HibernateConnectionHandle@26f34bfa]
2025-05-31 23:00:54 [http-nio-8081-exec-10] DEBUG org.hibernate.SQL - select u1_0.id,u1_0.created_at,u1_0.email,u1_0.password,u1_0.phone_number,u1_0.updated_at,u1_0.username from users u1_0 where u1_0.id in (?,?,?,?)
2025-05-31 23:00:54 [http-nio-8081-exec-10] DEBUG org.hibernate.SQL - select r1_0.user_id,r1_1.id,r1_1.created_at,r1_1.name,p1_0.role_id,p1_1.id,p1_1.created_at,p1_1.description,p1_1.name,p1_1.updated_at,r1_1.updated_at from user_roles r1_0 join roles r1_1 on r1_1.id=r1_0.role_id left join role_permissions p1_0 on r1_1.id=p1_0.role_id left join permissions p1_1 on p1_1.id=p1_0.permission_id where r1_0.user_id=?
2025-05-31 23:00:54 [http-nio-8081-exec-10] DEBUG org.hibernate.SQL - select r1_0.user_id,r1_1.id,r1_1.created_at,r1_1.name,p1_0.role_id,p1_1.id,p1_1.created_at,p1_1.description,p1_1.name,p1_1.updated_at,r1_1.updated_at from user_roles r1_0 join roles r1_1 on r1_1.id=r1_0.role_id left join role_permissions p1_0 on r1_1.id=p1_0.role_id left join permissions p1_1 on p1_1.id=p1_0.permission_id where r1_0.user_id=?
2025-05-31 23:00:54 [http-nio-8081-exec-10] DEBUG org.hibernate.SQL - select r1_0.user_id,r1_1.id,r1_1.created_at,r1_1.name,p1_0.role_id,p1_1.id,p1_1.created_at,p1_1.description,p1_1.name,p1_1.updated_at,r1_1.updated_at from user_roles r1_0 join roles r1_1 on r1_1.id=r1_0.role_id left join role_permissions p1_0 on r1_1.id=p1_0.role_id left join permissions p1_1 on p1_1.id=p1_0.permission_id where r1_0.user_id=?
2025-05-31 23:00:54 [http-nio-8081-exec-10] DEBUG org.hibernate.SQL - select r1_0.user_id,r1_1.id,r1_1.created_at,r1_1.name,p1_0.role_id,p1_1.id,p1_1.created_at,p1_1.description,p1_1.name,p1_1.updated_at,r1_1.updated_at from user_roles r1_0 join roles r1_1 on r1_1.id=r1_0.role_id left join role_permissions p1_0 on r1_1.id=p1_0.role_id left join permissions p1_1 on p1_1.id=p1_0.permission_id where r1_0.user_id=?
2025-05-31 23:00:54 [http-nio-8081-exec-10] DEBUG o.s.orm.jpa.JpaTransactionManager - Initiating transaction commit
2025-05-31 23:00:54 [http-nio-8081-exec-10] DEBUG o.s.orm.jpa.JpaTransactionManager - Committing JPA transaction on EntityManager [SessionImpl(1825570378<open>)]
2025-05-31 23:00:54 [http-nio-8081-exec-10] DEBUG o.s.jdbc.datasource.DataSourceUtils - Resetting read-only flag of JDBC Connection [HikariProxyConnection@633581637 wrapping org.postgresql.jdbc.PgConnection@c9b80dd]
2025-05-31 23:00:54 [http-nio-8081-exec-10] DEBUG o.s.orm.jpa.JpaTransactionManager - Not closing pre-bound JPA EntityManager after transaction
2025-05-31 23:00:54 [http-nio-8081-exec-10] INFO  o.g.login.controller.AuthController - fetchUserDetails: Returning user details for users: [org.guidewire.login.dto.responses.UserResponse@12d1c204, org.guidewire.login.dto.responses.UserResponse@1b05553f, org.guidewire.login.dto.responses.UserResponse@6981d406, org.guidewire.login.dto.responses.UserResponse@6c77032e]
2025-05-31 23:00:54 [http-nio-8081-exec-10] DEBUG o.s.w.s.m.m.a.HttpEntityMethodProcessor - Using 'application/json', given [*/*] and supported [application/json, application/*+json]
2025-05-31 23:00:54 [http-nio-8081-exec-10] DEBUG o.s.w.s.m.m.a.HttpEntityMethodProcessor - Writing [[org.guidewire.login.dto.responses.UserResponse@12d1c204, org.guidewire.login.dto.responses.UserResp (truncated)...]
2025-05-31 23:00:54 [http-nio-8081-exec-10] DEBUG o.s.o.j.s.OpenEntityManagerInViewInterceptor - Closing JPA EntityManager in OpenEntityManagerInViewInterceptor
2025-05-31 23:00:54 [http-nio-8081-exec-10] DEBUG o.s.web.servlet.DispatcherServlet - Completed 200 OK
2025-05-31 23:01:00 [http-nio-8081-exec-2] DEBUG o.s.security.web.FilterChainProxy - Securing GET /api/auth/users/list
2025-05-31 23:01:00 [http-nio-8081-exec-2] INFO  o.g.l.s.JwtAuthenticationFilter - doFilterInternal: Extracted username 'admin' with roles [ADMIN] and permissions [DELETE_TASK, EDIT_USER, CREATE_TASK, CREATE_USER, VIEW_DASHBOARD, ADD_WATCHER, DELETE_USER, VIEW_TASK, VIEW_ROLE, CLOSE_TASK, COMMENT_TASK, ASSIGN_TASK, EDIT_ROLE, ADD_SUBTASK, REMOVE_SUBTASK, REMOVE_WATCHER, DELETE_ROLE, CREATE_ROLE, REOPEN_TASK, ASSIGN_ROLE, EDIT_TASK, VIEW_USER]
2025-05-31 23:01:00 [http-nio-8081-exec-2] INFO  o.g.l.s.CustomUserDetailsService - loadUserByUsername: Searching for user: admin
2025-05-31 23:01:00 [http-nio-8081-exec-2] DEBUG o.s.o.j.SharedEntityManagerCreator$SharedEntityManagerInvocationHandler - Creating new EntityManager for shared EntityManager invocation
2025-05-31 23:01:00 [http-nio-8081-exec-2] DEBUG org.hibernate.SQL - select u1_0.id,u1_0.created_at,u1_0.email,u1_0.password,u1_0.phone_number,u1_0.updated_at,u1_0.username from users u1_0 where u1_0.username=?
2025-05-31 23:01:00 [http-nio-8081-exec-2] DEBUG org.hibernate.SQL - select r1_0.user_id,r1_1.id,r1_1.created_at,r1_1.name,p1_0.role_id,p1_1.id,p1_1.created_at,p1_1.description,p1_1.name,p1_1.updated_at,r1_1.updated_at from user_roles r1_0 join roles r1_1 on r1_1.id=r1_0.role_id left join role_permissions p1_0 on r1_1.id=p1_0.role_id left join permissions p1_1 on p1_1.id=p1_0.permission_id where r1_0.user_id=?
2025-05-31 23:01:00 [http-nio-8081-exec-2] INFO  o.g.l.s.CustomUserDetailsService - loadUserByUsername: User admin found with roles: [org.guidewire.login.model.Role@126b4eea]
2025-05-31 23:01:00 [http-nio-8081-exec-2] INFO  o.g.login.security.CustomUserDetails - Initializing CustomUserDetails for user: admin
2025-05-31 23:01:00 [http-nio-8081-exec-2] DEBUG o.g.login.security.CustomUserDetails - User admin has roles: [ADMIN]
2025-05-31 23:01:00 [http-nio-8081-exec-2] DEBUG o.g.login.security.CustomUserDetails - User admin has permissions: [DELETE_TASK, EDIT_USER, CREATE_TASK, CREATE_USER, DELETE_USER, VIEW_DASHBOARD, ADD_WATCHER, VIEW_TASK, CLOSE_TASK, VIEW_ROLE, ASSIGN_TASK, COMMENT_TASK, EDIT_ROLE, ADD_SUBTASK, REMOVE_SUBTASK, REMOVE_WATCHER, DELETE_ROLE, CREATE_ROLE, REOPEN_TASK, ASSIGN_ROLE, EDIT_TASK, VIEW_USER]
2025-05-31 23:01:00 [http-nio-8081-exec-2] INFO  o.g.login.security.CustomUserDetails - CustomUserDetails initialized successfully for user: admin
2025-05-31 23:01:00 [http-nio-8081-exec-2] INFO  o.guidewire.login.security.JwtUtil - validateToken:JWT validated successfully for user: admin
2025-05-31 23:01:00 [http-nio-8081-exec-2] INFO  o.g.l.s.JwtAuthenticationFilter - doFilterInternal: Authentication successful for user 'admin'. Authorities: [ROLE_ADMIN, DELETE_TASK, EDIT_USER, CREATE_TASK, CREATE_USER, VIEW_DASHBOARD, ADD_WATCHER, DELETE_USER, VIEW_TASK, VIEW_ROLE, CLOSE_TASK, COMMENT_TASK, ASSIGN_TASK, EDIT_ROLE, ADD_SUBTASK, REMOVE_SUBTASK, REMOVE_WATCHER, DELETE_ROLE, CREATE_ROLE, REOPEN_TASK, ASSIGN_ROLE, EDIT_TASK, VIEW_USER]
2025-05-31 23:01:00 [http-nio-8081-exec-2] DEBUG o.s.security.web.FilterChainProxy - Secured GET /api/auth/users/list
2025-05-31 23:01:00 [http-nio-8081-exec-2] DEBUG o.s.web.servlet.DispatcherServlet - GET "/api/auth/users/list", parameters={}
2025-05-31 23:01:00 [http-nio-8081-exec-2] DEBUG o.s.w.s.m.m.a.RequestMappingHandlerMapping - Mapped to org.guidewire.login.controller.UserController#getAllUsers()
2025-05-31 23:01:00 [http-nio-8081-exec-2] DEBUG o.s.o.j.s.OpenEntityManagerInViewInterceptor - Opening JPA EntityManager in OpenEntityManagerInViewInterceptor
2025-05-31 23:01:00 [http-nio-8081-exec-2] INFO  o.g.login.services.UserService - getAllUsers: Fetching all users from the database.
2025-05-31 23:01:00 [http-nio-8081-exec-2] DEBUG o.s.orm.jpa.JpaTransactionManager - Found thread-bound EntityManager [SessionImpl(1495946480<open>)] for JPA transaction
2025-05-31 23:01:00 [http-nio-8081-exec-2] DEBUG o.s.orm.jpa.JpaTransactionManager - Creating new transaction with name [org.springframework.data.jpa.repository.support.SimpleJpaRepository.findAll]: PROPAGATION_REQUIRED,ISOLATION_DEFAULT,readOnly
2025-05-31 23:01:00 [http-nio-8081-exec-2] DEBUG o.s.jdbc.datasource.DataSourceUtils - Setting JDBC Connection [HikariProxyConnection@436969648 wrapping org.postgresql.jdbc.PgConnection@c9b80dd] read-only
2025-05-31 23:01:00 [http-nio-8081-exec-2] DEBUG o.s.orm.jpa.JpaTransactionManager - Exposing JPA transaction as JDBC [org.springframework.orm.jpa.vendor.HibernateJpaDialect$HibernateConnectionHandle@72380113]
2025-05-31 23:01:00 [http-nio-8081-exec-2] DEBUG org.hibernate.SQL - select u1_0.id,u1_0.created_at,u1_0.email,u1_0.password,u1_0.phone_number,u1_0.updated_at,u1_0.username from users u1_0
2025-05-31 23:01:00 [http-nio-8081-exec-2] DEBUG org.hibernate.SQL - select r1_0.user_id,r1_1.id,r1_1.created_at,r1_1.name,p1_0.role_id,p1_1.id,p1_1.created_at,p1_1.description,p1_1.name,p1_1.updated_at,r1_1.updated_at from user_roles r1_0 join roles r1_1 on r1_1.id=r1_0.role_id left join role_permissions p1_0 on r1_1.id=p1_0.role_id left join permissions p1_1 on p1_1.id=p1_0.permission_id where r1_0.user_id=?
2025-05-31 23:01:00 [http-nio-8081-exec-2] DEBUG org.hibernate.SQL - select r1_0.user_id,r1_1.id,r1_1.created_at,r1_1.name,p1_0.role_id,p1_1.id,p1_1.created_at,p1_1.description,p1_1.name,p1_1.updated_at,r1_1.updated_at from user_roles r1_0 join roles r1_1 on r1_1.id=r1_0.role_id left join role_permissions p1_0 on r1_1.id=p1_0.role_id left join permissions p1_1 on p1_1.id=p1_0.permission_id where r1_0.user_id=?
2025-05-31 23:01:00 [http-nio-8081-exec-2] DEBUG org.hibernate.SQL - select r1_0.user_id,r1_1.id,r1_1.created_at,r1_1.name,p1_0.role_id,p1_1.id,p1_1.created_at,p1_1.description,p1_1.name,p1_1.updated_at,r1_1.updated_at from user_roles r1_0 join roles r1_1 on r1_1.id=r1_0.role_id left join role_permissions p1_0 on r1_1.id=p1_0.role_id left join permissions p1_1 on p1_1.id=p1_0.permission_id where r1_0.user_id=?
2025-05-31 23:01:00 [http-nio-8081-exec-2] DEBUG org.hibernate.SQL - select r1_0.user_id,r1_1.id,r1_1.created_at,r1_1.name,p1_0.role_id,p1_1.id,p1_1.created_at,p1_1.description,p1_1.name,p1_1.updated_at,r1_1.updated_at from user_roles r1_0 join roles r1_1 on r1_1.id=r1_0.role_id left join role_permissions p1_0 on r1_1.id=p1_0.role_id left join permissions p1_1 on p1_1.id=p1_0.permission_id where r1_0.user_id=?
2025-05-31 23:01:00 [http-nio-8081-exec-2] DEBUG org.hibernate.SQL - select r1_0.user_id,r1_1.id,r1_1.created_at,r1_1.name,p1_0.role_id,p1_1.id,p1_1.created_at,p1_1.description,p1_1.name,p1_1.updated_at,r1_1.updated_at from user_roles r1_0 join roles r1_1 on r1_1.id=r1_0.role_id left join role_permissions p1_0 on r1_1.id=p1_0.role_id left join permissions p1_1 on p1_1.id=p1_0.permission_id where r1_0.user_id=?
2025-05-31 23:01:00 [http-nio-8081-exec-2] DEBUG org.hibernate.SQL - select r1_0.user_id,r1_1.id,r1_1.created_at,r1_1.name,p1_0.role_id,p1_1.id,p1_1.created_at,p1_1.description,p1_1.name,p1_1.updated_at,r1_1.updated_at from user_roles r1_0 join roles r1_1 on r1_1.id=r1_0.role_id left join role_permissions p1_0 on r1_1.id=p1_0.role_id left join permissions p1_1 on p1_1.id=p1_0.permission_id where r1_0.user_id=?
2025-05-31 23:01:00 [http-nio-8081-exec-2] DEBUG o.s.orm.jpa.JpaTransactionManager - Initiating transaction commit
2025-05-31 23:01:00 [http-nio-8081-exec-2] DEBUG o.s.orm.jpa.JpaTransactionManager - Committing JPA transaction on EntityManager [SessionImpl(1495946480<open>)]
2025-05-31 23:01:00 [http-nio-8081-exec-2] DEBUG o.s.jdbc.datasource.DataSourceUtils - Resetting read-only flag of JDBC Connection [HikariProxyConnection@436969648 wrapping org.postgresql.jdbc.PgConnection@c9b80dd]
2025-05-31 23:01:00 [http-nio-8081-exec-2] DEBUG o.s.orm.jpa.JpaTransactionManager - Not closing pre-bound JPA EntityManager after transaction
2025-05-31 23:01:00 [http-nio-8081-exec-2] INFO  o.g.login.services.UserService - getAllUsers: Retrieved 6 users.
2025-05-31 23:01:00 [http-nio-8081-exec-2] DEBUG o.s.w.s.m.m.a.HttpEntityMethodProcessor - Using 'application/json', given [*/*] and supported [application/json, application/*+json]
2025-05-31 23:01:00 [http-nio-8081-exec-2] DEBUG o.s.w.s.m.m.a.HttpEntityMethodProcessor - Writing [[org.guidewire.login.dto.responses.UserResponse@343b01, org.guidewire.login.dto.responses.UserRespon (truncated)...]
2025-05-31 23:01:00 [http-nio-8081-exec-2] DEBUG o.s.o.j.s.OpenEntityManagerInViewInterceptor - Closing JPA EntityManager in OpenEntityManagerInViewInterceptor
2025-05-31 23:01:00 [http-nio-8081-exec-2] DEBUG o.s.web.servlet.DispatcherServlet - Completed 200 OK
2025-05-31 23:01:01 [http-nio-8081-exec-1] DEBUG o.s.security.web.FilterChainProxy - Securing GET /api/auth/user/details
2025-05-31 23:01:01 [http-nio-8081-exec-1] DEBUG o.g.l.s.JwtAuthenticationFilter - doFilterInternal: No valid Authorization header found, skipping JWT processing.
2025-05-31 23:01:01 [http-nio-8081-exec-1] DEBUG o.s.s.w.a.AnonymousAuthenticationFilter - Set SecurityContextHolder to anonymous SecurityContext
2025-05-31 23:01:01 [http-nio-8081-exec-1] DEBUG o.s.security.web.FilterChainProxy - Secured GET /api/auth/user/details
2025-05-31 23:01:01 [http-nio-8081-exec-1] DEBUG o.s.web.servlet.DispatcherServlet - GET "/api/auth/user/details", parameters={}
2025-05-31 23:01:01 [http-nio-8081-exec-1] DEBUG o.s.w.s.m.m.a.RequestMappingHandlerMapping - Mapped to org.guidewire.login.controller.AuthController#fetchUserDetails(List)
2025-05-31 23:01:01 [http-nio-8081-exec-1] DEBUG o.s.o.j.s.OpenEntityManagerInViewInterceptor - Opening JPA EntityManager in OpenEntityManagerInViewInterceptor
2025-05-31 23:01:01 [http-nio-8081-exec-1] DEBUG o.s.w.s.m.m.a.RequestResponseBodyMethodProcessor - Read "application/json;charset=UTF-8" to [[3d480867-d12b-4c5f-a725-da17dd7e5590]]
2025-05-31 23:01:01 [http-nio-8081-exec-1] INFO  o.g.login.controller.AuthController - fetchUserDetails: Fetching details for users with IDs: [3d480867-d12b-4c5f-a725-da17dd7e5590]
2025-05-31 23:01:01 [http-nio-8081-exec-1] DEBUG o.s.orm.jpa.JpaTransactionManager - Found thread-bound EntityManager [SessionImpl(953322554<open>)] for JPA transaction
2025-05-31 23:01:01 [http-nio-8081-exec-1] DEBUG o.s.orm.jpa.JpaTransactionManager - Creating new transaction with name [org.springframework.data.jpa.repository.support.SimpleJpaRepository.findAllById]: PROPAGATION_REQUIRED,ISOLATION_DEFAULT,readOnly
2025-05-31 23:01:01 [http-nio-8081-exec-1] DEBUG o.s.jdbc.datasource.DataSourceUtils - Setting JDBC Connection [HikariProxyConnection@1275124268 wrapping org.postgresql.jdbc.PgConnection@c9b80dd] read-only
2025-05-31 23:01:01 [http-nio-8081-exec-1] DEBUG o.s.orm.jpa.JpaTransactionManager - Exposing JPA transaction as JDBC [org.springframework.orm.jpa.vendor.HibernateJpaDialect$HibernateConnectionHandle@2c98c8f3]
2025-05-31 23:01:01 [http-nio-8081-exec-1] DEBUG org.hibernate.SQL - select u1_0.id,u1_0.created_at,u1_0.email,u1_0.password,u1_0.phone_number,u1_0.updated_at,u1_0.username from users u1_0 where u1_0.id in (?)
2025-05-31 23:01:01 [http-nio-8081-exec-1] DEBUG org.hibernate.SQL - select r1_0.user_id,r1_1.id,r1_1.created_at,r1_1.name,p1_0.role_id,p1_1.id,p1_1.created_at,p1_1.description,p1_1.name,p1_1.updated_at,r1_1.updated_at from user_roles r1_0 join roles r1_1 on r1_1.id=r1_0.role_id left join role_permissions p1_0 on r1_1.id=p1_0.role_id left join permissions p1_1 on p1_1.id=p1_0.permission_id where r1_0.user_id=?
2025-05-31 23:01:01 [http-nio-8081-exec-1] DEBUG o.s.orm.jpa.JpaTransactionManager - Initiating transaction commit
2025-05-31 23:01:01 [http-nio-8081-exec-1] DEBUG o.s.orm.jpa.JpaTransactionManager - Committing JPA transaction on EntityManager [SessionImpl(953322554<open>)]
2025-05-31 23:01:01 [http-nio-8081-exec-1] DEBUG o.s.jdbc.datasource.DataSourceUtils - Resetting read-only flag of JDBC Connection [HikariProxyConnection@1275124268 wrapping org.postgresql.jdbc.PgConnection@c9b80dd]
2025-05-31 23:01:01 [http-nio-8081-exec-1] DEBUG o.s.orm.jpa.JpaTransactionManager - Not closing pre-bound JPA EntityManager after transaction
2025-05-31 23:01:01 [http-nio-8081-exec-1] INFO  o.g.login.controller.AuthController - fetchUserDetails: Returning user details for users: [org.guidewire.login.dto.responses.UserResponse@4932108e]
2025-05-31 23:01:01 [http-nio-8081-exec-1] DEBUG o.s.w.s.m.m.a.HttpEntityMethodProcessor - Using 'application/json', given [*/*] and supported [application/json, application/*+json]
2025-05-31 23:01:01 [http-nio-8081-exec-1] DEBUG o.s.w.s.m.m.a.HttpEntityMethodProcessor - Writing [[org.guidewire.login.dto.responses.UserResponse@4932108e]]
2025-05-31 23:01:01 [http-nio-8081-exec-1] DEBUG o.s.o.j.s.OpenEntityManagerInViewInterceptor - Closing JPA EntityManager in OpenEntityManagerInViewInterceptor
2025-05-31 23:01:01 [http-nio-8081-exec-1] DEBUG o.s.web.servlet.DispatcherServlet - Completed 200 OK
2025-05-31 23:01:02 [http-nio-8081-exec-3] DEBUG o.s.security.web.FilterChainProxy - Securing GET /api/auth/user/details
2025-05-31 23:01:02 [http-nio-8081-exec-3] DEBUG o.g.l.s.JwtAuthenticationFilter - doFilterInternal: No valid Authorization header found, skipping JWT processing.
2025-05-31 23:01:02 [http-nio-8081-exec-3] DEBUG o.s.s.w.a.AnonymousAuthenticationFilter - Set SecurityContextHolder to anonymous SecurityContext
2025-05-31 23:01:02 [http-nio-8081-exec-3] DEBUG o.s.security.web.FilterChainProxy - Secured GET /api/auth/user/details
2025-05-31 23:01:02 [http-nio-8081-exec-3] DEBUG o.s.web.servlet.DispatcherServlet - GET "/api/auth/user/details", parameters={}
2025-05-31 23:01:02 [http-nio-8081-exec-3] DEBUG o.s.w.s.m.m.a.RequestMappingHandlerMapping - Mapped to org.guidewire.login.controller.AuthController#fetchUserDetails(List)
2025-05-31 23:01:02 [http-nio-8081-exec-3] DEBUG o.s.o.j.s.OpenEntityManagerInViewInterceptor - Opening JPA EntityManager in OpenEntityManagerInViewInterceptor
2025-05-31 23:01:02 [http-nio-8081-exec-3] DEBUG o.s.w.s.m.m.a.RequestResponseBodyMethodProcessor - Read "application/json;charset=UTF-8" to [[4bcced83-fb72-4ea7-8957-2db00dd6fc95, 3d480867-d12b-4c5f-a725-da17dd7e5590, c00fda99-1472-4452-8b18 (truncated)...]
2025-05-31 23:01:02 [http-nio-8081-exec-3] INFO  o.g.login.controller.AuthController - fetchUserDetails: Fetching details for users with IDs: [4bcced83-fb72-4ea7-8957-2db00dd6fc95, 3d480867-d12b-4c5f-a725-da17dd7e5590, c00fda99-1472-4452-8b18-fb0273c2db55]
2025-05-31 23:01:02 [http-nio-8081-exec-3] DEBUG o.s.orm.jpa.JpaTransactionManager - Found thread-bound EntityManager [SessionImpl(1877030347<open>)] for JPA transaction
2025-05-31 23:01:02 [http-nio-8081-exec-3] DEBUG o.s.orm.jpa.JpaTransactionManager - Creating new transaction with name [org.springframework.data.jpa.repository.support.SimpleJpaRepository.findAllById]: PROPAGATION_REQUIRED,ISOLATION_DEFAULT,readOnly
2025-05-31 23:01:02 [http-nio-8081-exec-3] DEBUG o.s.jdbc.datasource.DataSourceUtils - Setting JDBC Connection [HikariProxyConnection@1687878087 wrapping org.postgresql.jdbc.PgConnection@c9b80dd] read-only
2025-05-31 23:01:02 [http-nio-8081-exec-3] DEBUG o.s.orm.jpa.JpaTransactionManager - Exposing JPA transaction as JDBC [org.springframework.orm.jpa.vendor.HibernateJpaDialect$HibernateConnectionHandle@4a5251b4]
2025-05-31 23:01:02 [http-nio-8081-exec-3] DEBUG org.hibernate.SQL - select u1_0.id,u1_0.created_at,u1_0.email,u1_0.password,u1_0.phone_number,u1_0.updated_at,u1_0.username from users u1_0 where u1_0.id in (?,?,?)
2025-05-31 23:01:02 [http-nio-8081-exec-3] DEBUG org.hibernate.SQL - select r1_0.user_id,r1_1.id,r1_1.created_at,r1_1.name,p1_0.role_id,p1_1.id,p1_1.created_at,p1_1.description,p1_1.name,p1_1.updated_at,r1_1.updated_at from user_roles r1_0 join roles r1_1 on r1_1.id=r1_0.role_id left join role_permissions p1_0 on r1_1.id=p1_0.role_id left join permissions p1_1 on p1_1.id=p1_0.permission_id where r1_0.user_id=?
2025-05-31 23:01:02 [http-nio-8081-exec-3] DEBUG org.hibernate.SQL - select r1_0.user_id,r1_1.id,r1_1.created_at,r1_1.name,p1_0.role_id,p1_1.id,p1_1.created_at,p1_1.description,p1_1.name,p1_1.updated_at,r1_1.updated_at from user_roles r1_0 join roles r1_1 on r1_1.id=r1_0.role_id left join role_permissions p1_0 on r1_1.id=p1_0.role_id left join permissions p1_1 on p1_1.id=p1_0.permission_id where r1_0.user_id=?
2025-05-31 23:01:02 [http-nio-8081-exec-3] DEBUG org.hibernate.SQL - select r1_0.user_id,r1_1.id,r1_1.created_at,r1_1.name,p1_0.role_id,p1_1.id,p1_1.created_at,p1_1.description,p1_1.name,p1_1.updated_at,r1_1.updated_at from user_roles r1_0 join roles r1_1 on r1_1.id=r1_0.role_id left join role_permissions p1_0 on r1_1.id=p1_0.role_id left join permissions p1_1 on p1_1.id=p1_0.permission_id where r1_0.user_id=?
2025-05-31 23:01:02 [http-nio-8081-exec-3] DEBUG o.s.orm.jpa.JpaTransactionManager - Initiating transaction commit
2025-05-31 23:01:02 [http-nio-8081-exec-3] DEBUG o.s.orm.jpa.JpaTransactionManager - Committing JPA transaction on EntityManager [SessionImpl(1877030347<open>)]
2025-05-31 23:01:02 [http-nio-8081-exec-3] DEBUG o.s.jdbc.datasource.DataSourceUtils - Resetting read-only flag of JDBC Connection [HikariProxyConnection@1687878087 wrapping org.postgresql.jdbc.PgConnection@c9b80dd]
2025-05-31 23:01:02 [http-nio-8081-exec-3] DEBUG o.s.orm.jpa.JpaTransactionManager - Not closing pre-bound JPA EntityManager after transaction
2025-05-31 23:01:02 [http-nio-8081-exec-3] INFO  o.g.login.controller.AuthController - fetchUserDetails: Returning user details for users: [org.guidewire.login.dto.responses.UserResponse@6b551b85, org.guidewire.login.dto.responses.UserResponse@1bc53eda, org.guidewire.login.dto.responses.UserResponse@35d56831]
2025-05-31 23:01:02 [http-nio-8081-exec-3] DEBUG o.s.w.s.m.m.a.HttpEntityMethodProcessor - Using 'application/json', given [*/*] and supported [application/json, application/*+json]
2025-05-31 23:01:02 [http-nio-8081-exec-3] DEBUG o.s.w.s.m.m.a.HttpEntityMethodProcessor - Writing [[org.guidewire.login.dto.responses.UserResponse@6b551b85, org.guidewire.login.dto.responses.UserResp (truncated)...]
2025-05-31 23:01:02 [http-nio-8081-exec-3] DEBUG o.s.o.j.s.OpenEntityManagerInViewInterceptor - Closing JPA EntityManager in OpenEntityManagerInViewInterceptor
2025-05-31 23:01:02 [http-nio-8081-exec-3] DEBUG o.s.web.servlet.DispatcherServlet - Completed 200 OK
2025-05-31 23:01:03 [http-nio-8081-exec-6] DEBUG o.s.security.web.FilterChainProxy - Securing GET /api/auth/user/details
2025-05-31 23:01:03 [http-nio-8081-exec-6] DEBUG o.g.l.s.JwtAuthenticationFilter - doFilterInternal: No valid Authorization header found, skipping JWT processing.
2025-05-31 23:01:03 [http-nio-8081-exec-6] DEBUG o.s.s.w.a.AnonymousAuthenticationFilter - Set SecurityContextHolder to anonymous SecurityContext
2025-05-31 23:01:03 [http-nio-8081-exec-6] DEBUG o.s.security.web.FilterChainProxy - Secured GET /api/auth/user/details
2025-05-31 23:01:03 [http-nio-8081-exec-6] DEBUG o.s.web.servlet.DispatcherServlet - GET "/api/auth/user/details", parameters={}
2025-05-31 23:01:03 [http-nio-8081-exec-6] DEBUG o.s.w.s.m.m.a.RequestMappingHandlerMapping - Mapped to org.guidewire.login.controller.AuthController#fetchUserDetails(List)
2025-05-31 23:01:03 [http-nio-8081-exec-6] DEBUG o.s.o.j.s.OpenEntityManagerInViewInterceptor - Opening JPA EntityManager in OpenEntityManagerInViewInterceptor
2025-05-31 23:01:03 [http-nio-8081-exec-6] DEBUG o.s.w.s.m.m.a.RequestResponseBodyMethodProcessor - Read "application/json;charset=UTF-8" to [[4bcced83-fb72-4ea7-8957-2db00dd6fc95, 3d480867-d12b-4c5f-a725-da17dd7e5590, c00fda99-1472-4452-8b18 (truncated)...]
2025-05-31 23:01:03 [http-nio-8081-exec-6] INFO  o.g.login.controller.AuthController - fetchUserDetails: Fetching details for users with IDs: [4bcced83-fb72-4ea7-8957-2db00dd6fc95, 3d480867-d12b-4c5f-a725-da17dd7e5590, c00fda99-1472-4452-8b18-fb0273c2db55]
2025-05-31 23:01:03 [http-nio-8081-exec-6] DEBUG o.s.orm.jpa.JpaTransactionManager - Found thread-bound EntityManager [SessionImpl(611617134<open>)] for JPA transaction
2025-05-31 23:01:03 [http-nio-8081-exec-6] DEBUG o.s.orm.jpa.JpaTransactionManager - Creating new transaction with name [org.springframework.data.jpa.repository.support.SimpleJpaRepository.findAllById]: PROPAGATION_REQUIRED,ISOLATION_DEFAULT,readOnly
2025-05-31 23:01:03 [http-nio-8081-exec-6] DEBUG o.s.jdbc.datasource.DataSourceUtils - Setting JDBC Connection [HikariProxyConnection@1457855641 wrapping org.postgresql.jdbc.PgConnection@12519cfc] read-only
2025-05-31 23:01:03 [http-nio-8081-exec-6] DEBUG o.s.orm.jpa.JpaTransactionManager - Exposing JPA transaction as JDBC [org.springframework.orm.jpa.vendor.HibernateJpaDialect$HibernateConnectionHandle@333afe3]
2025-05-31 23:01:03 [http-nio-8081-exec-6] DEBUG org.hibernate.SQL - select u1_0.id,u1_0.created_at,u1_0.email,u1_0.password,u1_0.phone_number,u1_0.updated_at,u1_0.username from users u1_0 where u1_0.id in (?,?,?)
2025-05-31 23:01:03 [http-nio-8081-exec-6] DEBUG org.hibernate.SQL - select r1_0.user_id,r1_1.id,r1_1.created_at,r1_1.name,p1_0.role_id,p1_1.id,p1_1.created_at,p1_1.description,p1_1.name,p1_1.updated_at,r1_1.updated_at from user_roles r1_0 join roles r1_1 on r1_1.id=r1_0.role_id left join role_permissions p1_0 on r1_1.id=p1_0.role_id left join permissions p1_1 on p1_1.id=p1_0.permission_id where r1_0.user_id=?
2025-05-31 23:01:03 [http-nio-8081-exec-6] DEBUG org.hibernate.SQL - select r1_0.user_id,r1_1.id,r1_1.created_at,r1_1.name,p1_0.role_id,p1_1.id,p1_1.created_at,p1_1.description,p1_1.name,p1_1.updated_at,r1_1.updated_at from user_roles r1_0 join roles r1_1 on r1_1.id=r1_0.role_id left join role_permissions p1_0 on r1_1.id=p1_0.role_id left join permissions p1_1 on p1_1.id=p1_0.permission_id where r1_0.user_id=?
2025-05-31 23:01:03 [http-nio-8081-exec-6] DEBUG org.hibernate.SQL - select r1_0.user_id,r1_1.id,r1_1.created_at,r1_1.name,p1_0.role_id,p1_1.id,p1_1.created_at,p1_1.description,p1_1.name,p1_1.updated_at,r1_1.updated_at from user_roles r1_0 join roles r1_1 on r1_1.id=r1_0.role_id left join role_permissions p1_0 on r1_1.id=p1_0.role_id left join permissions p1_1 on p1_1.id=p1_0.permission_id where r1_0.user_id=?
2025-05-31 23:01:03 [http-nio-8081-exec-6] DEBUG o.s.orm.jpa.JpaTransactionManager - Initiating transaction commit
2025-05-31 23:01:03 [http-nio-8081-exec-6] DEBUG o.s.orm.jpa.JpaTransactionManager - Committing JPA transaction on EntityManager [SessionImpl(611617134<open>)]
2025-05-31 23:01:03 [http-nio-8081-exec-6] DEBUG o.s.jdbc.datasource.DataSourceUtils - Resetting read-only flag of JDBC Connection [HikariProxyConnection@1457855641 wrapping org.postgresql.jdbc.PgConnection@12519cfc]
2025-05-31 23:01:03 [http-nio-8081-exec-6] DEBUG o.s.orm.jpa.JpaTransactionManager - Not closing pre-bound JPA EntityManager after transaction
2025-05-31 23:01:03 [http-nio-8081-exec-6] INFO  o.g.login.controller.AuthController - fetchUserDetails: Returning user details for users: [org.guidewire.login.dto.responses.UserResponse@1cb638ef, org.guidewire.login.dto.responses.UserResponse@17a72b90, org.guidewire.login.dto.responses.UserResponse@548dc818]
2025-05-31 23:01:03 [http-nio-8081-exec-6] DEBUG o.s.w.s.m.m.a.HttpEntityMethodProcessor - Using 'application/json', given [*/*] and supported [application/json, application/*+json]
2025-05-31 23:01:03 [http-nio-8081-exec-6] DEBUG o.s.w.s.m.m.a.HttpEntityMethodProcessor - Writing [[org.guidewire.login.dto.responses.UserResponse@1cb638ef, org.guidewire.login.dto.responses.UserResp (truncated)...]
2025-05-31 23:01:03 [http-nio-8081-exec-6] DEBUG o.s.o.j.s.OpenEntityManagerInViewInterceptor - Closing JPA EntityManager in OpenEntityManagerInViewInterceptor
2025-05-31 23:01:03 [http-nio-8081-exec-6] DEBUG o.s.web.servlet.DispatcherServlet - Completed 200 OK
2025-05-31 23:01:03 [http-nio-8081-exec-5] DEBUG o.s.security.web.FilterChainProxy - Securing GET /api/auth/user/details
2025-05-31 23:01:03 [http-nio-8081-exec-5] DEBUG o.g.l.s.JwtAuthenticationFilter - doFilterInternal: No valid Authorization header found, skipping JWT processing.
2025-05-31 23:01:03 [http-nio-8081-exec-5] DEBUG o.s.s.w.a.AnonymousAuthenticationFilter - Set SecurityContextHolder to anonymous SecurityContext
2025-05-31 23:01:03 [http-nio-8081-exec-5] DEBUG o.s.security.web.FilterChainProxy - Secured GET /api/auth/user/details
2025-05-31 23:01:03 [http-nio-8081-exec-5] DEBUG o.s.web.servlet.DispatcherServlet - GET "/api/auth/user/details", parameters={}
2025-05-31 23:01:03 [http-nio-8081-exec-5] DEBUG o.s.w.s.m.m.a.RequestMappingHandlerMapping - Mapped to org.guidewire.login.controller.AuthController#fetchUserDetails(List)
2025-05-31 23:01:03 [http-nio-8081-exec-5] DEBUG o.s.o.j.s.OpenEntityManagerInViewInterceptor - Opening JPA EntityManager in OpenEntityManagerInViewInterceptor
2025-05-31 23:01:03 [http-nio-8081-exec-5] DEBUG o.s.w.s.m.m.a.RequestResponseBodyMethodProcessor - Read "application/json;charset=UTF-8" to [[ce3ef1d5-ef3e-42b1-9ba6-fc808ad7eef5]]
2025-05-31 23:01:03 [http-nio-8081-exec-5] INFO  o.g.login.controller.AuthController - fetchUserDetails: Fetching details for users with IDs: [ce3ef1d5-ef3e-42b1-9ba6-fc808ad7eef5]
2025-05-31 23:01:03 [http-nio-8081-exec-5] DEBUG o.s.orm.jpa.JpaTransactionManager - Found thread-bound EntityManager [SessionImpl(2130693170<open>)] for JPA transaction
2025-05-31 23:01:03 [http-nio-8081-exec-5] DEBUG o.s.orm.jpa.JpaTransactionManager - Creating new transaction with name [org.springframework.data.jpa.repository.support.SimpleJpaRepository.findAllById]: PROPAGATION_REQUIRED,ISOLATION_DEFAULT,readOnly
2025-05-31 23:01:03 [http-nio-8081-exec-5] DEBUG o.s.jdbc.datasource.DataSourceUtils - Setting JDBC Connection [HikariProxyConnection@1582222568 wrapping org.postgresql.jdbc.PgConnection@12519cfc] read-only
2025-05-31 23:01:03 [http-nio-8081-exec-5] DEBUG o.s.orm.jpa.JpaTransactionManager - Exposing JPA transaction as JDBC [org.springframework.orm.jpa.vendor.HibernateJpaDialect$HibernateConnectionHandle@504ab726]
2025-05-31 23:01:03 [http-nio-8081-exec-5] DEBUG org.hibernate.SQL - select u1_0.id,u1_0.created_at,u1_0.email,u1_0.password,u1_0.phone_number,u1_0.updated_at,u1_0.username from users u1_0 where u1_0.id in (?)
2025-05-31 23:01:03 [http-nio-8081-exec-5] DEBUG org.hibernate.SQL - select r1_0.user_id,r1_1.id,r1_1.created_at,r1_1.name,p1_0.role_id,p1_1.id,p1_1.created_at,p1_1.description,p1_1.name,p1_1.updated_at,r1_1.updated_at from user_roles r1_0 join roles r1_1 on r1_1.id=r1_0.role_id left join role_permissions p1_0 on r1_1.id=p1_0.role_id left join permissions p1_1 on p1_1.id=p1_0.permission_id where r1_0.user_id=?
2025-05-31 23:01:03 [http-nio-8081-exec-5] DEBUG o.s.orm.jpa.JpaTransactionManager - Initiating transaction commit
2025-05-31 23:01:03 [http-nio-8081-exec-5] DEBUG o.s.orm.jpa.JpaTransactionManager - Committing JPA transaction on EntityManager [SessionImpl(2130693170<open>)]
2025-05-31 23:01:03 [http-nio-8081-exec-5] DEBUG o.s.jdbc.datasource.DataSourceUtils - Resetting read-only flag of JDBC Connection [HikariProxyConnection@1582222568 wrapping org.postgresql.jdbc.PgConnection@12519cfc]
2025-05-31 23:01:03 [http-nio-8081-exec-5] DEBUG o.s.orm.jpa.JpaTransactionManager - Not closing pre-bound JPA EntityManager after transaction
2025-05-31 23:01:03 [http-nio-8081-exec-5] INFO  o.g.login.controller.AuthController - fetchUserDetails: Returning user details for users: [org.guidewire.login.dto.responses.UserResponse@10082c06]
2025-05-31 23:01:03 [http-nio-8081-exec-5] DEBUG o.s.w.s.m.m.a.HttpEntityMethodProcessor - Using 'application/json', given [*/*] and supported [application/json, application/*+json]
2025-05-31 23:01:03 [http-nio-8081-exec-5] DEBUG o.s.w.s.m.m.a.HttpEntityMethodProcessor - Writing [[org.guidewire.login.dto.responses.UserResponse@10082c06]]
2025-05-31 23:01:03 [http-nio-8081-exec-5] DEBUG o.s.o.j.s.OpenEntityManagerInViewInterceptor - Closing JPA EntityManager in OpenEntityManagerInViewInterceptor
2025-05-31 23:01:03 [http-nio-8081-exec-5] DEBUG o.s.web.servlet.DispatcherServlet - Completed 200 OK
2025-05-31 23:01:03 [http-nio-8081-exec-4] DEBUG o.s.security.web.FilterChainProxy - Securing GET /api/auth/user/details
2025-05-31 23:01:03 [http-nio-8081-exec-4] DEBUG o.g.l.s.JwtAuthenticationFilter - doFilterInternal: No valid Authorization header found, skipping JWT processing.
2025-05-31 23:01:03 [http-nio-8081-exec-4] DEBUG o.s.s.w.a.AnonymousAuthenticationFilter - Set SecurityContextHolder to anonymous SecurityContext
2025-05-31 23:01:03 [http-nio-8081-exec-4] DEBUG o.s.security.web.FilterChainProxy - Secured GET /api/auth/user/details
2025-05-31 23:01:03 [http-nio-8081-exec-4] DEBUG o.s.web.servlet.DispatcherServlet - GET "/api/auth/user/details", parameters={}
2025-05-31 23:01:03 [http-nio-8081-exec-4] DEBUG o.s.w.s.m.m.a.RequestMappingHandlerMapping - Mapped to org.guidewire.login.controller.AuthController#fetchUserDetails(List)
2025-05-31 23:01:03 [http-nio-8081-exec-4] DEBUG o.s.o.j.s.OpenEntityManagerInViewInterceptor - Opening JPA EntityManager in OpenEntityManagerInViewInterceptor
2025-05-31 23:01:03 [http-nio-8081-exec-4] DEBUG o.s.w.s.m.m.a.RequestResponseBodyMethodProcessor - Read "application/json;charset=UTF-8" to [[3d480867-d12b-4c5f-a725-da17dd7e5590, 3d480867-d12b-4c5f-a725-da17dd7e5590, 3d480867-d12b-4c5f-a725 (truncated)...]
2025-05-31 23:01:03 [http-nio-8081-exec-4] INFO  o.g.login.controller.AuthController - fetchUserDetails: Fetching details for users with IDs: [3d480867-d12b-4c5f-a725-da17dd7e5590, 3d480867-d12b-4c5f-a725-da17dd7e5590, 3d480867-d12b-4c5f-a725-da17dd7e5590]
2025-05-31 23:01:03 [http-nio-8081-exec-4] DEBUG o.s.orm.jpa.JpaTransactionManager - Found thread-bound EntityManager [SessionImpl(631872696<open>)] for JPA transaction
2025-05-31 23:01:03 [http-nio-8081-exec-4] DEBUG o.s.orm.jpa.JpaTransactionManager - Creating new transaction with name [org.springframework.data.jpa.repository.support.SimpleJpaRepository.findAllById]: PROPAGATION_REQUIRED,ISOLATION_DEFAULT,readOnly
2025-05-31 23:01:03 [http-nio-8081-exec-4] DEBUG o.s.jdbc.datasource.DataSourceUtils - Setting JDBC Connection [HikariProxyConnection@1891399 wrapping org.postgresql.jdbc.PgConnection@c9b80dd] read-only
2025-05-31 23:01:03 [http-nio-8081-exec-4] DEBUG o.s.orm.jpa.JpaTransactionManager - Exposing JPA transaction as JDBC [org.springframework.orm.jpa.vendor.HibernateJpaDialect$HibernateConnectionHandle@6db22906]
2025-05-31 23:01:03 [http-nio-8081-exec-4] DEBUG org.hibernate.SQL - select u1_0.id,u1_0.created_at,u1_0.email,u1_0.password,u1_0.phone_number,u1_0.updated_at,u1_0.username from users u1_0 where u1_0.id in (?,?,?)
2025-05-31 23:01:03 [http-nio-8081-exec-4] DEBUG org.hibernate.SQL - select r1_0.user_id,r1_1.id,r1_1.created_at,r1_1.name,p1_0.role_id,p1_1.id,p1_1.created_at,p1_1.description,p1_1.name,p1_1.updated_at,r1_1.updated_at from user_roles r1_0 join roles r1_1 on r1_1.id=r1_0.role_id left join role_permissions p1_0 on r1_1.id=p1_0.role_id left join permissions p1_1 on p1_1.id=p1_0.permission_id where r1_0.user_id=?
2025-05-31 23:01:03 [http-nio-8081-exec-4] DEBUG o.s.orm.jpa.JpaTransactionManager - Initiating transaction commit
2025-05-31 23:01:03 [http-nio-8081-exec-4] DEBUG o.s.orm.jpa.JpaTransactionManager - Committing JPA transaction on EntityManager [SessionImpl(631872696<open>)]
2025-05-31 23:01:03 [http-nio-8081-exec-4] DEBUG o.s.jdbc.datasource.DataSourceUtils - Resetting read-only flag of JDBC Connection [HikariProxyConnection@1891399 wrapping org.postgresql.jdbc.PgConnection@c9b80dd]
2025-05-31 23:01:03 [http-nio-8081-exec-4] DEBUG o.s.orm.jpa.JpaTransactionManager - Not closing pre-bound JPA EntityManager after transaction
2025-05-31 23:01:03 [http-nio-8081-exec-4] INFO  o.g.login.controller.AuthController - fetchUserDetails: Returning user details for users: [org.guidewire.login.dto.responses.UserResponse@5bd30cb]
2025-05-31 23:01:03 [http-nio-8081-exec-4] DEBUG o.s.w.s.m.m.a.HttpEntityMethodProcessor - Using 'application/json', given [*/*] and supported [application/json, application/*+json]
2025-05-31 23:01:03 [http-nio-8081-exec-4] DEBUG o.s.w.s.m.m.a.HttpEntityMethodProcessor - Writing [[org.guidewire.login.dto.responses.UserResponse@5bd30cb]]
2025-05-31 23:01:03 [http-nio-8081-exec-4] DEBUG o.s.o.j.s.OpenEntityManagerInViewInterceptor - Closing JPA EntityManager in OpenEntityManagerInViewInterceptor
2025-05-31 23:01:03 [http-nio-8081-exec-4] DEBUG o.s.web.servlet.DispatcherServlet - Completed 200 OK
2025-05-31 23:01:04 [http-nio-8081-exec-9] DEBUG o.s.security.web.FilterChainProxy - Securing GET /api/auth/user/details
2025-05-31 23:01:04 [http-nio-8081-exec-9] DEBUG o.g.l.s.JwtAuthenticationFilter - doFilterInternal: No valid Authorization header found, skipping JWT processing.
2025-05-31 23:01:04 [http-nio-8081-exec-9] DEBUG o.s.s.w.a.AnonymousAuthenticationFilter - Set SecurityContextHolder to anonymous SecurityContext
2025-05-31 23:01:04 [http-nio-8081-exec-9] DEBUG o.s.security.web.FilterChainProxy - Secured GET /api/auth/user/details
2025-05-31 23:01:04 [http-nio-8081-exec-9] DEBUG o.s.web.servlet.DispatcherServlet - GET "/api/auth/user/details", parameters={}
2025-05-31 23:01:04 [http-nio-8081-exec-9] DEBUG o.s.w.s.m.m.a.RequestMappingHandlerMapping - Mapped to org.guidewire.login.controller.AuthController#fetchUserDetails(List)
2025-05-31 23:01:04 [http-nio-8081-exec-9] DEBUG o.s.o.j.s.OpenEntityManagerInViewInterceptor - Opening JPA EntityManager in OpenEntityManagerInViewInterceptor
2025-05-31 23:01:04 [http-nio-8081-exec-9] DEBUG o.s.w.s.m.m.a.RequestResponseBodyMethodProcessor - Read "application/json;charset=UTF-8" to [[3d480867-d12b-4c5f-a725-da17dd7e5590]]
2025-05-31 23:01:04 [http-nio-8081-exec-9] INFO  o.g.login.controller.AuthController - fetchUserDetails: Fetching details for users with IDs: [3d480867-d12b-4c5f-a725-da17dd7e5590]
2025-05-31 23:01:04 [http-nio-8081-exec-9] DEBUG o.s.orm.jpa.JpaTransactionManager - Found thread-bound EntityManager [SessionImpl(512197201<open>)] for JPA transaction
2025-05-31 23:01:04 [http-nio-8081-exec-9] DEBUG o.s.orm.jpa.JpaTransactionManager - Creating new transaction with name [org.springframework.data.jpa.repository.support.SimpleJpaRepository.findAllById]: PROPAGATION_REQUIRED,ISOLATION_DEFAULT,readOnly
2025-05-31 23:01:04 [http-nio-8081-exec-9] DEBUG o.s.jdbc.datasource.DataSourceUtils - Setting JDBC Connection [HikariProxyConnection@1582044081 wrapping org.postgresql.jdbc.PgConnection@c9b80dd] read-only
2025-05-31 23:01:04 [http-nio-8081-exec-9] DEBUG o.s.orm.jpa.JpaTransactionManager - Exposing JPA transaction as JDBC [org.springframework.orm.jpa.vendor.HibernateJpaDialect$HibernateConnectionHandle@4b174651]
2025-05-31 23:01:04 [http-nio-8081-exec-9] DEBUG org.hibernate.SQL - select u1_0.id,u1_0.created_at,u1_0.email,u1_0.password,u1_0.phone_number,u1_0.updated_at,u1_0.username from users u1_0 where u1_0.id in (?)
2025-05-31 23:01:04 [http-nio-8081-exec-9] DEBUG org.hibernate.SQL - select r1_0.user_id,r1_1.id,r1_1.created_at,r1_1.name,p1_0.role_id,p1_1.id,p1_1.created_at,p1_1.description,p1_1.name,p1_1.updated_at,r1_1.updated_at from user_roles r1_0 join roles r1_1 on r1_1.id=r1_0.role_id left join role_permissions p1_0 on r1_1.id=p1_0.role_id left join permissions p1_1 on p1_1.id=p1_0.permission_id where r1_0.user_id=?
2025-05-31 23:01:04 [http-nio-8081-exec-9] DEBUG o.s.orm.jpa.JpaTransactionManager - Initiating transaction commit
2025-05-31 23:01:04 [http-nio-8081-exec-9] DEBUG o.s.orm.jpa.JpaTransactionManager - Committing JPA transaction on EntityManager [SessionImpl(512197201<open>)]
2025-05-31 23:01:04 [http-nio-8081-exec-9] DEBUG o.s.jdbc.datasource.DataSourceUtils - Resetting read-only flag of JDBC Connection [HikariProxyConnection@1582044081 wrapping org.postgresql.jdbc.PgConnection@c9b80dd]
2025-05-31 23:01:04 [http-nio-8081-exec-9] DEBUG o.s.orm.jpa.JpaTransactionManager - Not closing pre-bound JPA EntityManager after transaction
2025-05-31 23:01:04 [http-nio-8081-exec-9] INFO  o.g.login.controller.AuthController - fetchUserDetails: Returning user details for users: [org.guidewire.login.dto.responses.UserResponse@7f9852ac]
2025-05-31 23:01:04 [http-nio-8081-exec-9] DEBUG o.s.w.s.m.m.a.HttpEntityMethodProcessor - Using 'application/json', given [*/*] and supported [application/json, application/*+json]
2025-05-31 23:01:04 [http-nio-8081-exec-9] DEBUG o.s.w.s.m.m.a.HttpEntityMethodProcessor - Writing [[org.guidewire.login.dto.responses.UserResponse@7f9852ac]]
2025-05-31 23:01:04 [http-nio-8081-exec-9] DEBUG o.s.o.j.s.OpenEntityManagerInViewInterceptor - Closing JPA EntityManager in OpenEntityManagerInViewInterceptor
2025-05-31 23:01:04 [http-nio-8081-exec-9] DEBUG o.s.web.servlet.DispatcherServlet - Completed 200 OK
