2025-06-24 00:15:42 [kafka-producer-network-thread | TaskService-producer-1] INFO  o.apache.kafka.clients.NetworkClient - [Producer clientId=TaskService-producer-1] Disconnecting from node 1 due to socket connection setup timeout. The timeout value is 30000 ms.
2025-06-24 00:15:43 [HikariPool-1 housekeeper] WARN  com.zaxxer.hikari.pool.HikariPool - HikariPool-1 - Thread starvation or clock leap detected (housekeeper delta=33m57s109ms).
2025-06-24 00:33:02 [kafka-producer-network-thread | TaskService-producer-1] INFO  o.apache.kafka.clients.NetworkClient - [Producer clientId=TaskService-producer-1] Disconnecting from node 1 due to socket connection setup timeout. The timeout value is 30000 ms.
2025-06-24 00:48:31 [kafka-producer-network-thread | TaskService-producer-1] INFO  o.apache.kafka.clients.NetworkClient - [Producer clientId=TaskService-producer-1] Disconnecting from node 1 due to socket connection setup timeout. The timeout value is 29002 ms.
2025-06-24 01:06:32 [kafka-producer-network-thread | TaskService-producer-1] INFO  o.apache.kafka.clients.NetworkClient - [Producer clientId=TaskService-producer-1] Disconnecting from node 1 due to socket connection setup timeout. The timeout value is 27121 ms.
2025-06-24 01:16:42 [kafka-producer-network-thread | TaskService-producer-1] INFO  o.apache.kafka.clients.NetworkClient - [Producer clientId=TaskService-producer-1] Disconnecting from node 1 due to socket connection setup timeout. The timeout value is 30000 ms.
2025-06-24 01:16:47 [HikariPool-1 housekeeper] WARN  com.zaxxer.hikari.pool.HikariPool - HikariPool-1 - Thread starvation or clock leap detected (housekeeper delta=1h1m3s709ms).
2025-06-24 01:33:46 [kafka-producer-network-thread | TaskService-producer-1] INFO  o.apache.kafka.clients.NetworkClient - [Producer clientId=TaskService-producer-1] Disconnecting from node 1 due to socket connection setup timeout. The timeout value is 30000 ms.
2025-06-24 01:50:50 [kafka-producer-network-thread | TaskService-producer-1] INFO  o.apache.kafka.clients.NetworkClient - [Producer clientId=TaskService-producer-1] Disconnecting from node 1 due to socket connection setup timeout. The timeout value is 30000 ms.
2025-06-24 01:50:55 [HikariPool-1 housekeeper] WARN  com.zaxxer.hikari.pool.HikariPool - HikariPool-1 - Thread starvation or clock leap detected (housekeeper delta=34m7s637ms).
2025-06-24 01:51:21 [kafka-producer-network-thread | TaskService-producer-1] INFO  o.apache.kafka.clients.NetworkClient - [Producer clientId=TaskService-producer-1] Disconnecting from node 1 due to socket connection setup timeout. The timeout value is 30000 ms.
2025-06-24 01:51:49 [kafka-producer-network-thread | TaskService-producer-1] INFO  o.apache.kafka.clients.NetworkClient - [Producer clientId=TaskService-producer-1] Disconnecting from node 1 due to socket connection setup timeout. The timeout value is 26309 ms.
2025-06-24 01:52:19 [kafka-producer-network-thread | TaskService-producer-1] INFO  o.apache.kafka.clients.NetworkClient - [Producer clientId=TaskService-producer-1] Disconnecting from node 1 due to socket connection setup timeout. The timeout value is 29466 ms.
2025-06-24 01:52:45 [kafka-producer-network-thread | TaskService-producer-1] INFO  o.apache.kafka.clients.NetworkClient - [Producer clientId=TaskService-producer-1] Disconnecting from node 1 due to socket connection setup timeout. The timeout value is 24629 ms.
2025-06-24 01:52:46 [kafka-producer-network-thread | TaskService-producer-1] WARN  o.apache.kafka.clients.NetworkClient - [Producer clientId=TaskService-producer-1] Error connecting to node 192.168.1.14:9092 (id: 1 rack: null)
java.net.NoRouteToHostException: No route to host
	at java.base/sun.nio.ch.Net.connect0(Native Method)
	at java.base/sun.nio.ch.Net.connect(Net.java:579)
	at java.base/sun.nio.ch.Net.connect(Net.java:586)
	at java.base/sun.nio.ch.SocketChannelImpl.connect(SocketChannelImpl.java:853)
	at org.apache.kafka.common.network.Selector.doConnect(Selector.java:277)
	at org.apache.kafka.common.network.Selector.connect(Selector.java:255)
	at org.apache.kafka.clients.NetworkClient.initiateConnect(NetworkClient.java:1052)
	at org.apache.kafka.clients.NetworkClient.access$700(NetworkClient.java:76)
	at org.apache.kafka.clients.NetworkClient$DefaultMetadataUpdater.maybeUpdate(NetworkClient.java:1230)
	at org.apache.kafka.clients.NetworkClient$DefaultMetadataUpdater.maybeUpdate(NetworkClient.java:1130)
	at org.apache.kafka.clients.NetworkClient.poll(NetworkClient.java:582)
	at org.apache.kafka.clients.producer.internals.Sender.runOnce(Sender.java:351)
	at org.apache.kafka.clients.producer.internals.Sender.run(Sender.java:253)
	at java.base/java.lang.Thread.run(Thread.java:842)
2025-06-24 01:52:47 [kafka-producer-network-thread | TaskService-producer-1] WARN  o.apache.kafka.clients.NetworkClient - [Producer clientId=TaskService-producer-1] Error connecting to node 192.168.1.14:9092 (id: 1 rack: null)
java.net.SocketException: Host is down
	at java.base/sun.nio.ch.Net.connect0(Native Method)
	at java.base/sun.nio.ch.Net.connect(Net.java:579)
	at java.base/sun.nio.ch.Net.connect(Net.java:586)
	at java.base/sun.nio.ch.SocketChannelImpl.connect(SocketChannelImpl.java:853)
	at org.apache.kafka.common.network.Selector.doConnect(Selector.java:277)
	at org.apache.kafka.common.network.Selector.connect(Selector.java:255)
	at org.apache.kafka.clients.NetworkClient.initiateConnect(NetworkClient.java:1052)
	at org.apache.kafka.clients.NetworkClient.access$700(NetworkClient.java:76)
	at org.apache.kafka.clients.NetworkClient$DefaultMetadataUpdater.maybeUpdate(NetworkClient.java:1230)
	at org.apache.kafka.clients.NetworkClient$DefaultMetadataUpdater.maybeUpdate(NetworkClient.java:1130)
	at org.apache.kafka.clients.NetworkClient.poll(NetworkClient.java:582)
	at org.apache.kafka.clients.producer.internals.Sender.runOnce(Sender.java:351)
	at org.apache.kafka.clients.producer.internals.Sender.run(Sender.java:253)
	at java.base/java.lang.Thread.run(Thread.java:842)
2025-06-24 01:52:48 [kafka-producer-network-thread | TaskService-producer-1] WARN  o.apache.kafka.clients.NetworkClient - [Producer clientId=TaskService-producer-1] Error connecting to node 192.168.1.14:9092 (id: 1 rack: null)
java.net.SocketException: Host is down
	at java.base/sun.nio.ch.Net.connect0(Native Method)
	at java.base/sun.nio.ch.Net.connect(Net.java:579)
	at java.base/sun.nio.ch.Net.connect(Net.java:586)
	at java.base/sun.nio.ch.SocketChannelImpl.connect(SocketChannelImpl.java:853)
	at org.apache.kafka.common.network.Selector.doConnect(Selector.java:277)
	at org.apache.kafka.common.network.Selector.connect(Selector.java:255)
	at org.apache.kafka.clients.NetworkClient.initiateConnect(NetworkClient.java:1052)
	at org.apache.kafka.clients.NetworkClient.access$700(NetworkClient.java:76)
	at org.apache.kafka.clients.NetworkClient$TelemetrySender.maybeUpdate(NetworkClient.java:1306)
	at org.apache.kafka.clients.NetworkClient$TelemetrySender.maybeUpdate(NetworkClient.java:1275)
	at org.apache.kafka.clients.NetworkClient.poll(NetworkClient.java:583)
	at org.apache.kafka.clients.producer.internals.Sender.runOnce(Sender.java:351)
	at org.apache.kafka.clients.producer.internals.Sender.run(Sender.java:253)
	at java.base/java.lang.Thread.run(Thread.java:842)
2025-06-24 01:52:49 [kafka-producer-network-thread | TaskService-producer-1] WARN  o.apache.kafka.clients.NetworkClient - [Producer clientId=TaskService-producer-1] Error connecting to node 192.168.1.14:9092 (id: 1 rack: null)
java.net.SocketException: Host is down
	at java.base/sun.nio.ch.Net.connect0(Native Method)
	at java.base/sun.nio.ch.Net.connect(Net.java:579)
	at java.base/sun.nio.ch.Net.connect(Net.java:586)
	at java.base/sun.nio.ch.SocketChannelImpl.connect(SocketChannelImpl.java:853)
	at org.apache.kafka.common.network.Selector.doConnect(Selector.java:277)
	at org.apache.kafka.common.network.Selector.connect(Selector.java:255)
	at org.apache.kafka.clients.NetworkClient.initiateConnect(NetworkClient.java:1052)
	at org.apache.kafka.clients.NetworkClient.access$700(NetworkClient.java:76)
	at org.apache.kafka.clients.NetworkClient$DefaultMetadataUpdater.maybeUpdate(NetworkClient.java:1230)
	at org.apache.kafka.clients.NetworkClient$DefaultMetadataUpdater.maybeUpdate(NetworkClient.java:1130)
	at org.apache.kafka.clients.NetworkClient.poll(NetworkClient.java:582)
	at org.apache.kafka.clients.producer.internals.Sender.runOnce(Sender.java:351)
	at org.apache.kafka.clients.producer.internals.Sender.run(Sender.java:253)
	at java.base/java.lang.Thread.run(Thread.java:842)
2025-06-24 01:52:50 [kafka-producer-network-thread | TaskService-producer-1] WARN  o.apache.kafka.clients.NetworkClient - [Producer clientId=TaskService-producer-1] Error connecting to node 192.168.1.14:9092 (id: 1 rack: null)
java.net.SocketException: Host is down
	at java.base/sun.nio.ch.Net.connect0(Native Method)
	at java.base/sun.nio.ch.Net.connect(Net.java:579)
	at java.base/sun.nio.ch.Net.connect(Net.java:586)
	at java.base/sun.nio.ch.SocketChannelImpl.connect(SocketChannelImpl.java:853)
	at org.apache.kafka.common.network.Selector.doConnect(Selector.java:277)
	at org.apache.kafka.common.network.Selector.connect(Selector.java:255)
	at org.apache.kafka.clients.NetworkClient.initiateConnect(NetworkClient.java:1052)
	at org.apache.kafka.clients.NetworkClient.access$700(NetworkClient.java:76)
	at org.apache.kafka.clients.NetworkClient$TelemetrySender.maybeUpdate(NetworkClient.java:1306)
	at org.apache.kafka.clients.NetworkClient$TelemetrySender.maybeUpdate(NetworkClient.java:1275)
	at org.apache.kafka.clients.NetworkClient.poll(NetworkClient.java:583)
	at org.apache.kafka.clients.producer.internals.Sender.runOnce(Sender.java:351)
	at org.apache.kafka.clients.producer.internals.Sender.run(Sender.java:253)
	at java.base/java.lang.Thread.run(Thread.java:842)
2025-06-24 01:52:51 [kafka-producer-network-thread | TaskService-producer-1] WARN  o.apache.kafka.clients.NetworkClient - [Producer clientId=TaskService-producer-1] Error connecting to node 192.168.1.14:9092 (id: 1 rack: null)
java.net.SocketException: Host is down
	at java.base/sun.nio.ch.Net.connect0(Native Method)
	at java.base/sun.nio.ch.Net.connect(Net.java:579)
	at java.base/sun.nio.ch.Net.connect(Net.java:586)
	at java.base/sun.nio.ch.SocketChannelImpl.connect(SocketChannelImpl.java:853)
	at org.apache.kafka.common.network.Selector.doConnect(Selector.java:277)
	at org.apache.kafka.common.network.Selector.connect(Selector.java:255)
	at org.apache.kafka.clients.NetworkClient.initiateConnect(NetworkClient.java:1052)
	at org.apache.kafka.clients.NetworkClient.access$700(NetworkClient.java:76)
	at org.apache.kafka.clients.NetworkClient$DefaultMetadataUpdater.maybeUpdate(NetworkClient.java:1230)
	at org.apache.kafka.clients.NetworkClient$DefaultMetadataUpdater.maybeUpdate(NetworkClient.java:1130)
	at org.apache.kafka.clients.NetworkClient.poll(NetworkClient.java:582)
	at org.apache.kafka.clients.producer.internals.Sender.runOnce(Sender.java:351)
	at org.apache.kafka.clients.producer.internals.Sender.run(Sender.java:253)
	at java.base/java.lang.Thread.run(Thread.java:842)
2025-06-24 01:52:52 [kafka-producer-network-thread | TaskService-producer-1] WARN  o.apache.kafka.clients.NetworkClient - [Producer clientId=TaskService-producer-1] Error connecting to node 192.168.1.14:9092 (id: 1 rack: null)
java.net.SocketException: Host is down
	at java.base/sun.nio.ch.Net.connect0(Native Method)
	at java.base/sun.nio.ch.Net.connect(Net.java:579)
	at java.base/sun.nio.ch.Net.connect(Net.java:586)
	at java.base/sun.nio.ch.SocketChannelImpl.connect(SocketChannelImpl.java:853)
	at org.apache.kafka.common.network.Selector.doConnect(Selector.java:277)
	at org.apache.kafka.common.network.Selector.connect(Selector.java:255)
	at org.apache.kafka.clients.NetworkClient.initiateConnect(NetworkClient.java:1052)
	at org.apache.kafka.clients.NetworkClient.access$700(NetworkClient.java:76)
	at org.apache.kafka.clients.NetworkClient$DefaultMetadataUpdater.maybeUpdate(NetworkClient.java:1230)
	at org.apache.kafka.clients.NetworkClient$DefaultMetadataUpdater.maybeUpdate(NetworkClient.java:1130)
	at org.apache.kafka.clients.NetworkClient.poll(NetworkClient.java:582)
	at org.apache.kafka.clients.producer.internals.Sender.runOnce(Sender.java:351)
	at org.apache.kafka.clients.producer.internals.Sender.run(Sender.java:253)
	at java.base/java.lang.Thread.run(Thread.java:842)
2025-06-24 01:52:53 [kafka-producer-network-thread | TaskService-producer-1] WARN  o.apache.kafka.clients.NetworkClient - [Producer clientId=TaskService-producer-1] Error connecting to node 192.168.1.14:9092 (id: 1 rack: null)
java.net.SocketException: Host is down
	at java.base/sun.nio.ch.Net.connect0(Native Method)
	at java.base/sun.nio.ch.Net.connect(Net.java:579)
	at java.base/sun.nio.ch.Net.connect(Net.java:586)
	at java.base/sun.nio.ch.SocketChannelImpl.connect(SocketChannelImpl.java:853)
	at org.apache.kafka.common.network.Selector.doConnect(Selector.java:277)
	at org.apache.kafka.common.network.Selector.connect(Selector.java:255)
	at org.apache.kafka.clients.NetworkClient.initiateConnect(NetworkClient.java:1052)
	at org.apache.kafka.clients.NetworkClient.access$700(NetworkClient.java:76)
	at org.apache.kafka.clients.NetworkClient$TelemetrySender.maybeUpdate(NetworkClient.java:1306)
	at org.apache.kafka.clients.NetworkClient$TelemetrySender.maybeUpdate(NetworkClient.java:1275)
	at org.apache.kafka.clients.NetworkClient.poll(NetworkClient.java:583)
	at org.apache.kafka.clients.producer.internals.Sender.runOnce(Sender.java:351)
	at org.apache.kafka.clients.producer.internals.Sender.run(Sender.java:253)
	at java.base/java.lang.Thread.run(Thread.java:842)
2025-06-24 01:52:54 [kafka-producer-network-thread | TaskService-producer-1] WARN  o.apache.kafka.clients.NetworkClient - [Producer clientId=TaskService-producer-1] Error connecting to node 192.168.1.14:9092 (id: 1 rack: null)
java.net.SocketException: Host is down
	at java.base/sun.nio.ch.Net.connect0(Native Method)
	at java.base/sun.nio.ch.Net.connect(Net.java:579)
	at java.base/sun.nio.ch.Net.connect(Net.java:586)
	at java.base/sun.nio.ch.SocketChannelImpl.connect(SocketChannelImpl.java:853)
	at org.apache.kafka.common.network.Selector.doConnect(Selector.java:277)
	at org.apache.kafka.common.network.Selector.connect(Selector.java:255)
	at org.apache.kafka.clients.NetworkClient.initiateConnect(NetworkClient.java:1052)
	at org.apache.kafka.clients.NetworkClient.access$700(NetworkClient.java:76)
	at org.apache.kafka.clients.NetworkClient$DefaultMetadataUpdater.maybeUpdate(NetworkClient.java:1230)
	at org.apache.kafka.clients.NetworkClient$DefaultMetadataUpdater.maybeUpdate(NetworkClient.java:1130)
	at org.apache.kafka.clients.NetworkClient.poll(NetworkClient.java:582)
	at org.apache.kafka.clients.producer.internals.Sender.runOnce(Sender.java:351)
	at org.apache.kafka.clients.producer.internals.Sender.run(Sender.java:253)
	at java.base/java.lang.Thread.run(Thread.java:842)
2025-06-24 01:52:55 [kafka-producer-network-thread | TaskService-producer-1] WARN  o.apache.kafka.clients.NetworkClient - [Producer clientId=TaskService-producer-1] Error connecting to node 192.168.1.14:9092 (id: 1 rack: null)
java.net.SocketException: Host is down
	at java.base/sun.nio.ch.Net.connect0(Native Method)
	at java.base/sun.nio.ch.Net.connect(Net.java:579)
	at java.base/sun.nio.ch.Net.connect(Net.java:586)
	at java.base/sun.nio.ch.SocketChannelImpl.connect(SocketChannelImpl.java:853)
	at org.apache.kafka.common.network.Selector.doConnect(Selector.java:277)
	at org.apache.kafka.common.network.Selector.connect(Selector.java:255)
	at org.apache.kafka.clients.NetworkClient.initiateConnect(NetworkClient.java:1052)
	at org.apache.kafka.clients.NetworkClient.access$700(NetworkClient.java:76)
	at org.apache.kafka.clients.NetworkClient$DefaultMetadataUpdater.maybeUpdate(NetworkClient.java:1230)
	at org.apache.kafka.clients.NetworkClient$DefaultMetadataUpdater.maybeUpdate(NetworkClient.java:1130)
	at org.apache.kafka.clients.NetworkClient.poll(NetworkClient.java:582)
	at org.apache.kafka.clients.producer.internals.Sender.runOnce(Sender.java:351)
	at org.apache.kafka.clients.producer.internals.Sender.run(Sender.java:253)
	at java.base/java.lang.Thread.run(Thread.java:842)
2025-06-24 01:52:56 [kafka-producer-network-thread | TaskService-producer-1] WARN  o.apache.kafka.clients.NetworkClient - [Producer clientId=TaskService-producer-1] Error connecting to node 192.168.1.14:9092 (id: 1 rack: null)
java.net.SocketException: Host is down
	at java.base/sun.nio.ch.Net.connect0(Native Method)
	at java.base/sun.nio.ch.Net.connect(Net.java:579)
	at java.base/sun.nio.ch.Net.connect(Net.java:586)
	at java.base/sun.nio.ch.SocketChannelImpl.connect(SocketChannelImpl.java:853)
	at org.apache.kafka.common.network.Selector.doConnect(Selector.java:277)
	at org.apache.kafka.common.network.Selector.connect(Selector.java:255)
	at org.apache.kafka.clients.NetworkClient.initiateConnect(NetworkClient.java:1052)
	at org.apache.kafka.clients.NetworkClient.access$700(NetworkClient.java:76)
	at org.apache.kafka.clients.NetworkClient$DefaultMetadataUpdater.maybeUpdate(NetworkClient.java:1230)
	at org.apache.kafka.clients.NetworkClient$DefaultMetadataUpdater.maybeUpdate(NetworkClient.java:1130)
	at org.apache.kafka.clients.NetworkClient.poll(NetworkClient.java:582)
	at org.apache.kafka.clients.producer.internals.Sender.runOnce(Sender.java:351)
	at org.apache.kafka.clients.producer.internals.Sender.run(Sender.java:253)
	at java.base/java.lang.Thread.run(Thread.java:842)
2025-06-24 01:52:57 [kafka-producer-network-thread | TaskService-producer-1] WARN  o.apache.kafka.clients.NetworkClient - [Producer clientId=TaskService-producer-1] Error connecting to node 192.168.1.14:9092 (id: 1 rack: null)
java.net.SocketException: Host is down
	at java.base/sun.nio.ch.Net.connect0(Native Method)
	at java.base/sun.nio.ch.Net.connect(Net.java:579)
	at java.base/sun.nio.ch.Net.connect(Net.java:586)
	at java.base/sun.nio.ch.SocketChannelImpl.connect(SocketChannelImpl.java:853)
	at org.apache.kafka.common.network.Selector.doConnect(Selector.java:277)
	at org.apache.kafka.common.network.Selector.connect(Selector.java:255)
	at org.apache.kafka.clients.NetworkClient.initiateConnect(NetworkClient.java:1052)
	at org.apache.kafka.clients.NetworkClient.access$700(NetworkClient.java:76)
	at org.apache.kafka.clients.NetworkClient$DefaultMetadataUpdater.maybeUpdate(NetworkClient.java:1230)
	at org.apache.kafka.clients.NetworkClient$DefaultMetadataUpdater.maybeUpdate(NetworkClient.java:1130)
	at org.apache.kafka.clients.NetworkClient.poll(NetworkClient.java:582)
	at org.apache.kafka.clients.producer.internals.Sender.runOnce(Sender.java:351)
	at org.apache.kafka.clients.producer.internals.Sender.run(Sender.java:253)
	at java.base/java.lang.Thread.run(Thread.java:842)
2025-06-24 01:52:58 [kafka-producer-network-thread | TaskService-producer-1] WARN  o.apache.kafka.clients.NetworkClient - [Producer clientId=TaskService-producer-1] Error connecting to node 192.168.1.14:9092 (id: 1 rack: null)
java.net.SocketException: Host is down
	at java.base/sun.nio.ch.Net.connect0(Native Method)
	at java.base/sun.nio.ch.Net.connect(Net.java:579)
	at java.base/sun.nio.ch.Net.connect(Net.java:586)
	at java.base/sun.nio.ch.SocketChannelImpl.connect(SocketChannelImpl.java:853)
	at org.apache.kafka.common.network.Selector.doConnect(Selector.java:277)
	at org.apache.kafka.common.network.Selector.connect(Selector.java:255)
	at org.apache.kafka.clients.NetworkClient.initiateConnect(NetworkClient.java:1052)
	at org.apache.kafka.clients.NetworkClient.access$700(NetworkClient.java:76)
	at org.apache.kafka.clients.NetworkClient$TelemetrySender.maybeUpdate(NetworkClient.java:1306)
	at org.apache.kafka.clients.NetworkClient$TelemetrySender.maybeUpdate(NetworkClient.java:1275)
	at org.apache.kafka.clients.NetworkClient.poll(NetworkClient.java:583)
	at org.apache.kafka.clients.producer.internals.Sender.runOnce(Sender.java:351)
	at org.apache.kafka.clients.producer.internals.Sender.run(Sender.java:253)
	at java.base/java.lang.Thread.run(Thread.java:842)
2025-06-24 01:52:59 [kafka-producer-network-thread | TaskService-producer-1] WARN  o.apache.kafka.clients.NetworkClient - [Producer clientId=TaskService-producer-1] Error connecting to node 192.168.1.14:9092 (id: 1 rack: null)
java.net.SocketException: Host is down
	at java.base/sun.nio.ch.Net.connect0(Native Method)
	at java.base/sun.nio.ch.Net.connect(Net.java:579)
	at java.base/sun.nio.ch.Net.connect(Net.java:586)
	at java.base/sun.nio.ch.SocketChannelImpl.connect(SocketChannelImpl.java:853)
	at org.apache.kafka.common.network.Selector.doConnect(Selector.java:277)
	at org.apache.kafka.common.network.Selector.connect(Selector.java:255)
	at org.apache.kafka.clients.NetworkClient.initiateConnect(NetworkClient.java:1052)
	at org.apache.kafka.clients.NetworkClient.access$700(NetworkClient.java:76)
	at org.apache.kafka.clients.NetworkClient$DefaultMetadataUpdater.maybeUpdate(NetworkClient.java:1230)
	at org.apache.kafka.clients.NetworkClient$DefaultMetadataUpdater.maybeUpdate(NetworkClient.java:1130)
	at org.apache.kafka.clients.NetworkClient.poll(NetworkClient.java:582)
	at org.apache.kafka.clients.producer.internals.Sender.runOnce(Sender.java:351)
	at org.apache.kafka.clients.producer.internals.Sender.run(Sender.java:253)
	at java.base/java.lang.Thread.run(Thread.java:842)
2025-06-24 01:53:00 [kafka-producer-network-thread | TaskService-producer-1] WARN  o.apache.kafka.clients.NetworkClient - [Producer clientId=TaskService-producer-1] Error connecting to node 192.168.1.14:9092 (id: 1 rack: null)
java.net.SocketException: Host is down
	at java.base/sun.nio.ch.Net.connect0(Native Method)
	at java.base/sun.nio.ch.Net.connect(Net.java:579)
	at java.base/sun.nio.ch.Net.connect(Net.java:586)
	at java.base/sun.nio.ch.SocketChannelImpl.connect(SocketChannelImpl.java:853)
	at org.apache.kafka.common.network.Selector.doConnect(Selector.java:277)
	at org.apache.kafka.common.network.Selector.connect(Selector.java:255)
	at org.apache.kafka.clients.NetworkClient.initiateConnect(NetworkClient.java:1052)
	at org.apache.kafka.clients.NetworkClient.access$700(NetworkClient.java:76)
	at org.apache.kafka.clients.NetworkClient$DefaultMetadataUpdater.maybeUpdate(NetworkClient.java:1230)
	at org.apache.kafka.clients.NetworkClient$DefaultMetadataUpdater.maybeUpdate(NetworkClient.java:1130)
	at org.apache.kafka.clients.NetworkClient.poll(NetworkClient.java:582)
	at org.apache.kafka.clients.producer.internals.Sender.runOnce(Sender.java:351)
	at org.apache.kafka.clients.producer.internals.Sender.run(Sender.java:253)
	at java.base/java.lang.Thread.run(Thread.java:842)
2025-06-24 01:53:01 [kafka-producer-network-thread | TaskService-producer-1] WARN  o.apache.kafka.clients.NetworkClient - [Producer clientId=TaskService-producer-1] Error connecting to node 192.168.1.14:9092 (id: 1 rack: null)
java.net.SocketException: Host is down
	at java.base/sun.nio.ch.Net.connect0(Native Method)
	at java.base/sun.nio.ch.Net.connect(Net.java:579)
	at java.base/sun.nio.ch.Net.connect(Net.java:586)
	at java.base/sun.nio.ch.SocketChannelImpl.connect(SocketChannelImpl.java:853)
	at org.apache.kafka.common.network.Selector.doConnect(Selector.java:277)
	at org.apache.kafka.common.network.Selector.connect(Selector.java:255)
	at org.apache.kafka.clients.NetworkClient.initiateConnect(NetworkClient.java:1052)
	at org.apache.kafka.clients.NetworkClient.access$700(NetworkClient.java:76)
	at org.apache.kafka.clients.NetworkClient$DefaultMetadataUpdater.maybeUpdate(NetworkClient.java:1230)
	at org.apache.kafka.clients.NetworkClient$DefaultMetadataUpdater.maybeUpdate(NetworkClient.java:1130)
	at org.apache.kafka.clients.NetworkClient.poll(NetworkClient.java:582)
	at org.apache.kafka.clients.producer.internals.Sender.runOnce(Sender.java:351)
	at org.apache.kafka.clients.producer.internals.Sender.run(Sender.java:253)
	at java.base/java.lang.Thread.run(Thread.java:842)
2025-06-24 01:53:02 [kafka-producer-network-thread | TaskService-producer-1] WARN  o.apache.kafka.clients.NetworkClient - [Producer clientId=TaskService-producer-1] Error connecting to node 192.168.1.14:9092 (id: 1 rack: null)
java.net.SocketException: Host is down
	at java.base/sun.nio.ch.Net.connect0(Native Method)
	at java.base/sun.nio.ch.Net.connect(Net.java:579)
	at java.base/sun.nio.ch.Net.connect(Net.java:586)
	at java.base/sun.nio.ch.SocketChannelImpl.connect(SocketChannelImpl.java:853)
	at org.apache.kafka.common.network.Selector.doConnect(Selector.java:277)
	at org.apache.kafka.common.network.Selector.connect(Selector.java:255)
	at org.apache.kafka.clients.NetworkClient.initiateConnect(NetworkClient.java:1052)
	at org.apache.kafka.clients.NetworkClient.access$700(NetworkClient.java:76)
	at org.apache.kafka.clients.NetworkClient$DefaultMetadataUpdater.maybeUpdate(NetworkClient.java:1230)
	at org.apache.kafka.clients.NetworkClient$DefaultMetadataUpdater.maybeUpdate(NetworkClient.java:1130)
	at org.apache.kafka.clients.NetworkClient.poll(NetworkClient.java:582)
	at org.apache.kafka.clients.producer.internals.Sender.runOnce(Sender.java:351)
	at org.apache.kafka.clients.producer.internals.Sender.run(Sender.java:253)
	at java.base/java.lang.Thread.run(Thread.java:842)
2025-06-24 01:53:02 [kafka-producer-network-thread | TaskService-producer-1] WARN  o.apache.kafka.clients.NetworkClient - [Producer clientId=TaskService-producer-1] Error connecting to node 192.168.1.14:9092 (id: 1 rack: null)
java.net.SocketException: Host is down
	at java.base/sun.nio.ch.Net.connect0(Native Method)
	at java.base/sun.nio.ch.Net.connect(Net.java:579)
	at java.base/sun.nio.ch.Net.connect(Net.java:586)
	at java.base/sun.nio.ch.SocketChannelImpl.connect(SocketChannelImpl.java:853)
	at org.apache.kafka.common.network.Selector.doConnect(Selector.java:277)
	at org.apache.kafka.common.network.Selector.connect(Selector.java:255)
	at org.apache.kafka.clients.NetworkClient.initiateConnect(NetworkClient.java:1052)
	at org.apache.kafka.clients.NetworkClient.access$700(NetworkClient.java:76)
	at org.apache.kafka.clients.NetworkClient$TelemetrySender.maybeUpdate(NetworkClient.java:1306)
	at org.apache.kafka.clients.NetworkClient$TelemetrySender.maybeUpdate(NetworkClient.java:1275)
	at org.apache.kafka.clients.NetworkClient.poll(NetworkClient.java:583)
	at org.apache.kafka.clients.producer.internals.Sender.runOnce(Sender.java:351)
	at org.apache.kafka.clients.producer.internals.Sender.run(Sender.java:253)
	at java.base/java.lang.Thread.run(Thread.java:842)
2025-06-24 01:53:04 [kafka-producer-network-thread | TaskService-producer-1] WARN  o.apache.kafka.clients.NetworkClient - [Producer clientId=TaskService-producer-1] Error connecting to node 192.168.1.14:9092 (id: 1 rack: null)
java.net.SocketException: Host is down
	at java.base/sun.nio.ch.Net.connect0(Native Method)
	at java.base/sun.nio.ch.Net.connect(Net.java:579)
	at java.base/sun.nio.ch.Net.connect(Net.java:586)
	at java.base/sun.nio.ch.SocketChannelImpl.connect(SocketChannelImpl.java:853)
	at org.apache.kafka.common.network.Selector.doConnect(Selector.java:277)
	at org.apache.kafka.common.network.Selector.connect(Selector.java:255)
	at org.apache.kafka.clients.NetworkClient.initiateConnect(NetworkClient.java:1052)
	at org.apache.kafka.clients.NetworkClient.access$700(NetworkClient.java:76)
	at org.apache.kafka.clients.NetworkClient$DefaultMetadataUpdater.maybeUpdate(NetworkClient.java:1230)
	at org.apache.kafka.clients.NetworkClient$DefaultMetadataUpdater.maybeUpdate(NetworkClient.java:1130)
	at org.apache.kafka.clients.NetworkClient.poll(NetworkClient.java:582)
	at org.apache.kafka.clients.producer.internals.Sender.runOnce(Sender.java:351)
	at org.apache.kafka.clients.producer.internals.Sender.run(Sender.java:253)
	at java.base/java.lang.Thread.run(Thread.java:842)
2025-06-24 01:53:05 [kafka-producer-network-thread | TaskService-producer-1] WARN  o.apache.kafka.clients.NetworkClient - [Producer clientId=TaskService-producer-1] Error connecting to node 192.168.1.14:9092 (id: 1 rack: null)
java.net.SocketException: Host is down
	at java.base/sun.nio.ch.Net.connect0(Native Method)
	at java.base/sun.nio.ch.Net.connect(Net.java:579)
	at java.base/sun.nio.ch.Net.connect(Net.java:586)
	at java.base/sun.nio.ch.SocketChannelImpl.connect(SocketChannelImpl.java:853)
	at org.apache.kafka.common.network.Selector.doConnect(Selector.java:277)
	at org.apache.kafka.common.network.Selector.connect(Selector.java:255)
	at org.apache.kafka.clients.NetworkClient.initiateConnect(NetworkClient.java:1052)
	at org.apache.kafka.clients.NetworkClient.access$700(NetworkClient.java:76)
	at org.apache.kafka.clients.NetworkClient$DefaultMetadataUpdater.maybeUpdate(NetworkClient.java:1230)
	at org.apache.kafka.clients.NetworkClient$DefaultMetadataUpdater.maybeUpdate(NetworkClient.java:1130)
	at org.apache.kafka.clients.NetworkClient.poll(NetworkClient.java:582)
	at org.apache.kafka.clients.producer.internals.Sender.runOnce(Sender.java:351)
	at org.apache.kafka.clients.producer.internals.Sender.run(Sender.java:253)
	at java.base/java.lang.Thread.run(Thread.java:842)
2025-06-24 01:53:05 [kafka-producer-network-thread | TaskService-producer-1] WARN  o.apache.kafka.clients.NetworkClient - [Producer clientId=TaskService-producer-1] Error connecting to node 192.168.1.14:9092 (id: 1 rack: null)
java.net.SocketException: Host is down
	at java.base/sun.nio.ch.Net.connect0(Native Method)
	at java.base/sun.nio.ch.Net.connect(Net.java:579)
	at java.base/sun.nio.ch.Net.connect(Net.java:586)
	at java.base/sun.nio.ch.SocketChannelImpl.connect(SocketChannelImpl.java:853)
	at org.apache.kafka.common.network.Selector.doConnect(Selector.java:277)
	at org.apache.kafka.common.network.Selector.connect(Selector.java:255)
	at org.apache.kafka.clients.NetworkClient.initiateConnect(NetworkClient.java:1052)
	at org.apache.kafka.clients.NetworkClient.access$700(NetworkClient.java:76)
	at org.apache.kafka.clients.NetworkClient$TelemetrySender.maybeUpdate(NetworkClient.java:1306)
	at org.apache.kafka.clients.NetworkClient$TelemetrySender.maybeUpdate(NetworkClient.java:1275)
	at org.apache.kafka.clients.NetworkClient.poll(NetworkClient.java:583)
	at org.apache.kafka.clients.producer.internals.Sender.runOnce(Sender.java:351)
	at org.apache.kafka.clients.producer.internals.Sender.run(Sender.java:253)
	at java.base/java.lang.Thread.run(Thread.java:842)
2025-06-24 01:53:36 [kafka-producer-network-thread | TaskService-producer-1] INFO  o.apache.kafka.clients.NetworkClient - [Producer clientId=TaskService-producer-1] Disconnecting from node 1 due to socket connection setup timeout. The timeout value is 30000 ms.
2025-06-24 01:53:37 [kafka-producer-network-thread | TaskService-producer-1] WARN  o.apache.kafka.clients.NetworkClient - [Producer clientId=TaskService-producer-1] Error connecting to node 192.168.1.14:9092 (id: 1 rack: null)
java.net.SocketException: Host is down
	at java.base/sun.nio.ch.Net.connect0(Native Method)
	at java.base/sun.nio.ch.Net.connect(Net.java:579)
	at java.base/sun.nio.ch.Net.connect(Net.java:586)
	at java.base/sun.nio.ch.SocketChannelImpl.connect(SocketChannelImpl.java:853)
	at org.apache.kafka.common.network.Selector.doConnect(Selector.java:277)
	at org.apache.kafka.common.network.Selector.connect(Selector.java:255)
	at org.apache.kafka.clients.NetworkClient.initiateConnect(NetworkClient.java:1052)
	at org.apache.kafka.clients.NetworkClient.access$700(NetworkClient.java:76)
	at org.apache.kafka.clients.NetworkClient$DefaultMetadataUpdater.maybeUpdate(NetworkClient.java:1230)
	at org.apache.kafka.clients.NetworkClient$DefaultMetadataUpdater.maybeUpdate(NetworkClient.java:1130)
	at org.apache.kafka.clients.NetworkClient.poll(NetworkClient.java:582)
	at org.apache.kafka.clients.producer.internals.Sender.runOnce(Sender.java:351)
	at org.apache.kafka.clients.producer.internals.Sender.run(Sender.java:253)
	at java.base/java.lang.Thread.run(Thread.java:842)
2025-06-24 01:53:38 [kafka-producer-network-thread | TaskService-producer-1] WARN  o.apache.kafka.clients.NetworkClient - [Producer clientId=TaskService-producer-1] Error connecting to node 192.168.1.14:9092 (id: 1 rack: null)
java.net.SocketException: Host is down
	at java.base/sun.nio.ch.Net.connect0(Native Method)
	at java.base/sun.nio.ch.Net.connect(Net.java:579)
	at java.base/sun.nio.ch.Net.connect(Net.java:586)
	at java.base/sun.nio.ch.SocketChannelImpl.connect(SocketChannelImpl.java:853)
	at org.apache.kafka.common.network.Selector.doConnect(Selector.java:277)
	at org.apache.kafka.common.network.Selector.connect(Selector.java:255)
	at org.apache.kafka.clients.NetworkClient.initiateConnect(NetworkClient.java:1052)
	at org.apache.kafka.clients.NetworkClient.access$700(NetworkClient.java:76)
	at org.apache.kafka.clients.NetworkClient$DefaultMetadataUpdater.maybeUpdate(NetworkClient.java:1230)
	at org.apache.kafka.clients.NetworkClient$DefaultMetadataUpdater.maybeUpdate(NetworkClient.java:1130)
	at org.apache.kafka.clients.NetworkClient.poll(NetworkClient.java:582)
	at org.apache.kafka.clients.producer.internals.Sender.runOnce(Sender.java:351)
	at org.apache.kafka.clients.producer.internals.Sender.run(Sender.java:253)
	at java.base/java.lang.Thread.run(Thread.java:842)
2025-06-24 01:53:39 [kafka-producer-network-thread | TaskService-producer-1] WARN  o.apache.kafka.clients.NetworkClient - [Producer clientId=TaskService-producer-1] Error connecting to node 192.168.1.14:9092 (id: 1 rack: null)
java.net.SocketException: Host is down
	at java.base/sun.nio.ch.Net.connect0(Native Method)
	at java.base/sun.nio.ch.Net.connect(Net.java:579)
	at java.base/sun.nio.ch.Net.connect(Net.java:586)
	at java.base/sun.nio.ch.SocketChannelImpl.connect(SocketChannelImpl.java:853)
	at org.apache.kafka.common.network.Selector.doConnect(Selector.java:277)
	at org.apache.kafka.common.network.Selector.connect(Selector.java:255)
	at org.apache.kafka.clients.NetworkClient.initiateConnect(NetworkClient.java:1052)
	at org.apache.kafka.clients.NetworkClient.access$700(NetworkClient.java:76)
	at org.apache.kafka.clients.NetworkClient$TelemetrySender.maybeUpdate(NetworkClient.java:1306)
	at org.apache.kafka.clients.NetworkClient$TelemetrySender.maybeUpdate(NetworkClient.java:1275)
	at org.apache.kafka.clients.NetworkClient.poll(NetworkClient.java:583)
	at org.apache.kafka.clients.producer.internals.Sender.runOnce(Sender.java:351)
	at org.apache.kafka.clients.producer.internals.Sender.run(Sender.java:253)
	at java.base/java.lang.Thread.run(Thread.java:842)
2025-06-24 01:53:40 [kafka-producer-network-thread | TaskService-producer-1] WARN  o.apache.kafka.clients.NetworkClient - [Producer clientId=TaskService-producer-1] Error connecting to node 192.168.1.14:9092 (id: 1 rack: null)
java.net.SocketException: Host is down
	at java.base/sun.nio.ch.Net.connect0(Native Method)
	at java.base/sun.nio.ch.Net.connect(Net.java:579)
	at java.base/sun.nio.ch.Net.connect(Net.java:586)
	at java.base/sun.nio.ch.SocketChannelImpl.connect(SocketChannelImpl.java:853)
	at org.apache.kafka.common.network.Selector.doConnect(Selector.java:277)
	at org.apache.kafka.common.network.Selector.connect(Selector.java:255)
	at org.apache.kafka.clients.NetworkClient.initiateConnect(NetworkClient.java:1052)
	at org.apache.kafka.clients.NetworkClient.access$700(NetworkClient.java:76)
	at org.apache.kafka.clients.NetworkClient$DefaultMetadataUpdater.maybeUpdate(NetworkClient.java:1230)
	at org.apache.kafka.clients.NetworkClient$DefaultMetadataUpdater.maybeUpdate(NetworkClient.java:1130)
	at org.apache.kafka.clients.NetworkClient.poll(NetworkClient.java:582)
	at org.apache.kafka.clients.producer.internals.Sender.runOnce(Sender.java:351)
	at org.apache.kafka.clients.producer.internals.Sender.run(Sender.java:253)
	at java.base/java.lang.Thread.run(Thread.java:842)
2025-06-24 01:53:41 [kafka-producer-network-thread | TaskService-producer-1] WARN  o.apache.kafka.clients.NetworkClient - [Producer clientId=TaskService-producer-1] Error connecting to node 192.168.1.14:9092 (id: 1 rack: null)
java.net.SocketException: Host is down
	at java.base/sun.nio.ch.Net.connect0(Native Method)
	at java.base/sun.nio.ch.Net.connect(Net.java:579)
	at java.base/sun.nio.ch.Net.connect(Net.java:586)
	at java.base/sun.nio.ch.SocketChannelImpl.connect(SocketChannelImpl.java:853)
	at org.apache.kafka.common.network.Selector.doConnect(Selector.java:277)
	at org.apache.kafka.common.network.Selector.connect(Selector.java:255)
	at org.apache.kafka.clients.NetworkClient.initiateConnect(NetworkClient.java:1052)
	at org.apache.kafka.clients.NetworkClient.access$700(NetworkClient.java:76)
	at org.apache.kafka.clients.NetworkClient$DefaultMetadataUpdater.maybeUpdate(NetworkClient.java:1230)
	at org.apache.kafka.clients.NetworkClient$DefaultMetadataUpdater.maybeUpdate(NetworkClient.java:1130)
	at org.apache.kafka.clients.NetworkClient.poll(NetworkClient.java:582)
	at org.apache.kafka.clients.producer.internals.Sender.runOnce(Sender.java:351)
	at org.apache.kafka.clients.producer.internals.Sender.run(Sender.java:253)
	at java.base/java.lang.Thread.run(Thread.java:842)
2025-06-24 01:53:42 [kafka-producer-network-thread | TaskService-producer-1] WARN  o.apache.kafka.clients.NetworkClient - [Producer clientId=TaskService-producer-1] Error connecting to node 192.168.1.14:9092 (id: 1 rack: null)
java.net.SocketException: Host is down
	at java.base/sun.nio.ch.Net.connect0(Native Method)
	at java.base/sun.nio.ch.Net.connect(Net.java:579)
	at java.base/sun.nio.ch.Net.connect(Net.java:586)
	at java.base/sun.nio.ch.SocketChannelImpl.connect(SocketChannelImpl.java:853)
	at org.apache.kafka.common.network.Selector.doConnect(Selector.java:277)
	at org.apache.kafka.common.network.Selector.connect(Selector.java:255)
	at org.apache.kafka.clients.NetworkClient.initiateConnect(NetworkClient.java:1052)
	at org.apache.kafka.clients.NetworkClient.access$700(NetworkClient.java:76)
	at org.apache.kafka.clients.NetworkClient$DefaultMetadataUpdater.maybeUpdate(NetworkClient.java:1230)
	at org.apache.kafka.clients.NetworkClient$DefaultMetadataUpdater.maybeUpdate(NetworkClient.java:1130)
	at org.apache.kafka.clients.NetworkClient.poll(NetworkClient.java:582)
	at org.apache.kafka.clients.producer.internals.Sender.runOnce(Sender.java:351)
	at org.apache.kafka.clients.producer.internals.Sender.run(Sender.java:253)
	at java.base/java.lang.Thread.run(Thread.java:842)
2025-06-24 01:53:43 [kafka-producer-network-thread | TaskService-producer-1] WARN  o.apache.kafka.clients.NetworkClient - [Producer clientId=TaskService-producer-1] Error connecting to node 192.168.1.14:9092 (id: 1 rack: null)
java.net.SocketException: Host is down
	at java.base/sun.nio.ch.Net.connect0(Native Method)
	at java.base/sun.nio.ch.Net.connect(Net.java:579)
	at java.base/sun.nio.ch.Net.connect(Net.java:586)
	at java.base/sun.nio.ch.SocketChannelImpl.connect(SocketChannelImpl.java:853)
	at org.apache.kafka.common.network.Selector.doConnect(Selector.java:277)
	at org.apache.kafka.common.network.Selector.connect(Selector.java:255)
	at org.apache.kafka.clients.NetworkClient.initiateConnect(NetworkClient.java:1052)
	at org.apache.kafka.clients.NetworkClient.access$700(NetworkClient.java:76)
	at org.apache.kafka.clients.NetworkClient$DefaultMetadataUpdater.maybeUpdate(NetworkClient.java:1230)
	at org.apache.kafka.clients.NetworkClient$DefaultMetadataUpdater.maybeUpdate(NetworkClient.java:1130)
	at org.apache.kafka.clients.NetworkClient.poll(NetworkClient.java:582)
	at org.apache.kafka.clients.producer.internals.Sender.runOnce(Sender.java:351)
	at org.apache.kafka.clients.producer.internals.Sender.run(Sender.java:253)
	at java.base/java.lang.Thread.run(Thread.java:842)
2025-06-24 01:53:44 [kafka-producer-network-thread | TaskService-producer-1] WARN  o.apache.kafka.clients.NetworkClient - [Producer clientId=TaskService-producer-1] Error connecting to node 192.168.1.14:9092 (id: 1 rack: null)
java.net.SocketException: Host is down
	at java.base/sun.nio.ch.Net.connect0(Native Method)
	at java.base/sun.nio.ch.Net.connect(Net.java:579)
	at java.base/sun.nio.ch.Net.connect(Net.java:586)
	at java.base/sun.nio.ch.SocketChannelImpl.connect(SocketChannelImpl.java:853)
	at org.apache.kafka.common.network.Selector.doConnect(Selector.java:277)
	at org.apache.kafka.common.network.Selector.connect(Selector.java:255)
	at org.apache.kafka.clients.NetworkClient.initiateConnect(NetworkClient.java:1052)
	at org.apache.kafka.clients.NetworkClient.access$700(NetworkClient.java:76)
	at org.apache.kafka.clients.NetworkClient$DefaultMetadataUpdater.maybeUpdate(NetworkClient.java:1230)
	at org.apache.kafka.clients.NetworkClient$DefaultMetadataUpdater.maybeUpdate(NetworkClient.java:1130)
	at org.apache.kafka.clients.NetworkClient.poll(NetworkClient.java:582)
	at org.apache.kafka.clients.producer.internals.Sender.runOnce(Sender.java:351)
	at org.apache.kafka.clients.producer.internals.Sender.run(Sender.java:253)
	at java.base/java.lang.Thread.run(Thread.java:842)
2025-06-24 01:53:45 [kafka-producer-network-thread | TaskService-producer-1] WARN  o.apache.kafka.clients.NetworkClient - [Producer clientId=TaskService-producer-1] Error connecting to node 192.168.1.14:9092 (id: 1 rack: null)
java.net.SocketException: Host is down
	at java.base/sun.nio.ch.Net.connect0(Native Method)
	at java.base/sun.nio.ch.Net.connect(Net.java:579)
	at java.base/sun.nio.ch.Net.connect(Net.java:586)
	at java.base/sun.nio.ch.SocketChannelImpl.connect(SocketChannelImpl.java:853)
	at org.apache.kafka.common.network.Selector.doConnect(Selector.java:277)
	at org.apache.kafka.common.network.Selector.connect(Selector.java:255)
	at org.apache.kafka.clients.NetworkClient.initiateConnect(NetworkClient.java:1052)
	at org.apache.kafka.clients.NetworkClient.access$700(NetworkClient.java:76)
	at org.apache.kafka.clients.NetworkClient$DefaultMetadataUpdater.maybeUpdate(NetworkClient.java:1230)
	at org.apache.kafka.clients.NetworkClient$DefaultMetadataUpdater.maybeUpdate(NetworkClient.java:1130)
	at org.apache.kafka.clients.NetworkClient.poll(NetworkClient.java:582)
	at org.apache.kafka.clients.producer.internals.Sender.runOnce(Sender.java:351)
	at org.apache.kafka.clients.producer.internals.Sender.run(Sender.java:253)
	at java.base/java.lang.Thread.run(Thread.java:842)
2025-06-24 01:53:46 [kafka-producer-network-thread | TaskService-producer-1] WARN  o.apache.kafka.clients.NetworkClient - [Producer clientId=TaskService-producer-1] Error connecting to node 192.168.1.14:9092 (id: 1 rack: null)
java.net.SocketException: Host is down
	at java.base/sun.nio.ch.Net.connect0(Native Method)
	at java.base/sun.nio.ch.Net.connect(Net.java:579)
	at java.base/sun.nio.ch.Net.connect(Net.java:586)
	at java.base/sun.nio.ch.SocketChannelImpl.connect(SocketChannelImpl.java:853)
	at org.apache.kafka.common.network.Selector.doConnect(Selector.java:277)
	at org.apache.kafka.common.network.Selector.connect(Selector.java:255)
	at org.apache.kafka.clients.NetworkClient.initiateConnect(NetworkClient.java:1052)
	at org.apache.kafka.clients.NetworkClient.access$700(NetworkClient.java:76)
	at org.apache.kafka.clients.NetworkClient$DefaultMetadataUpdater.maybeUpdate(NetworkClient.java:1230)
	at org.apache.kafka.clients.NetworkClient$DefaultMetadataUpdater.maybeUpdate(NetworkClient.java:1130)
	at org.apache.kafka.clients.NetworkClient.poll(NetworkClient.java:582)
	at org.apache.kafka.clients.producer.internals.Sender.runOnce(Sender.java:351)
	at org.apache.kafka.clients.producer.internals.Sender.run(Sender.java:253)
	at java.base/java.lang.Thread.run(Thread.java:842)
2025-06-24 01:53:47 [kafka-producer-network-thread | TaskService-producer-1] WARN  o.apache.kafka.clients.NetworkClient - [Producer clientId=TaskService-producer-1] Error connecting to node 192.168.1.14:9092 (id: 1 rack: null)
java.net.SocketException: Host is down
	at java.base/sun.nio.ch.Net.connect0(Native Method)
	at java.base/sun.nio.ch.Net.connect(Net.java:579)
	at java.base/sun.nio.ch.Net.connect(Net.java:586)
	at java.base/sun.nio.ch.SocketChannelImpl.connect(SocketChannelImpl.java:853)
	at org.apache.kafka.common.network.Selector.doConnect(Selector.java:277)
	at org.apache.kafka.common.network.Selector.connect(Selector.java:255)
	at org.apache.kafka.clients.NetworkClient.initiateConnect(NetworkClient.java:1052)
	at org.apache.kafka.clients.NetworkClient.access$700(NetworkClient.java:76)
	at org.apache.kafka.clients.NetworkClient$TelemetrySender.maybeUpdate(NetworkClient.java:1306)
	at org.apache.kafka.clients.NetworkClient$TelemetrySender.maybeUpdate(NetworkClient.java:1275)
	at org.apache.kafka.clients.NetworkClient.poll(NetworkClient.java:583)
	at org.apache.kafka.clients.producer.internals.Sender.runOnce(Sender.java:351)
	at org.apache.kafka.clients.producer.internals.Sender.run(Sender.java:253)
	at java.base/java.lang.Thread.run(Thread.java:842)
2025-06-24 01:53:48 [kafka-producer-network-thread | TaskService-producer-1] WARN  o.apache.kafka.clients.NetworkClient - [Producer clientId=TaskService-producer-1] Error connecting to node 192.168.1.14:9092 (id: 1 rack: null)
java.net.SocketException: Host is down
	at java.base/sun.nio.ch.Net.connect0(Native Method)
	at java.base/sun.nio.ch.Net.connect(Net.java:579)
	at java.base/sun.nio.ch.Net.connect(Net.java:586)
	at java.base/sun.nio.ch.SocketChannelImpl.connect(SocketChannelImpl.java:853)
	at org.apache.kafka.common.network.Selector.doConnect(Selector.java:277)
	at org.apache.kafka.common.network.Selector.connect(Selector.java:255)
	at org.apache.kafka.clients.NetworkClient.initiateConnect(NetworkClient.java:1052)
	at org.apache.kafka.clients.NetworkClient.access$700(NetworkClient.java:76)
	at org.apache.kafka.clients.NetworkClient$DefaultMetadataUpdater.maybeUpdate(NetworkClient.java:1230)
	at org.apache.kafka.clients.NetworkClient$DefaultMetadataUpdater.maybeUpdate(NetworkClient.java:1130)
	at org.apache.kafka.clients.NetworkClient.poll(NetworkClient.java:582)
	at org.apache.kafka.clients.producer.internals.Sender.runOnce(Sender.java:351)
	at org.apache.kafka.clients.producer.internals.Sender.run(Sender.java:253)
	at java.base/java.lang.Thread.run(Thread.java:842)
2025-06-24 01:53:49 [kafka-producer-network-thread | TaskService-producer-1] WARN  o.apache.kafka.clients.NetworkClient - [Producer clientId=TaskService-producer-1] Error connecting to node 192.168.1.14:9092 (id: 1 rack: null)
java.net.SocketException: Host is down
	at java.base/sun.nio.ch.Net.connect0(Native Method)
	at java.base/sun.nio.ch.Net.connect(Net.java:579)
	at java.base/sun.nio.ch.Net.connect(Net.java:586)
	at java.base/sun.nio.ch.SocketChannelImpl.connect(SocketChannelImpl.java:853)
	at org.apache.kafka.common.network.Selector.doConnect(Selector.java:277)
	at org.apache.kafka.common.network.Selector.connect(Selector.java:255)
	at org.apache.kafka.clients.NetworkClient.initiateConnect(NetworkClient.java:1052)
	at org.apache.kafka.clients.NetworkClient.access$700(NetworkClient.java:76)
	at org.apache.kafka.clients.NetworkClient$DefaultMetadataUpdater.maybeUpdate(NetworkClient.java:1230)
	at org.apache.kafka.clients.NetworkClient$DefaultMetadataUpdater.maybeUpdate(NetworkClient.java:1130)
	at org.apache.kafka.clients.NetworkClient.poll(NetworkClient.java:582)
	at org.apache.kafka.clients.producer.internals.Sender.runOnce(Sender.java:351)
	at org.apache.kafka.clients.producer.internals.Sender.run(Sender.java:253)
	at java.base/java.lang.Thread.run(Thread.java:842)
2025-06-24 01:53:50 [kafka-producer-network-thread | TaskService-producer-1] WARN  o.apache.kafka.clients.NetworkClient - [Producer clientId=TaskService-producer-1] Error connecting to node 192.168.1.14:9092 (id: 1 rack: null)
java.net.SocketException: Host is down
	at java.base/sun.nio.ch.Net.connect0(Native Method)
	at java.base/sun.nio.ch.Net.connect(Net.java:579)
	at java.base/sun.nio.ch.Net.connect(Net.java:586)
	at java.base/sun.nio.ch.SocketChannelImpl.connect(SocketChannelImpl.java:853)
	at org.apache.kafka.common.network.Selector.doConnect(Selector.java:277)
	at org.apache.kafka.common.network.Selector.connect(Selector.java:255)
	at org.apache.kafka.clients.NetworkClient.initiateConnect(NetworkClient.java:1052)
	at org.apache.kafka.clients.NetworkClient.access$700(NetworkClient.java:76)
	at org.apache.kafka.clients.NetworkClient$DefaultMetadataUpdater.maybeUpdate(NetworkClient.java:1230)
	at org.apache.kafka.clients.NetworkClient$DefaultMetadataUpdater.maybeUpdate(NetworkClient.java:1130)
	at org.apache.kafka.clients.NetworkClient.poll(NetworkClient.java:582)
	at org.apache.kafka.clients.producer.internals.Sender.runOnce(Sender.java:351)
	at org.apache.kafka.clients.producer.internals.Sender.run(Sender.java:253)
	at java.base/java.lang.Thread.run(Thread.java:842)
2025-06-24 01:53:51 [kafka-producer-network-thread | TaskService-producer-1] WARN  o.apache.kafka.clients.NetworkClient - [Producer clientId=TaskService-producer-1] Error connecting to node 192.168.1.14:9092 (id: 1 rack: null)
java.net.SocketException: Host is down
	at java.base/sun.nio.ch.Net.connect0(Native Method)
	at java.base/sun.nio.ch.Net.connect(Net.java:579)
	at java.base/sun.nio.ch.Net.connect(Net.java:586)
	at java.base/sun.nio.ch.SocketChannelImpl.connect(SocketChannelImpl.java:853)
	at org.apache.kafka.common.network.Selector.doConnect(Selector.java:277)
	at org.apache.kafka.common.network.Selector.connect(Selector.java:255)
	at org.apache.kafka.clients.NetworkClient.initiateConnect(NetworkClient.java:1052)
	at org.apache.kafka.clients.NetworkClient.access$700(NetworkClient.java:76)
	at org.apache.kafka.clients.NetworkClient$DefaultMetadataUpdater.maybeUpdate(NetworkClient.java:1230)
	at org.apache.kafka.clients.NetworkClient$DefaultMetadataUpdater.maybeUpdate(NetworkClient.java:1130)
	at org.apache.kafka.clients.NetworkClient.poll(NetworkClient.java:582)
	at org.apache.kafka.clients.producer.internals.Sender.runOnce(Sender.java:351)
	at org.apache.kafka.clients.producer.internals.Sender.run(Sender.java:253)
	at java.base/java.lang.Thread.run(Thread.java:842)
2025-06-24 01:53:52 [kafka-producer-network-thread | TaskService-producer-1] WARN  o.apache.kafka.clients.NetworkClient - [Producer clientId=TaskService-producer-1] Error connecting to node 192.168.1.14:9092 (id: 1 rack: null)
java.net.SocketException: Host is down
	at java.base/sun.nio.ch.Net.connect0(Native Method)
	at java.base/sun.nio.ch.Net.connect(Net.java:579)
	at java.base/sun.nio.ch.Net.connect(Net.java:586)
	at java.base/sun.nio.ch.SocketChannelImpl.connect(SocketChannelImpl.java:853)
	at org.apache.kafka.common.network.Selector.doConnect(Selector.java:277)
	at org.apache.kafka.common.network.Selector.connect(Selector.java:255)
	at org.apache.kafka.clients.NetworkClient.initiateConnect(NetworkClient.java:1052)
	at org.apache.kafka.clients.NetworkClient.access$700(NetworkClient.java:76)
	at org.apache.kafka.clients.NetworkClient$DefaultMetadataUpdater.maybeUpdate(NetworkClient.java:1230)
	at org.apache.kafka.clients.NetworkClient$DefaultMetadataUpdater.maybeUpdate(NetworkClient.java:1130)
	at org.apache.kafka.clients.NetworkClient.poll(NetworkClient.java:582)
	at org.apache.kafka.clients.producer.internals.Sender.runOnce(Sender.java:351)
	at org.apache.kafka.clients.producer.internals.Sender.run(Sender.java:253)
	at java.base/java.lang.Thread.run(Thread.java:842)
2025-06-24 01:53:53 [kafka-producer-network-thread | TaskService-producer-1] WARN  o.apache.kafka.clients.NetworkClient - [Producer clientId=TaskService-producer-1] Error connecting to node 192.168.1.14:9092 (id: 1 rack: null)
java.net.SocketException: Host is down
	at java.base/sun.nio.ch.Net.connect0(Native Method)
	at java.base/sun.nio.ch.Net.connect(Net.java:579)
	at java.base/sun.nio.ch.Net.connect(Net.java:586)
	at java.base/sun.nio.ch.SocketChannelImpl.connect(SocketChannelImpl.java:853)
	at org.apache.kafka.common.network.Selector.doConnect(Selector.java:277)
	at org.apache.kafka.common.network.Selector.connect(Selector.java:255)
	at org.apache.kafka.clients.NetworkClient.initiateConnect(NetworkClient.java:1052)
	at org.apache.kafka.clients.NetworkClient.access$700(NetworkClient.java:76)
	at org.apache.kafka.clients.NetworkClient$DefaultMetadataUpdater.maybeUpdate(NetworkClient.java:1230)
	at org.apache.kafka.clients.NetworkClient$DefaultMetadataUpdater.maybeUpdate(NetworkClient.java:1130)
	at org.apache.kafka.clients.NetworkClient.poll(NetworkClient.java:582)
	at org.apache.kafka.clients.producer.internals.Sender.runOnce(Sender.java:351)
	at org.apache.kafka.clients.producer.internals.Sender.run(Sender.java:253)
	at java.base/java.lang.Thread.run(Thread.java:842)
2025-06-24 01:53:54 [kafka-producer-network-thread | TaskService-producer-1] WARN  o.apache.kafka.clients.NetworkClient - [Producer clientId=TaskService-producer-1] Error connecting to node 192.168.1.14:9092 (id: 1 rack: null)
java.net.SocketException: Host is down
	at java.base/sun.nio.ch.Net.connect0(Native Method)
	at java.base/sun.nio.ch.Net.connect(Net.java:579)
	at java.base/sun.nio.ch.Net.connect(Net.java:586)
	at java.base/sun.nio.ch.SocketChannelImpl.connect(SocketChannelImpl.java:853)
	at org.apache.kafka.common.network.Selector.doConnect(Selector.java:277)
	at org.apache.kafka.common.network.Selector.connect(Selector.java:255)
	at org.apache.kafka.clients.NetworkClient.initiateConnect(NetworkClient.java:1052)
	at org.apache.kafka.clients.NetworkClient.access$700(NetworkClient.java:76)
	at org.apache.kafka.clients.NetworkClient$DefaultMetadataUpdater.maybeUpdate(NetworkClient.java:1230)
	at org.apache.kafka.clients.NetworkClient$DefaultMetadataUpdater.maybeUpdate(NetworkClient.java:1130)
	at org.apache.kafka.clients.NetworkClient.poll(NetworkClient.java:582)
	at org.apache.kafka.clients.producer.internals.Sender.runOnce(Sender.java:351)
	at org.apache.kafka.clients.producer.internals.Sender.run(Sender.java:253)
	at java.base/java.lang.Thread.run(Thread.java:842)
2025-06-24 01:53:55 [kafka-producer-network-thread | TaskService-producer-1] WARN  o.apache.kafka.clients.NetworkClient - [Producer clientId=TaskService-producer-1] Error connecting to node 192.168.1.14:9092 (id: 1 rack: null)
java.net.SocketException: Host is down
	at java.base/sun.nio.ch.Net.connect0(Native Method)
	at java.base/sun.nio.ch.Net.connect(Net.java:579)
	at java.base/sun.nio.ch.Net.connect(Net.java:586)
	at java.base/sun.nio.ch.SocketChannelImpl.connect(SocketChannelImpl.java:853)
	at org.apache.kafka.common.network.Selector.doConnect(Selector.java:277)
	at org.apache.kafka.common.network.Selector.connect(Selector.java:255)
	at org.apache.kafka.clients.NetworkClient.initiateConnect(NetworkClient.java:1052)
	at org.apache.kafka.clients.NetworkClient.access$700(NetworkClient.java:76)
	at org.apache.kafka.clients.NetworkClient$TelemetrySender.maybeUpdate(NetworkClient.java:1306)
	at org.apache.kafka.clients.NetworkClient$TelemetrySender.maybeUpdate(NetworkClient.java:1275)
	at org.apache.kafka.clients.NetworkClient.poll(NetworkClient.java:583)
	at org.apache.kafka.clients.producer.internals.Sender.runOnce(Sender.java:351)
	at org.apache.kafka.clients.producer.internals.Sender.run(Sender.java:253)
	at java.base/java.lang.Thread.run(Thread.java:842)
2025-06-24 01:53:56 [kafka-producer-network-thread | TaskService-producer-1] WARN  o.apache.kafka.clients.NetworkClient - [Producer clientId=TaskService-producer-1] Error connecting to node 192.168.1.14:9092 (id: 1 rack: null)
java.net.SocketException: Host is down
	at java.base/sun.nio.ch.Net.connect0(Native Method)
	at java.base/sun.nio.ch.Net.connect(Net.java:579)
	at java.base/sun.nio.ch.Net.connect(Net.java:586)
	at java.base/sun.nio.ch.SocketChannelImpl.connect(SocketChannelImpl.java:853)
	at org.apache.kafka.common.network.Selector.doConnect(Selector.java:277)
	at org.apache.kafka.common.network.Selector.connect(Selector.java:255)
	at org.apache.kafka.clients.NetworkClient.initiateConnect(NetworkClient.java:1052)
	at org.apache.kafka.clients.NetworkClient.access$700(NetworkClient.java:76)
	at org.apache.kafka.clients.NetworkClient$DefaultMetadataUpdater.maybeUpdate(NetworkClient.java:1230)
	at org.apache.kafka.clients.NetworkClient$DefaultMetadataUpdater.maybeUpdate(NetworkClient.java:1130)
	at org.apache.kafka.clients.NetworkClient.poll(NetworkClient.java:582)
	at org.apache.kafka.clients.producer.internals.Sender.runOnce(Sender.java:351)
	at org.apache.kafka.clients.producer.internals.Sender.run(Sender.java:253)
	at java.base/java.lang.Thread.run(Thread.java:842)
2025-06-24 01:54:51 [kafka-producer-network-thread | TaskService-producer-1] INFO  o.apache.kafka.clients.NetworkClient - [Producer clientId=TaskService-producer-1] Disconnecting from node 1 due to socket connection setup timeout. The timeout value is 30000 ms.
2025-06-24 01:54:54 [HikariPool-1 housekeeper] WARN  com.zaxxer.hikari.pool.HikariPool - HikariPool-1 - Thread starvation or clock leap detected (housekeeper delta=1m22s202ms).
2025-06-24 01:55:22 [kafka-producer-network-thread | TaskService-producer-1] INFO  o.apache.kafka.clients.NetworkClient - [Producer clientId=TaskService-producer-1] Disconnecting from node 1 due to socket connection setup timeout. The timeout value is 30000 ms.
2025-06-24 01:55:48 [kafka-producer-network-thread | TaskService-producer-1] INFO  o.apache.kafka.clients.NetworkClient - [Producer clientId=TaskService-producer-1] Disconnecting from node 1 due to socket connection setup timeout. The timeout value is 24556 ms.
2025-06-24 01:56:15 [kafka-producer-network-thread | TaskService-producer-1] INFO  o.apache.kafka.clients.NetworkClient - [Producer clientId=TaskService-producer-1] Disconnecting from node 1 due to socket connection setup timeout. The timeout value is 26604 ms.
2025-06-24 01:56:51 [kafka-producer-network-thread | TaskService-producer-1] INFO  o.apache.kafka.clients.NetworkClient - [Producer clientId=TaskService-producer-1] Disconnecting from node 1 due to socket connection setup timeout. The timeout value is 30000 ms.
2025-06-24 01:56:52 [kafka-producer-network-thread | TaskService-producer-1] INFO  o.apache.kafka.clients.NetworkClient - [Producer clientId=TaskService-producer-1] Node 1 disconnected.
2025-06-24 01:56:52 [kafka-producer-network-thread | TaskService-producer-1] WARN  o.apache.kafka.clients.NetworkClient - [Producer clientId=TaskService-producer-1] Connection to node 1 (/192.168.1.14:9092) could not be established. Node may not be available.
2025-06-24 01:56:53 [kafka-producer-network-thread | TaskService-producer-1] INFO  o.apache.kafka.clients.NetworkClient - [Producer clientId=TaskService-producer-1] Node 1 disconnected.
2025-06-24 01:56:53 [kafka-producer-network-thread | TaskService-producer-1] WARN  o.apache.kafka.clients.NetworkClient - [Producer clientId=TaskService-producer-1] Connection to node 1 (/192.168.1.14:9092) could not be established. Node may not be available.
2025-06-24 01:56:54 [HikariPool-1 housekeeper] WARN  com.zaxxer.hikari.pool.HikariPool - HikariPool-1 - Thread starvation or clock leap detected (housekeeper delta=59s570ms).
2025-06-24 01:56:54 [kafka-producer-network-thread | TaskService-producer-1] INFO  o.apache.kafka.clients.NetworkClient - [Producer clientId=TaskService-producer-1] Node 1 disconnected.
2025-06-24 01:56:54 [kafka-producer-network-thread | TaskService-producer-1] WARN  o.apache.kafka.clients.NetworkClient - [Producer clientId=TaskService-producer-1] Connection to node 1 (/192.168.1.14:9092) could not be established. Node may not be available.
2025-06-24 01:56:55 [kafka-producer-network-thread | TaskService-producer-1] INFO  o.apache.kafka.clients.NetworkClient - [Producer clientId=TaskService-producer-1] Node 1 disconnected.
2025-06-24 01:56:55 [kafka-producer-network-thread | TaskService-producer-1] WARN  o.apache.kafka.clients.NetworkClient - [Producer clientId=TaskService-producer-1] Connection to node 1 (/192.168.1.14:9092) could not be established. Node may not be available.
2025-06-24 01:56:56 [kafka-producer-network-thread | TaskService-producer-1] INFO  o.apache.kafka.clients.NetworkClient - [Producer clientId=TaskService-producer-1] Node 1 disconnected.
2025-06-24 01:56:56 [kafka-producer-network-thread | TaskService-producer-1] WARN  o.apache.kafka.clients.NetworkClient - [Producer clientId=TaskService-producer-1] Connection to node 1 (/192.168.1.14:9092) could not be established. Node may not be available.
2025-06-24 01:56:57 [kafka-producer-network-thread | TaskService-producer-1] INFO  o.apache.kafka.clients.NetworkClient - [Producer clientId=TaskService-producer-1] Node 1 disconnected.
2025-06-24 01:56:57 [kafka-producer-network-thread | TaskService-producer-1] WARN  o.apache.kafka.clients.NetworkClient - [Producer clientId=TaskService-producer-1] Connection to node 1 (/192.168.1.14:9092) could not be established. Node may not be available.
2025-06-24 01:57:25 [kafka-producer-network-thread | TaskService-producer-1] INFO  o.apache.kafka.clients.NetworkClient - [Producer clientId=TaskService-producer-1] Disconnecting from node 1 due to socket connection setup timeout. The timeout value is 26501 ms.
2025-06-24 01:57:56 [kafka-producer-network-thread | TaskService-producer-1] INFO  o.apache.kafka.clients.NetworkClient - [Producer clientId=TaskService-producer-1] Disconnecting from node 1 due to socket connection setup timeout. The timeout value is 30000 ms.
2025-06-24 01:57:57 [kafka-producer-network-thread | TaskService-producer-1] INFO  o.apache.kafka.clients.NetworkClient - [Producer clientId=TaskService-producer-1] Node 1 disconnected.
2025-06-24 01:57:57 [kafka-producer-network-thread | TaskService-producer-1] WARN  o.apache.kafka.clients.NetworkClient - [Producer clientId=TaskService-producer-1] Connection to node 1 (/192.168.1.14:9092) could not be established. Node may not be available.
2025-06-24 01:57:58 [kafka-producer-network-thread | TaskService-producer-1] INFO  o.apache.kafka.clients.NetworkClient - [Producer clientId=TaskService-producer-1] Node 1 disconnected.
2025-06-24 01:57:58 [kafka-producer-network-thread | TaskService-producer-1] WARN  o.apache.kafka.clients.NetworkClient - [Producer clientId=TaskService-producer-1] Connection to node 1 (/192.168.1.14:9092) could not be established. Node may not be available.
2025-06-24 01:58:00 [kafka-producer-network-thread | TaskService-producer-1] INFO  o.apache.kafka.clients.NetworkClient - [Producer clientId=TaskService-producer-1] Node 1 disconnected.
2025-06-24 01:58:00 [kafka-producer-network-thread | TaskService-producer-1] WARN  o.apache.kafka.clients.NetworkClient - [Producer clientId=TaskService-producer-1] Connection to node 1 (/192.168.1.14:9092) could not be established. Node may not be available.
2025-06-24 01:58:00 [kafka-producer-network-thread | TaskService-producer-1] INFO  o.apache.kafka.clients.NetworkClient - [Producer clientId=TaskService-producer-1] Node 1 disconnected.
2025-06-24 01:58:00 [kafka-producer-network-thread | TaskService-producer-1] WARN  o.apache.kafka.clients.NetworkClient - [Producer clientId=TaskService-producer-1] Connection to node 1 (/192.168.1.14:9092) could not be established. Node may not be available.
2025-06-24 01:58:01 [kafka-producer-network-thread | TaskService-producer-1] INFO  o.apache.kafka.clients.NetworkClient - [Producer clientId=TaskService-producer-1] Node 1 disconnected.
2025-06-24 01:58:01 [kafka-producer-network-thread | TaskService-producer-1] WARN  o.apache.kafka.clients.NetworkClient - [Producer clientId=TaskService-producer-1] Connection to node 1 (/192.168.1.14:9092) could not be established. Node may not be available.
2025-06-24 01:58:02 [kafka-producer-network-thread | TaskService-producer-1] INFO  o.apache.kafka.clients.NetworkClient - [Producer clientId=TaskService-producer-1] Node 1 disconnected.
2025-06-24 01:58:02 [kafka-producer-network-thread | TaskService-producer-1] WARN  o.apache.kafka.clients.NetworkClient - [Producer clientId=TaskService-producer-1] Connection to node 1 (/192.168.1.14:9092) could not be established. Node may not be available.
2025-06-24 01:58:03 [kafka-producer-network-thread | TaskService-producer-1] INFO  o.apache.kafka.clients.NetworkClient - [Producer clientId=TaskService-producer-1] Node 1 disconnected.
2025-06-24 01:58:03 [kafka-producer-network-thread | TaskService-producer-1] WARN  o.apache.kafka.clients.NetworkClient - [Producer clientId=TaskService-producer-1] Connection to node 1 (/192.168.1.14:9092) could not be established. Node may not be available.
2025-06-24 01:58:05 [kafka-producer-network-thread | TaskService-producer-1] INFO  o.apache.kafka.clients.NetworkClient - [Producer clientId=TaskService-producer-1] Node 1 disconnected.
2025-06-24 01:58:05 [kafka-producer-network-thread | TaskService-producer-1] WARN  o.apache.kafka.clients.NetworkClient - [Producer clientId=TaskService-producer-1] Connection to node 1 (/192.168.1.14:9092) could not be established. Node may not be available.
2025-06-24 01:58:51 [kafka-producer-network-thread | TaskService-producer-1] INFO  o.apache.kafka.clients.NetworkClient - [Producer clientId=TaskService-producer-1] Disconnecting from node 1 due to socket connection setup timeout. The timeout value is 25825 ms.
2025-06-24 01:58:54 [HikariPool-1 housekeeper] WARN  com.zaxxer.hikari.pool.HikariPool - HikariPool-1 - Thread starvation or clock leap detected (housekeeper delta=59s579ms).
2025-06-24 01:59:22 [kafka-producer-network-thread | TaskService-producer-1] INFO  o.apache.kafka.clients.NetworkClient - [Producer clientId=TaskService-producer-1] Disconnecting from node 1 due to socket connection setup timeout. The timeout value is 30000 ms.
2025-06-24 01:59:52 [kafka-producer-network-thread | TaskService-producer-1] INFO  o.apache.kafka.clients.NetworkClient - [Producer clientId=TaskService-producer-1] Disconnecting from node 1 due to socket connection setup timeout. The timeout value is 28981 ms.
2025-06-24 02:00:51 [kafka-producer-network-thread | TaskService-producer-1] INFO  o.apache.kafka.clients.NetworkClient - [Producer clientId=TaskService-producer-1] Disconnecting from node 1 due to socket connection setup timeout. The timeout value is 30000 ms.
2025-06-24 02:00:53 [kafka-producer-network-thread | TaskService-producer-1] INFO  o.apache.kafka.clients.NetworkClient - [Producer clientId=TaskService-producer-1] Node 1 disconnected.
2025-06-24 02:00:53 [kafka-producer-network-thread | TaskService-producer-1] WARN  o.apache.kafka.clients.NetworkClient - [Producer clientId=TaskService-producer-1] Connection to node 1 (/192.168.1.14:9092) could not be established. Node may not be available.
2025-06-24 02:00:53 [HikariPool-1 housekeeper] WARN  com.zaxxer.hikari.pool.HikariPool - HikariPool-1 - Thread starvation or clock leap detected (housekeeper delta=59s567ms).
2025-06-24 02:00:54 [kafka-producer-network-thread | TaskService-producer-1] INFO  o.apache.kafka.clients.NetworkClient - [Producer clientId=TaskService-producer-1] Node 1 disconnected.
2025-06-24 02:00:54 [kafka-producer-network-thread | TaskService-producer-1] WARN  o.apache.kafka.clients.NetworkClient - [Producer clientId=TaskService-producer-1] Connection to node 1 (/192.168.1.14:9092) could not be established. Node may not be available.
2025-06-24 02:00:55 [kafka-producer-network-thread | TaskService-producer-1] INFO  o.apache.kafka.clients.NetworkClient - [Producer clientId=TaskService-producer-1] Node 1 disconnected.
2025-06-24 02:00:55 [kafka-producer-network-thread | TaskService-producer-1] WARN  o.apache.kafka.clients.NetworkClient - [Producer clientId=TaskService-producer-1] Connection to node 1 (/192.168.1.14:9092) could not be established. Node may not be available.
2025-06-24 02:00:56 [kafka-producer-network-thread | TaskService-producer-1] INFO  o.apache.kafka.clients.NetworkClient - [Producer clientId=TaskService-producer-1] Node 1 disconnected.
2025-06-24 02:00:56 [kafka-producer-network-thread | TaskService-producer-1] WARN  o.apache.kafka.clients.NetworkClient - [Producer clientId=TaskService-producer-1] Connection to node 1 (/192.168.1.14:9092) could not be established. Node may not be available.
2025-06-24 02:00:57 [kafka-producer-network-thread | TaskService-producer-1] INFO  o.apache.kafka.clients.NetworkClient - [Producer clientId=TaskService-producer-1] Node 1 disconnected.
2025-06-24 02:00:57 [kafka-producer-network-thread | TaskService-producer-1] WARN  o.apache.kafka.clients.NetworkClient - [Producer clientId=TaskService-producer-1] Connection to node 1 (/192.168.1.14:9092) could not be established. Node may not be available.
2025-06-24 02:00:58 [kafka-producer-network-thread | TaskService-producer-1] INFO  o.apache.kafka.clients.NetworkClient - [Producer clientId=TaskService-producer-1] Node 1 disconnected.
2025-06-24 02:00:58 [kafka-producer-network-thread | TaskService-producer-1] WARN  o.apache.kafka.clients.NetworkClient - [Producer clientId=TaskService-producer-1] Connection to node 1 (/192.168.1.14:9092) could not be established. Node may not be available.
2025-06-24 02:00:59 [kafka-producer-network-thread | TaskService-producer-1] INFO  o.apache.kafka.clients.NetworkClient - [Producer clientId=TaskService-producer-1] Node 1 disconnected.
2025-06-24 02:00:59 [kafka-producer-network-thread | TaskService-producer-1] WARN  o.apache.kafka.clients.NetworkClient - [Producer clientId=TaskService-producer-1] Connection to node 1 (/192.168.1.14:9092) could not be established. Node may not be available.
2025-06-24 02:01:00 [kafka-producer-network-thread | TaskService-producer-1] INFO  o.apache.kafka.clients.NetworkClient - [Producer clientId=TaskService-producer-1] Node 1 disconnected.
2025-06-24 02:01:00 [kafka-producer-network-thread | TaskService-producer-1] WARN  o.apache.kafka.clients.NetworkClient - [Producer clientId=TaskService-producer-1] Connection to node 1 (/192.168.1.14:9092) could not be established. Node may not be available.
2025-06-24 02:01:01 [kafka-producer-network-thread | TaskService-producer-1] INFO  o.apache.kafka.clients.NetworkClient - [Producer clientId=TaskService-producer-1] Node 1 disconnected.
2025-06-24 02:01:01 [kafka-producer-network-thread | TaskService-producer-1] WARN  o.apache.kafka.clients.NetworkClient - [Producer clientId=TaskService-producer-1] Connection to node 1 (/192.168.1.14:9092) could not be established. Node may not be available.
2025-06-24 02:01:02 [kafka-producer-network-thread | TaskService-producer-1] INFO  o.apache.kafka.clients.NetworkClient - [Producer clientId=TaskService-producer-1] Node 1 disconnected.
2025-06-24 02:01:02 [kafka-producer-network-thread | TaskService-producer-1] WARN  o.apache.kafka.clients.NetworkClient - [Producer clientId=TaskService-producer-1] Connection to node 1 (/192.168.1.14:9092) could not be established. Node may not be available.
2025-06-24 02:01:03 [kafka-producer-network-thread | TaskService-producer-1] INFO  o.apache.kafka.clients.NetworkClient - [Producer clientId=TaskService-producer-1] Node 1 disconnected.
2025-06-24 02:01:03 [kafka-producer-network-thread | TaskService-producer-1] WARN  o.apache.kafka.clients.NetworkClient - [Producer clientId=TaskService-producer-1] Connection to node 1 (/192.168.1.14:9092) could not be established. Node may not be available.
2025-06-24 02:01:04 [kafka-producer-network-thread | TaskService-producer-1] INFO  o.apache.kafka.clients.NetworkClient - [Producer clientId=TaskService-producer-1] Node 1 disconnected.
2025-06-24 02:01:04 [kafka-producer-network-thread | TaskService-producer-1] WARN  o.apache.kafka.clients.NetworkClient - [Producer clientId=TaskService-producer-1] Connection to node 1 (/192.168.1.14:9092) could not be established. Node may not be available.
2025-06-24 02:01:05 [kafka-producer-network-thread | TaskService-producer-1] INFO  o.apache.kafka.clients.NetworkClient - [Producer clientId=TaskService-producer-1] Node 1 disconnected.
2025-06-24 02:01:05 [kafka-producer-network-thread | TaskService-producer-1] WARN  o.apache.kafka.clients.NetworkClient - [Producer clientId=TaskService-producer-1] Connection to node 1 (/192.168.1.14:9092) could not be established. Node may not be available.
2025-06-24 02:01:06 [kafka-producer-network-thread | TaskService-producer-1] INFO  o.apache.kafka.clients.NetworkClient - [Producer clientId=TaskService-producer-1] Node 1 disconnected.
2025-06-24 02:01:06 [kafka-producer-network-thread | TaskService-producer-1] WARN  o.apache.kafka.clients.NetworkClient - [Producer clientId=TaskService-producer-1] Connection to node 1 (/192.168.1.14:9092) could not be established. Node may not be available.
2025-06-24 02:01:07 [kafka-producer-network-thread | TaskService-producer-1] INFO  o.apache.kafka.clients.NetworkClient - [Producer clientId=TaskService-producer-1] Node 1 disconnected.
2025-06-24 02:01:07 [kafka-producer-network-thread | TaskService-producer-1] WARN  o.apache.kafka.clients.NetworkClient - [Producer clientId=TaskService-producer-1] Connection to node 1 (/192.168.1.14:9092) could not be established. Node may not be available.
2025-06-24 02:01:08 [kafka-producer-network-thread | TaskService-producer-1] INFO  o.apache.kafka.clients.NetworkClient - [Producer clientId=TaskService-producer-1] Node 1 disconnected.
2025-06-24 02:01:08 [kafka-producer-network-thread | TaskService-producer-1] WARN  o.apache.kafka.clients.NetworkClient - [Producer clientId=TaskService-producer-1] Connection to node 1 (/192.168.1.14:9092) could not be established. Node may not be available.
2025-06-24 02:01:09 [kafka-producer-network-thread | TaskService-producer-1] INFO  o.apache.kafka.clients.NetworkClient - [Producer clientId=TaskService-producer-1] Node 1 disconnected.
2025-06-24 02:01:09 [kafka-producer-network-thread | TaskService-producer-1] WARN  o.apache.kafka.clients.NetworkClient - [Producer clientId=TaskService-producer-1] Connection to node 1 (/192.168.1.14:9092) could not be established. Node may not be available.
2025-06-24 02:01:10 [kafka-producer-network-thread | TaskService-producer-1] INFO  o.apache.kafka.clients.NetworkClient - [Producer clientId=TaskService-producer-1] Node 1 disconnected.
2025-06-24 02:01:10 [kafka-producer-network-thread | TaskService-producer-1] WARN  o.apache.kafka.clients.NetworkClient - [Producer clientId=TaskService-producer-1] Connection to node 1 (/192.168.1.14:9092) could not be established. Node may not be available.
2025-06-24 02:01:11 [kafka-producer-network-thread | TaskService-producer-1] INFO  o.apache.kafka.clients.NetworkClient - [Producer clientId=TaskService-producer-1] Node 1 disconnected.
2025-06-24 02:01:11 [kafka-producer-network-thread | TaskService-producer-1] WARN  o.apache.kafka.clients.NetworkClient - [Producer clientId=TaskService-producer-1] Connection to node 1 (/192.168.1.14:9092) could not be established. Node may not be available.
2025-06-24 02:01:12 [kafka-producer-network-thread | TaskService-producer-1] INFO  o.apache.kafka.clients.NetworkClient - [Producer clientId=TaskService-producer-1] Node 1 disconnected.
2025-06-24 02:01:12 [kafka-producer-network-thread | TaskService-producer-1] WARN  o.apache.kafka.clients.NetworkClient - [Producer clientId=TaskService-producer-1] Connection to node 1 (/192.168.1.14:9092) could not be established. Node may not be available.
2025-06-24 02:01:13 [kafka-producer-network-thread | TaskService-producer-1] INFO  o.apache.kafka.clients.NetworkClient - [Producer clientId=TaskService-producer-1] Node 1 disconnected.
2025-06-24 02:01:13 [kafka-producer-network-thread | TaskService-producer-1] WARN  o.apache.kafka.clients.NetworkClient - [Producer clientId=TaskService-producer-1] Connection to node 1 (/192.168.1.14:9092) could not be established. Node may not be available.
2025-06-24 02:01:14 [kafka-producer-network-thread | TaskService-producer-1] INFO  o.apache.kafka.clients.NetworkClient - [Producer clientId=TaskService-producer-1] Node 1 disconnected.
2025-06-24 02:01:14 [kafka-producer-network-thread | TaskService-producer-1] WARN  o.apache.kafka.clients.NetworkClient - [Producer clientId=TaskService-producer-1] Connection to node 1 (/192.168.1.14:9092) could not be established. Node may not be available.
2025-06-24 02:01:15 [kafka-producer-network-thread | TaskService-producer-1] INFO  o.apache.kafka.clients.NetworkClient - [Producer clientId=TaskService-producer-1] Node 1 disconnected.
2025-06-24 02:01:15 [kafka-producer-network-thread | TaskService-producer-1] WARN  o.apache.kafka.clients.NetworkClient - [Producer clientId=TaskService-producer-1] Connection to node 1 (/192.168.1.14:9092) could not be established. Node may not be available.
2025-06-24 02:01:16 [kafka-producer-network-thread | TaskService-producer-1] INFO  o.apache.kafka.clients.NetworkClient - [Producer clientId=TaskService-producer-1] Node 1 disconnected.
2025-06-24 02:01:16 [kafka-producer-network-thread | TaskService-producer-1] WARN  o.apache.kafka.clients.NetworkClient - [Producer clientId=TaskService-producer-1] Connection to node 1 (/192.168.1.14:9092) could not be established. Node may not be available.
2025-06-24 02:01:17 [kafka-producer-network-thread | TaskService-producer-1] INFO  o.apache.kafka.clients.NetworkClient - [Producer clientId=TaskService-producer-1] Node 1 disconnected.
2025-06-24 02:01:17 [kafka-producer-network-thread | TaskService-producer-1] WARN  o.apache.kafka.clients.NetworkClient - [Producer clientId=TaskService-producer-1] Connection to node 1 (/192.168.1.14:9092) could not be established. Node may not be available.
2025-06-24 02:01:18 [kafka-producer-network-thread | TaskService-producer-1] INFO  o.apache.kafka.clients.NetworkClient - [Producer clientId=TaskService-producer-1] Node 1 disconnected.
2025-06-24 02:01:18 [kafka-producer-network-thread | TaskService-producer-1] WARN  o.apache.kafka.clients.NetworkClient - [Producer clientId=TaskService-producer-1] Connection to node 1 (/192.168.1.14:9092) could not be established. Node may not be available.
2025-06-24 02:01:46 [kafka-producer-network-thread | TaskService-producer-1] INFO  o.apache.kafka.clients.NetworkClient - [Producer clientId=TaskService-producer-1] Disconnecting from node 1 due to socket connection setup timeout. The timeout value is 27128 ms.
2025-06-24 02:02:12 [kafka-producer-network-thread | TaskService-producer-1] INFO  o.apache.kafka.clients.NetworkClient - [Producer clientId=TaskService-producer-1] Disconnecting from node 1 due to socket connection setup timeout. The timeout value is 24531 ms.
2025-06-24 02:02:15 [kafka-producer-network-thread | TaskService-producer-1] INFO  o.apache.kafka.clients.NetworkClient - [Producer clientId=TaskService-producer-1] Node 1 disconnected.
2025-06-24 02:02:15 [kafka-producer-network-thread | TaskService-producer-1] WARN  o.apache.kafka.clients.NetworkClient - [Producer clientId=TaskService-producer-1] Connection to node 1 (/192.168.1.14:9092) could not be established. Node may not be available.
2025-06-24 02:02:16 [kafka-producer-network-thread | TaskService-producer-1] INFO  o.apache.kafka.clients.NetworkClient - [Producer clientId=TaskService-producer-1] Node 1 disconnected.
2025-06-24 02:02:16 [kafka-producer-network-thread | TaskService-producer-1] WARN  o.apache.kafka.clients.NetworkClient - [Producer clientId=TaskService-producer-1] Connection to node 1 (/192.168.1.14:9092) could not be established. Node may not be available.
2025-06-24 02:02:17 [kafka-producer-network-thread | TaskService-producer-1] INFO  o.apache.kafka.clients.NetworkClient - [Producer clientId=TaskService-producer-1] Node 1 disconnected.
2025-06-24 02:02:17 [kafka-producer-network-thread | TaskService-producer-1] WARN  o.apache.kafka.clients.NetworkClient - [Producer clientId=TaskService-producer-1] Connection to node 1 (/192.168.1.14:9092) could not be established. Node may not be available.
2025-06-24 02:02:18 [kafka-producer-network-thread | TaskService-producer-1] INFO  o.apache.kafka.clients.NetworkClient - [Producer clientId=TaskService-producer-1] Node 1 disconnected.
2025-06-24 02:02:18 [kafka-producer-network-thread | TaskService-producer-1] WARN  o.apache.kafka.clients.NetworkClient - [Producer clientId=TaskService-producer-1] Connection to node 1 (/192.168.1.14:9092) could not be established. Node may not be available.
2025-06-24 02:02:19 [kafka-producer-network-thread | TaskService-producer-1] INFO  o.apache.kafka.clients.NetworkClient - [Producer clientId=TaskService-producer-1] Node 1 disconnected.
2025-06-24 02:02:19 [kafka-producer-network-thread | TaskService-producer-1] WARN  o.apache.kafka.clients.NetworkClient - [Producer clientId=TaskService-producer-1] Connection to node 1 (/192.168.1.14:9092) could not be established. Node may not be available.
2025-06-24 02:02:20 [kafka-producer-network-thread | TaskService-producer-1] INFO  o.apache.kafka.clients.NetworkClient - [Producer clientId=TaskService-producer-1] Node 1 disconnected.
2025-06-24 02:02:20 [kafka-producer-network-thread | TaskService-producer-1] WARN  o.apache.kafka.clients.NetworkClient - [Producer clientId=TaskService-producer-1] Connection to node 1 (/192.168.1.14:9092) could not be established. Node may not be available.
2025-06-24 02:02:21 [kafka-producer-network-thread | TaskService-producer-1] INFO  o.apache.kafka.clients.NetworkClient - [Producer clientId=TaskService-producer-1] Node 1 disconnected.
2025-06-24 02:02:21 [kafka-producer-network-thread | TaskService-producer-1] WARN  o.apache.kafka.clients.NetworkClient - [Producer clientId=TaskService-producer-1] Connection to node 1 (/192.168.1.14:9092) could not be established. Node may not be available.
2025-06-24 02:02:53 [HikariPool-1 housekeeper] WARN  com.zaxxer.hikari.pool.HikariPool - HikariPool-1 - Thread starvation or clock leap detected (housekeeper delta=59s575ms).
2025-06-24 02:03:18 [kafka-producer-network-thread | TaskService-producer-1] INFO  o.apache.kafka.clients.NetworkClient - [Producer clientId=TaskService-producer-1] Disconnecting from node 1 due to socket connection setup timeout. The timeout value is 27099 ms.
2025-06-24 02:03:49 [kafka-producer-network-thread | TaskService-producer-1] INFO  o.apache.kafka.clients.NetworkClient - [Producer clientId=TaskService-producer-1] Disconnecting from node 1 due to socket connection setup timeout. The timeout value is 30000 ms.
2025-06-24 02:04:15 [kafka-producer-network-thread | TaskService-producer-1] INFO  o.apache.kafka.clients.NetworkClient - [Producer clientId=TaskService-producer-1] Disconnecting from node 1 due to socket connection setup timeout. The timeout value is 24626 ms.
2025-06-24 02:04:51 [kafka-producer-network-thread | TaskService-producer-1] INFO  o.apache.kafka.clients.NetworkClient - [Producer clientId=TaskService-producer-1] Disconnecting from node 1 due to socket connection setup timeout. The timeout value is 27306 ms.
2025-06-24 02:04:52 [HikariPool-1 housekeeper] WARN  com.zaxxer.hikari.pool.HikariPool - HikariPool-1 - Thread starvation or clock leap detected (housekeeper delta=59s572ms).
2025-06-24 02:05:22 [kafka-producer-network-thread | TaskService-producer-1] INFO  o.apache.kafka.clients.NetworkClient - [Producer clientId=TaskService-producer-1] Disconnecting from node 1 due to socket connection setup timeout. The timeout value is 30000 ms.
2025-06-24 02:05:42 [kafka-producer-network-thread | TaskService-producer-1] INFO  o.apache.kafka.clients.NetworkClient - [Producer clientId=TaskService-producer-1] Node 1 disconnected.
2025-06-24 02:05:42 [kafka-producer-network-thread | TaskService-producer-1] WARN  o.apache.kafka.clients.NetworkClient - [Producer clientId=TaskService-producer-1] Connection to node 1 (/192.168.1.14:9092) could not be established. Node may not be available.
2025-06-24 02:05:43 [kafka-producer-network-thread | TaskService-producer-1] INFO  o.apache.kafka.clients.NetworkClient - [Producer clientId=TaskService-producer-1] Node 1 disconnected.
2025-06-24 02:05:43 [kafka-producer-network-thread | TaskService-producer-1] WARN  o.apache.kafka.clients.NetworkClient - [Producer clientId=TaskService-producer-1] Connection to node 1 (/192.168.1.14:9092) could not be established. Node may not be available.
2025-06-24 02:06:12 [kafka-producer-network-thread | TaskService-producer-1] INFO  o.apache.kafka.clients.NetworkClient - [Producer clientId=TaskService-producer-1] Disconnecting from node 1 due to socket connection setup timeout. The timeout value is 27276 ms.
2025-06-24 02:06:51 [kafka-producer-network-thread | TaskService-producer-1] INFO  o.apache.kafka.clients.NetworkClient - [Producer clientId=TaskService-producer-1] Disconnecting from node 1 due to socket connection setup timeout. The timeout value is 30000 ms.
2025-06-24 02:06:52 [HikariPool-1 housekeeper] WARN  com.zaxxer.hikari.pool.HikariPool - HikariPool-1 - Thread starvation or clock leap detected (housekeeper delta=59s560ms).
2025-06-24 02:07:22 [kafka-producer-network-thread | TaskService-producer-1] INFO  o.apache.kafka.clients.NetworkClient - [Producer clientId=TaskService-producer-1] Disconnecting from node 1 due to socket connection setup timeout. The timeout value is 30000 ms.
2025-06-24 02:07:49 [kafka-producer-network-thread | TaskService-producer-1] INFO  o.apache.kafka.clients.NetworkClient - [Producer clientId=TaskService-producer-1] Disconnecting from node 1 due to socket connection setup timeout. The timeout value is 25768 ms.
2025-06-24 02:08:20 [kafka-producer-network-thread | TaskService-producer-1] INFO  o.apache.kafka.clients.NetworkClient - [Producer clientId=TaskService-producer-1] Disconnecting from node 1 due to socket connection setup timeout. The timeout value is 30000 ms.
2025-06-24 02:08:48 [kafka-producer-network-thread | TaskService-producer-1] INFO  o.apache.kafka.clients.NetworkClient - [Producer clientId=TaskService-producer-1] Disconnecting from node 1 due to socket connection setup timeout. The timeout value is 26708 ms.
2025-06-24 02:09:14 [kafka-producer-network-thread | TaskService-producer-1] INFO  o.apache.kafka.clients.NetworkClient - [Producer clientId=TaskService-producer-1] Disconnecting from node 1 due to socket connection setup timeout. The timeout value is 25609 ms.
2025-06-24 02:09:41 [kafka-producer-network-thread | TaskService-producer-1] INFO  o.apache.kafka.clients.NetworkClient - [Producer clientId=TaskService-producer-1] Disconnecting from node 1 due to socket connection setup timeout. The timeout value is 25873 ms.
2025-06-24 02:09:49 [kafka-producer-network-thread | TaskService-producer-1] INFO  o.apache.kafka.clients.NetworkClient - [Producer clientId=TaskService-producer-1] Node 1 disconnected.
2025-06-24 02:09:49 [kafka-producer-network-thread | TaskService-producer-1] WARN  o.apache.kafka.clients.NetworkClient - [Producer clientId=TaskService-producer-1] Connection to node 1 (/192.168.1.14:9092) could not be established. Node may not be available.
2025-06-24 02:09:50 [kafka-producer-network-thread | TaskService-producer-1] INFO  o.apache.kafka.clients.NetworkClient - [Producer clientId=TaskService-producer-1] Node 1 disconnected.
2025-06-24 02:09:50 [kafka-producer-network-thread | TaskService-producer-1] WARN  o.apache.kafka.clients.NetworkClient - [Producer clientId=TaskService-producer-1] Connection to node 1 (/192.168.1.14:9092) could not be established. Node may not be available.
2025-06-24 02:09:51 [kafka-producer-network-thread | TaskService-producer-1] INFO  o.apache.kafka.clients.NetworkClient - [Producer clientId=TaskService-producer-1] Node 1 disconnected.
2025-06-24 02:09:51 [kafka-producer-network-thread | TaskService-producer-1] WARN  o.apache.kafka.clients.NetworkClient - [Producer clientId=TaskService-producer-1] Connection to node 1 (/192.168.1.14:9092) could not be established. Node may not be available.
2025-06-24 02:09:53 [kafka-producer-network-thread | TaskService-producer-1] INFO  o.apache.kafka.clients.NetworkClient - [Producer clientId=TaskService-producer-1] Node 1 disconnected.
2025-06-24 02:09:53 [kafka-producer-network-thread | TaskService-producer-1] WARN  o.apache.kafka.clients.NetworkClient - [Producer clientId=TaskService-producer-1] Connection to node 1 (/192.168.1.14:9092) could not be established. Node may not be available.
2025-06-24 02:09:54 [kafka-producer-network-thread | TaskService-producer-1] INFO  o.apache.kafka.clients.NetworkClient - [Producer clientId=TaskService-producer-1] Node 1 disconnected.
2025-06-24 02:09:54 [kafka-producer-network-thread | TaskService-producer-1] WARN  o.apache.kafka.clients.NetworkClient - [Producer clientId=TaskService-producer-1] Connection to node 1 (/192.168.1.14:9092) could not be established. Node may not be available.
2025-06-24 02:09:55 [kafka-producer-network-thread | TaskService-producer-1] INFO  o.apache.kafka.clients.NetworkClient - [Producer clientId=TaskService-producer-1] Node 1 disconnected.
2025-06-24 02:09:55 [kafka-producer-network-thread | TaskService-producer-1] WARN  o.apache.kafka.clients.NetworkClient - [Producer clientId=TaskService-producer-1] Connection to node 1 (/192.168.1.14:9092) could not be established. Node may not be available.
2025-06-24 02:09:56 [kafka-producer-network-thread | TaskService-producer-1] INFO  o.apache.kafka.clients.NetworkClient - [Producer clientId=TaskService-producer-1] Node 1 disconnected.
2025-06-24 02:09:56 [kafka-producer-network-thread | TaskService-producer-1] WARN  o.apache.kafka.clients.NetworkClient - [Producer clientId=TaskService-producer-1] Connection to node 1 (/192.168.1.14:9092) could not be established. Node may not be available.
2025-06-24 02:09:57 [kafka-producer-network-thread | TaskService-producer-1] INFO  o.apache.kafka.clients.NetworkClient - [Producer clientId=TaskService-producer-1] Node 1 disconnected.
2025-06-24 02:09:57 [kafka-producer-network-thread | TaskService-producer-1] WARN  o.apache.kafka.clients.NetworkClient - [Producer clientId=TaskService-producer-1] Connection to node 1 (/192.168.1.14:9092) could not be established. Node may not be available.
2025-06-24 02:09:58 [kafka-producer-network-thread | TaskService-producer-1] INFO  o.apache.kafka.clients.NetworkClient - [Producer clientId=TaskService-producer-1] Node 1 disconnected.
2025-06-24 02:09:58 [kafka-producer-network-thread | TaskService-producer-1] WARN  o.apache.kafka.clients.NetworkClient - [Producer clientId=TaskService-producer-1] Connection to node 1 (/192.168.1.14:9092) could not be established. Node may not be available.
2025-06-24 02:09:59 [kafka-producer-network-thread | TaskService-producer-1] INFO  o.apache.kafka.clients.NetworkClient - [Producer clientId=TaskService-producer-1] Node 1 disconnected.
2025-06-24 02:09:59 [kafka-producer-network-thread | TaskService-producer-1] WARN  o.apache.kafka.clients.NetworkClient - [Producer clientId=TaskService-producer-1] Connection to node 1 (/192.168.1.14:9092) could not be established. Node may not be available.
2025-06-24 02:10:00 [kafka-producer-network-thread | TaskService-producer-1] INFO  o.apache.kafka.clients.NetworkClient - [Producer clientId=TaskService-producer-1] Node 1 disconnected.
2025-06-24 02:10:00 [kafka-producer-network-thread | TaskService-producer-1] WARN  o.apache.kafka.clients.NetworkClient - [Producer clientId=TaskService-producer-1] Connection to node 1 (/192.168.1.14:9092) could not be established. Node may not be available.
2025-06-24 02:10:01 [kafka-producer-network-thread | TaskService-producer-1] INFO  o.apache.kafka.clients.NetworkClient - [Producer clientId=TaskService-producer-1] Node 1 disconnected.
2025-06-24 02:10:01 [kafka-producer-network-thread | TaskService-producer-1] WARN  o.apache.kafka.clients.NetworkClient - [Producer clientId=TaskService-producer-1] Connection to node 1 (/192.168.1.14:9092) could not be established. Node may not be available.
2025-06-24 02:10:02 [kafka-producer-network-thread | TaskService-producer-1] INFO  o.apache.kafka.clients.NetworkClient - [Producer clientId=TaskService-producer-1] Node 1 disconnected.
2025-06-24 02:10:02 [kafka-producer-network-thread | TaskService-producer-1] WARN  o.apache.kafka.clients.NetworkClient - [Producer clientId=TaskService-producer-1] Connection to node 1 (/192.168.1.14:9092) could not be established. Node may not be available.
2025-06-24 02:10:03 [kafka-producer-network-thread | TaskService-producer-1] INFO  o.apache.kafka.clients.NetworkClient - [Producer clientId=TaskService-producer-1] Node 1 disconnected.
2025-06-24 02:10:03 [kafka-producer-network-thread | TaskService-producer-1] WARN  o.apache.kafka.clients.NetworkClient - [Producer clientId=TaskService-producer-1] Connection to node 1 (/192.168.1.14:9092) could not be established. Node may not be available.
2025-06-24 02:10:04 [kafka-producer-network-thread | TaskService-producer-1] INFO  o.apache.kafka.clients.NetworkClient - [Producer clientId=TaskService-producer-1] Node 1 disconnected.
2025-06-24 02:10:04 [kafka-producer-network-thread | TaskService-producer-1] WARN  o.apache.kafka.clients.NetworkClient - [Producer clientId=TaskService-producer-1] Connection to node 1 (/192.168.1.14:9092) could not be established. Node may not be available.
2025-06-24 02:10:05 [kafka-producer-network-thread | TaskService-producer-1] INFO  o.apache.kafka.clients.NetworkClient - [Producer clientId=TaskService-producer-1] Node 1 disconnected.
2025-06-24 02:10:05 [kafka-producer-network-thread | TaskService-producer-1] WARN  o.apache.kafka.clients.NetworkClient - [Producer clientId=TaskService-producer-1] Connection to node 1 (/192.168.1.14:9092) could not be established. Node may not be available.
2025-06-24 02:10:06 [kafka-producer-network-thread | TaskService-producer-1] INFO  o.apache.kafka.clients.NetworkClient - [Producer clientId=TaskService-producer-1] Node 1 disconnected.
2025-06-24 02:10:06 [kafka-producer-network-thread | TaskService-producer-1] WARN  o.apache.kafka.clients.NetworkClient - [Producer clientId=TaskService-producer-1] Connection to node 1 (/192.168.1.14:9092) could not be established. Node may not be available.
2025-06-24 02:10:07 [kafka-producer-network-thread | TaskService-producer-1] INFO  o.apache.kafka.clients.NetworkClient - [Producer clientId=TaskService-producer-1] Node 1 disconnected.
2025-06-24 02:10:07 [kafka-producer-network-thread | TaskService-producer-1] WARN  o.apache.kafka.clients.NetworkClient - [Producer clientId=TaskService-producer-1] Connection to node 1 (/192.168.1.14:9092) could not be established. Node may not be available.
2025-06-24 02:10:08 [kafka-producer-network-thread | TaskService-producer-1] INFO  o.apache.kafka.clients.NetworkClient - [Producer clientId=TaskService-producer-1] Node 1 disconnected.
2025-06-24 02:10:08 [kafka-producer-network-thread | TaskService-producer-1] WARN  o.apache.kafka.clients.NetworkClient - [Producer clientId=TaskService-producer-1] Connection to node 1 (/192.168.1.14:9092) could not be established. Node may not be available.
2025-06-24 02:10:09 [kafka-producer-network-thread | TaskService-producer-1] INFO  o.apache.kafka.clients.NetworkClient - [Producer clientId=TaskService-producer-1] Node 1 disconnected.
2025-06-24 02:10:09 [kafka-producer-network-thread | TaskService-producer-1] WARN  o.apache.kafka.clients.NetworkClient - [Producer clientId=TaskService-producer-1] Connection to node 1 (/192.168.1.14:9092) could not be established. Node may not be available.
2025-06-24 02:10:10 [kafka-producer-network-thread | TaskService-producer-1] INFO  o.apache.kafka.clients.NetworkClient - [Producer clientId=TaskService-producer-1] Node 1 disconnected.
2025-06-24 02:10:10 [kafka-producer-network-thread | TaskService-producer-1] WARN  o.apache.kafka.clients.NetworkClient - [Producer clientId=TaskService-producer-1] Connection to node 1 (/192.168.1.14:9092) could not be established. Node may not be available.
2025-06-24 02:10:11 [kafka-producer-network-thread | TaskService-producer-1] INFO  o.apache.kafka.clients.NetworkClient - [Producer clientId=TaskService-producer-1] Node 1 disconnected.
2025-06-24 02:10:11 [kafka-producer-network-thread | TaskService-producer-1] WARN  o.apache.kafka.clients.NetworkClient - [Producer clientId=TaskService-producer-1] Connection to node 1 (/192.168.1.14:9092) could not be established. Node may not be available.
2025-06-24 02:10:12 [kafka-producer-network-thread | TaskService-producer-1] INFO  o.apache.kafka.clients.NetworkClient - [Producer clientId=TaskService-producer-1] Node 1 disconnected.
2025-06-24 02:10:12 [kafka-producer-network-thread | TaskService-producer-1] WARN  o.apache.kafka.clients.NetworkClient - [Producer clientId=TaskService-producer-1] Connection to node 1 (/192.168.1.14:9092) could not be established. Node may not be available.
2025-06-24 02:10:13 [kafka-producer-network-thread | TaskService-producer-1] INFO  o.apache.kafka.clients.NetworkClient - [Producer clientId=TaskService-producer-1] Node 1 disconnected.
2025-06-24 02:10:13 [kafka-producer-network-thread | TaskService-producer-1] WARN  o.apache.kafka.clients.NetworkClient - [Producer clientId=TaskService-producer-1] Connection to node 1 (/192.168.1.14:9092) could not be established. Node may not be available.
2025-06-24 02:10:14 [kafka-producer-network-thread | TaskService-producer-1] INFO  o.apache.kafka.clients.NetworkClient - [Producer clientId=TaskService-producer-1] Node 1 disconnected.
2025-06-24 02:10:14 [kafka-producer-network-thread | TaskService-producer-1] WARN  o.apache.kafka.clients.NetworkClient - [Producer clientId=TaskService-producer-1] Connection to node 1 (/192.168.1.14:9092) could not be established. Node may not be available.
2025-06-24 02:10:15 [kafka-producer-network-thread | TaskService-producer-1] INFO  o.apache.kafka.clients.NetworkClient - [Producer clientId=TaskService-producer-1] Node 1 disconnected.
2025-06-24 02:10:15 [kafka-producer-network-thread | TaskService-producer-1] WARN  o.apache.kafka.clients.NetworkClient - [Producer clientId=TaskService-producer-1] Connection to node 1 (/192.168.1.14:9092) could not be established. Node may not be available.
2025-06-24 02:10:16 [kafka-producer-network-thread | TaskService-producer-1] INFO  o.apache.kafka.clients.NetworkClient - [Producer clientId=TaskService-producer-1] Node 1 disconnected.
2025-06-24 02:10:16 [kafka-producer-network-thread | TaskService-producer-1] WARN  o.apache.kafka.clients.NetworkClient - [Producer clientId=TaskService-producer-1] Connection to node 1 (/192.168.1.14:9092) could not be established. Node may not be available.
2025-06-24 02:10:17 [kafka-producer-network-thread | TaskService-producer-1] INFO  o.apache.kafka.clients.NetworkClient - [Producer clientId=TaskService-producer-1] Node 1 disconnected.
2025-06-24 02:10:17 [kafka-producer-network-thread | TaskService-producer-1] WARN  o.apache.kafka.clients.NetworkClient - [Producer clientId=TaskService-producer-1] Connection to node 1 (/192.168.1.14:9092) could not be established. Node may not be available.
2025-06-24 02:10:18 [kafka-producer-network-thread | TaskService-producer-1] INFO  o.apache.kafka.clients.NetworkClient - [Producer clientId=TaskService-producer-1] Node 1 disconnected.
2025-06-24 02:10:18 [kafka-producer-network-thread | TaskService-producer-1] WARN  o.apache.kafka.clients.NetworkClient - [Producer clientId=TaskService-producer-1] Connection to node 1 (/192.168.1.14:9092) could not be established. Node may not be available.
2025-06-24 02:10:19 [kafka-producer-network-thread | TaskService-producer-1] INFO  o.apache.kafka.clients.NetworkClient - [Producer clientId=TaskService-producer-1] Node 1 disconnected.
2025-06-24 02:10:19 [kafka-producer-network-thread | TaskService-producer-1] WARN  o.apache.kafka.clients.NetworkClient - [Producer clientId=TaskService-producer-1] Connection to node 1 (/192.168.1.14:9092) could not be established. Node may not be available.
2025-06-24 02:10:20 [kafka-producer-network-thread | TaskService-producer-1] INFO  o.apache.kafka.clients.NetworkClient - [Producer clientId=TaskService-producer-1] Node 1 disconnected.
2025-06-24 02:10:20 [kafka-producer-network-thread | TaskService-producer-1] WARN  o.apache.kafka.clients.NetworkClient - [Producer clientId=TaskService-producer-1] Connection to node 1 (/192.168.1.14:9092) could not be established. Node may not be available.
2025-06-24 02:10:21 [kafka-producer-network-thread | TaskService-producer-1] INFO  o.apache.kafka.clients.NetworkClient - [Producer clientId=TaskService-producer-1] Node 1 disconnected.
2025-06-24 02:10:21 [kafka-producer-network-thread | TaskService-producer-1] WARN  o.apache.kafka.clients.NetworkClient - [Producer clientId=TaskService-producer-1] Connection to node 1 (/192.168.1.14:9092) could not be established. Node may not be available.
2025-06-24 02:10:22 [kafka-producer-network-thread | TaskService-producer-1] INFO  o.apache.kafka.clients.NetworkClient - [Producer clientId=TaskService-producer-1] Node 1 disconnected.
2025-06-24 02:10:22 [kafka-producer-network-thread | TaskService-producer-1] WARN  o.apache.kafka.clients.NetworkClient - [Producer clientId=TaskService-producer-1] Connection to node 1 (/192.168.1.14:9092) could not be established. Node may not be available.
2025-06-24 02:10:23 [kafka-producer-network-thread | TaskService-producer-1] INFO  o.apache.kafka.clients.NetworkClient - [Producer clientId=TaskService-producer-1] Node 1 disconnected.
2025-06-24 02:10:23 [kafka-producer-network-thread | TaskService-producer-1] WARN  o.apache.kafka.clients.NetworkClient - [Producer clientId=TaskService-producer-1] Connection to node 1 (/192.168.1.14:9092) could not be established. Node may not be available.
2025-06-24 02:10:24 [kafka-producer-network-thread | TaskService-producer-1] INFO  o.apache.kafka.clients.NetworkClient - [Producer clientId=TaskService-producer-1] Node 1 disconnected.
2025-06-24 02:10:24 [kafka-producer-network-thread | TaskService-producer-1] WARN  o.apache.kafka.clients.NetworkClient - [Producer clientId=TaskService-producer-1] Connection to node 1 (/192.168.1.14:9092) could not be established. Node may not be available.
2025-06-24 02:10:25 [kafka-producer-network-thread | TaskService-producer-1] INFO  o.apache.kafka.clients.NetworkClient - [Producer clientId=TaskService-producer-1] Node 1 disconnected.
2025-06-24 02:10:25 [kafka-producer-network-thread | TaskService-producer-1] WARN  o.apache.kafka.clients.NetworkClient - [Producer clientId=TaskService-producer-1] Connection to node 1 (/192.168.1.14:9092) could not be established. Node may not be available.
2025-06-24 02:10:52 [kafka-producer-network-thread | TaskService-producer-1] INFO  o.apache.kafka.clients.NetworkClient - [Producer clientId=TaskService-producer-1] Disconnecting from node 1 due to socket connection setup timeout. The timeout value is 26519 ms.
2025-06-24 02:11:22 [kafka-producer-network-thread | TaskService-producer-1] INFO  o.apache.kafka.clients.NetworkClient - [Producer clientId=TaskService-producer-1] Disconnecting from node 1 due to socket connection setup timeout. The timeout value is 28347 ms.
2025-06-24 02:11:42 [kafka-producer-network-thread | TaskService-producer-1] INFO  o.apache.kafka.clients.NetworkClient - [Producer clientId=TaskService-producer-1] Node 1 disconnected.
2025-06-24 02:11:42 [kafka-producer-network-thread | TaskService-producer-1] WARN  o.apache.kafka.clients.NetworkClient - [Producer clientId=TaskService-producer-1] Connection to node 1 (/192.168.1.14:9092) could not be established. Node may not be available.
2025-06-24 02:11:43 [kafka-producer-network-thread | TaskService-producer-1] INFO  o.apache.kafka.clients.NetworkClient - [Producer clientId=TaskService-producer-1] Node 1 disconnected.
2025-06-24 02:11:43 [kafka-producer-network-thread | TaskService-producer-1] WARN  o.apache.kafka.clients.NetworkClient - [Producer clientId=TaskService-producer-1] Connection to node 1 (/192.168.1.14:9092) could not be established. Node may not be available.
2025-06-24 02:11:44 [kafka-producer-network-thread | TaskService-producer-1] INFO  o.apache.kafka.clients.NetworkClient - [Producer clientId=TaskService-producer-1] Node 1 disconnected.
2025-06-24 02:11:44 [kafka-producer-network-thread | TaskService-producer-1] WARN  o.apache.kafka.clients.NetworkClient - [Producer clientId=TaskService-producer-1] Connection to node 1 (/192.168.1.14:9092) could not be established. Node may not be available.
2025-06-24 02:11:45 [kafka-producer-network-thread | TaskService-producer-1] INFO  o.apache.kafka.clients.NetworkClient - [Producer clientId=TaskService-producer-1] Node 1 disconnected.
2025-06-24 02:11:45 [kafka-producer-network-thread | TaskService-producer-1] WARN  o.apache.kafka.clients.NetworkClient - [Producer clientId=TaskService-producer-1] Connection to node 1 (/192.168.1.14:9092) could not be established. Node may not be available.
2025-06-24 02:11:46 [kafka-producer-network-thread | TaskService-producer-1] INFO  o.apache.kafka.clients.NetworkClient - [Producer clientId=TaskService-producer-1] Node 1 disconnected.
2025-06-24 02:11:46 [kafka-producer-network-thread | TaskService-producer-1] WARN  o.apache.kafka.clients.NetworkClient - [Producer clientId=TaskService-producer-1] Connection to node 1 (/192.168.1.14:9092) could not be established. Node may not be available.
2025-06-24 02:11:47 [kafka-producer-network-thread | TaskService-producer-1] INFO  o.apache.kafka.clients.NetworkClient - [Producer clientId=TaskService-producer-1] Node 1 disconnected.
2025-06-24 02:11:47 [kafka-producer-network-thread | TaskService-producer-1] WARN  o.apache.kafka.clients.NetworkClient - [Producer clientId=TaskService-producer-1] Connection to node 1 (/192.168.1.14:9092) could not be established. Node may not be available.
2025-06-24 02:11:48 [kafka-producer-network-thread | TaskService-producer-1] INFO  o.apache.kafka.clients.NetworkClient - [Producer clientId=TaskService-producer-1] Node 1 disconnected.
2025-06-24 02:11:48 [kafka-producer-network-thread | TaskService-producer-1] WARN  o.apache.kafka.clients.NetworkClient - [Producer clientId=TaskService-producer-1] Connection to node 1 (/192.168.1.14:9092) could not be established. Node may not be available.
2025-06-24 02:11:49 [kafka-producer-network-thread | TaskService-producer-1] INFO  o.apache.kafka.clients.NetworkClient - [Producer clientId=TaskService-producer-1] Node 1 disconnected.
2025-06-24 02:11:49 [kafka-producer-network-thread | TaskService-producer-1] WARN  o.apache.kafka.clients.NetworkClient - [Producer clientId=TaskService-producer-1] Connection to node 1 (/192.168.1.14:9092) could not be established. Node may not be available.
2025-06-24 02:11:50 [kafka-producer-network-thread | TaskService-producer-1] INFO  o.apache.kafka.clients.NetworkClient - [Producer clientId=TaskService-producer-1] Node 1 disconnected.
2025-06-24 02:11:50 [kafka-producer-network-thread | TaskService-producer-1] WARN  o.apache.kafka.clients.NetworkClient - [Producer clientId=TaskService-producer-1] Connection to node 1 (/192.168.1.14:9092) could not be established. Node may not be available.
2025-06-24 02:11:51 [kafka-producer-network-thread | TaskService-producer-1] INFO  o.apache.kafka.clients.NetworkClient - [Producer clientId=TaskService-producer-1] Node 1 disconnected.
2025-06-24 02:11:51 [kafka-producer-network-thread | TaskService-producer-1] WARN  o.apache.kafka.clients.NetworkClient - [Producer clientId=TaskService-producer-1] Connection to node 1 (/192.168.1.14:9092) could not be established. Node may not be available.
2025-06-24 02:11:52 [kafka-producer-network-thread | TaskService-producer-1] INFO  o.apache.kafka.clients.NetworkClient - [Producer clientId=TaskService-producer-1] Node 1 disconnected.
2025-06-24 02:11:52 [kafka-producer-network-thread | TaskService-producer-1] WARN  o.apache.kafka.clients.NetworkClient - [Producer clientId=TaskService-producer-1] Connection to node 1 (/192.168.1.14:9092) could not be established. Node may not be available.
2025-06-24 02:11:53 [kafka-producer-network-thread | TaskService-producer-1] INFO  o.apache.kafka.clients.NetworkClient - [Producer clientId=TaskService-producer-1] Node 1 disconnected.
2025-06-24 02:11:53 [kafka-producer-network-thread | TaskService-producer-1] WARN  o.apache.kafka.clients.NetworkClient - [Producer clientId=TaskService-producer-1] Connection to node 1 (/192.168.1.14:9092) could not be established. Node may not be available.
2025-06-24 02:11:54 [kafka-producer-network-thread | TaskService-producer-1] INFO  o.apache.kafka.clients.NetworkClient - [Producer clientId=TaskService-producer-1] Node 1 disconnected.
2025-06-24 02:11:54 [kafka-producer-network-thread | TaskService-producer-1] WARN  o.apache.kafka.clients.NetworkClient - [Producer clientId=TaskService-producer-1] Connection to node 1 (/192.168.1.14:9092) could not be established. Node may not be available.
2025-06-24 02:11:55 [kafka-producer-network-thread | TaskService-producer-1] INFO  o.apache.kafka.clients.NetworkClient - [Producer clientId=TaskService-producer-1] Node 1 disconnected.
2025-06-24 02:11:55 [kafka-producer-network-thread | TaskService-producer-1] WARN  o.apache.kafka.clients.NetworkClient - [Producer clientId=TaskService-producer-1] Connection to node 1 (/192.168.1.14:9092) could not be established. Node may not be available.
2025-06-24 02:11:56 [kafka-producer-network-thread | TaskService-producer-1] INFO  o.apache.kafka.clients.NetworkClient - [Producer clientId=TaskService-producer-1] Node 1 disconnected.
2025-06-24 02:11:56 [kafka-producer-network-thread | TaskService-producer-1] WARN  o.apache.kafka.clients.NetworkClient - [Producer clientId=TaskService-producer-1] Connection to node 1 (/192.168.1.14:9092) could not be established. Node may not be available.
2025-06-24 02:11:57 [kafka-producer-network-thread | TaskService-producer-1] INFO  o.apache.kafka.clients.NetworkClient - [Producer clientId=TaskService-producer-1] Node 1 disconnected.
2025-06-24 02:11:57 [kafka-producer-network-thread | TaskService-producer-1] WARN  o.apache.kafka.clients.NetworkClient - [Producer clientId=TaskService-producer-1] Connection to node 1 (/192.168.1.14:9092) could not be established. Node may not be available.
2025-06-24 02:12:23 [kafka-producer-network-thread | TaskService-producer-1] INFO  o.apache.kafka.clients.NetworkClient - [Producer clientId=TaskService-producer-1] Disconnecting from node 1 due to socket connection setup timeout. The timeout value is 24477 ms.
2025-06-24 02:12:54 [kafka-producer-network-thread | TaskService-producer-1] INFO  o.apache.kafka.clients.NetworkClient - [Producer clientId=TaskService-producer-1] Disconnecting from node 1 due to socket connection setup timeout. The timeout value is 30000 ms.
2025-06-24 02:13:24 [kafka-producer-network-thread | TaskService-producer-1] INFO  o.apache.kafka.clients.NetworkClient - [Producer clientId=TaskService-producer-1] Disconnecting from node 1 due to socket connection setup timeout. The timeout value is 30000 ms.
2025-06-24 02:13:53 [kafka-producer-network-thread | TaskService-producer-1] INFO  o.apache.kafka.clients.NetworkClient - [Producer clientId=TaskService-producer-1] Disconnecting from node 1 due to socket connection setup timeout. The timeout value is 27792 ms.
2025-06-24 02:14:23 [kafka-producer-network-thread | TaskService-producer-1] INFO  o.apache.kafka.clients.NetworkClient - [Producer clientId=TaskService-producer-1] Disconnecting from node 1 due to socket connection setup timeout. The timeout value is 29046 ms.
2025-06-24 02:14:55 [kafka-producer-network-thread | TaskService-producer-1] INFO  o.apache.kafka.clients.NetworkClient - [Producer clientId=TaskService-producer-1] Disconnecting from node 1 due to socket connection setup timeout. The timeout value is 30000 ms.
2025-06-24 02:15:24 [kafka-producer-network-thread | TaskService-producer-1] INFO  o.apache.kafka.clients.NetworkClient - [Producer clientId=TaskService-producer-1] Disconnecting from node 1 due to socket connection setup timeout. The timeout value is 28252 ms.
2025-06-24 02:15:55 [kafka-producer-network-thread | TaskService-producer-1] INFO  o.apache.kafka.clients.NetworkClient - [Producer clientId=TaskService-producer-1] Disconnecting from node 1 due to socket connection setup timeout. The timeout value is 30000 ms.
2025-06-24 02:16:08 [kafka-producer-network-thread | TaskService-producer-1] INFO  o.apache.kafka.clients.NetworkClient - [Producer clientId=TaskService-producer-1] Node 1 disconnected.
2025-06-24 02:16:08 [kafka-producer-network-thread | TaskService-producer-1] WARN  o.apache.kafka.clients.NetworkClient - [Producer clientId=TaskService-producer-1] Connection to node 1 (/192.168.1.14:9092) could not be established. Node may not be available.
2025-06-24 02:16:09 [kafka-producer-network-thread | TaskService-producer-1] INFO  o.apache.kafka.clients.NetworkClient - [Producer clientId=TaskService-producer-1] Node 1 disconnected.
2025-06-24 02:16:09 [kafka-producer-network-thread | TaskService-producer-1] WARN  o.apache.kafka.clients.NetworkClient - [Producer clientId=TaskService-producer-1] Connection to node 1 (/192.168.1.14:9092) could not be established. Node may not be available.
2025-06-24 02:16:10 [kafka-producer-network-thread | TaskService-producer-1] INFO  o.apache.kafka.clients.NetworkClient - [Producer clientId=TaskService-producer-1] Node 1 disconnected.
2025-06-24 02:16:10 [kafka-producer-network-thread | TaskService-producer-1] WARN  o.apache.kafka.clients.NetworkClient - [Producer clientId=TaskService-producer-1] Connection to node 1 (/192.168.1.14:9092) could not be established. Node may not be available.
2025-06-24 02:16:11 [kafka-producer-network-thread | TaskService-producer-1] INFO  o.apache.kafka.clients.NetworkClient - [Producer clientId=TaskService-producer-1] Node 1 disconnected.
2025-06-24 02:16:11 [kafka-producer-network-thread | TaskService-producer-1] WARN  o.apache.kafka.clients.NetworkClient - [Producer clientId=TaskService-producer-1] Connection to node 1 (/192.168.1.14:9092) could not be established. Node may not be available.
2025-06-24 02:16:12 [kafka-producer-network-thread | TaskService-producer-1] INFO  o.apache.kafka.clients.NetworkClient - [Producer clientId=TaskService-producer-1] Node 1 disconnected.
2025-06-24 02:16:12 [kafka-producer-network-thread | TaskService-producer-1] WARN  o.apache.kafka.clients.NetworkClient - [Producer clientId=TaskService-producer-1] Connection to node 1 (/192.168.1.14:9092) could not be established. Node may not be available.
2025-06-24 02:16:13 [kafka-producer-network-thread | TaskService-producer-1] INFO  o.apache.kafka.clients.NetworkClient - [Producer clientId=TaskService-producer-1] Node 1 disconnected.
2025-06-24 02:16:13 [kafka-producer-network-thread | TaskService-producer-1] WARN  o.apache.kafka.clients.NetworkClient - [Producer clientId=TaskService-producer-1] Connection to node 1 (/192.168.1.14:9092) could not be established. Node may not be available.
2025-06-24 02:16:14 [kafka-producer-network-thread | TaskService-producer-1] INFO  o.apache.kafka.clients.NetworkClient - [Producer clientId=TaskService-producer-1] Node 1 disconnected.
2025-06-24 02:16:14 [kafka-producer-network-thread | TaskService-producer-1] WARN  o.apache.kafka.clients.NetworkClient - [Producer clientId=TaskService-producer-1] Connection to node 1 (/192.168.1.14:9092) could not be established. Node may not be available.
2025-06-24 02:16:15 [kafka-producer-network-thread | TaskService-producer-1] INFO  o.apache.kafka.clients.NetworkClient - [Producer clientId=TaskService-producer-1] Node 1 disconnected.
2025-06-24 02:16:15 [kafka-producer-network-thread | TaskService-producer-1] WARN  o.apache.kafka.clients.NetworkClient - [Producer clientId=TaskService-producer-1] Connection to node 1 (/192.168.1.14:9092) could not be established. Node may not be available.
2025-06-24 02:16:16 [kafka-producer-network-thread | TaskService-producer-1] INFO  o.apache.kafka.clients.NetworkClient - [Producer clientId=TaskService-producer-1] Node 1 disconnected.
2025-06-24 02:16:16 [kafka-producer-network-thread | TaskService-producer-1] WARN  o.apache.kafka.clients.NetworkClient - [Producer clientId=TaskService-producer-1] Connection to node 1 (/192.168.1.14:9092) could not be established. Node may not be available.
2025-06-24 02:16:17 [kafka-producer-network-thread | TaskService-producer-1] INFO  o.apache.kafka.clients.NetworkClient - [Producer clientId=TaskService-producer-1] Node 1 disconnected.
2025-06-24 02:16:17 [kafka-producer-network-thread | TaskService-producer-1] WARN  o.apache.kafka.clients.NetworkClient - [Producer clientId=TaskService-producer-1] Connection to node 1 (/192.168.1.14:9092) could not be established. Node may not be available.
2025-06-24 02:16:18 [kafka-producer-network-thread | TaskService-producer-1] INFO  o.apache.kafka.clients.NetworkClient - [Producer clientId=TaskService-producer-1] Node 1 disconnected.
2025-06-24 02:16:18 [kafka-producer-network-thread | TaskService-producer-1] WARN  o.apache.kafka.clients.NetworkClient - [Producer clientId=TaskService-producer-1] Connection to node 1 (/192.168.1.14:9092) could not be established. Node may not be available.
2025-06-24 02:16:19 [kafka-producer-network-thread | TaskService-producer-1] INFO  o.apache.kafka.clients.NetworkClient - [Producer clientId=TaskService-producer-1] Node 1 disconnected.
2025-06-24 02:16:19 [kafka-producer-network-thread | TaskService-producer-1] WARN  o.apache.kafka.clients.NetworkClient - [Producer clientId=TaskService-producer-1] Connection to node 1 (/192.168.1.14:9092) could not be established. Node may not be available.
2025-06-24 02:16:20 [kafka-producer-network-thread | TaskService-producer-1] INFO  o.apache.kafka.clients.NetworkClient - [Producer clientId=TaskService-producer-1] Node 1 disconnected.
2025-06-24 02:16:20 [kafka-producer-network-thread | TaskService-producer-1] WARN  o.apache.kafka.clients.NetworkClient - [Producer clientId=TaskService-producer-1] Connection to node 1 (/192.168.1.14:9092) could not be established. Node may not be available.
2025-06-24 02:16:21 [kafka-producer-network-thread | TaskService-producer-1] INFO  o.apache.kafka.clients.NetworkClient - [Producer clientId=TaskService-producer-1] Node 1 disconnected.
2025-06-24 02:16:21 [kafka-producer-network-thread | TaskService-producer-1] WARN  o.apache.kafka.clients.NetworkClient - [Producer clientId=TaskService-producer-1] Connection to node 1 (/192.168.1.14:9092) could not be established. Node may not be available.
2025-06-24 02:16:23 [kafka-producer-network-thread | TaskService-producer-1] INFO  o.apache.kafka.clients.NetworkClient - [Producer clientId=TaskService-producer-1] Node 1 disconnected.
2025-06-24 02:16:23 [kafka-producer-network-thread | TaskService-producer-1] WARN  o.apache.kafka.clients.NetworkClient - [Producer clientId=TaskService-producer-1] Connection to node 1 (/192.168.1.14:9092) could not be established. Node may not be available.
2025-06-24 02:16:23 [kafka-producer-network-thread | TaskService-producer-1] INFO  o.apache.kafka.clients.NetworkClient - [Producer clientId=TaskService-producer-1] Node 1 disconnected.
2025-06-24 02:16:23 [kafka-producer-network-thread | TaskService-producer-1] WARN  o.apache.kafka.clients.NetworkClient - [Producer clientId=TaskService-producer-1] Connection to node 1 (/192.168.1.14:9092) could not be established. Node may not be available.
2025-06-24 02:16:24 [kafka-producer-network-thread | TaskService-producer-1] INFO  o.apache.kafka.clients.NetworkClient - [Producer clientId=TaskService-producer-1] Node 1 disconnected.
2025-06-24 02:16:24 [kafka-producer-network-thread | TaskService-producer-1] WARN  o.apache.kafka.clients.NetworkClient - [Producer clientId=TaskService-producer-1] Connection to node 1 (/192.168.1.14:9092) could not be established. Node may not be available.
2025-06-24 02:16:26 [kafka-producer-network-thread | TaskService-producer-1] INFO  o.apache.kafka.clients.NetworkClient - [Producer clientId=TaskService-producer-1] Node 1 disconnected.
2025-06-24 02:16:26 [kafka-producer-network-thread | TaskService-producer-1] WARN  o.apache.kafka.clients.NetworkClient - [Producer clientId=TaskService-producer-1] Connection to node 1 (/192.168.1.14:9092) could not be established. Node may not be available.
2025-06-24 02:16:27 [kafka-producer-network-thread | TaskService-producer-1] INFO  o.apache.kafka.clients.NetworkClient - [Producer clientId=TaskService-producer-1] Node 1 disconnected.
2025-06-24 02:16:27 [kafka-producer-network-thread | TaskService-producer-1] WARN  o.apache.kafka.clients.NetworkClient - [Producer clientId=TaskService-producer-1] Connection to node 1 (/192.168.1.14:9092) could not be established. Node may not be available.
2025-06-24 02:16:28 [kafka-producer-network-thread | TaskService-producer-1] INFO  o.apache.kafka.clients.NetworkClient - [Producer clientId=TaskService-producer-1] Node 1 disconnected.
2025-06-24 02:16:28 [kafka-producer-network-thread | TaskService-producer-1] WARN  o.apache.kafka.clients.NetworkClient - [Producer clientId=TaskService-producer-1] Connection to node 1 (/192.168.1.14:9092) could not be established. Node may not be available.
2025-06-24 02:16:29 [kafka-producer-network-thread | TaskService-producer-1] INFO  o.apache.kafka.clients.NetworkClient - [Producer clientId=TaskService-producer-1] Node 1 disconnected.
2025-06-24 02:16:29 [kafka-producer-network-thread | TaskService-producer-1] WARN  o.apache.kafka.clients.NetworkClient - [Producer clientId=TaskService-producer-1] Connection to node 1 (/192.168.1.14:9092) could not be established. Node may not be available.
2025-06-24 02:16:29 [kafka-producer-network-thread | TaskService-producer-1] INFO  o.apache.kafka.clients.NetworkClient - [Producer clientId=TaskService-producer-1] Node 1 disconnected.
2025-06-24 02:16:29 [kafka-producer-network-thread | TaskService-producer-1] WARN  o.apache.kafka.clients.NetworkClient - [Producer clientId=TaskService-producer-1] Connection to node 1 (/192.168.1.14:9092) could not be established. Node may not be available.
2025-06-24 02:16:30 [kafka-producer-network-thread | TaskService-producer-1] INFO  o.apache.kafka.clients.NetworkClient - [Producer clientId=TaskService-producer-1] Node 1 disconnected.
2025-06-24 02:16:30 [kafka-producer-network-thread | TaskService-producer-1] WARN  o.apache.kafka.clients.NetworkClient - [Producer clientId=TaskService-producer-1] Connection to node 1 (/192.168.1.14:9092) could not be established. Node may not be available.
2025-06-24 02:16:31 [kafka-producer-network-thread | TaskService-producer-1] INFO  o.apache.kafka.clients.NetworkClient - [Producer clientId=TaskService-producer-1] Node 1 disconnected.
2025-06-24 02:16:31 [kafka-producer-network-thread | TaskService-producer-1] WARN  o.apache.kafka.clients.NetworkClient - [Producer clientId=TaskService-producer-1] Connection to node 1 (/192.168.1.14:9092) could not be established. Node may not be available.
2025-06-24 02:16:32 [kafka-producer-network-thread | TaskService-producer-1] INFO  o.apache.kafka.clients.NetworkClient - [Producer clientId=TaskService-producer-1] Node 1 disconnected.
2025-06-24 02:16:32 [kafka-producer-network-thread | TaskService-producer-1] WARN  o.apache.kafka.clients.NetworkClient - [Producer clientId=TaskService-producer-1] Connection to node 1 (/192.168.1.14:9092) could not be established. Node may not be available.
2025-06-24 02:16:33 [kafka-producer-network-thread | TaskService-producer-1] INFO  o.apache.kafka.clients.NetworkClient - [Producer clientId=TaskService-producer-1] Node 1 disconnected.
2025-06-24 02:16:33 [kafka-producer-network-thread | TaskService-producer-1] WARN  o.apache.kafka.clients.NetworkClient - [Producer clientId=TaskService-producer-1] Connection to node 1 (/192.168.1.14:9092) could not be established. Node may not be available.
2025-06-24 02:16:34 [kafka-producer-network-thread | TaskService-producer-1] INFO  o.apache.kafka.clients.NetworkClient - [Producer clientId=TaskService-producer-1] Node 1 disconnected.
2025-06-24 02:16:34 [kafka-producer-network-thread | TaskService-producer-1] WARN  o.apache.kafka.clients.NetworkClient - [Producer clientId=TaskService-producer-1] Connection to node 1 (/192.168.1.14:9092) could not be established. Node may not be available.
2025-06-24 02:16:36 [kafka-producer-network-thread | TaskService-producer-1] INFO  o.apache.kafka.clients.NetworkClient - [Producer clientId=TaskService-producer-1] Node 1 disconnected.
2025-06-24 02:16:36 [kafka-producer-network-thread | TaskService-producer-1] WARN  o.apache.kafka.clients.NetworkClient - [Producer clientId=TaskService-producer-1] Connection to node 1 (/192.168.1.14:9092) could not be established. Node may not be available.
2025-06-24 02:16:37 [kafka-producer-network-thread | TaskService-producer-1] INFO  o.apache.kafka.clients.NetworkClient - [Producer clientId=TaskService-producer-1] Node 1 disconnected.
2025-06-24 02:16:37 [kafka-producer-network-thread | TaskService-producer-1] WARN  o.apache.kafka.clients.NetworkClient - [Producer clientId=TaskService-producer-1] Connection to node 1 (/192.168.1.14:9092) could not be established. Node may not be available.
2025-06-24 02:16:38 [kafka-producer-network-thread | TaskService-producer-1] INFO  o.apache.kafka.clients.NetworkClient - [Producer clientId=TaskService-producer-1] Node 1 disconnected.
2025-06-24 02:16:38 [kafka-producer-network-thread | TaskService-producer-1] WARN  o.apache.kafka.clients.NetworkClient - [Producer clientId=TaskService-producer-1] Connection to node 1 (/192.168.1.14:9092) could not be established. Node may not be available.
2025-06-24 02:16:39 [kafka-producer-network-thread | TaskService-producer-1] INFO  o.apache.kafka.clients.NetworkClient - [Producer clientId=TaskService-producer-1] Node 1 disconnected.
2025-06-24 02:16:39 [kafka-producer-network-thread | TaskService-producer-1] WARN  o.apache.kafka.clients.NetworkClient - [Producer clientId=TaskService-producer-1] Connection to node 1 (/192.168.1.14:9092) could not be established. Node may not be available.
2025-06-24 02:16:40 [kafka-producer-network-thread | TaskService-producer-1] INFO  o.apache.kafka.clients.NetworkClient - [Producer clientId=TaskService-producer-1] Node 1 disconnected.
2025-06-24 02:16:40 [kafka-producer-network-thread | TaskService-producer-1] WARN  o.apache.kafka.clients.NetworkClient - [Producer clientId=TaskService-producer-1] Connection to node 1 (/192.168.1.14:9092) could not be established. Node may not be available.
2025-06-24 02:16:41 [kafka-producer-network-thread | TaskService-producer-1] INFO  o.apache.kafka.clients.NetworkClient - [Producer clientId=TaskService-producer-1] Node 1 disconnected.
2025-06-24 02:16:41 [kafka-producer-network-thread | TaskService-producer-1] WARN  o.apache.kafka.clients.NetworkClient - [Producer clientId=TaskService-producer-1] Connection to node 1 (/192.168.1.14:9092) could not be established. Node may not be available.
2025-06-24 02:17:08 [kafka-producer-network-thread | TaskService-producer-1] INFO  o.apache.kafka.clients.NetworkClient - [Producer clientId=TaskService-producer-1] Disconnecting from node 1 due to socket connection setup timeout. The timeout value is 25843 ms.
2025-06-24 02:17:28 [kafka-producer-network-thread | TaskService-producer-1] INFO  o.apache.kafka.clients.NetworkClient - [Producer clientId=TaskService-producer-1] Node 1 disconnected.
2025-06-24 02:17:28 [kafka-producer-network-thread | TaskService-producer-1] WARN  o.apache.kafka.clients.NetworkClient - [Producer clientId=TaskService-producer-1] Connection to node 1 (/192.168.1.14:9092) could not be established. Node may not be available.
2025-06-24 02:17:29 [kafka-producer-network-thread | TaskService-producer-1] INFO  o.apache.kafka.clients.NetworkClient - [Producer clientId=TaskService-producer-1] Node 1 disconnected.
2025-06-24 02:17:29 [kafka-producer-network-thread | TaskService-producer-1] WARN  o.apache.kafka.clients.NetworkClient - [Producer clientId=TaskService-producer-1] Connection to node 1 (/192.168.1.14:9092) could not be established. Node may not be available.
2025-06-24 02:17:29 [kafka-producer-network-thread | TaskService-producer-1] INFO  o.apache.kafka.clients.NetworkClient - [Producer clientId=TaskService-producer-1] Node 1 disconnected.
2025-06-24 02:17:29 [kafka-producer-network-thread | TaskService-producer-1] WARN  o.apache.kafka.clients.NetworkClient - [Producer clientId=TaskService-producer-1] Connection to node 1 (/192.168.1.14:9092) could not be established. Node may not be available.
2025-06-24 02:17:31 [kafka-producer-network-thread | TaskService-producer-1] INFO  o.apache.kafka.clients.NetworkClient - [Producer clientId=TaskService-producer-1] Node 1 disconnected.
2025-06-24 02:17:31 [kafka-producer-network-thread | TaskService-producer-1] WARN  o.apache.kafka.clients.NetworkClient - [Producer clientId=TaskService-producer-1] Connection to node 1 (/192.168.1.14:9092) could not be established. Node may not be available.
2025-06-24 02:17:39 [kafka-producer-network-thread | TaskService-producer-1] INFO  o.apache.kafka.clients.NetworkClient - [Producer clientId=TaskService-producer-1] Node 1 disconnected.
2025-06-24 02:17:39 [kafka-producer-network-thread | TaskService-producer-1] WARN  o.apache.kafka.clients.NetworkClient - [Producer clientId=TaskService-producer-1] Connection to node 1 (/192.168.1.14:9092) could not be established. Node may not be available.
2025-06-24 02:17:40 [kafka-producer-network-thread | TaskService-producer-1] INFO  o.apache.kafka.clients.NetworkClient - [Producer clientId=TaskService-producer-1] Node 1 disconnected.
2025-06-24 02:17:40 [kafka-producer-network-thread | TaskService-producer-1] WARN  o.apache.kafka.clients.NetworkClient - [Producer clientId=TaskService-producer-1] Connection to node 1 (/192.168.1.14:9092) could not be established. Node may not be available.
2025-06-24 02:17:41 [kafka-producer-network-thread | TaskService-producer-1] INFO  o.apache.kafka.clients.NetworkClient - [Producer clientId=TaskService-producer-1] Node 1 disconnected.
2025-06-24 02:17:41 [kafka-producer-network-thread | TaskService-producer-1] WARN  o.apache.kafka.clients.NetworkClient - [Producer clientId=TaskService-producer-1] Connection to node 1 (/192.168.1.14:9092) could not be established. Node may not be available.
2025-06-24 02:17:42 [kafka-producer-network-thread | TaskService-producer-1] INFO  o.apache.kafka.clients.NetworkClient - [Producer clientId=TaskService-producer-1] Node 1 disconnected.
2025-06-24 02:17:42 [kafka-producer-network-thread | TaskService-producer-1] WARN  o.apache.kafka.clients.NetworkClient - [Producer clientId=TaskService-producer-1] Connection to node 1 (/192.168.1.14:9092) could not be established. Node may not be available.
2025-06-24 02:17:43 [kafka-producer-network-thread | TaskService-producer-1] INFO  o.apache.kafka.clients.NetworkClient - [Producer clientId=TaskService-producer-1] Node 1 disconnected.
2025-06-24 02:17:43 [kafka-producer-network-thread | TaskService-producer-1] WARN  o.apache.kafka.clients.NetworkClient - [Producer clientId=TaskService-producer-1] Connection to node 1 (/192.168.1.14:9092) could not be established. Node may not be available.
2025-06-24 02:17:44 [kafka-producer-network-thread | TaskService-producer-1] INFO  o.apache.kafka.clients.NetworkClient - [Producer clientId=TaskService-producer-1] Node 1 disconnected.
2025-06-24 02:17:44 [kafka-producer-network-thread | TaskService-producer-1] WARN  o.apache.kafka.clients.NetworkClient - [Producer clientId=TaskService-producer-1] Connection to node 1 (/192.168.1.14:9092) could not be established. Node may not be available.
2025-06-24 02:17:45 [kafka-producer-network-thread | TaskService-producer-1] INFO  o.apache.kafka.clients.NetworkClient - [Producer clientId=TaskService-producer-1] Node 1 disconnected.
2025-06-24 02:17:45 [kafka-producer-network-thread | TaskService-producer-1] WARN  o.apache.kafka.clients.NetworkClient - [Producer clientId=TaskService-producer-1] Connection to node 1 (/192.168.1.14:9092) could not be established. Node may not be available.
2025-06-24 02:18:15 [kafka-producer-network-thread | TaskService-producer-1] INFO  o.apache.kafka.clients.NetworkClient - [Producer clientId=TaskService-producer-1] Disconnecting from node 1 due to socket connection setup timeout. The timeout value is 29047 ms.
2025-06-24 02:18:40 [kafka-producer-network-thread | TaskService-producer-1] INFO  o.apache.kafka.clients.NetworkClient - [Producer clientId=TaskService-producer-1] Disconnecting from node 1 due to socket connection setup timeout. The timeout value is 24069 ms.
2025-06-24 02:19:11 [kafka-producer-network-thread | TaskService-producer-1] INFO  o.apache.kafka.clients.NetworkClient - [Producer clientId=TaskService-producer-1] Disconnecting from node 1 due to socket connection setup timeout. The timeout value is 30000 ms.
2025-06-24 02:19:42 [kafka-producer-network-thread | TaskService-producer-1] INFO  o.apache.kafka.clients.NetworkClient - [Producer clientId=TaskService-producer-1] Disconnecting from node 1 due to socket connection setup timeout. The timeout value is 30000 ms.
2025-06-24 02:20:13 [kafka-producer-network-thread | TaskService-producer-1] INFO  o.apache.kafka.clients.NetworkClient - [Producer clientId=TaskService-producer-1] Disconnecting from node 1 due to socket connection setup timeout. The timeout value is 30000 ms.
2025-06-24 02:20:44 [kafka-producer-network-thread | TaskService-producer-1] INFO  o.apache.kafka.clients.NetworkClient - [Producer clientId=TaskService-producer-1] Disconnecting from node 1 due to socket connection setup timeout. The timeout value is 30000 ms.
2025-06-24 02:21:12 [kafka-producer-network-thread | TaskService-producer-1] INFO  o.apache.kafka.clients.NetworkClient - [Producer clientId=TaskService-producer-1] Disconnecting from node 1 due to socket connection setup timeout. The timeout value is 26980 ms.
2025-06-24 02:21:37 [kafka-producer-network-thread | TaskService-producer-1] INFO  o.apache.kafka.clients.NetworkClient - [Producer clientId=TaskService-producer-1] Disconnecting from node 1 due to socket connection setup timeout. The timeout value is 24508 ms.
2025-06-24 02:22:08 [kafka-producer-network-thread | TaskService-producer-1] INFO  o.apache.kafka.clients.NetworkClient - [Producer clientId=TaskService-producer-1] Disconnecting from node 1 due to socket connection setup timeout. The timeout value is 30000 ms.
2025-06-24 02:22:39 [kafka-producer-network-thread | TaskService-producer-1] INFO  o.apache.kafka.clients.NetworkClient - [Producer clientId=TaskService-producer-1] Disconnecting from node 1 due to socket connection setup timeout. The timeout value is 30000 ms.
2025-06-24 02:23:10 [kafka-producer-network-thread | TaskService-producer-1] INFO  o.apache.kafka.clients.NetworkClient - [Producer clientId=TaskService-producer-1] Disconnecting from node 1 due to socket connection setup timeout. The timeout value is 30000 ms.
2025-06-24 02:23:40 [kafka-producer-network-thread | TaskService-producer-1] INFO  o.apache.kafka.clients.NetworkClient - [Producer clientId=TaskService-producer-1] Disconnecting from node 1 due to socket connection setup timeout. The timeout value is 28494 ms.
2025-06-24 02:24:07 [kafka-producer-network-thread | TaskService-producer-1] INFO  o.apache.kafka.clients.NetworkClient - [Producer clientId=TaskService-producer-1] Disconnecting from node 1 due to socket connection setup timeout. The timeout value is 26020 ms.
2025-06-24 02:24:34 [kafka-producer-network-thread | TaskService-producer-1] INFO  o.apache.kafka.clients.NetworkClient - [Producer clientId=TaskService-producer-1] Disconnecting from node 1 due to socket connection setup timeout. The timeout value is 26298 ms.
2025-06-24 02:25:05 [kafka-producer-network-thread | TaskService-producer-1] INFO  o.apache.kafka.clients.NetworkClient - [Producer clientId=TaskService-producer-1] Disconnecting from node 1 due to socket connection setup timeout. The timeout value is 30000 ms.
2025-06-24 02:25:25 [kafka-producer-network-thread | TaskService-producer-1] INFO  o.apache.kafka.clients.NetworkClient - [Producer clientId=TaskService-producer-1] Node 1 disconnected.
2025-06-24 02:25:25 [kafka-producer-network-thread | TaskService-producer-1] WARN  o.apache.kafka.clients.NetworkClient - [Producer clientId=TaskService-producer-1] Connection to node 1 (/192.168.1.14:9092) could not be established. Node may not be available.
2025-06-24 02:25:26 [kafka-producer-network-thread | TaskService-producer-1] INFO  o.apache.kafka.clients.NetworkClient - [Producer clientId=TaskService-producer-1] Node 1 disconnected.
2025-06-24 02:25:26 [kafka-producer-network-thread | TaskService-producer-1] WARN  o.apache.kafka.clients.NetworkClient - [Producer clientId=TaskService-producer-1] Connection to node 1 (/192.168.1.14:9092) could not be established. Node may not be available.
2025-06-24 02:25:27 [kafka-producer-network-thread | TaskService-producer-1] INFO  o.apache.kafka.clients.NetworkClient - [Producer clientId=TaskService-producer-1] Node 1 disconnected.
2025-06-24 02:25:27 [kafka-producer-network-thread | TaskService-producer-1] WARN  o.apache.kafka.clients.NetworkClient - [Producer clientId=TaskService-producer-1] Connection to node 1 (/192.168.1.14:9092) could not be established. Node may not be available.
2025-06-24 02:25:28 [kafka-producer-network-thread | TaskService-producer-1] INFO  o.apache.kafka.clients.NetworkClient - [Producer clientId=TaskService-producer-1] Node 1 disconnected.
2025-06-24 02:25:28 [kafka-producer-network-thread | TaskService-producer-1] WARN  o.apache.kafka.clients.NetworkClient - [Producer clientId=TaskService-producer-1] Connection to node 1 (/192.168.1.14:9092) could not be established. Node may not be available.
2025-06-24 02:25:33 [kafka-producer-network-thread | TaskService-producer-1] INFO  o.apache.kafka.clients.NetworkClient - [Producer clientId=TaskService-producer-1] Node 1 disconnected.
2025-06-24 02:25:33 [kafka-producer-network-thread | TaskService-producer-1] WARN  o.apache.kafka.clients.NetworkClient - [Producer clientId=TaskService-producer-1] Connection to node 1 (/192.168.1.14:9092) could not be established. Node may not be available.
2025-06-24 02:25:34 [kafka-producer-network-thread | TaskService-producer-1] INFO  o.apache.kafka.clients.NetworkClient - [Producer clientId=TaskService-producer-1] Node 1 disconnected.
2025-06-24 02:25:34 [kafka-producer-network-thread | TaskService-producer-1] WARN  o.apache.kafka.clients.NetworkClient - [Producer clientId=TaskService-producer-1] Connection to node 1 (/192.168.1.14:9092) could not be established. Node may not be available.
2025-06-24 02:25:35 [kafka-producer-network-thread | TaskService-producer-1] INFO  o.apache.kafka.clients.NetworkClient - [Producer clientId=TaskService-producer-1] Node 1 disconnected.
2025-06-24 02:25:35 [kafka-producer-network-thread | TaskService-producer-1] WARN  o.apache.kafka.clients.NetworkClient - [Producer clientId=TaskService-producer-1] Connection to node 1 (/192.168.1.14:9092) could not be established. Node may not be available.
2025-06-24 02:25:36 [kafka-producer-network-thread | TaskService-producer-1] INFO  o.apache.kafka.clients.NetworkClient - [Producer clientId=TaskService-producer-1] Node 1 disconnected.
2025-06-24 02:25:36 [kafka-producer-network-thread | TaskService-producer-1] WARN  o.apache.kafka.clients.NetworkClient - [Producer clientId=TaskService-producer-1] Connection to node 1 (/192.168.1.14:9092) could not be established. Node may not be available.
2025-06-24 02:25:37 [kafka-producer-network-thread | TaskService-producer-1] INFO  o.apache.kafka.clients.NetworkClient - [Producer clientId=TaskService-producer-1] Node 1 disconnected.
2025-06-24 02:25:37 [kafka-producer-network-thread | TaskService-producer-1] WARN  o.apache.kafka.clients.NetworkClient - [Producer clientId=TaskService-producer-1] Connection to node 1 (/192.168.1.14:9092) could not be established. Node may not be available.
2025-06-24 02:25:38 [kafka-producer-network-thread | TaskService-producer-1] INFO  o.apache.kafka.clients.NetworkClient - [Producer clientId=TaskService-producer-1] Node 1 disconnected.
2025-06-24 02:25:38 [kafka-producer-network-thread | TaskService-producer-1] WARN  o.apache.kafka.clients.NetworkClient - [Producer clientId=TaskService-producer-1] Connection to node 1 (/192.168.1.14:9092) could not be established. Node may not be available.
2025-06-24 02:25:39 [kafka-producer-network-thread | TaskService-producer-1] INFO  o.apache.kafka.clients.NetworkClient - [Producer clientId=TaskService-producer-1] Node 1 disconnected.
2025-06-24 02:25:39 [kafka-producer-network-thread | TaskService-producer-1] WARN  o.apache.kafka.clients.NetworkClient - [Producer clientId=TaskService-producer-1] Connection to node 1 (/192.168.1.14:9092) could not be established. Node may not be available.
2025-06-24 02:25:40 [kafka-producer-network-thread | TaskService-producer-1] INFO  o.apache.kafka.clients.NetworkClient - [Producer clientId=TaskService-producer-1] Node 1 disconnected.
2025-06-24 02:25:40 [kafka-producer-network-thread | TaskService-producer-1] WARN  o.apache.kafka.clients.NetworkClient - [Producer clientId=TaskService-producer-1] Connection to node 1 (/192.168.1.14:9092) could not be established. Node may not be available.
2025-06-24 02:25:41 [kafka-producer-network-thread | TaskService-producer-1] INFO  o.apache.kafka.clients.NetworkClient - [Producer clientId=TaskService-producer-1] Node 1 disconnected.
2025-06-24 02:25:41 [kafka-producer-network-thread | TaskService-producer-1] WARN  o.apache.kafka.clients.NetworkClient - [Producer clientId=TaskService-producer-1] Connection to node 1 (/192.168.1.14:9092) could not be established. Node may not be available.
2025-06-24 02:25:42 [kafka-producer-network-thread | TaskService-producer-1] INFO  o.apache.kafka.clients.NetworkClient - [Producer clientId=TaskService-producer-1] Node 1 disconnected.
2025-06-24 02:25:42 [kafka-producer-network-thread | TaskService-producer-1] WARN  o.apache.kafka.clients.NetworkClient - [Producer clientId=TaskService-producer-1] Connection to node 1 (/192.168.1.14:9092) could not be established. Node may not be available.
2025-06-24 02:25:43 [kafka-producer-network-thread | TaskService-producer-1] INFO  o.apache.kafka.clients.NetworkClient - [Producer clientId=TaskService-producer-1] Node 1 disconnected.
2025-06-24 02:25:43 [kafka-producer-network-thread | TaskService-producer-1] WARN  o.apache.kafka.clients.NetworkClient - [Producer clientId=TaskService-producer-1] Connection to node 1 (/192.168.1.14:9092) could not be established. Node may not be available.
2025-06-24 02:25:44 [kafka-producer-network-thread | TaskService-producer-1] INFO  o.apache.kafka.clients.NetworkClient - [Producer clientId=TaskService-producer-1] Node 1 disconnected.
2025-06-24 02:25:44 [kafka-producer-network-thread | TaskService-producer-1] WARN  o.apache.kafka.clients.NetworkClient - [Producer clientId=TaskService-producer-1] Connection to node 1 (/192.168.1.14:9092) could not be established. Node may not be available.
2025-06-24 02:25:45 [kafka-producer-network-thread | TaskService-producer-1] INFO  o.apache.kafka.clients.NetworkClient - [Producer clientId=TaskService-producer-1] Node 1 disconnected.
2025-06-24 02:25:45 [kafka-producer-network-thread | TaskService-producer-1] WARN  o.apache.kafka.clients.NetworkClient - [Producer clientId=TaskService-producer-1] Connection to node 1 (/192.168.1.14:9092) could not be established. Node may not be available.
2025-06-24 02:25:46 [kafka-producer-network-thread | TaskService-producer-1] INFO  o.apache.kafka.clients.NetworkClient - [Producer clientId=TaskService-producer-1] Node 1 disconnected.
2025-06-24 02:25:46 [kafka-producer-network-thread | TaskService-producer-1] WARN  o.apache.kafka.clients.NetworkClient - [Producer clientId=TaskService-producer-1] Connection to node 1 (/192.168.1.14:9092) could not be established. Node may not be available.
2025-06-24 02:25:47 [kafka-producer-network-thread | TaskService-producer-1] INFO  o.apache.kafka.clients.NetworkClient - [Producer clientId=TaskService-producer-1] Node 1 disconnected.
2025-06-24 02:25:47 [kafka-producer-network-thread | TaskService-producer-1] WARN  o.apache.kafka.clients.NetworkClient - [Producer clientId=TaskService-producer-1] Connection to node 1 (/192.168.1.14:9092) could not be established. Node may not be available.
2025-06-24 02:25:48 [kafka-producer-network-thread | TaskService-producer-1] INFO  o.apache.kafka.clients.NetworkClient - [Producer clientId=TaskService-producer-1] Node 1 disconnected.
2025-06-24 02:25:48 [kafka-producer-network-thread | TaskService-producer-1] WARN  o.apache.kafka.clients.NetworkClient - [Producer clientId=TaskService-producer-1] Connection to node 1 (/192.168.1.14:9092) could not be established. Node may not be available.
2025-06-24 02:25:49 [kafka-producer-network-thread | TaskService-producer-1] INFO  o.apache.kafka.clients.NetworkClient - [Producer clientId=TaskService-producer-1] Node 1 disconnected.
2025-06-24 02:25:49 [kafka-producer-network-thread | TaskService-producer-1] WARN  o.apache.kafka.clients.NetworkClient - [Producer clientId=TaskService-producer-1] Connection to node 1 (/192.168.1.14:9092) could not be established. Node may not be available.
2025-06-24 02:25:50 [kafka-producer-network-thread | TaskService-producer-1] INFO  o.apache.kafka.clients.NetworkClient - [Producer clientId=TaskService-producer-1] Node 1 disconnected.
2025-06-24 02:25:50 [kafka-producer-network-thread | TaskService-producer-1] WARN  o.apache.kafka.clients.NetworkClient - [Producer clientId=TaskService-producer-1] Connection to node 1 (/192.168.1.14:9092) could not be established. Node may not be available.
2025-06-24 02:25:51 [kafka-producer-network-thread | TaskService-producer-1] INFO  o.apache.kafka.clients.NetworkClient - [Producer clientId=TaskService-producer-1] Node 1 disconnected.
2025-06-24 02:25:51 [kafka-producer-network-thread | TaskService-producer-1] WARN  o.apache.kafka.clients.NetworkClient - [Producer clientId=TaskService-producer-1] Connection to node 1 (/192.168.1.14:9092) could not be established. Node may not be available.
2025-06-24 02:25:52 [kafka-producer-network-thread | TaskService-producer-1] INFO  o.apache.kafka.clients.NetworkClient - [Producer clientId=TaskService-producer-1] Node 1 disconnected.
2025-06-24 02:25:52 [kafka-producer-network-thread | TaskService-producer-1] WARN  o.apache.kafka.clients.NetworkClient - [Producer clientId=TaskService-producer-1] Connection to node 1 (/192.168.1.14:9092) could not be established. Node may not be available.
2025-06-24 02:25:53 [kafka-producer-network-thread | TaskService-producer-1] INFO  o.apache.kafka.clients.NetworkClient - [Producer clientId=TaskService-producer-1] Node 1 disconnected.
2025-06-24 02:25:53 [kafka-producer-network-thread | TaskService-producer-1] WARN  o.apache.kafka.clients.NetworkClient - [Producer clientId=TaskService-producer-1] Connection to node 1 (/192.168.1.14:9092) could not be established. Node may not be available.
2025-06-24 02:25:55 [kafka-producer-network-thread | TaskService-producer-1] INFO  o.apache.kafka.clients.NetworkClient - [Producer clientId=TaskService-producer-1] Node 1 disconnected.
2025-06-24 02:25:55 [kafka-producer-network-thread | TaskService-producer-1] WARN  o.apache.kafka.clients.NetworkClient - [Producer clientId=TaskService-producer-1] Connection to node 1 (/192.168.1.14:9092) could not be established. Node may not be available.
2025-06-24 02:25:55 [kafka-producer-network-thread | TaskService-producer-1] INFO  o.apache.kafka.clients.NetworkClient - [Producer clientId=TaskService-producer-1] Node 1 disconnected.
2025-06-24 02:25:55 [kafka-producer-network-thread | TaskService-producer-1] WARN  o.apache.kafka.clients.NetworkClient - [Producer clientId=TaskService-producer-1] Connection to node 1 (/192.168.1.14:9092) could not be established. Node may not be available.
2025-06-24 02:25:56 [kafka-producer-network-thread | TaskService-producer-1] INFO  o.apache.kafka.clients.NetworkClient - [Producer clientId=TaskService-producer-1] Node 1 disconnected.
2025-06-24 02:25:56 [kafka-producer-network-thread | TaskService-producer-1] WARN  o.apache.kafka.clients.NetworkClient - [Producer clientId=TaskService-producer-1] Connection to node 1 (/192.168.1.14:9092) could not be established. Node may not be available.
2025-06-24 02:25:57 [kafka-producer-network-thread | TaskService-producer-1] INFO  o.apache.kafka.clients.NetworkClient - [Producer clientId=TaskService-producer-1] Node 1 disconnected.
2025-06-24 02:25:57 [kafka-producer-network-thread | TaskService-producer-1] WARN  o.apache.kafka.clients.NetworkClient - [Producer clientId=TaskService-producer-1] Connection to node 1 (/192.168.1.14:9092) could not be established. Node may not be available.
2025-06-24 02:25:59 [kafka-producer-network-thread | TaskService-producer-1] INFO  o.apache.kafka.clients.NetworkClient - [Producer clientId=TaskService-producer-1] Node 1 disconnected.
2025-06-24 02:25:59 [kafka-producer-network-thread | TaskService-producer-1] WARN  o.apache.kafka.clients.NetworkClient - [Producer clientId=TaskService-producer-1] Connection to node 1 (/192.168.1.14:9092) could not be established. Node may not be available.
2025-06-24 02:26:00 [kafka-producer-network-thread | TaskService-producer-1] INFO  o.apache.kafka.clients.NetworkClient - [Producer clientId=TaskService-producer-1] Node 1 disconnected.
2025-06-24 02:26:00 [kafka-producer-network-thread | TaskService-producer-1] WARN  o.apache.kafka.clients.NetworkClient - [Producer clientId=TaskService-producer-1] Connection to node 1 (/192.168.1.14:9092) could not be established. Node may not be available.
2025-06-24 02:26:01 [kafka-producer-network-thread | TaskService-producer-1] INFO  o.apache.kafka.clients.NetworkClient - [Producer clientId=TaskService-producer-1] Node 1 disconnected.
2025-06-24 02:26:01 [kafka-producer-network-thread | TaskService-producer-1] WARN  o.apache.kafka.clients.NetworkClient - [Producer clientId=TaskService-producer-1] Connection to node 1 (/192.168.1.14:9092) could not be established. Node may not be available.
2025-06-24 02:26:02 [kafka-producer-network-thread | TaskService-producer-1] INFO  o.apache.kafka.clients.NetworkClient - [Producer clientId=TaskService-producer-1] Node 1 disconnected.
2025-06-24 02:26:02 [kafka-producer-network-thread | TaskService-producer-1] WARN  o.apache.kafka.clients.NetworkClient - [Producer clientId=TaskService-producer-1] Connection to node 1 (/192.168.1.14:9092) could not be established. Node may not be available.
2025-06-24 02:26:03 [kafka-producer-network-thread | TaskService-producer-1] INFO  o.apache.kafka.clients.NetworkClient - [Producer clientId=TaskService-producer-1] Node 1 disconnected.
2025-06-24 02:26:03 [kafka-producer-network-thread | TaskService-producer-1] WARN  o.apache.kafka.clients.NetworkClient - [Producer clientId=TaskService-producer-1] Connection to node 1 (/192.168.1.14:9092) could not be established. Node may not be available.
2025-06-24 02:26:04 [kafka-producer-network-thread | TaskService-producer-1] INFO  o.apache.kafka.clients.NetworkClient - [Producer clientId=TaskService-producer-1] Node 1 disconnected.
2025-06-24 02:26:04 [kafka-producer-network-thread | TaskService-producer-1] WARN  o.apache.kafka.clients.NetworkClient - [Producer clientId=TaskService-producer-1] Connection to node 1 (/192.168.1.14:9092) could not be established. Node may not be available.
2025-06-24 02:26:05 [kafka-producer-network-thread | TaskService-producer-1] INFO  o.apache.kafka.clients.NetworkClient - [Producer clientId=TaskService-producer-1] Node 1 disconnected.
2025-06-24 02:26:05 [kafka-producer-network-thread | TaskService-producer-1] WARN  o.apache.kafka.clients.NetworkClient - [Producer clientId=TaskService-producer-1] Connection to node 1 (/192.168.1.14:9092) could not be established. Node may not be available.
2025-06-24 02:26:06 [kafka-producer-network-thread | TaskService-producer-1] INFO  o.apache.kafka.clients.NetworkClient - [Producer clientId=TaskService-producer-1] Node 1 disconnected.
2025-06-24 02:26:06 [kafka-producer-network-thread | TaskService-producer-1] WARN  o.apache.kafka.clients.NetworkClient - [Producer clientId=TaskService-producer-1] Connection to node 1 (/192.168.1.14:9092) could not be established. Node may not be available.
2025-06-24 02:26:07 [kafka-producer-network-thread | TaskService-producer-1] INFO  o.apache.kafka.clients.NetworkClient - [Producer clientId=TaskService-producer-1] Node 1 disconnected.
2025-06-24 02:26:07 [kafka-producer-network-thread | TaskService-producer-1] WARN  o.apache.kafka.clients.NetworkClient - [Producer clientId=TaskService-producer-1] Connection to node 1 (/192.168.1.14:9092) could not be established. Node may not be available.
2025-06-24 02:26:08 [kafka-producer-network-thread | TaskService-producer-1] INFO  o.apache.kafka.clients.NetworkClient - [Producer clientId=TaskService-producer-1] Node 1 disconnected.
2025-06-24 02:26:08 [kafka-producer-network-thread | TaskService-producer-1] WARN  o.apache.kafka.clients.NetworkClient - [Producer clientId=TaskService-producer-1] Connection to node 1 (/192.168.1.14:9092) could not be established. Node may not be available.
2025-06-24 02:26:09 [kafka-producer-network-thread | TaskService-producer-1] INFO  o.apache.kafka.clients.NetworkClient - [Producer clientId=TaskService-producer-1] Node 1 disconnected.
2025-06-24 02:26:09 [kafka-producer-network-thread | TaskService-producer-1] WARN  o.apache.kafka.clients.NetworkClient - [Producer clientId=TaskService-producer-1] Connection to node 1 (/192.168.1.14:9092) could not be established. Node may not be available.
2025-06-24 02:26:10 [kafka-producer-network-thread | TaskService-producer-1] INFO  o.apache.kafka.clients.NetworkClient - [Producer clientId=TaskService-producer-1] Node 1 disconnected.
2025-06-24 02:26:10 [kafka-producer-network-thread | TaskService-producer-1] WARN  o.apache.kafka.clients.NetworkClient - [Producer clientId=TaskService-producer-1] Connection to node 1 (/192.168.1.14:9092) could not be established. Node may not be available.
2025-06-24 02:26:11 [kafka-producer-network-thread | TaskService-producer-1] INFO  o.apache.kafka.clients.NetworkClient - [Producer clientId=TaskService-producer-1] Node 1 disconnected.
2025-06-24 02:26:11 [kafka-producer-network-thread | TaskService-producer-1] WARN  o.apache.kafka.clients.NetworkClient - [Producer clientId=TaskService-producer-1] Connection to node 1 (/192.168.1.14:9092) could not be established. Node may not be available.
2025-06-24 02:26:38 [kafka-producer-network-thread | TaskService-producer-1] INFO  o.apache.kafka.clients.NetworkClient - [Producer clientId=TaskService-producer-1] Disconnecting from node 1 due to socket connection setup timeout. The timeout value is 26472 ms.
2025-06-24 02:27:09 [kafka-producer-network-thread | TaskService-producer-1] INFO  o.apache.kafka.clients.NetworkClient - [Producer clientId=TaskService-producer-1] Disconnecting from node 1 due to socket connection setup timeout. The timeout value is 30000 ms.
2025-06-24 02:27:22 [kafka-producer-network-thread | TaskService-producer-1] INFO  o.apache.kafka.clients.NetworkClient - [Producer clientId=TaskService-producer-1] Node 1 disconnected.
2025-06-24 02:27:22 [kafka-producer-network-thread | TaskService-producer-1] WARN  o.apache.kafka.clients.NetworkClient - [Producer clientId=TaskService-producer-1] Connection to node 1 (/192.168.1.14:9092) could not be established. Node may not be available.
2025-06-24 02:27:23 [kafka-producer-network-thread | TaskService-producer-1] INFO  o.apache.kafka.clients.NetworkClient - [Producer clientId=TaskService-producer-1] Node 1 disconnected.
2025-06-24 02:27:23 [kafka-producer-network-thread | TaskService-producer-1] WARN  o.apache.kafka.clients.NetworkClient - [Producer clientId=TaskService-producer-1] Connection to node 1 (/192.168.1.14:9092) could not be established. Node may not be available.
2025-06-24 02:27:24 [kafka-producer-network-thread | TaskService-producer-1] INFO  o.apache.kafka.clients.NetworkClient - [Producer clientId=TaskService-producer-1] Node 1 disconnected.
2025-06-24 02:27:24 [kafka-producer-network-thread | TaskService-producer-1] WARN  o.apache.kafka.clients.NetworkClient - [Producer clientId=TaskService-producer-1] Connection to node 1 (/192.168.1.14:9092) could not be established. Node may not be available.
2025-06-24 02:27:25 [kafka-producer-network-thread | TaskService-producer-1] INFO  o.apache.kafka.clients.NetworkClient - [Producer clientId=TaskService-producer-1] Node 1 disconnected.
2025-06-24 02:27:25 [kafka-producer-network-thread | TaskService-producer-1] WARN  o.apache.kafka.clients.NetworkClient - [Producer clientId=TaskService-producer-1] Connection to node 1 (/192.168.1.14:9092) could not be established. Node may not be available.
2025-06-24 02:27:26 [kafka-producer-network-thread | TaskService-producer-1] INFO  o.apache.kafka.clients.NetworkClient - [Producer clientId=TaskService-producer-1] Node 1 disconnected.
2025-06-24 02:27:26 [kafka-producer-network-thread | TaskService-producer-1] WARN  o.apache.kafka.clients.NetworkClient - [Producer clientId=TaskService-producer-1] Connection to node 1 (/192.168.1.14:9092) could not be established. Node may not be available.
2025-06-24 02:27:27 [kafka-producer-network-thread | TaskService-producer-1] INFO  o.apache.kafka.clients.NetworkClient - [Producer clientId=TaskService-producer-1] Node 1 disconnected.
2025-06-24 02:27:27 [kafka-producer-network-thread | TaskService-producer-1] WARN  o.apache.kafka.clients.NetworkClient - [Producer clientId=TaskService-producer-1] Connection to node 1 (/192.168.1.14:9092) could not be established. Node may not be available.
2025-06-24 02:27:28 [kafka-producer-network-thread | TaskService-producer-1] INFO  o.apache.kafka.clients.NetworkClient - [Producer clientId=TaskService-producer-1] Node 1 disconnected.
2025-06-24 02:27:28 [kafka-producer-network-thread | TaskService-producer-1] WARN  o.apache.kafka.clients.NetworkClient - [Producer clientId=TaskService-producer-1] Connection to node 1 (/192.168.1.14:9092) could not be established. Node may not be available.
2025-06-24 02:27:29 [kafka-producer-network-thread | TaskService-producer-1] INFO  o.apache.kafka.clients.NetworkClient - [Producer clientId=TaskService-producer-1] Node 1 disconnected.
2025-06-24 02:27:29 [kafka-producer-network-thread | TaskService-producer-1] WARN  o.apache.kafka.clients.NetworkClient - [Producer clientId=TaskService-producer-1] Connection to node 1 (/192.168.1.14:9092) could not be established. Node may not be available.
2025-06-24 02:27:30 [kafka-producer-network-thread | TaskService-producer-1] INFO  o.apache.kafka.clients.NetworkClient - [Producer clientId=TaskService-producer-1] Node 1 disconnected.
2025-06-24 02:27:30 [kafka-producer-network-thread | TaskService-producer-1] WARN  o.apache.kafka.clients.NetworkClient - [Producer clientId=TaskService-producer-1] Connection to node 1 (/192.168.1.14:9092) could not be established. Node may not be available.
2025-06-24 02:27:31 [kafka-producer-network-thread | TaskService-producer-1] INFO  o.apache.kafka.clients.NetworkClient - [Producer clientId=TaskService-producer-1] Node 1 disconnected.
2025-06-24 02:27:31 [kafka-producer-network-thread | TaskService-producer-1] WARN  o.apache.kafka.clients.NetworkClient - [Producer clientId=TaskService-producer-1] Connection to node 1 (/192.168.1.14:9092) could not be established. Node may not be available.
2025-06-24 02:27:32 [kafka-producer-network-thread | TaskService-producer-1] INFO  o.apache.kafka.clients.NetworkClient - [Producer clientId=TaskService-producer-1] Node 1 disconnected.
2025-06-24 02:27:32 [kafka-producer-network-thread | TaskService-producer-1] WARN  o.apache.kafka.clients.NetworkClient - [Producer clientId=TaskService-producer-1] Connection to node 1 (/192.168.1.14:9092) could not be established. Node may not be available.
2025-06-24 02:27:33 [kafka-producer-network-thread | TaskService-producer-1] INFO  o.apache.kafka.clients.NetworkClient - [Producer clientId=TaskService-producer-1] Node 1 disconnected.
2025-06-24 02:27:33 [kafka-producer-network-thread | TaskService-producer-1] WARN  o.apache.kafka.clients.NetworkClient - [Producer clientId=TaskService-producer-1] Connection to node 1 (/192.168.1.14:9092) could not be established. Node may not be available.
2025-06-24 02:27:34 [kafka-producer-network-thread | TaskService-producer-1] INFO  o.apache.kafka.clients.NetworkClient - [Producer clientId=TaskService-producer-1] Node 1 disconnected.
2025-06-24 02:27:34 [kafka-producer-network-thread | TaskService-producer-1] WARN  o.apache.kafka.clients.NetworkClient - [Producer clientId=TaskService-producer-1] Connection to node 1 (/192.168.1.14:9092) could not be established. Node may not be available.
2025-06-24 02:27:35 [kafka-producer-network-thread | TaskService-producer-1] INFO  o.apache.kafka.clients.NetworkClient - [Producer clientId=TaskService-producer-1] Node 1 disconnected.
2025-06-24 02:27:35 [kafka-producer-network-thread | TaskService-producer-1] WARN  o.apache.kafka.clients.NetworkClient - [Producer clientId=TaskService-producer-1] Connection to node 1 (/192.168.1.14:9092) could not be established. Node may not be available.
2025-06-24 02:27:36 [kafka-producer-network-thread | TaskService-producer-1] INFO  o.apache.kafka.clients.NetworkClient - [Producer clientId=TaskService-producer-1] Node 1 disconnected.
2025-06-24 02:27:36 [kafka-producer-network-thread | TaskService-producer-1] WARN  o.apache.kafka.clients.NetworkClient - [Producer clientId=TaskService-producer-1] Connection to node 1 (/192.168.1.14:9092) could not be established. Node may not be available.
2025-06-24 02:27:37 [kafka-producer-network-thread | TaskService-producer-1] INFO  o.apache.kafka.clients.NetworkClient - [Producer clientId=TaskService-producer-1] Node 1 disconnected.
2025-06-24 02:27:37 [kafka-producer-network-thread | TaskService-producer-1] WARN  o.apache.kafka.clients.NetworkClient - [Producer clientId=TaskService-producer-1] Connection to node 1 (/192.168.1.14:9092) could not be established. Node may not be available.
2025-06-24 02:27:38 [kafka-producer-network-thread | TaskService-producer-1] INFO  o.apache.kafka.clients.NetworkClient - [Producer clientId=TaskService-producer-1] Node 1 disconnected.
2025-06-24 02:27:38 [kafka-producer-network-thread | TaskService-producer-1] WARN  o.apache.kafka.clients.NetworkClient - [Producer clientId=TaskService-producer-1] Connection to node 1 (/192.168.1.14:9092) could not be established. Node may not be available.
2025-06-24 02:27:39 [kafka-producer-network-thread | TaskService-producer-1] INFO  o.apache.kafka.clients.NetworkClient - [Producer clientId=TaskService-producer-1] Node 1 disconnected.
2025-06-24 02:27:39 [kafka-producer-network-thread | TaskService-producer-1] WARN  o.apache.kafka.clients.NetworkClient - [Producer clientId=TaskService-producer-1] Connection to node 1 (/192.168.1.14:9092) could not be established. Node may not be available.
2025-06-24 02:27:40 [kafka-producer-network-thread | TaskService-producer-1] INFO  o.apache.kafka.clients.NetworkClient - [Producer clientId=TaskService-producer-1] Node 1 disconnected.
2025-06-24 02:27:40 [kafka-producer-network-thread | TaskService-producer-1] WARN  o.apache.kafka.clients.NetworkClient - [Producer clientId=TaskService-producer-1] Connection to node 1 (/192.168.1.14:9092) could not be established. Node may not be available.
2025-06-24 02:28:07 [kafka-producer-network-thread | TaskService-producer-1] INFO  o.apache.kafka.clients.NetworkClient - [Producer clientId=TaskService-producer-1] Disconnecting from node 1 due to socket connection setup timeout. The timeout value is 25146 ms.
2025-06-24 02:28:36 [kafka-producer-network-thread | TaskService-producer-1] INFO  o.apache.kafka.clients.NetworkClient - [Producer clientId=TaskService-producer-1] Disconnecting from node 1 due to socket connection setup timeout. The timeout value is 28189 ms.
2025-06-24 02:29:01 [kafka-producer-network-thread | TaskService-producer-1] INFO  o.apache.kafka.clients.NetworkClient - [Producer clientId=TaskService-producer-1] Disconnecting from node 1 due to socket connection setup timeout. The timeout value is 24662 ms.
2025-06-24 02:29:32 [kafka-producer-network-thread | TaskService-producer-1] INFO  o.apache.kafka.clients.NetworkClient - [Producer clientId=TaskService-producer-1] Disconnecting from node 1 due to socket connection setup timeout. The timeout value is 30000 ms.
2025-06-24 02:30:03 [kafka-producer-network-thread | TaskService-producer-1] INFO  o.apache.kafka.clients.NetworkClient - [Producer clientId=TaskService-producer-1] Disconnecting from node 1 due to socket connection setup timeout. The timeout value is 30000 ms.
2025-06-24 02:30:15 [kafka-producer-network-thread | TaskService-producer-1] INFO  o.apache.kafka.clients.NetworkClient - [Producer clientId=TaskService-producer-1] Node 1 disconnected.
2025-06-24 02:30:15 [kafka-producer-network-thread | TaskService-producer-1] WARN  o.apache.kafka.clients.NetworkClient - [Producer clientId=TaskService-producer-1] Connection to node 1 (/192.168.1.14:9092) could not be established. Node may not be available.
2025-06-24 02:30:16 [kafka-producer-network-thread | TaskService-producer-1] INFO  o.apache.kafka.clients.NetworkClient - [Producer clientId=TaskService-producer-1] Node 1 disconnected.
2025-06-24 02:30:16 [kafka-producer-network-thread | TaskService-producer-1] WARN  o.apache.kafka.clients.NetworkClient - [Producer clientId=TaskService-producer-1] Connection to node 1 (/192.168.1.14:9092) could not be established. Node may not be available.
2025-06-24 02:30:17 [kafka-producer-network-thread | TaskService-producer-1] INFO  o.apache.kafka.clients.NetworkClient - [Producer clientId=TaskService-producer-1] Node 1 disconnected.
2025-06-24 02:30:17 [kafka-producer-network-thread | TaskService-producer-1] WARN  o.apache.kafka.clients.NetworkClient - [Producer clientId=TaskService-producer-1] Connection to node 1 (/192.168.1.14:9092) could not be established. Node may not be available.
2025-06-24 02:30:19 [kafka-producer-network-thread | TaskService-producer-1] INFO  o.apache.kafka.clients.NetworkClient - [Producer clientId=TaskService-producer-1] Node 1 disconnected.
2025-06-24 02:30:19 [kafka-producer-network-thread | TaskService-producer-1] WARN  o.apache.kafka.clients.NetworkClient - [Producer clientId=TaskService-producer-1] Connection to node 1 (/192.168.1.14:9092) could not be established. Node may not be available.
2025-06-24 02:30:20 [kafka-producer-network-thread | TaskService-producer-1] INFO  o.apache.kafka.clients.NetworkClient - [Producer clientId=TaskService-producer-1] Node 1 disconnected.
2025-06-24 02:30:20 [kafka-producer-network-thread | TaskService-producer-1] WARN  o.apache.kafka.clients.NetworkClient - [Producer clientId=TaskService-producer-1] Connection to node 1 (/192.168.1.14:9092) could not be established. Node may not be available.
2025-06-24 02:30:21 [kafka-producer-network-thread | TaskService-producer-1] INFO  o.apache.kafka.clients.NetworkClient - [Producer clientId=TaskService-producer-1] Node 1 disconnected.
2025-06-24 02:30:21 [kafka-producer-network-thread | TaskService-producer-1] WARN  o.apache.kafka.clients.NetworkClient - [Producer clientId=TaskService-producer-1] Connection to node 1 (/192.168.1.14:9092) could not be established. Node may not be available.
2025-06-24 02:30:22 [kafka-producer-network-thread | TaskService-producer-1] INFO  o.apache.kafka.clients.NetworkClient - [Producer clientId=TaskService-producer-1] Node 1 disconnected.
2025-06-24 02:30:22 [kafka-producer-network-thread | TaskService-producer-1] WARN  o.apache.kafka.clients.NetworkClient - [Producer clientId=TaskService-producer-1] Connection to node 1 (/192.168.1.14:9092) could not be established. Node may not be available.
2025-06-24 02:30:23 [kafka-producer-network-thread | TaskService-producer-1] INFO  o.apache.kafka.clients.NetworkClient - [Producer clientId=TaskService-producer-1] Node 1 disconnected.
2025-06-24 02:30:23 [kafka-producer-network-thread | TaskService-producer-1] WARN  o.apache.kafka.clients.NetworkClient - [Producer clientId=TaskService-producer-1] Connection to node 1 (/192.168.1.14:9092) could not be established. Node may not be available.
2025-06-24 02:30:24 [kafka-producer-network-thread | TaskService-producer-1] INFO  o.apache.kafka.clients.NetworkClient - [Producer clientId=TaskService-producer-1] Node 1 disconnected.
2025-06-24 02:30:24 [kafka-producer-network-thread | TaskService-producer-1] WARN  o.apache.kafka.clients.NetworkClient - [Producer clientId=TaskService-producer-1] Connection to node 1 (/192.168.1.14:9092) could not be established. Node may not be available.
2025-06-24 02:30:25 [kafka-producer-network-thread | TaskService-producer-1] INFO  o.apache.kafka.clients.NetworkClient - [Producer clientId=TaskService-producer-1] Node 1 disconnected.
2025-06-24 02:30:25 [kafka-producer-network-thread | TaskService-producer-1] WARN  o.apache.kafka.clients.NetworkClient - [Producer clientId=TaskService-producer-1] Connection to node 1 (/192.168.1.14:9092) could not be established. Node may not be available.
2025-06-24 02:30:26 [kafka-producer-network-thread | TaskService-producer-1] INFO  o.apache.kafka.clients.NetworkClient - [Producer clientId=TaskService-producer-1] Node 1 disconnected.
2025-06-24 02:30:26 [kafka-producer-network-thread | TaskService-producer-1] WARN  o.apache.kafka.clients.NetworkClient - [Producer clientId=TaskService-producer-1] Connection to node 1 (/192.168.1.14:9092) could not be established. Node may not be available.
2025-06-24 02:30:27 [kafka-producer-network-thread | TaskService-producer-1] INFO  o.apache.kafka.clients.NetworkClient - [Producer clientId=TaskService-producer-1] Node 1 disconnected.
2025-06-24 02:30:27 [kafka-producer-network-thread | TaskService-producer-1] WARN  o.apache.kafka.clients.NetworkClient - [Producer clientId=TaskService-producer-1] Connection to node 1 (/192.168.1.14:9092) could not be established. Node may not be available.
2025-06-24 02:30:28 [kafka-producer-network-thread | TaskService-producer-1] INFO  o.apache.kafka.clients.NetworkClient - [Producer clientId=TaskService-producer-1] Node 1 disconnected.
2025-06-24 02:30:28 [kafka-producer-network-thread | TaskService-producer-1] WARN  o.apache.kafka.clients.NetworkClient - [Producer clientId=TaskService-producer-1] Connection to node 1 (/192.168.1.14:9092) could not be established. Node may not be available.
2025-06-24 02:30:29 [kafka-producer-network-thread | TaskService-producer-1] INFO  o.apache.kafka.clients.NetworkClient - [Producer clientId=TaskService-producer-1] Node 1 disconnected.
2025-06-24 02:30:29 [kafka-producer-network-thread | TaskService-producer-1] WARN  o.apache.kafka.clients.NetworkClient - [Producer clientId=TaskService-producer-1] Connection to node 1 (/192.168.1.14:9092) could not be established. Node may not be available.
2025-06-24 02:30:30 [kafka-producer-network-thread | TaskService-producer-1] INFO  o.apache.kafka.clients.NetworkClient - [Producer clientId=TaskService-producer-1] Node 1 disconnected.
2025-06-24 02:30:30 [kafka-producer-network-thread | TaskService-producer-1] WARN  o.apache.kafka.clients.NetworkClient - [Producer clientId=TaskService-producer-1] Connection to node 1 (/192.168.1.14:9092) could not be established. Node may not be available.
2025-06-24 02:30:31 [kafka-producer-network-thread | TaskService-producer-1] INFO  o.apache.kafka.clients.NetworkClient - [Producer clientId=TaskService-producer-1] Node 1 disconnected.
2025-06-24 02:30:31 [kafka-producer-network-thread | TaskService-producer-1] WARN  o.apache.kafka.clients.NetworkClient - [Producer clientId=TaskService-producer-1] Connection to node 1 (/192.168.1.14:9092) could not be established. Node may not be available.
2025-06-24 02:30:32 [kafka-producer-network-thread | TaskService-producer-1] INFO  o.apache.kafka.clients.NetworkClient - [Producer clientId=TaskService-producer-1] Node 1 disconnected.
2025-06-24 02:30:32 [kafka-producer-network-thread | TaskService-producer-1] WARN  o.apache.kafka.clients.NetworkClient - [Producer clientId=TaskService-producer-1] Connection to node 1 (/192.168.1.14:9092) could not be established. Node may not be available.
2025-06-24 02:30:33 [kafka-producer-network-thread | TaskService-producer-1] INFO  o.apache.kafka.clients.NetworkClient - [Producer clientId=TaskService-producer-1] Node 1 disconnected.
2025-06-24 02:30:33 [kafka-producer-network-thread | TaskService-producer-1] WARN  o.apache.kafka.clients.NetworkClient - [Producer clientId=TaskService-producer-1] Connection to node 1 (/192.168.1.14:9092) could not be established. Node may not be available.
2025-06-24 02:30:34 [kafka-producer-network-thread | TaskService-producer-1] INFO  o.apache.kafka.clients.NetworkClient - [Producer clientId=TaskService-producer-1] Node 1 disconnected.
2025-06-24 02:30:34 [kafka-producer-network-thread | TaskService-producer-1] WARN  o.apache.kafka.clients.NetworkClient - [Producer clientId=TaskService-producer-1] Connection to node 1 (/192.168.1.14:9092) could not be established. Node may not be available.
2025-06-24 02:30:35 [kafka-producer-network-thread | TaskService-producer-1] INFO  o.apache.kafka.clients.NetworkClient - [Producer clientId=TaskService-producer-1] Node 1 disconnected.
2025-06-24 02:30:35 [kafka-producer-network-thread | TaskService-producer-1] WARN  o.apache.kafka.clients.NetworkClient - [Producer clientId=TaskService-producer-1] Connection to node 1 (/192.168.1.14:9092) could not be established. Node may not be available.
2025-06-24 02:30:36 [kafka-producer-network-thread | TaskService-producer-1] INFO  o.apache.kafka.clients.NetworkClient - [Producer clientId=TaskService-producer-1] Node 1 disconnected.
2025-06-24 02:30:36 [kafka-producer-network-thread | TaskService-producer-1] WARN  o.apache.kafka.clients.NetworkClient - [Producer clientId=TaskService-producer-1] Connection to node 1 (/192.168.1.14:9092) could not be established. Node may not be available.
2025-06-24 02:30:37 [kafka-producer-network-thread | TaskService-producer-1] INFO  o.apache.kafka.clients.NetworkClient - [Producer clientId=TaskService-producer-1] Node 1 disconnected.
2025-06-24 02:30:37 [kafka-producer-network-thread | TaskService-producer-1] WARN  o.apache.kafka.clients.NetworkClient - [Producer clientId=TaskService-producer-1] Connection to node 1 (/192.168.1.14:9092) could not be established. Node may not be available.
2025-06-24 02:30:38 [kafka-producer-network-thread | TaskService-producer-1] INFO  o.apache.kafka.clients.NetworkClient - [Producer clientId=TaskService-producer-1] Node 1 disconnected.
2025-06-24 02:30:38 [kafka-producer-network-thread | TaskService-producer-1] WARN  o.apache.kafka.clients.NetworkClient - [Producer clientId=TaskService-producer-1] Connection to node 1 (/192.168.1.14:9092) could not be established. Node may not be available.
2025-06-24 02:31:09 [kafka-producer-network-thread | TaskService-producer-1] INFO  o.apache.kafka.clients.NetworkClient - [Producer clientId=TaskService-producer-1] Disconnecting from node 1 due to socket connection setup timeout. The timeout value is 30000 ms.
2025-06-24 02:31:39 [kafka-producer-network-thread | TaskService-producer-1] INFO  o.apache.kafka.clients.NetworkClient - [Producer clientId=TaskService-producer-1] Disconnecting from node 1 due to socket connection setup timeout. The timeout value is 29473 ms.
2025-06-24 02:32:00 [kafka-producer-network-thread | TaskService-producer-1] INFO  o.apache.kafka.clients.NetworkClient - [Producer clientId=TaskService-producer-1] Node 1 disconnected.
2025-06-24 02:32:00 [kafka-producer-network-thread | TaskService-producer-1] WARN  o.apache.kafka.clients.NetworkClient - [Producer clientId=TaskService-producer-1] Connection to node 1 (/192.168.1.14:9092) could not be established. Node may not be available.
2025-06-24 02:32:01 [kafka-producer-network-thread | TaskService-producer-1] INFO  o.apache.kafka.clients.NetworkClient - [Producer clientId=TaskService-producer-1] Node 1 disconnected.
2025-06-24 02:32:01 [kafka-producer-network-thread | TaskService-producer-1] WARN  o.apache.kafka.clients.NetworkClient - [Producer clientId=TaskService-producer-1] Connection to node 1 (/192.168.1.14:9092) could not be established. Node may not be available.
2025-06-24 02:32:02 [kafka-producer-network-thread | TaskService-producer-1] INFO  o.apache.kafka.clients.NetworkClient - [Producer clientId=TaskService-producer-1] Node 1 disconnected.
2025-06-24 02:32:02 [kafka-producer-network-thread | TaskService-producer-1] WARN  o.apache.kafka.clients.NetworkClient - [Producer clientId=TaskService-producer-1] Connection to node 1 (/192.168.1.14:9092) could not be established. Node may not be available.
2025-06-24 02:32:03 [kafka-producer-network-thread | TaskService-producer-1] INFO  o.apache.kafka.clients.NetworkClient - [Producer clientId=TaskService-producer-1] Node 1 disconnected.
2025-06-24 02:32:03 [kafka-producer-network-thread | TaskService-producer-1] WARN  o.apache.kafka.clients.NetworkClient - [Producer clientId=TaskService-producer-1] Connection to node 1 (/192.168.1.14:9092) could not be established. Node may not be available.
2025-06-24 02:32:34 [kafka-producer-network-thread | TaskService-producer-1] INFO  o.apache.kafka.clients.NetworkClient - [Producer clientId=TaskService-producer-1] Disconnecting from node 1 due to socket connection setup timeout. The timeout value is 30000 ms.
2025-06-24 02:32:38 [kafka-producer-network-thread | TaskService-producer-1] INFO  o.apache.kafka.clients.NetworkClient - [Producer clientId=TaskService-producer-1] Node 1 disconnected.
2025-06-24 02:32:38 [kafka-producer-network-thread | TaskService-producer-1] WARN  o.apache.kafka.clients.NetworkClient - [Producer clientId=TaskService-producer-1] Connection to node 1 (/192.168.1.14:9092) could not be established. Node may not be available.
2025-06-24 02:32:39 [kafka-producer-network-thread | TaskService-producer-1] INFO  o.apache.kafka.clients.NetworkClient - [Producer clientId=TaskService-producer-1] Node 1 disconnected.
2025-06-24 02:32:39 [kafka-producer-network-thread | TaskService-producer-1] WARN  o.apache.kafka.clients.NetworkClient - [Producer clientId=TaskService-producer-1] Connection to node 1 (/192.168.1.14:9092) could not be established. Node may not be available.
2025-06-24 02:32:40 [kafka-producer-network-thread | TaskService-producer-1] INFO  o.apache.kafka.clients.NetworkClient - [Producer clientId=TaskService-producer-1] Node 1 disconnected.
2025-06-24 02:32:40 [kafka-producer-network-thread | TaskService-producer-1] WARN  o.apache.kafka.clients.NetworkClient - [Producer clientId=TaskService-producer-1] Connection to node 1 (/192.168.1.14:9092) could not be established. Node may not be available.
2025-06-24 02:32:41 [kafka-producer-network-thread | TaskService-producer-1] INFO  o.apache.kafka.clients.NetworkClient - [Producer clientId=TaskService-producer-1] Node 1 disconnected.
2025-06-24 02:32:41 [kafka-producer-network-thread | TaskService-producer-1] WARN  o.apache.kafka.clients.NetworkClient - [Producer clientId=TaskService-producer-1] Connection to node 1 (/192.168.1.14:9092) could not be established. Node may not be available.
2025-06-24 02:32:42 [kafka-producer-network-thread | TaskService-producer-1] INFO  o.apache.kafka.clients.NetworkClient - [Producer clientId=TaskService-producer-1] Node 1 disconnected.
2025-06-24 02:32:42 [kafka-producer-network-thread | TaskService-producer-1] WARN  o.apache.kafka.clients.NetworkClient - [Producer clientId=TaskService-producer-1] Connection to node 1 (/192.168.1.14:9092) could not be established. Node may not be available.
2025-06-24 02:32:43 [kafka-producer-network-thread | TaskService-producer-1] INFO  o.apache.kafka.clients.NetworkClient - [Producer clientId=TaskService-producer-1] Node 1 disconnected.
2025-06-24 02:32:43 [kafka-producer-network-thread | TaskService-producer-1] WARN  o.apache.kafka.clients.NetworkClient - [Producer clientId=TaskService-producer-1] Connection to node 1 (/192.168.1.14:9092) could not be established. Node may not be available.
2025-06-24 02:32:44 [kafka-producer-network-thread | TaskService-producer-1] INFO  o.apache.kafka.clients.NetworkClient - [Producer clientId=TaskService-producer-1] Node 1 disconnected.
2025-06-24 02:32:44 [kafka-producer-network-thread | TaskService-producer-1] WARN  o.apache.kafka.clients.NetworkClient - [Producer clientId=TaskService-producer-1] Connection to node 1 (/192.168.1.14:9092) could not be established. Node may not be available.
2025-06-24 02:32:45 [kafka-producer-network-thread | TaskService-producer-1] INFO  o.apache.kafka.clients.NetworkClient - [Producer clientId=TaskService-producer-1] Node 1 disconnected.
2025-06-24 02:32:45 [kafka-producer-network-thread | TaskService-producer-1] WARN  o.apache.kafka.clients.NetworkClient - [Producer clientId=TaskService-producer-1] Connection to node 1 (/192.168.1.14:9092) could not be established. Node may not be available.
2025-06-24 02:33:06 [kafka-producer-network-thread | TaskService-producer-1] INFO  o.apache.kafka.clients.NetworkClient - [Producer clientId=TaskService-producer-1] Node 1 disconnected.
2025-06-24 02:33:06 [kafka-producer-network-thread | TaskService-producer-1] WARN  o.apache.kafka.clients.NetworkClient - [Producer clientId=TaskService-producer-1] Connection to node 1 (/192.168.1.14:9092) could not be established. Node may not be available.
2025-06-24 02:33:07 [kafka-producer-network-thread | TaskService-producer-1] INFO  o.apache.kafka.clients.NetworkClient - [Producer clientId=TaskService-producer-1] Node 1 disconnected.
2025-06-24 02:33:07 [kafka-producer-network-thread | TaskService-producer-1] WARN  o.apache.kafka.clients.NetworkClient - [Producer clientId=TaskService-producer-1] Connection to node 1 (/192.168.1.14:9092) could not be established. Node may not be available.
2025-06-24 02:33:08 [kafka-producer-network-thread | TaskService-producer-1] INFO  o.apache.kafka.clients.NetworkClient - [Producer clientId=TaskService-producer-1] Node 1 disconnected.
2025-06-24 02:33:08 [kafka-producer-network-thread | TaskService-producer-1] WARN  o.apache.kafka.clients.NetworkClient - [Producer clientId=TaskService-producer-1] Connection to node 1 (/192.168.1.14:9092) could not be established. Node may not be available.
2025-06-24 02:33:09 [kafka-producer-network-thread | TaskService-producer-1] INFO  o.apache.kafka.clients.NetworkClient - [Producer clientId=TaskService-producer-1] Node 1 disconnected.
2025-06-24 02:33:09 [kafka-producer-network-thread | TaskService-producer-1] WARN  o.apache.kafka.clients.NetworkClient - [Producer clientId=TaskService-producer-1] Connection to node 1 (/192.168.1.14:9092) could not be established. Node may not be available.
2025-06-24 02:33:10 [kafka-producer-network-thread | TaskService-producer-1] INFO  o.apache.kafka.clients.NetworkClient - [Producer clientId=TaskService-producer-1] Node 1 disconnected.
2025-06-24 02:33:10 [kafka-producer-network-thread | TaskService-producer-1] WARN  o.apache.kafka.clients.NetworkClient - [Producer clientId=TaskService-producer-1] Connection to node 1 (/192.168.1.14:9092) could not be established. Node may not be available.
2025-06-24 02:33:11 [kafka-producer-network-thread | TaskService-producer-1] INFO  o.apache.kafka.clients.NetworkClient - [Producer clientId=TaskService-producer-1] Node 1 disconnected.
2025-06-24 02:33:11 [kafka-producer-network-thread | TaskService-producer-1] WARN  o.apache.kafka.clients.NetworkClient - [Producer clientId=TaskService-producer-1] Connection to node 1 (/192.168.1.14:9092) could not be established. Node may not be available.
2025-06-24 02:33:12 [kafka-producer-network-thread | TaskService-producer-1] INFO  o.apache.kafka.clients.NetworkClient - [Producer clientId=TaskService-producer-1] Node 1 disconnected.
2025-06-24 02:33:12 [kafka-producer-network-thread | TaskService-producer-1] WARN  o.apache.kafka.clients.NetworkClient - [Producer clientId=TaskService-producer-1] Connection to node 1 (/192.168.1.14:9092) could not be established. Node may not be available.
2025-06-24 02:33:13 [kafka-producer-network-thread | TaskService-producer-1] INFO  o.apache.kafka.clients.NetworkClient - [Producer clientId=TaskService-producer-1] Node 1 disconnected.
2025-06-24 02:33:13 [kafka-producer-network-thread | TaskService-producer-1] WARN  o.apache.kafka.clients.NetworkClient - [Producer clientId=TaskService-producer-1] Connection to node 1 (/192.168.1.14:9092) could not be established. Node may not be available.
2025-06-24 02:33:43 [kafka-producer-network-thread | TaskService-producer-1] INFO  o.apache.kafka.clients.NetworkClient - [Producer clientId=TaskService-producer-1] Disconnecting from node 1 due to socket connection setup timeout. The timeout value is 29128 ms.
2025-06-24 02:33:50 [kafka-producer-network-thread | TaskService-producer-1] INFO  o.apache.kafka.clients.NetworkClient - [Producer clientId=TaskService-producer-1] Node 1 disconnected.
2025-06-24 02:33:50 [kafka-producer-network-thread | TaskService-producer-1] WARN  o.apache.kafka.clients.NetworkClient - [Producer clientId=TaskService-producer-1] Connection to node 1 (/192.168.1.14:9092) could not be established. Node may not be available.
2025-06-24 02:33:51 [kafka-producer-network-thread | TaskService-producer-1] INFO  o.apache.kafka.clients.NetworkClient - [Producer clientId=TaskService-producer-1] Node 1 disconnected.
2025-06-24 02:33:51 [kafka-producer-network-thread | TaskService-producer-1] WARN  o.apache.kafka.clients.NetworkClient - [Producer clientId=TaskService-producer-1] Connection to node 1 (/192.168.1.14:9092) could not be established. Node may not be available.
2025-06-24 02:33:52 [kafka-producer-network-thread | TaskService-producer-1] INFO  o.apache.kafka.clients.NetworkClient - [Producer clientId=TaskService-producer-1] Node 1 disconnected.
2025-06-24 02:33:52 [kafka-producer-network-thread | TaskService-producer-1] WARN  o.apache.kafka.clients.NetworkClient - [Producer clientId=TaskService-producer-1] Connection to node 1 (/192.168.1.14:9092) could not be established. Node may not be available.
2025-06-24 02:33:53 [kafka-producer-network-thread | TaskService-producer-1] INFO  o.apache.kafka.clients.NetworkClient - [Producer clientId=TaskService-producer-1] Node 1 disconnected.
2025-06-24 02:33:53 [kafka-producer-network-thread | TaskService-producer-1] WARN  o.apache.kafka.clients.NetworkClient - [Producer clientId=TaskService-producer-1] Connection to node 1 (/192.168.1.14:9092) could not be established. Node may not be available.
2025-06-24 02:33:54 [kafka-producer-network-thread | TaskService-producer-1] INFO  o.apache.kafka.clients.NetworkClient - [Producer clientId=TaskService-producer-1] Node 1 disconnected.
2025-06-24 02:33:54 [kafka-producer-network-thread | TaskService-producer-1] WARN  o.apache.kafka.clients.NetworkClient - [Producer clientId=TaskService-producer-1] Connection to node 1 (/192.168.1.14:9092) could not be established. Node may not be available.
2025-06-24 02:33:55 [kafka-producer-network-thread | TaskService-producer-1] INFO  o.apache.kafka.clients.NetworkClient - [Producer clientId=TaskService-producer-1] Node 1 disconnected.
2025-06-24 02:33:55 [kafka-producer-network-thread | TaskService-producer-1] WARN  o.apache.kafka.clients.NetworkClient - [Producer clientId=TaskService-producer-1] Connection to node 1 (/192.168.1.14:9092) could not be established. Node may not be available.
2025-06-24 02:33:56 [kafka-producer-network-thread | TaskService-producer-1] INFO  o.apache.kafka.clients.NetworkClient - [Producer clientId=TaskService-producer-1] Node 1 disconnected.
2025-06-24 02:33:56 [kafka-producer-network-thread | TaskService-producer-1] WARN  o.apache.kafka.clients.NetworkClient - [Producer clientId=TaskService-producer-1] Connection to node 1 (/192.168.1.14:9092) could not be established. Node may not be available.
2025-06-24 02:34:27 [kafka-producer-network-thread | TaskService-producer-1] INFO  o.apache.kafka.clients.NetworkClient - [Producer clientId=TaskService-producer-1] Disconnecting from node 1 due to socket connection setup timeout. The timeout value is 30000 ms.
2025-06-24 02:34:55 [kafka-producer-network-thread | TaskService-producer-1] INFO  o.apache.kafka.clients.NetworkClient - [Producer clientId=TaskService-producer-1] Disconnecting from node 1 due to socket connection setup timeout. The timeout value is 27391 ms.
2025-06-24 02:35:23 [kafka-producer-network-thread | TaskService-producer-1] INFO  o.apache.kafka.clients.NetworkClient - [Producer clientId=TaskService-producer-1] Disconnecting from node 1 due to socket connection setup timeout. The timeout value is 26810 ms.
2025-06-24 02:35:48 [kafka-producer-network-thread | TaskService-producer-1] INFO  o.apache.kafka.clients.NetworkClient - [Producer clientId=TaskService-producer-1] Disconnecting from node 1 due to socket connection setup timeout. The timeout value is 24124 ms.
2025-06-24 02:36:19 [kafka-producer-network-thread | TaskService-producer-1] INFO  o.apache.kafka.clients.NetworkClient - [Producer clientId=TaskService-producer-1] Disconnecting from node 1 due to socket connection setup timeout. The timeout value is 30000 ms.
2025-06-24 02:36:50 [kafka-producer-network-thread | TaskService-producer-1] INFO  o.apache.kafka.clients.NetworkClient - [Producer clientId=TaskService-producer-1] Disconnecting from node 1 due to socket connection setup timeout. The timeout value is 30000 ms.
2025-06-24 02:37:21 [kafka-producer-network-thread | TaskService-producer-1] INFO  o.apache.kafka.clients.NetworkClient - [Producer clientId=TaskService-producer-1] Disconnecting from node 1 due to socket connection setup timeout. The timeout value is 30000 ms.
2025-06-24 02:37:47 [kafka-producer-network-thread | TaskService-producer-1] INFO  o.apache.kafka.clients.NetworkClient - [Producer clientId=TaskService-producer-1] Disconnecting from node 1 due to socket connection setup timeout. The timeout value is 25353 ms.
2025-06-24 02:38:17 [kafka-producer-network-thread | TaskService-producer-1] INFO  o.apache.kafka.clients.NetworkClient - [Producer clientId=TaskService-producer-1] Disconnecting from node 1 due to socket connection setup timeout. The timeout value is 28629 ms.
2025-06-24 02:38:48 [kafka-producer-network-thread | TaskService-producer-1] INFO  o.apache.kafka.clients.NetworkClient - [Producer clientId=TaskService-producer-1] Disconnecting from node 1 due to socket connection setup timeout. The timeout value is 30000 ms.
2025-06-24 02:39:08 [kafka-producer-network-thread | TaskService-producer-1] INFO  o.apache.kafka.clients.NetworkClient - [Producer clientId=TaskService-producer-1] Node 1 disconnected.
2025-06-24 02:39:08 [kafka-producer-network-thread | TaskService-producer-1] WARN  o.apache.kafka.clients.NetworkClient - [Producer clientId=TaskService-producer-1] Connection to node 1 (/192.168.1.14:9092) could not be established. Node may not be available.
2025-06-24 02:39:09 [kafka-producer-network-thread | TaskService-producer-1] INFO  o.apache.kafka.clients.NetworkClient - [Producer clientId=TaskService-producer-1] Node 1 disconnected.
2025-06-24 02:39:09 [kafka-producer-network-thread | TaskService-producer-1] WARN  o.apache.kafka.clients.NetworkClient - [Producer clientId=TaskService-producer-1] Connection to node 1 (/192.168.1.14:9092) could not be established. Node may not be available.
2025-06-24 02:39:39 [kafka-producer-network-thread | TaskService-producer-1] INFO  o.apache.kafka.clients.NetworkClient - [Producer clientId=TaskService-producer-1] Disconnecting from node 1 due to socket connection setup timeout. The timeout value is 29588 ms.
2025-06-24 02:40:09 [kafka-producer-network-thread | TaskService-producer-1] INFO  o.apache.kafka.clients.NetworkClient - [Producer clientId=TaskService-producer-1] Disconnecting from node 1 due to socket connection setup timeout. The timeout value is 28137 ms.
2025-06-24 02:40:40 [kafka-producer-network-thread | TaskService-producer-1] INFO  o.apache.kafka.clients.NetworkClient - [Producer clientId=TaskService-producer-1] Disconnecting from node 1 due to socket connection setup timeout. The timeout value is 30000 ms.
2025-06-24 02:41:07 [kafka-producer-network-thread | TaskService-producer-1] INFO  o.apache.kafka.clients.NetworkClient - [Producer clientId=TaskService-producer-1] Disconnecting from node 1 due to socket connection setup timeout. The timeout value is 25962 ms.
2025-06-24 02:41:37 [kafka-producer-network-thread | TaskService-producer-1] INFO  o.apache.kafka.clients.NetworkClient - [Producer clientId=TaskService-producer-1] Disconnecting from node 1 due to socket connection setup timeout. The timeout value is 30000 ms.
2025-06-24 02:42:08 [kafka-producer-network-thread | TaskService-producer-1] INFO  o.apache.kafka.clients.NetworkClient - [Producer clientId=TaskService-producer-1] Disconnecting from node 1 due to socket connection setup timeout. The timeout value is 30000 ms.
2025-06-24 02:42:40 [kafka-producer-network-thread | TaskService-producer-1] INFO  o.apache.kafka.clients.NetworkClient - [Producer clientId=TaskService-producer-1] Disconnecting from node 1 due to socket connection setup timeout. The timeout value is 30000 ms.
2025-06-24 02:43:08 [kafka-producer-network-thread | TaskService-producer-1] INFO  o.apache.kafka.clients.NetworkClient - [Producer clientId=TaskService-producer-1] Disconnecting from node 1 due to socket connection setup timeout. The timeout value is 27903 ms.
2025-06-24 02:43:34 [kafka-producer-network-thread | TaskService-producer-1] INFO  o.apache.kafka.clients.NetworkClient - [Producer clientId=TaskService-producer-1] Disconnecting from node 1 due to socket connection setup timeout. The timeout value is 24360 ms.
2025-06-24 02:44:05 [kafka-producer-network-thread | TaskService-producer-1] INFO  o.apache.kafka.clients.NetworkClient - [Producer clientId=TaskService-producer-1] Disconnecting from node 1 due to socket connection setup timeout. The timeout value is 30000 ms.
2025-06-24 02:44:36 [kafka-producer-network-thread | TaskService-producer-1] INFO  o.apache.kafka.clients.NetworkClient - [Producer clientId=TaskService-producer-1] Disconnecting from node 1 due to socket connection setup timeout. The timeout value is 30000 ms.
2025-06-24 02:45:04 [kafka-producer-network-thread | TaskService-producer-1] INFO  o.apache.kafka.clients.NetworkClient - [Producer clientId=TaskService-producer-1] Disconnecting from node 1 due to socket connection setup timeout. The timeout value is 27023 ms.
2025-06-24 02:45:06 [kafka-producer-network-thread | TaskService-producer-1] INFO  o.apache.kafka.clients.NetworkClient - [Producer clientId=TaskService-producer-1] Node 1 disconnected.
2025-06-24 02:45:06 [kafka-producer-network-thread | TaskService-producer-1] WARN  o.apache.kafka.clients.NetworkClient - [Producer clientId=TaskService-producer-1] Connection to node 1 (/192.168.1.14:9092) could not be established. Node may not be available.
2025-06-24 02:45:07 [kafka-producer-network-thread | TaskService-producer-1] INFO  o.apache.kafka.clients.NetworkClient - [Producer clientId=TaskService-producer-1] Node 1 disconnected.
2025-06-24 02:45:07 [kafka-producer-network-thread | TaskService-producer-1] WARN  o.apache.kafka.clients.NetworkClient - [Producer clientId=TaskService-producer-1] Connection to node 1 (/192.168.1.14:9092) could not be established. Node may not be available.
2025-06-24 02:45:08 [kafka-producer-network-thread | TaskService-producer-1] INFO  o.apache.kafka.clients.NetworkClient - [Producer clientId=TaskService-producer-1] Node 1 disconnected.
2025-06-24 02:45:08 [kafka-producer-network-thread | TaskService-producer-1] WARN  o.apache.kafka.clients.NetworkClient - [Producer clientId=TaskService-producer-1] Connection to node 1 (/192.168.1.14:9092) could not be established. Node may not be available.
2025-06-24 02:45:09 [kafka-producer-network-thread | TaskService-producer-1] INFO  o.apache.kafka.clients.NetworkClient - [Producer clientId=TaskService-producer-1] Node 1 disconnected.
2025-06-24 02:45:09 [kafka-producer-network-thread | TaskService-producer-1] WARN  o.apache.kafka.clients.NetworkClient - [Producer clientId=TaskService-producer-1] Connection to node 1 (/192.168.1.14:9092) could not be established. Node may not be available.
2025-06-24 02:45:10 [kafka-producer-network-thread | TaskService-producer-1] INFO  o.apache.kafka.clients.NetworkClient - [Producer clientId=TaskService-producer-1] Node 1 disconnected.
2025-06-24 02:45:10 [kafka-producer-network-thread | TaskService-producer-1] WARN  o.apache.kafka.clients.NetworkClient - [Producer clientId=TaskService-producer-1] Connection to node 1 (/192.168.1.14:9092) could not be established. Node may not be available.
2025-06-24 02:45:11 [kafka-producer-network-thread | TaskService-producer-1] INFO  o.apache.kafka.clients.NetworkClient - [Producer clientId=TaskService-producer-1] Node 1 disconnected.
2025-06-24 02:45:11 [kafka-producer-network-thread | TaskService-producer-1] WARN  o.apache.kafka.clients.NetworkClient - [Producer clientId=TaskService-producer-1] Connection to node 1 (/192.168.1.14:9092) could not be established. Node may not be available.
2025-06-24 02:45:12 [kafka-producer-network-thread | TaskService-producer-1] INFO  o.apache.kafka.clients.NetworkClient - [Producer clientId=TaskService-producer-1] Node 1 disconnected.
2025-06-24 02:45:12 [kafka-producer-network-thread | TaskService-producer-1] WARN  o.apache.kafka.clients.NetworkClient - [Producer clientId=TaskService-producer-1] Connection to node 1 (/192.168.1.14:9092) could not be established. Node may not be available.
2025-06-24 02:45:14 [kafka-producer-network-thread | TaskService-producer-1] INFO  o.apache.kafka.clients.NetworkClient - [Producer clientId=TaskService-producer-1] Node 1 disconnected.
2025-06-24 02:45:14 [kafka-producer-network-thread | TaskService-producer-1] WARN  o.apache.kafka.clients.NetworkClient - [Producer clientId=TaskService-producer-1] Connection to node 1 (/192.168.1.14:9092) could not be established. Node may not be available.
2025-06-24 02:45:15 [kafka-producer-network-thread | TaskService-producer-1] INFO  o.apache.kafka.clients.NetworkClient - [Producer clientId=TaskService-producer-1] Node 1 disconnected.
2025-06-24 02:45:15 [kafka-producer-network-thread | TaskService-producer-1] WARN  o.apache.kafka.clients.NetworkClient - [Producer clientId=TaskService-producer-1] Connection to node 1 (/192.168.1.14:9092) could not be established. Node may not be available.
2025-06-24 02:45:16 [kafka-producer-network-thread | TaskService-producer-1] INFO  o.apache.kafka.clients.NetworkClient - [Producer clientId=TaskService-producer-1] Node 1 disconnected.
2025-06-24 02:45:16 [kafka-producer-network-thread | TaskService-producer-1] WARN  o.apache.kafka.clients.NetworkClient - [Producer clientId=TaskService-producer-1] Connection to node 1 (/192.168.1.14:9092) could not be established. Node may not be available.
2025-06-24 02:45:17 [kafka-producer-network-thread | TaskService-producer-1] INFO  o.apache.kafka.clients.NetworkClient - [Producer clientId=TaskService-producer-1] Node 1 disconnected.
2025-06-24 02:45:17 [kafka-producer-network-thread | TaskService-producer-1] WARN  o.apache.kafka.clients.NetworkClient - [Producer clientId=TaskService-producer-1] Connection to node 1 (/192.168.1.14:9092) could not be established. Node may not be available.
2025-06-24 02:45:18 [kafka-producer-network-thread | TaskService-producer-1] INFO  o.apache.kafka.clients.NetworkClient - [Producer clientId=TaskService-producer-1] Node 1 disconnected.
2025-06-24 02:45:18 [kafka-producer-network-thread | TaskService-producer-1] WARN  o.apache.kafka.clients.NetworkClient - [Producer clientId=TaskService-producer-1] Connection to node 1 (/192.168.1.14:9092) could not be established. Node may not be available.
2025-06-24 02:45:19 [kafka-producer-network-thread | TaskService-producer-1] INFO  o.apache.kafka.clients.NetworkClient - [Producer clientId=TaskService-producer-1] Node 1 disconnected.
2025-06-24 02:45:19 [kafka-producer-network-thread | TaskService-producer-1] WARN  o.apache.kafka.clients.NetworkClient - [Producer clientId=TaskService-producer-1] Connection to node 1 (/192.168.1.14:9092) could not be established. Node may not be available.
2025-06-24 02:45:20 [kafka-producer-network-thread | TaskService-producer-1] INFO  o.apache.kafka.clients.NetworkClient - [Producer clientId=TaskService-producer-1] Node 1 disconnected.
2025-06-24 02:45:20 [kafka-producer-network-thread | TaskService-producer-1] WARN  o.apache.kafka.clients.NetworkClient - [Producer clientId=TaskService-producer-1] Connection to node 1 (/192.168.1.14:9092) could not be established. Node may not be available.
2025-06-24 02:45:21 [kafka-producer-network-thread | TaskService-producer-1] INFO  o.apache.kafka.clients.NetworkClient - [Producer clientId=TaskService-producer-1] Node 1 disconnected.
2025-06-24 02:45:21 [kafka-producer-network-thread | TaskService-producer-1] WARN  o.apache.kafka.clients.NetworkClient - [Producer clientId=TaskService-producer-1] Connection to node 1 (/192.168.1.14:9092) could not be established. Node may not be available.
2025-06-24 02:45:22 [kafka-producer-network-thread | TaskService-producer-1] INFO  o.apache.kafka.clients.NetworkClient - [Producer clientId=TaskService-producer-1] Node 1 disconnected.
2025-06-24 02:45:22 [kafka-producer-network-thread | TaskService-producer-1] WARN  o.apache.kafka.clients.NetworkClient - [Producer clientId=TaskService-producer-1] Connection to node 1 (/192.168.1.14:9092) could not be established. Node may not be available.
2025-06-24 02:45:23 [kafka-producer-network-thread | TaskService-producer-1] INFO  o.apache.kafka.clients.NetworkClient - [Producer clientId=TaskService-producer-1] Node 1 disconnected.
2025-06-24 02:45:23 [kafka-producer-network-thread | TaskService-producer-1] WARN  o.apache.kafka.clients.NetworkClient - [Producer clientId=TaskService-producer-1] Connection to node 1 (/192.168.1.14:9092) could not be established. Node may not be available.
2025-06-24 02:45:24 [kafka-producer-network-thread | TaskService-producer-1] INFO  o.apache.kafka.clients.NetworkClient - [Producer clientId=TaskService-producer-1] Node 1 disconnected.
2025-06-24 02:45:24 [kafka-producer-network-thread | TaskService-producer-1] WARN  o.apache.kafka.clients.NetworkClient - [Producer clientId=TaskService-producer-1] Connection to node 1 (/192.168.1.14:9092) could not be established. Node may not be available.
2025-06-24 02:45:25 [kafka-producer-network-thread | TaskService-producer-1] INFO  o.apache.kafka.clients.NetworkClient - [Producer clientId=TaskService-producer-1] Node 1 disconnected.
2025-06-24 02:45:25 [kafka-producer-network-thread | TaskService-producer-1] WARN  o.apache.kafka.clients.NetworkClient - [Producer clientId=TaskService-producer-1] Connection to node 1 (/192.168.1.14:9092) could not be established. Node may not be available.
2025-06-24 02:45:26 [kafka-producer-network-thread | TaskService-producer-1] INFO  o.apache.kafka.clients.NetworkClient - [Producer clientId=TaskService-producer-1] Node 1 disconnected.
2025-06-24 02:45:26 [kafka-producer-network-thread | TaskService-producer-1] WARN  o.apache.kafka.clients.NetworkClient - [Producer clientId=TaskService-producer-1] Connection to node 1 (/192.168.1.14:9092) could not be established. Node may not be available.
2025-06-24 02:45:27 [kafka-producer-network-thread | TaskService-producer-1] INFO  o.apache.kafka.clients.NetworkClient - [Producer clientId=TaskService-producer-1] Node 1 disconnected.
2025-06-24 02:45:27 [kafka-producer-network-thread | TaskService-producer-1] WARN  o.apache.kafka.clients.NetworkClient - [Producer clientId=TaskService-producer-1] Connection to node 1 (/192.168.1.14:9092) could not be established. Node may not be available.
2025-06-24 02:45:28 [kafka-producer-network-thread | TaskService-producer-1] INFO  o.apache.kafka.clients.NetworkClient - [Producer clientId=TaskService-producer-1] Node 1 disconnected.
2025-06-24 02:45:28 [kafka-producer-network-thread | TaskService-producer-1] WARN  o.apache.kafka.clients.NetworkClient - [Producer clientId=TaskService-producer-1] Connection to node 1 (/192.168.1.14:9092) could not be established. Node may not be available.
2025-06-24 02:45:29 [kafka-producer-network-thread | TaskService-producer-1] INFO  o.apache.kafka.clients.NetworkClient - [Producer clientId=TaskService-producer-1] Node 1 disconnected.
2025-06-24 02:45:29 [kafka-producer-network-thread | TaskService-producer-1] WARN  o.apache.kafka.clients.NetworkClient - [Producer clientId=TaskService-producer-1] Connection to node 1 (/192.168.1.14:9092) could not be established. Node may not be available.
2025-06-24 02:45:30 [kafka-producer-network-thread | TaskService-producer-1] INFO  o.apache.kafka.clients.NetworkClient - [Producer clientId=TaskService-producer-1] Node 1 disconnected.
2025-06-24 02:45:30 [kafka-producer-network-thread | TaskService-producer-1] WARN  o.apache.kafka.clients.NetworkClient - [Producer clientId=TaskService-producer-1] Connection to node 1 (/192.168.1.14:9092) could not be established. Node may not be available.
2025-06-24 02:45:31 [kafka-producer-network-thread | TaskService-producer-1] INFO  o.apache.kafka.clients.NetworkClient - [Producer clientId=TaskService-producer-1] Node 1 disconnected.
2025-06-24 02:45:31 [kafka-producer-network-thread | TaskService-producer-1] WARN  o.apache.kafka.clients.NetworkClient - [Producer clientId=TaskService-producer-1] Connection to node 1 (/192.168.1.14:9092) could not be established. Node may not be available.
2025-06-24 02:45:32 [kafka-producer-network-thread | TaskService-producer-1] INFO  o.apache.kafka.clients.NetworkClient - [Producer clientId=TaskService-producer-1] Node 1 disconnected.
2025-06-24 02:45:32 [kafka-producer-network-thread | TaskService-producer-1] WARN  o.apache.kafka.clients.NetworkClient - [Producer clientId=TaskService-producer-1] Connection to node 1 (/192.168.1.14:9092) could not be established. Node may not be available.
2025-06-24 02:45:33 [kafka-producer-network-thread | TaskService-producer-1] INFO  o.apache.kafka.clients.NetworkClient - [Producer clientId=TaskService-producer-1] Node 1 disconnected.
2025-06-24 02:45:33 [kafka-producer-network-thread | TaskService-producer-1] WARN  o.apache.kafka.clients.NetworkClient - [Producer clientId=TaskService-producer-1] Connection to node 1 (/192.168.1.14:9092) could not be established. Node may not be available.
2025-06-24 02:45:34 [kafka-producer-network-thread | TaskService-producer-1] INFO  o.apache.kafka.clients.NetworkClient - [Producer clientId=TaskService-producer-1] Node 1 disconnected.
2025-06-24 02:45:34 [kafka-producer-network-thread | TaskService-producer-1] WARN  o.apache.kafka.clients.NetworkClient - [Producer clientId=TaskService-producer-1] Connection to node 1 (/192.168.1.14:9092) could not be established. Node may not be available.
2025-06-24 02:45:35 [kafka-producer-network-thread | TaskService-producer-1] INFO  o.apache.kafka.clients.NetworkClient - [Producer clientId=TaskService-producer-1] Node 1 disconnected.
2025-06-24 02:45:35 [kafka-producer-network-thread | TaskService-producer-1] WARN  o.apache.kafka.clients.NetworkClient - [Producer clientId=TaskService-producer-1] Connection to node 1 (/192.168.1.14:9092) could not be established. Node may not be available.
2025-06-24 02:45:36 [kafka-producer-network-thread | TaskService-producer-1] INFO  o.apache.kafka.clients.NetworkClient - [Producer clientId=TaskService-producer-1] Node 1 disconnected.
2025-06-24 02:45:36 [kafka-producer-network-thread | TaskService-producer-1] WARN  o.apache.kafka.clients.NetworkClient - [Producer clientId=TaskService-producer-1] Connection to node 1 (/192.168.1.14:9092) could not be established. Node may not be available.
2025-06-24 02:45:37 [kafka-producer-network-thread | TaskService-producer-1] INFO  o.apache.kafka.clients.NetworkClient - [Producer clientId=TaskService-producer-1] Node 1 disconnected.
2025-06-24 02:45:37 [kafka-producer-network-thread | TaskService-producer-1] WARN  o.apache.kafka.clients.NetworkClient - [Producer clientId=TaskService-producer-1] Connection to node 1 (/192.168.1.14:9092) could not be established. Node may not be available.
2025-06-24 02:45:38 [kafka-producer-network-thread | TaskService-producer-1] INFO  o.apache.kafka.clients.NetworkClient - [Producer clientId=TaskService-producer-1] Node 1 disconnected.
2025-06-24 02:45:38 [kafka-producer-network-thread | TaskService-producer-1] WARN  o.apache.kafka.clients.NetworkClient - [Producer clientId=TaskService-producer-1] Connection to node 1 (/192.168.1.14:9092) could not be established. Node may not be available.
2025-06-24 02:45:39 [kafka-producer-network-thread | TaskService-producer-1] INFO  o.apache.kafka.clients.NetworkClient - [Producer clientId=TaskService-producer-1] Node 1 disconnected.
2025-06-24 02:45:39 [kafka-producer-network-thread | TaskService-producer-1] WARN  o.apache.kafka.clients.NetworkClient - [Producer clientId=TaskService-producer-1] Connection to node 1 (/192.168.1.14:9092) could not be established. Node may not be available.
2025-06-24 02:46:07 [kafka-producer-network-thread | TaskService-producer-1] INFO  o.apache.kafka.clients.NetworkClient - [Producer clientId=TaskService-producer-1] Disconnecting from node 1 due to socket connection setup timeout. The timeout value is 26247 ms.
2025-06-24 02:46:38 [kafka-producer-network-thread | TaskService-producer-1] INFO  o.apache.kafka.clients.NetworkClient - [Producer clientId=TaskService-producer-1] Disconnecting from node 1 due to socket connection setup timeout. The timeout value is 30000 ms.
2025-06-24 02:47:03 [kafka-producer-network-thread | TaskService-producer-1] INFO  o.apache.kafka.clients.NetworkClient - [Producer clientId=TaskService-producer-1] Disconnecting from node 1 due to socket connection setup timeout. The timeout value is 24763 ms.
2025-06-24 02:47:30 [kafka-producer-network-thread | TaskService-producer-1] INFO  o.apache.kafka.clients.NetworkClient - [Producer clientId=TaskService-producer-1] Disconnecting from node 1 due to socket connection setup timeout. The timeout value is 26115 ms.
2025-06-24 02:48:01 [kafka-producer-network-thread | TaskService-producer-1] INFO  o.apache.kafka.clients.NetworkClient - [Producer clientId=TaskService-producer-1] Disconnecting from node 1 due to socket connection setup timeout. The timeout value is 30000 ms.
2025-06-24 02:48:28 [kafka-producer-network-thread | TaskService-producer-1] INFO  o.apache.kafka.clients.NetworkClient - [Producer clientId=TaskService-producer-1] Disconnecting from node 1 due to socket connection setup timeout. The timeout value is 25516 ms.
2025-06-24 02:48:59 [kafka-producer-network-thread | TaskService-producer-1] INFO  o.apache.kafka.clients.NetworkClient - [Producer clientId=TaskService-producer-1] Disconnecting from node 1 due to socket connection setup timeout. The timeout value is 30000 ms.
2025-06-24 02:49:30 [kafka-producer-network-thread | TaskService-producer-1] INFO  o.apache.kafka.clients.NetworkClient - [Producer clientId=TaskService-producer-1] Disconnecting from node 1 due to socket connection setup timeout. The timeout value is 30000 ms.
2025-06-24 02:49:55 [kafka-producer-network-thread | TaskService-producer-1] INFO  o.apache.kafka.clients.NetworkClient - [Producer clientId=TaskService-producer-1] Disconnecting from node 1 due to socket connection setup timeout. The timeout value is 24298 ms.
2025-06-24 02:50:04 [kafka-producer-network-thread | TaskService-producer-1] INFO  o.apache.kafka.clients.NetworkClient - [Producer clientId=TaskService-producer-1] Node 1 disconnected.
2025-06-24 02:50:04 [kafka-producer-network-thread | TaskService-producer-1] WARN  o.apache.kafka.clients.NetworkClient - [Producer clientId=TaskService-producer-1] Connection to node 1 (/192.168.1.14:9092) could not be established. Node may not be available.
2025-06-24 02:50:05 [kafka-producer-network-thread | TaskService-producer-1] INFO  o.apache.kafka.clients.NetworkClient - [Producer clientId=TaskService-producer-1] Node 1 disconnected.
2025-06-24 02:50:05 [kafka-producer-network-thread | TaskService-producer-1] WARN  o.apache.kafka.clients.NetworkClient - [Producer clientId=TaskService-producer-1] Connection to node 1 (/192.168.1.14:9092) could not be established. Node may not be available.
2025-06-24 02:50:06 [kafka-producer-network-thread | TaskService-producer-1] INFO  o.apache.kafka.clients.NetworkClient - [Producer clientId=TaskService-producer-1] Node 1 disconnected.
2025-06-24 02:50:06 [kafka-producer-network-thread | TaskService-producer-1] WARN  o.apache.kafka.clients.NetworkClient - [Producer clientId=TaskService-producer-1] Connection to node 1 (/192.168.1.14:9092) could not be established. Node may not be available.
2025-06-24 02:50:07 [kafka-producer-network-thread | TaskService-producer-1] INFO  o.apache.kafka.clients.NetworkClient - [Producer clientId=TaskService-producer-1] Node 1 disconnected.
2025-06-24 02:50:07 [kafka-producer-network-thread | TaskService-producer-1] WARN  o.apache.kafka.clients.NetworkClient - [Producer clientId=TaskService-producer-1] Connection to node 1 (/192.168.1.14:9092) could not be established. Node may not be available.
2025-06-24 02:50:08 [kafka-producer-network-thread | TaskService-producer-1] INFO  o.apache.kafka.clients.NetworkClient - [Producer clientId=TaskService-producer-1] Node 1 disconnected.
2025-06-24 02:50:08 [kafka-producer-network-thread | TaskService-producer-1] WARN  o.apache.kafka.clients.NetworkClient - [Producer clientId=TaskService-producer-1] Connection to node 1 (/192.168.1.14:9092) could not be established. Node may not be available.
2025-06-24 02:50:09 [kafka-producer-network-thread | TaskService-producer-1] INFO  o.apache.kafka.clients.NetworkClient - [Producer clientId=TaskService-producer-1] Node 1 disconnected.
2025-06-24 02:50:09 [kafka-producer-network-thread | TaskService-producer-1] WARN  o.apache.kafka.clients.NetworkClient - [Producer clientId=TaskService-producer-1] Connection to node 1 (/192.168.1.14:9092) could not be established. Node may not be available.
2025-06-24 02:50:10 [kafka-producer-network-thread | TaskService-producer-1] INFO  o.apache.kafka.clients.NetworkClient - [Producer clientId=TaskService-producer-1] Node 1 disconnected.
2025-06-24 02:50:10 [kafka-producer-network-thread | TaskService-producer-1] WARN  o.apache.kafka.clients.NetworkClient - [Producer clientId=TaskService-producer-1] Connection to node 1 (/192.168.1.14:9092) could not be established. Node may not be available.
2025-06-24 02:50:11 [kafka-producer-network-thread | TaskService-producer-1] INFO  o.apache.kafka.clients.NetworkClient - [Producer clientId=TaskService-producer-1] Node 1 disconnected.
2025-06-24 02:50:11 [kafka-producer-network-thread | TaskService-producer-1] WARN  o.apache.kafka.clients.NetworkClient - [Producer clientId=TaskService-producer-1] Connection to node 1 (/192.168.1.14:9092) could not be established. Node may not be available.
2025-06-24 02:50:12 [kafka-producer-network-thread | TaskService-producer-1] INFO  o.apache.kafka.clients.NetworkClient - [Producer clientId=TaskService-producer-1] Node 1 disconnected.
2025-06-24 02:50:12 [kafka-producer-network-thread | TaskService-producer-1] WARN  o.apache.kafka.clients.NetworkClient - [Producer clientId=TaskService-producer-1] Connection to node 1 (/192.168.1.14:9092) could not be established. Node may not be available.
2025-06-24 02:50:13 [kafka-producer-network-thread | TaskService-producer-1] INFO  o.apache.kafka.clients.NetworkClient - [Producer clientId=TaskService-producer-1] Node 1 disconnected.
2025-06-24 02:50:13 [kafka-producer-network-thread | TaskService-producer-1] WARN  o.apache.kafka.clients.NetworkClient - [Producer clientId=TaskService-producer-1] Connection to node 1 (/192.168.1.14:9092) could not be established. Node may not be available.
2025-06-24 02:50:14 [kafka-producer-network-thread | TaskService-producer-1] INFO  o.apache.kafka.clients.NetworkClient - [Producer clientId=TaskService-producer-1] Node 1 disconnected.
2025-06-24 02:50:14 [kafka-producer-network-thread | TaskService-producer-1] WARN  o.apache.kafka.clients.NetworkClient - [Producer clientId=TaskService-producer-1] Connection to node 1 (/192.168.1.14:9092) could not be established. Node may not be available.
2025-06-24 02:50:15 [kafka-producer-network-thread | TaskService-producer-1] INFO  o.apache.kafka.clients.NetworkClient - [Producer clientId=TaskService-producer-1] Node 1 disconnected.
2025-06-24 02:50:15 [kafka-producer-network-thread | TaskService-producer-1] WARN  o.apache.kafka.clients.NetworkClient - [Producer clientId=TaskService-producer-1] Connection to node 1 (/192.168.1.14:9092) could not be established. Node may not be available.
2025-06-24 02:50:16 [kafka-producer-network-thread | TaskService-producer-1] INFO  o.apache.kafka.clients.NetworkClient - [Producer clientId=TaskService-producer-1] Node 1 disconnected.
2025-06-24 02:50:16 [kafka-producer-network-thread | TaskService-producer-1] WARN  o.apache.kafka.clients.NetworkClient - [Producer clientId=TaskService-producer-1] Connection to node 1 (/192.168.1.14:9092) could not be established. Node may not be available.
2025-06-24 02:50:17 [kafka-producer-network-thread | TaskService-producer-1] INFO  o.apache.kafka.clients.NetworkClient - [Producer clientId=TaskService-producer-1] Node 1 disconnected.
2025-06-24 02:50:17 [kafka-producer-network-thread | TaskService-producer-1] WARN  o.apache.kafka.clients.NetworkClient - [Producer clientId=TaskService-producer-1] Connection to node 1 (/192.168.1.14:9092) could not be established. Node may not be available.
2025-06-24 02:50:18 [kafka-producer-network-thread | TaskService-producer-1] INFO  o.apache.kafka.clients.NetworkClient - [Producer clientId=TaskService-producer-1] Node 1 disconnected.
2025-06-24 02:50:18 [kafka-producer-network-thread | TaskService-producer-1] WARN  o.apache.kafka.clients.NetworkClient - [Producer clientId=TaskService-producer-1] Connection to node 1 (/192.168.1.14:9092) could not be established. Node may not be available.
2025-06-24 02:50:19 [kafka-producer-network-thread | TaskService-producer-1] INFO  o.apache.kafka.clients.NetworkClient - [Producer clientId=TaskService-producer-1] Node 1 disconnected.
2025-06-24 02:50:19 [kafka-producer-network-thread | TaskService-producer-1] WARN  o.apache.kafka.clients.NetworkClient - [Producer clientId=TaskService-producer-1] Connection to node 1 (/192.168.1.14:9092) could not be established. Node may not be available.
2025-06-24 02:50:50 [kafka-producer-network-thread | TaskService-producer-1] INFO  o.apache.kafka.clients.NetworkClient - [Producer clientId=TaskService-producer-1] Disconnecting from node 1 due to socket connection setup timeout. The timeout value is 30000 ms.
2025-06-24 02:51:21 [kafka-producer-network-thread | TaskService-producer-1] INFO  o.apache.kafka.clients.NetworkClient - [Producer clientId=TaskService-producer-1] Disconnecting from node 1 due to socket connection setup timeout. The timeout value is 30000 ms.
2025-06-24 02:51:52 [kafka-producer-network-thread | TaskService-producer-1] INFO  o.apache.kafka.clients.NetworkClient - [Producer clientId=TaskService-producer-1] Disconnecting from node 1 due to socket connection setup timeout. The timeout value is 30000 ms.
2025-06-24 02:52:23 [kafka-producer-network-thread | TaskService-producer-1] INFO  o.apache.kafka.clients.NetworkClient - [Producer clientId=TaskService-producer-1] Disconnecting from node 1 due to socket connection setup timeout. The timeout value is 30000 ms.
2025-06-24 02:52:54 [kafka-producer-network-thread | TaskService-producer-1] INFO  o.apache.kafka.clients.NetworkClient - [Producer clientId=TaskService-producer-1] Disconnecting from node 1 due to socket connection setup timeout. The timeout value is 30000 ms.
2025-06-24 02:53:02 [kafka-producer-network-thread | TaskService-producer-1] INFO  o.apache.kafka.clients.NetworkClient - [Producer clientId=TaskService-producer-1] Node 1 disconnected.
2025-06-24 02:53:02 [kafka-producer-network-thread | TaskService-producer-1] WARN  o.apache.kafka.clients.NetworkClient - [Producer clientId=TaskService-producer-1] Connection to node 1 (/192.168.1.14:9092) could not be established. Node may not be available.
2025-06-24 02:53:05 [kafka-producer-network-thread | TaskService-producer-1] INFO  o.apache.kafka.clients.NetworkClient - [Producer clientId=TaskService-producer-1] Node 1 disconnected.
2025-06-24 02:53:05 [kafka-producer-network-thread | TaskService-producer-1] WARN  o.apache.kafka.clients.NetworkClient - [Producer clientId=TaskService-producer-1] Connection to node 1 (/192.168.1.14:9092) could not be established. Node may not be available.
2025-06-24 02:53:07 [kafka-producer-network-thread | TaskService-producer-1] INFO  o.apache.kafka.clients.NetworkClient - [Producer clientId=TaskService-producer-1] Node 1 disconnected.
2025-06-24 02:53:07 [kafka-producer-network-thread | TaskService-producer-1] WARN  o.apache.kafka.clients.NetworkClient - [Producer clientId=TaskService-producer-1] Connection to node 1 (/192.168.1.14:9092) could not be established. Node may not be available.
2025-06-24 02:53:09 [kafka-producer-network-thread | TaskService-producer-1] INFO  o.apache.kafka.clients.NetworkClient - [Producer clientId=TaskService-producer-1] Node 1 disconnected.
2025-06-24 02:53:09 [kafka-producer-network-thread | TaskService-producer-1] WARN  o.apache.kafka.clients.NetworkClient - [Producer clientId=TaskService-producer-1] Connection to node 1 (/192.168.1.14:9092) could not be established. Node may not be available.
2025-06-24 02:53:36 [kafka-producer-network-thread | TaskService-producer-1] INFO  o.apache.kafka.clients.NetworkClient - [Producer clientId=TaskService-producer-1] Disconnecting from node 1 due to socket connection setup timeout. The timeout value is 26080 ms.
2025-06-24 02:54:04 [kafka-producer-network-thread | TaskService-producer-1] INFO  o.apache.kafka.clients.NetworkClient - [Producer clientId=TaskService-producer-1] Disconnecting from node 1 due to socket connection setup timeout. The timeout value is 27528 ms.
2025-06-24 02:54:31 [kafka-producer-network-thread | TaskService-producer-1] INFO  o.apache.kafka.clients.NetworkClient - [Producer clientId=TaskService-producer-1] Disconnecting from node 1 due to socket connection setup timeout. The timeout value is 25484 ms.
2025-06-24 02:54:56 [kafka-producer-network-thread | TaskService-producer-1] INFO  o.apache.kafka.clients.NetworkClient - [Producer clientId=TaskService-producer-1] Disconnecting from node 1 due to socket connection setup timeout. The timeout value is 24020 ms.
2025-06-24 02:55:27 [kafka-producer-network-thread | TaskService-producer-1] INFO  o.apache.kafka.clients.NetworkClient - [Producer clientId=TaskService-producer-1] Disconnecting from node 1 due to socket connection setup timeout. The timeout value is 30000 ms.
2025-06-24 02:55:58 [kafka-producer-network-thread | TaskService-producer-1] INFO  o.apache.kafka.clients.NetworkClient - [Producer clientId=TaskService-producer-1] Disconnecting from node 1 due to socket connection setup timeout. The timeout value is 30000 ms.
2025-06-24 02:56:29 [kafka-producer-network-thread | TaskService-producer-1] INFO  o.apache.kafka.clients.NetworkClient - [Producer clientId=TaskService-producer-1] Disconnecting from node 1 due to socket connection setup timeout. The timeout value is 30000 ms.
2025-06-24 02:57:00 [kafka-producer-network-thread | TaskService-producer-1] INFO  o.apache.kafka.clients.NetworkClient - [Producer clientId=TaskService-producer-1] Disconnecting from node 1 due to socket connection setup timeout. The timeout value is 30000 ms.
2025-06-24 02:57:31 [kafka-producer-network-thread | TaskService-producer-1] INFO  o.apache.kafka.clients.NetworkClient - [Producer clientId=TaskService-producer-1] Disconnecting from node 1 due to socket connection setup timeout. The timeout value is 30000 ms.
2025-06-24 02:57:59 [kafka-producer-network-thread | TaskService-producer-1] INFO  o.apache.kafka.clients.NetworkClient - [Producer clientId=TaskService-producer-1] Disconnecting from node 1 due to socket connection setup timeout. The timeout value is 26952 ms.
2025-06-24 02:58:29 [kafka-producer-network-thread | TaskService-producer-1] INFO  o.apache.kafka.clients.NetworkClient - [Producer clientId=TaskService-producer-1] Disconnecting from node 1 due to socket connection setup timeout. The timeout value is 29485 ms.
2025-06-24 02:58:58 [kafka-producer-network-thread | TaskService-producer-1] INFO  o.apache.kafka.clients.NetworkClient - [Producer clientId=TaskService-producer-1] Disconnecting from node 1 due to socket connection setup timeout. The timeout value is 28438 ms.
2025-06-24 02:59:29 [kafka-producer-network-thread | TaskService-producer-1] INFO  o.apache.kafka.clients.NetworkClient - [Producer clientId=TaskService-producer-1] Disconnecting from node 1 due to socket connection setup timeout. The timeout value is 30000 ms.
2025-06-24 03:00:00 [kafka-producer-network-thread | TaskService-producer-1] INFO  o.apache.kafka.clients.NetworkClient - [Producer clientId=TaskService-producer-1] Disconnecting from node 1 due to socket connection setup timeout. The timeout value is 30000 ms.
2025-06-24 03:00:31 [kafka-producer-network-thread | TaskService-producer-1] INFO  o.apache.kafka.clients.NetworkClient - [Producer clientId=TaskService-producer-1] Disconnecting from node 1 due to socket connection setup timeout. The timeout value is 30000 ms.
2025-06-24 03:00:33 [kafka-producer-network-thread | TaskService-producer-1] INFO  o.apache.kafka.clients.NetworkClient - [Producer clientId=TaskService-producer-1] Node 1 disconnected.
2025-06-24 03:00:33 [kafka-producer-network-thread | TaskService-producer-1] WARN  o.apache.kafka.clients.NetworkClient - [Producer clientId=TaskService-producer-1] Connection to node 1 (/192.168.1.14:9092) could not be established. Node may not be available.
2025-06-24 03:00:35 [kafka-producer-network-thread | TaskService-producer-1] INFO  o.apache.kafka.clients.NetworkClient - [Producer clientId=TaskService-producer-1] Node 1 disconnected.
2025-06-24 03:00:35 [kafka-producer-network-thread | TaskService-producer-1] WARN  o.apache.kafka.clients.NetworkClient - [Producer clientId=TaskService-producer-1] Connection to node 1 (/192.168.1.14:9092) could not be established. Node may not be available.
2025-06-24 03:00:37 [kafka-producer-network-thread | TaskService-producer-1] INFO  o.apache.kafka.clients.NetworkClient - [Producer clientId=TaskService-producer-1] Node 1 disconnected.
2025-06-24 03:00:37 [kafka-producer-network-thread | TaskService-producer-1] WARN  o.apache.kafka.clients.NetworkClient - [Producer clientId=TaskService-producer-1] Connection to node 1 (/192.168.1.14:9092) could not be established. Node may not be available.
2025-06-24 03:00:40 [kafka-producer-network-thread | TaskService-producer-1] INFO  o.apache.kafka.clients.NetworkClient - [Producer clientId=TaskService-producer-1] Node 1 disconnected.
2025-06-24 03:00:40 [kafka-producer-network-thread | TaskService-producer-1] WARN  o.apache.kafka.clients.NetworkClient - [Producer clientId=TaskService-producer-1] Connection to node 1 (/192.168.1.14:9092) could not be established. Node may not be available.
2025-06-24 03:00:43 [kafka-producer-network-thread | TaskService-producer-1] INFO  o.apache.kafka.clients.NetworkClient - [Producer clientId=TaskService-producer-1] Node 1 disconnected.
2025-06-24 03:00:43 [kafka-producer-network-thread | TaskService-producer-1] WARN  o.apache.kafka.clients.NetworkClient - [Producer clientId=TaskService-producer-1] Connection to node 1 (/192.168.1.14:9092) could not be established. Node may not be available.
2025-06-24 03:00:45 [kafka-producer-network-thread | TaskService-producer-1] INFO  o.apache.kafka.clients.NetworkClient - [Producer clientId=TaskService-producer-1] Node 1 disconnected.
2025-06-24 03:00:45 [kafka-producer-network-thread | TaskService-producer-1] WARN  o.apache.kafka.clients.NetworkClient - [Producer clientId=TaskService-producer-1] Connection to node 1 (/192.168.1.14:9092) could not be established. Node may not be available.
2025-06-24 03:00:47 [kafka-producer-network-thread | TaskService-producer-1] INFO  o.apache.kafka.clients.NetworkClient - [Producer clientId=TaskService-producer-1] Node 1 disconnected.
2025-06-24 03:00:47 [kafka-producer-network-thread | TaskService-producer-1] WARN  o.apache.kafka.clients.NetworkClient - [Producer clientId=TaskService-producer-1] Connection to node 1 (/192.168.1.14:9092) could not be established. Node may not be available.
2025-06-24 03:00:49 [kafka-producer-network-thread | TaskService-producer-1] INFO  o.apache.kafka.clients.NetworkClient - [Producer clientId=TaskService-producer-1] Node 1 disconnected.
2025-06-24 03:00:49 [kafka-producer-network-thread | TaskService-producer-1] WARN  o.apache.kafka.clients.NetworkClient - [Producer clientId=TaskService-producer-1] Connection to node 1 (/192.168.1.14:9092) could not be established. Node may not be available.
2025-06-24 03:01:20 [kafka-producer-network-thread | TaskService-producer-1] INFO  o.apache.kafka.clients.NetworkClient - [Producer clientId=TaskService-producer-1] Disconnecting from node 1 due to socket connection setup timeout. The timeout value is 30000 ms.
2025-06-24 03:01:51 [kafka-producer-network-thread | TaskService-producer-1] INFO  o.apache.kafka.clients.NetworkClient - [Producer clientId=TaskService-producer-1] Disconnecting from node 1 due to socket connection setup timeout. The timeout value is 30000 ms.
2025-06-24 03:02:22 [kafka-producer-network-thread | TaskService-producer-1] INFO  o.apache.kafka.clients.NetworkClient - [Producer clientId=TaskService-producer-1] Disconnecting from node 1 due to socket connection setup timeout. The timeout value is 30000 ms.
2025-06-24 03:02:52 [kafka-producer-network-thread | TaskService-producer-1] INFO  o.apache.kafka.clients.NetworkClient - [Producer clientId=TaskService-producer-1] Disconnecting from node 1 due to socket connection setup timeout. The timeout value is 29434 ms.
2025-06-24 03:03:20 [kafka-producer-network-thread | TaskService-producer-1] INFO  o.apache.kafka.clients.NetworkClient - [Producer clientId=TaskService-producer-1] Disconnecting from node 1 due to socket connection setup timeout. The timeout value is 26038 ms.
2025-06-24 03:03:46 [kafka-producer-network-thread | TaskService-producer-1] INFO  o.apache.kafka.clients.NetworkClient - [Producer clientId=TaskService-producer-1] Disconnecting from node 1 due to socket connection setup timeout. The timeout value is 25725 ms.
2025-06-24 03:04:15 [kafka-producer-network-thread | TaskService-producer-1] INFO  o.apache.kafka.clients.NetworkClient - [Producer clientId=TaskService-producer-1] Disconnecting from node 1 due to socket connection setup timeout. The timeout value is 27864 ms.
2025-06-24 03:04:46 [kafka-producer-network-thread | TaskService-producer-1] INFO  o.apache.kafka.clients.NetworkClient - [Producer clientId=TaskService-producer-1] Disconnecting from node 1 due to socket connection setup timeout. The timeout value is 30000 ms.
2025-06-24 03:05:12 [kafka-producer-network-thread | TaskService-producer-1] INFO  o.apache.kafka.clients.NetworkClient - [Producer clientId=TaskService-producer-1] Disconnecting from node 1 due to socket connection setup timeout. The timeout value is 25170 ms.
2025-06-24 03:05:43 [kafka-producer-network-thread | TaskService-producer-1] INFO  o.apache.kafka.clients.NetworkClient - [Producer clientId=TaskService-producer-1] Disconnecting from node 1 due to socket connection setup timeout. The timeout value is 30000 ms.
2025-06-24 03:06:14 [kafka-producer-network-thread | TaskService-producer-1] INFO  o.apache.kafka.clients.NetworkClient - [Producer clientId=TaskService-producer-1] Disconnecting from node 1 due to socket connection setup timeout. The timeout value is 30000 ms.
2025-06-24 03:06:39 [kafka-producer-network-thread | TaskService-producer-1] INFO  o.apache.kafka.clients.NetworkClient - [Producer clientId=TaskService-producer-1] Disconnecting from node 1 due to socket connection setup timeout. The timeout value is 24045 ms.
2025-06-24 03:07:10 [kafka-producer-network-thread | TaskService-producer-1] INFO  o.apache.kafka.clients.NetworkClient - [Producer clientId=TaskService-producer-1] Disconnecting from node 1 due to socket connection setup timeout. The timeout value is 30000 ms.
2025-06-24 03:07:39 [kafka-producer-network-thread | TaskService-producer-1] INFO  o.apache.kafka.clients.NetworkClient - [Producer clientId=TaskService-producer-1] Disconnecting from node 1 due to socket connection setup timeout. The timeout value is 27962 ms.
2025-06-24 03:08:10 [kafka-producer-network-thread | TaskService-producer-1] INFO  o.apache.kafka.clients.NetworkClient - [Producer clientId=TaskService-producer-1] Disconnecting from node 1 due to socket connection setup timeout. The timeout value is 30000 ms.
2025-06-24 03:08:41 [kafka-producer-network-thread | TaskService-producer-1] INFO  o.apache.kafka.clients.NetworkClient - [Producer clientId=TaskService-producer-1] Disconnecting from node 1 due to socket connection setup timeout. The timeout value is 30000 ms.
2025-06-24 03:09:12 [kafka-producer-network-thread | TaskService-producer-1] INFO  o.apache.kafka.clients.NetworkClient - [Producer clientId=TaskService-producer-1] Disconnecting from node 1 due to socket connection setup timeout. The timeout value is 30000 ms.
2025-06-24 03:09:43 [kafka-producer-network-thread | TaskService-producer-1] INFO  o.apache.kafka.clients.NetworkClient - [Producer clientId=TaskService-producer-1] Disconnecting from node 1 due to socket connection setup timeout. The timeout value is 30000 ms.
2025-06-24 03:10:14 [kafka-producer-network-thread | TaskService-producer-1] INFO  o.apache.kafka.clients.NetworkClient - [Producer clientId=TaskService-producer-1] Disconnecting from node 1 due to socket connection setup timeout. The timeout value is 30000 ms.
2025-06-24 03:10:45 [kafka-producer-network-thread | TaskService-producer-1] INFO  o.apache.kafka.clients.NetworkClient - [Producer clientId=TaskService-producer-1] Disconnecting from node 1 due to socket connection setup timeout. The timeout value is 30000 ms.
2025-06-24 03:11:16 [kafka-producer-network-thread | TaskService-producer-1] INFO  o.apache.kafka.clients.NetworkClient - [Producer clientId=TaskService-producer-1] Disconnecting from node 1 due to socket connection setup timeout. The timeout value is 30000 ms.
2025-06-24 03:11:47 [kafka-producer-network-thread | TaskService-producer-1] INFO  o.apache.kafka.clients.NetworkClient - [Producer clientId=TaskService-producer-1] Disconnecting from node 1 due to socket connection setup timeout. The timeout value is 30000 ms.
2025-06-24 03:12:16 [kafka-producer-network-thread | TaskService-producer-1] INFO  o.apache.kafka.clients.NetworkClient - [Producer clientId=TaskService-producer-1] Disconnecting from node 1 due to socket connection setup timeout. The timeout value is 27768 ms.
2025-06-24 03:12:44 [kafka-producer-network-thread | TaskService-producer-1] INFO  o.apache.kafka.clients.NetworkClient - [Producer clientId=TaskService-producer-1] Disconnecting from node 1 due to socket connection setup timeout. The timeout value is 27098 ms.
2025-06-24 03:13:15 [kafka-producer-network-thread | TaskService-producer-1] INFO  o.apache.kafka.clients.NetworkClient - [Producer clientId=TaskService-producer-1] Disconnecting from node 1 due to socket connection setup timeout. The timeout value is 30000 ms.
2025-06-24 03:13:43 [kafka-producer-network-thread | TaskService-producer-1] INFO  o.apache.kafka.clients.NetworkClient - [Producer clientId=TaskService-producer-1] Disconnecting from node 1 due to socket connection setup timeout. The timeout value is 27291 ms.
2025-06-24 03:14:14 [kafka-producer-network-thread | TaskService-producer-1] INFO  o.apache.kafka.clients.NetworkClient - [Producer clientId=TaskService-producer-1] Disconnecting from node 1 due to socket connection setup timeout. The timeout value is 30000 ms.
2025-06-24 03:14:42 [kafka-producer-network-thread | TaskService-producer-1] INFO  o.apache.kafka.clients.NetworkClient - [Producer clientId=TaskService-producer-1] Disconnecting from node 1 due to socket connection setup timeout. The timeout value is 26536 ms.
2025-06-24 03:15:11 [kafka-producer-network-thread | TaskService-producer-1] INFO  o.apache.kafka.clients.NetworkClient - [Producer clientId=TaskService-producer-1] Disconnecting from node 1 due to socket connection setup timeout. The timeout value is 28028 ms.
2025-06-24 03:15:39 [kafka-producer-network-thread | TaskService-producer-1] INFO  o.apache.kafka.clients.NetworkClient - [Producer clientId=TaskService-producer-1] Disconnecting from node 1 due to socket connection setup timeout. The timeout value is 26617 ms.
2025-06-24 03:15:41 [kafka-producer-network-thread | TaskService-producer-1] INFO  o.apache.kafka.clients.NetworkClient - [Producer clientId=TaskService-producer-1] Node 1 disconnected.
2025-06-24 03:15:41 [kafka-producer-network-thread | TaskService-producer-1] WARN  o.apache.kafka.clients.NetworkClient - [Producer clientId=TaskService-producer-1] Connection to node 1 (/192.168.1.14:9092) could not be established. Node may not be available.
2025-06-24 03:15:43 [kafka-producer-network-thread | TaskService-producer-1] INFO  o.apache.kafka.clients.NetworkClient - [Producer clientId=TaskService-producer-1] Node 1 disconnected.
2025-06-24 03:15:43 [kafka-producer-network-thread | TaskService-producer-1] WARN  o.apache.kafka.clients.NetworkClient - [Producer clientId=TaskService-producer-1] Connection to node 1 (/192.168.1.14:9092) could not be established. Node may not be available.
2025-06-24 03:15:45 [kafka-producer-network-thread | TaskService-producer-1] INFO  o.apache.kafka.clients.NetworkClient - [Producer clientId=TaskService-producer-1] Node 1 disconnected.
2025-06-24 03:15:45 [kafka-producer-network-thread | TaskService-producer-1] WARN  o.apache.kafka.clients.NetworkClient - [Producer clientId=TaskService-producer-1] Connection to node 1 (/192.168.1.14:9092) could not be established. Node may not be available.
2025-06-24 03:15:47 [kafka-producer-network-thread | TaskService-producer-1] INFO  o.apache.kafka.clients.NetworkClient - [Producer clientId=TaskService-producer-1] Node 1 disconnected.
2025-06-24 03:15:47 [kafka-producer-network-thread | TaskService-producer-1] WARN  o.apache.kafka.clients.NetworkClient - [Producer clientId=TaskService-producer-1] Connection to node 1 (/192.168.1.14:9092) could not be established. Node may not be available.
2025-06-24 03:15:49 [kafka-producer-network-thread | TaskService-producer-1] INFO  o.apache.kafka.clients.NetworkClient - [Producer clientId=TaskService-producer-1] Node 1 disconnected.
2025-06-24 03:15:49 [kafka-producer-network-thread | TaskService-producer-1] WARN  o.apache.kafka.clients.NetworkClient - [Producer clientId=TaskService-producer-1] Connection to node 1 (/192.168.1.14:9092) could not be established. Node may not be available.
2025-06-24 03:15:51 [kafka-producer-network-thread | TaskService-producer-1] INFO  o.apache.kafka.clients.NetworkClient - [Producer clientId=TaskService-producer-1] Node 1 disconnected.
2025-06-24 03:15:51 [kafka-producer-network-thread | TaskService-producer-1] WARN  o.apache.kafka.clients.NetworkClient - [Producer clientId=TaskService-producer-1] Connection to node 1 (/192.168.1.14:9092) could not be established. Node may not be available.
2025-06-24 03:15:53 [kafka-producer-network-thread | TaskService-producer-1] INFO  o.apache.kafka.clients.NetworkClient - [Producer clientId=TaskService-producer-1] Node 1 disconnected.
2025-06-24 03:15:53 [kafka-producer-network-thread | TaskService-producer-1] WARN  o.apache.kafka.clients.NetworkClient - [Producer clientId=TaskService-producer-1] Connection to node 1 (/192.168.1.14:9092) could not be established. Node may not be available.
2025-06-24 03:15:55 [kafka-producer-network-thread | TaskService-producer-1] INFO  o.apache.kafka.clients.NetworkClient - [Producer clientId=TaskService-producer-1] Node 1 disconnected.
2025-06-24 03:15:55 [kafka-producer-network-thread | TaskService-producer-1] WARN  o.apache.kafka.clients.NetworkClient - [Producer clientId=TaskService-producer-1] Connection to node 1 (/192.168.1.14:9092) could not be established. Node may not be available.
2025-06-24 03:15:57 [kafka-producer-network-thread | TaskService-producer-1] INFO  o.apache.kafka.clients.NetworkClient - [Producer clientId=TaskService-producer-1] Node 1 disconnected.
2025-06-24 03:15:57 [kafka-producer-network-thread | TaskService-producer-1] WARN  o.apache.kafka.clients.NetworkClient - [Producer clientId=TaskService-producer-1] Connection to node 1 (/192.168.1.14:9092) could not be established. Node may not be available.
2025-06-24 03:16:26 [kafka-producer-network-thread | TaskService-producer-1] INFO  o.apache.kafka.clients.NetworkClient - [Producer clientId=TaskService-producer-1] Disconnecting from node 1 due to socket connection setup timeout. The timeout value is 28258 ms.
2025-06-24 03:16:32 [kafka-producer-network-thread | TaskService-producer-1] INFO  o.apache.kafka.clients.NetworkClient - [Producer clientId=TaskService-producer-1] Node 1 disconnected.
2025-06-24 03:16:32 [kafka-producer-network-thread | TaskService-producer-1] WARN  o.apache.kafka.clients.NetworkClient - [Producer clientId=TaskService-producer-1] Connection to node 1 (/192.168.1.14:9092) could not be established. Node may not be available.
2025-06-24 03:16:34 [kafka-producer-network-thread | TaskService-producer-1] INFO  o.apache.kafka.clients.NetworkClient - [Producer clientId=TaskService-producer-1] Node 1 disconnected.
2025-06-24 03:16:34 [kafka-producer-network-thread | TaskService-producer-1] WARN  o.apache.kafka.clients.NetworkClient - [Producer clientId=TaskService-producer-1] Connection to node 1 (/192.168.1.14:9092) could not be established. Node may not be available.
2025-06-24 03:16:36 [kafka-producer-network-thread | TaskService-producer-1] INFO  o.apache.kafka.clients.NetworkClient - [Producer clientId=TaskService-producer-1] Node 1 disconnected.
2025-06-24 03:16:36 [kafka-producer-network-thread | TaskService-producer-1] WARN  o.apache.kafka.clients.NetworkClient - [Producer clientId=TaskService-producer-1] Connection to node 1 (/192.168.1.14:9092) could not be established. Node may not be available.
2025-06-24 03:16:38 [kafka-producer-network-thread | TaskService-producer-1] INFO  o.apache.kafka.clients.NetworkClient - [Producer clientId=TaskService-producer-1] Node 1 disconnected.
2025-06-24 03:16:38 [kafka-producer-network-thread | TaskService-producer-1] WARN  o.apache.kafka.clients.NetworkClient - [Producer clientId=TaskService-producer-1] Connection to node 1 (/192.168.1.14:9092) could not be established. Node may not be available.
2025-06-24 03:17:09 [kafka-producer-network-thread | TaskService-producer-1] INFO  o.apache.kafka.clients.NetworkClient - [Producer clientId=TaskService-producer-1] Disconnecting from node 1 due to socket connection setup timeout. The timeout value is 30000 ms.
2025-06-24 03:17:40 [kafka-producer-network-thread | TaskService-producer-1] INFO  o.apache.kafka.clients.NetworkClient - [Producer clientId=TaskService-producer-1] Disconnecting from node 1 due to socket connection setup timeout. The timeout value is 30000 ms.
2025-06-24 03:18:10 [kafka-producer-network-thread | TaskService-producer-1] INFO  o.apache.kafka.clients.NetworkClient - [Producer clientId=TaskService-producer-1] Disconnecting from node 1 due to socket connection setup timeout. The timeout value is 28902 ms.
2025-06-24 03:18:41 [kafka-producer-network-thread | TaskService-producer-1] INFO  o.apache.kafka.clients.NetworkClient - [Producer clientId=TaskService-producer-1] Disconnecting from node 1 due to socket connection setup timeout. The timeout value is 30000 ms.
2025-06-24 03:19:12 [kafka-producer-network-thread | TaskService-producer-1] INFO  o.apache.kafka.clients.NetworkClient - [Producer clientId=TaskService-producer-1] Disconnecting from node 1 due to socket connection setup timeout. The timeout value is 30000 ms.
2025-06-24 03:19:43 [kafka-producer-network-thread | TaskService-producer-1] INFO  o.apache.kafka.clients.NetworkClient - [Producer clientId=TaskService-producer-1] Disconnecting from node 1 due to socket connection setup timeout. The timeout value is 30000 ms.
2025-06-24 03:20:13 [kafka-producer-network-thread | TaskService-producer-1] INFO  o.apache.kafka.clients.NetworkClient - [Producer clientId=TaskService-producer-1] Disconnecting from node 1 due to socket connection setup timeout. The timeout value is 28913 ms.
2025-06-24 03:20:42 [kafka-producer-network-thread | TaskService-producer-1] INFO  o.apache.kafka.clients.NetworkClient - [Producer clientId=TaskService-producer-1] Disconnecting from node 1 due to socket connection setup timeout. The timeout value is 27988 ms.
2025-06-24 03:21:13 [kafka-producer-network-thread | TaskService-producer-1] INFO  o.apache.kafka.clients.NetworkClient - [Producer clientId=TaskService-producer-1] Disconnecting from node 1 due to socket connection setup timeout. The timeout value is 30000 ms.
2025-06-24 03:21:44 [kafka-producer-network-thread | TaskService-producer-1] INFO  o.apache.kafka.clients.NetworkClient - [Producer clientId=TaskService-producer-1] Disconnecting from node 1 due to socket connection setup timeout. The timeout value is 29707 ms.
2025-06-24 03:22:15 [kafka-producer-network-thread | TaskService-producer-1] INFO  o.apache.kafka.clients.NetworkClient - [Producer clientId=TaskService-producer-1] Disconnecting from node 1 due to socket connection setup timeout. The timeout value is 30000 ms.
2025-06-24 03:22:45 [kafka-producer-network-thread | TaskService-producer-1] INFO  o.apache.kafka.clients.NetworkClient - [Producer clientId=TaskService-producer-1] Disconnecting from node 1 due to socket connection setup timeout. The timeout value is 30000 ms.
2025-06-24 03:23:15 [kafka-producer-network-thread | TaskService-producer-1] INFO  o.apache.kafka.clients.NetworkClient - [Producer clientId=TaskService-producer-1] Disconnecting from node 1 due to socket connection setup timeout. The timeout value is 28967 ms.
2025-06-24 03:23:46 [kafka-producer-network-thread | TaskService-producer-1] INFO  o.apache.kafka.clients.NetworkClient - [Producer clientId=TaskService-producer-1] Disconnecting from node 1 due to socket connection setup timeout. The timeout value is 30000 ms.
2025-06-24 03:24:17 [kafka-producer-network-thread | TaskService-producer-1] INFO  o.apache.kafka.clients.NetworkClient - [Producer clientId=TaskService-producer-1] Disconnecting from node 1 due to socket connection setup timeout. The timeout value is 30000 ms.
2025-06-24 03:24:49 [kafka-producer-network-thread | TaskService-producer-1] INFO  o.apache.kafka.clients.NetworkClient - [Producer clientId=TaskService-producer-1] Disconnecting from node 1 due to socket connection setup timeout. The timeout value is 30000 ms.
2025-06-24 03:25:20 [kafka-producer-network-thread | TaskService-producer-1] INFO  o.apache.kafka.clients.NetworkClient - [Producer clientId=TaskService-producer-1] Disconnecting from node 1 due to socket connection setup timeout. The timeout value is 30000 ms.
2025-06-24 03:25:21 [kafka-producer-network-thread | TaskService-producer-1] INFO  o.apache.kafka.clients.NetworkClient - [Producer clientId=TaskService-producer-1] Node 1 disconnected.
2025-06-24 03:25:21 [kafka-producer-network-thread | TaskService-producer-1] WARN  o.apache.kafka.clients.NetworkClient - [Producer clientId=TaskService-producer-1] Connection to node 1 (/192.168.1.14:9092) could not be established. Node may not be available.
2025-06-24 03:25:50 [kafka-producer-network-thread | TaskService-producer-1] INFO  o.apache.kafka.clients.NetworkClient - [Producer clientId=TaskService-producer-1] Disconnecting from node 1 due to socket connection setup timeout. The timeout value is 27400 ms.
2025-06-24 03:26:16 [kafka-producer-network-thread | TaskService-producer-1] INFO  o.apache.kafka.clients.NetworkClient - [Producer clientId=TaskService-producer-1] Disconnecting from node 1 due to socket connection setup timeout. The timeout value is 25431 ms.
2025-06-24 03:26:47 [kafka-producer-network-thread | TaskService-producer-1] INFO  o.apache.kafka.clients.NetworkClient - [Producer clientId=TaskService-producer-1] Disconnecting from node 1 due to socket connection setup timeout. The timeout value is 30000 ms.
2025-06-24 03:27:14 [kafka-producer-network-thread | TaskService-producer-1] INFO  o.apache.kafka.clients.NetworkClient - [Producer clientId=TaskService-producer-1] Disconnecting from node 1 due to socket connection setup timeout. The timeout value is 26233 ms.
2025-06-24 03:27:16 [kafka-producer-network-thread | TaskService-producer-1] INFO  o.apache.kafka.clients.NetworkClient - [Producer clientId=TaskService-producer-1] Node 1 disconnected.
2025-06-24 03:27:16 [kafka-producer-network-thread | TaskService-producer-1] WARN  o.apache.kafka.clients.NetworkClient - [Producer clientId=TaskService-producer-1] Connection to node 1 (/192.168.1.14:9092) could not be established. Node may not be available.
2025-06-24 03:27:19 [kafka-producer-network-thread | TaskService-producer-1] INFO  o.apache.kafka.clients.NetworkClient - [Producer clientId=TaskService-producer-1] Node 1 disconnected.
2025-06-24 03:27:19 [kafka-producer-network-thread | TaskService-producer-1] WARN  o.apache.kafka.clients.NetworkClient - [Producer clientId=TaskService-producer-1] Connection to node 1 (/192.168.1.14:9092) could not be established. Node may not be available.
2025-06-24 03:27:21 [kafka-producer-network-thread | TaskService-producer-1] INFO  o.apache.kafka.clients.NetworkClient - [Producer clientId=TaskService-producer-1] Node 1 disconnected.
2025-06-24 03:27:21 [kafka-producer-network-thread | TaskService-producer-1] WARN  o.apache.kafka.clients.NetworkClient - [Producer clientId=TaskService-producer-1] Connection to node 1 (/192.168.1.14:9092) could not be established. Node may not be available.
2025-06-24 03:27:23 [kafka-producer-network-thread | TaskService-producer-1] INFO  o.apache.kafka.clients.NetworkClient - [Producer clientId=TaskService-producer-1] Node 1 disconnected.
2025-06-24 03:27:23 [kafka-producer-network-thread | TaskService-producer-1] WARN  o.apache.kafka.clients.NetworkClient - [Producer clientId=TaskService-producer-1] Connection to node 1 (/192.168.1.14:9092) could not be established. Node may not be available.
2025-06-24 03:27:25 [kafka-producer-network-thread | TaskService-producer-1] INFO  o.apache.kafka.clients.NetworkClient - [Producer clientId=TaskService-producer-1] Node 1 disconnected.
2025-06-24 03:27:25 [kafka-producer-network-thread | TaskService-producer-1] WARN  o.apache.kafka.clients.NetworkClient - [Producer clientId=TaskService-producer-1] Connection to node 1 (/192.168.1.14:9092) could not be established. Node may not be available.
2025-06-24 03:27:27 [kafka-producer-network-thread | TaskService-producer-1] INFO  o.apache.kafka.clients.NetworkClient - [Producer clientId=TaskService-producer-1] Node 1 disconnected.
2025-06-24 03:27:27 [kafka-producer-network-thread | TaskService-producer-1] WARN  o.apache.kafka.clients.NetworkClient - [Producer clientId=TaskService-producer-1] Connection to node 1 (/192.168.1.14:9092) could not be established. Node may not be available.
2025-06-24 03:27:29 [kafka-producer-network-thread | TaskService-producer-1] INFO  o.apache.kafka.clients.NetworkClient - [Producer clientId=TaskService-producer-1] Node 1 disconnected.
2025-06-24 03:27:29 [kafka-producer-network-thread | TaskService-producer-1] WARN  o.apache.kafka.clients.NetworkClient - [Producer clientId=TaskService-producer-1] Connection to node 1 (/192.168.1.14:9092) could not be established. Node may not be available.
2025-06-24 03:27:31 [kafka-producer-network-thread | TaskService-producer-1] INFO  o.apache.kafka.clients.NetworkClient - [Producer clientId=TaskService-producer-1] Node 1 disconnected.
2025-06-24 03:27:31 [kafka-producer-network-thread | TaskService-producer-1] WARN  o.apache.kafka.clients.NetworkClient - [Producer clientId=TaskService-producer-1] Connection to node 1 (/192.168.1.14:9092) could not be established. Node may not be available.
2025-06-24 03:27:33 [kafka-producer-network-thread | TaskService-producer-1] INFO  o.apache.kafka.clients.NetworkClient - [Producer clientId=TaskService-producer-1] Node 1 disconnected.
2025-06-24 03:27:33 [kafka-producer-network-thread | TaskService-producer-1] WARN  o.apache.kafka.clients.NetworkClient - [Producer clientId=TaskService-producer-1] Connection to node 1 (/192.168.1.14:9092) could not be established. Node may not be available.
2025-06-24 03:27:35 [kafka-producer-network-thread | TaskService-producer-1] INFO  o.apache.kafka.clients.NetworkClient - [Producer clientId=TaskService-producer-1] Node 1 disconnected.
2025-06-24 03:27:35 [kafka-producer-network-thread | TaskService-producer-1] WARN  o.apache.kafka.clients.NetworkClient - [Producer clientId=TaskService-producer-1] Connection to node 1 (/192.168.1.14:9092) could not be established. Node may not be available.
2025-06-24 03:27:37 [kafka-producer-network-thread | TaskService-producer-1] INFO  o.apache.kafka.clients.NetworkClient - [Producer clientId=TaskService-producer-1] Node 1 disconnected.
2025-06-24 03:27:37 [kafka-producer-network-thread | TaskService-producer-1] WARN  o.apache.kafka.clients.NetworkClient - [Producer clientId=TaskService-producer-1] Connection to node 1 (/192.168.1.14:9092) could not be established. Node may not be available.
2025-06-24 03:27:38 [kafka-producer-network-thread | TaskService-producer-1] INFO  o.apache.kafka.clients.NetworkClient - [Producer clientId=TaskService-producer-1] Node 1 disconnected.
2025-06-24 03:27:38 [kafka-producer-network-thread | TaskService-producer-1] WARN  o.apache.kafka.clients.NetworkClient - [Producer clientId=TaskService-producer-1] Connection to node 1 (/192.168.1.14:9092) could not be established. Node may not be available.
2025-06-24 03:27:40 [kafka-producer-network-thread | TaskService-producer-1] INFO  o.apache.kafka.clients.NetworkClient - [Producer clientId=TaskService-producer-1] Node 1 disconnected.
2025-06-24 03:27:40 [kafka-producer-network-thread | TaskService-producer-1] WARN  o.apache.kafka.clients.NetworkClient - [Producer clientId=TaskService-producer-1] Connection to node 1 (/192.168.1.14:9092) could not be established. Node may not be available.
2025-06-24 03:28:07 [kafka-producer-network-thread | TaskService-producer-1] INFO  o.apache.kafka.clients.NetworkClient - [Producer clientId=TaskService-producer-1] Disconnecting from node 1 due to socket connection setup timeout. The timeout value is 25535 ms.
2025-06-24 03:28:27 [kafka-producer-network-thread | TaskService-producer-1] INFO  o.apache.kafka.clients.NetworkClient - [Producer clientId=TaskService-producer-1] Node 1 disconnected.
2025-06-24 03:28:27 [kafka-producer-network-thread | TaskService-producer-1] WARN  o.apache.kafka.clients.NetworkClient - [Producer clientId=TaskService-producer-1] Connection to node 1 (/192.168.1.14:9092) could not be established. Node may not be available.
2025-06-24 03:28:56 [kafka-producer-network-thread | TaskService-producer-1] INFO  o.apache.kafka.clients.NetworkClient - [Producer clientId=TaskService-producer-1] Disconnecting from node 1 due to socket connection setup timeout. The timeout value is 28292 ms.
2025-06-24 03:29:24 [kafka-producer-network-thread | TaskService-producer-1] INFO  o.apache.kafka.clients.NetworkClient - [Producer clientId=TaskService-producer-1] Disconnecting from node 1 due to socket connection setup timeout. The timeout value is 27158 ms.
2025-06-24 03:29:55 [kafka-producer-network-thread | TaskService-producer-1] INFO  o.apache.kafka.clients.NetworkClient - [Producer clientId=TaskService-producer-1] Disconnecting from node 1 due to socket connection setup timeout. The timeout value is 30000 ms.
2025-06-24 03:30:26 [kafka-producer-network-thread | TaskService-producer-1] INFO  o.apache.kafka.clients.NetworkClient - [Producer clientId=TaskService-producer-1] Disconnecting from node 1 due to socket connection setup timeout. The timeout value is 30000 ms.
2025-06-24 03:30:57 [kafka-producer-network-thread | TaskService-producer-1] INFO  o.apache.kafka.clients.NetworkClient - [Producer clientId=TaskService-producer-1] Disconnecting from node 1 due to socket connection setup timeout. The timeout value is 30000 ms.
2025-06-24 03:30:59 [kafka-producer-network-thread | TaskService-producer-1] INFO  o.apache.kafka.clients.NetworkClient - [Producer clientId=TaskService-producer-1] Node 1 disconnected.
2025-06-24 03:30:59 [kafka-producer-network-thread | TaskService-producer-1] WARN  o.apache.kafka.clients.NetworkClient - [Producer clientId=TaskService-producer-1] Connection to node 1 (/192.168.1.14:9092) could not be established. Node may not be available.
2025-06-24 03:31:01 [kafka-producer-network-thread | TaskService-producer-1] INFO  o.apache.kafka.clients.NetworkClient - [Producer clientId=TaskService-producer-1] Node 1 disconnected.
2025-06-24 03:31:01 [kafka-producer-network-thread | TaskService-producer-1] WARN  o.apache.kafka.clients.NetworkClient - [Producer clientId=TaskService-producer-1] Connection to node 1 (/192.168.1.14:9092) could not be established. Node may not be available.
2025-06-24 03:31:03 [kafka-producer-network-thread | TaskService-producer-1] INFO  o.apache.kafka.clients.NetworkClient - [Producer clientId=TaskService-producer-1] Node 1 disconnected.
2025-06-24 03:31:03 [kafka-producer-network-thread | TaskService-producer-1] WARN  o.apache.kafka.clients.NetworkClient - [Producer clientId=TaskService-producer-1] Connection to node 1 (/192.168.1.14:9092) could not be established. Node may not be available.
2025-06-24 03:31:05 [kafka-producer-network-thread | TaskService-producer-1] INFO  o.apache.kafka.clients.NetworkClient - [Producer clientId=TaskService-producer-1] Node 1 disconnected.
2025-06-24 03:31:05 [kafka-producer-network-thread | TaskService-producer-1] WARN  o.apache.kafka.clients.NetworkClient - [Producer clientId=TaskService-producer-1] Connection to node 1 (/192.168.1.14:9092) could not be established. Node may not be available.
2025-06-24 03:31:07 [kafka-producer-network-thread | TaskService-producer-1] INFO  o.apache.kafka.clients.NetworkClient - [Producer clientId=TaskService-producer-1] Node 1 disconnected.
2025-06-24 03:31:07 [kafka-producer-network-thread | TaskService-producer-1] WARN  o.apache.kafka.clients.NetworkClient - [Producer clientId=TaskService-producer-1] Connection to node 1 (/192.168.1.14:9092) could not be established. Node may not be available.
2025-06-24 03:31:09 [kafka-producer-network-thread | TaskService-producer-1] INFO  o.apache.kafka.clients.NetworkClient - [Producer clientId=TaskService-producer-1] Node 1 disconnected.
2025-06-24 03:31:09 [kafka-producer-network-thread | TaskService-producer-1] WARN  o.apache.kafka.clients.NetworkClient - [Producer clientId=TaskService-producer-1] Connection to node 1 (/192.168.1.14:9092) could not be established. Node may not be available.
2025-06-24 03:31:11 [kafka-producer-network-thread | TaskService-producer-1] INFO  o.apache.kafka.clients.NetworkClient - [Producer clientId=TaskService-producer-1] Node 1 disconnected.
2025-06-24 03:31:11 [kafka-producer-network-thread | TaskService-producer-1] WARN  o.apache.kafka.clients.NetworkClient - [Producer clientId=TaskService-producer-1] Connection to node 1 (/192.168.1.14:9092) could not be established. Node may not be available.
2025-06-24 03:31:13 [kafka-producer-network-thread | TaskService-producer-1] INFO  o.apache.kafka.clients.NetworkClient - [Producer clientId=TaskService-producer-1] Node 1 disconnected.
2025-06-24 03:31:13 [kafka-producer-network-thread | TaskService-producer-1] WARN  o.apache.kafka.clients.NetworkClient - [Producer clientId=TaskService-producer-1] Connection to node 1 (/192.168.1.14:9092) could not be established. Node may not be available.
2025-06-24 03:31:44 [kafka-producer-network-thread | TaskService-producer-1] INFO  o.apache.kafka.clients.NetworkClient - [Producer clientId=TaskService-producer-1] Disconnecting from node 1 due to socket connection setup timeout. The timeout value is 29422 ms.
2025-06-24 03:32:13 [kafka-producer-network-thread | TaskService-producer-1] INFO  o.apache.kafka.clients.NetworkClient - [Producer clientId=TaskService-producer-1] Disconnecting from node 1 due to socket connection setup timeout. The timeout value is 28297 ms.
2025-06-24 03:32:44 [kafka-producer-network-thread | TaskService-producer-1] INFO  o.apache.kafka.clients.NetworkClient - [Producer clientId=TaskService-producer-1] Disconnecting from node 1 due to socket connection setup timeout. The timeout value is 30000 ms.
2025-06-24 03:33:11 [kafka-producer-network-thread | TaskService-producer-1] INFO  o.apache.kafka.clients.NetworkClient - [Producer clientId=TaskService-producer-1] Disconnecting from node 1 due to socket connection setup timeout. The timeout value is 26351 ms.
2025-06-24 03:33:42 [kafka-producer-network-thread | TaskService-producer-1] INFO  o.apache.kafka.clients.NetworkClient - [Producer clientId=TaskService-producer-1] Disconnecting from node 1 due to socket connection setup timeout. The timeout value is 30000 ms.
2025-06-24 03:34:13 [kafka-producer-network-thread | TaskService-producer-1] INFO  o.apache.kafka.clients.NetworkClient - [Producer clientId=TaskService-producer-1] Disconnecting from node 1 due to socket connection setup timeout. The timeout value is 30000 ms.
2025-06-24 03:34:40 [kafka-producer-network-thread | TaskService-producer-1] INFO  o.apache.kafka.clients.NetworkClient - [Producer clientId=TaskService-producer-1] Disconnecting from node 1 due to socket connection setup timeout. The timeout value is 25304 ms.
2025-06-24 03:35:05 [kafka-producer-network-thread | TaskService-producer-1] INFO  o.apache.kafka.clients.NetworkClient - [Producer clientId=TaskService-producer-1] Disconnecting from node 1 due to socket connection setup timeout. The timeout value is 24526 ms.
2025-06-24 03:35:36 [kafka-producer-network-thread | TaskService-producer-1] INFO  o.apache.kafka.clients.NetworkClient - [Producer clientId=TaskService-producer-1] Disconnecting from node 1 due to socket connection setup timeout. The timeout value is 30000 ms.
2025-06-24 03:36:04 [kafka-producer-network-thread | TaskService-producer-1] INFO  o.apache.kafka.clients.NetworkClient - [Producer clientId=TaskService-producer-1] Disconnecting from node 1 due to socket connection setup timeout. The timeout value is 27263 ms.
2025-06-24 03:36:35 [kafka-producer-network-thread | TaskService-producer-1] INFO  o.apache.kafka.clients.NetworkClient - [Producer clientId=TaskService-producer-1] Disconnecting from node 1 due to socket connection setup timeout. The timeout value is 30000 ms.
2025-06-24 03:37:06 [kafka-producer-network-thread | TaskService-producer-1] INFO  o.apache.kafka.clients.NetworkClient - [Producer clientId=TaskService-producer-1] Disconnecting from node 1 due to socket connection setup timeout. The timeout value is 30000 ms.
